{
    "l10n.loginTitle": "Přihlaste se pomocí vašeho účtu",
    "l10n.logIn": "Přihlásit se",
    "l10n.logInWithGoogle": "Přihlásit se prostřednictvím účtu Google",
    "l10n.register": "Zaregistrovat se",
    "l10n.forgotPassword": "Zapomenuté heslo",
    "l10n.unableToSendRecovery": "Momentálně nelze poslat e-mail s obnovou hesla Zkuste to znovu později.",
    "l10n.emailAddress": "E-mailová adresa",
    "l10n.password": "Heslo",
    "l10n.passwordReqs": "Použijte alespoň {{minsize}} znaků<br>Použijte kombinaci nejméně {{required}} typů znaků: malá písmena, velká písmena, čísla, symboly a jiná písmena.",
    "l10n.showPassword": "Zobrazit heslo",
    "l10n.invalidCredentials": "Chybná e-mailová adresa nebo heslo",
    "l10n.invalidCredentialsAttempts": "Chybná e-mailová adresa nebo heslo. Heslo můžete znovu nastavit kliknutím na odkaz níže.",
    "l10n.serverError": "Momentálně vás nelze přihlásit. Zkuste to znovu později",
    "l10n.sessionExpired": "Čas relace vypršel. Přihlaste se a pokračujte",
    "l10n.accountBlocked": "Příliš mnohou chybných pokusů o přihlášení. Váš účet byl z bezpečnostních důvodů zablokován na {{blockedMinutes}} minut.",
    "l10n.createAccount": "Vytvořte si svůj účet NVIDIA",
    "l10n.displayName": "Název monitoru",
    "l10n.displayNameReqs": "Použijte maximálně {{maxsize}} znaků<br>Nezačínejte nebo nekončete mezerou. Nepoužívejte po sobě jdoucí mezery.",
    "l10n.dateOfBirth": "Datum narození",
    "l10n.subscribe": "Nenechte si ujít tuto příležitost. Získejte nejnovější odměny, propagační akce a další informace o GeForce a NVIDIA.",
    "l10n.agreeToTerms": "Souhlasím s uvedenými <a {{agreeToTermsLink}}>smluvními podmínkami</a>",
    "l10n.displayNameDetails": "Název vašeho monitoru je pro všechny viditelný",
    "l10n.displayNameNotAvailable": "Název monitoru není k dispozici",
    "l10n.spacesAreNotAllowed": "Mezery nejsou povoleny",
    "l10n.emailAddressInUse": "E-mailová adresa je již používána",
    "l10n.invalidDateOfBirth": "Neplatné datum narození",
    "l10n.serverErrorRegister": "Momentálně vás nelze zaregistrovat. Zkuste to znovu později",
    "l10n.fillOutAllFields": "Vyplňte všechna požadovaná pole níže",
    "l10n.registrationFailed": "Registrace se nezdařila",
    "l10n.coppaText": "V souladu se zákonem Children’s Online Privacy Protection Act (COPPA), chránící děti na internetu, nemůžeme povolit vaši registraci. Více informací najdete v Zásadách ochrany osobních údajů společnosti NVIDIA.",
    "l10n.forgotPasswordText": "Zadejte e-mailovou adresu, kterou jste použili při vytváření účtu a my vám zašleme odkaz na resetování hesla",
    "l10n.forgotPasswordSentText": "E-mail s instrukcemi pro vytvoření nového hesla jsme odeslali na <span class=\"color-white\">{{email}}</span>.<br><br>Vaše aktuální heslo nebylo změněno.",
    "l10n.loginProgress": "Přihlašování",
    "l10n.invalidEmail": "Neplatná e-mailová adresa",
    "l10n.enterYourEmailAddress": "Zadejte svou e-mailovou adresu",
    "l10n.enterYourPassword": "Zadejte své heslo",
    "l10n.loginFailed": "Přihlášení se nezdařilo",
    "l10n.loginServerError": "Momentálně vás nejsme schopni přihlásit. Zkuste to znovu později.",
    "l10n.accountCreated": "Účet NVIDIA vytvořen",
    "l10n.alt.nvidiaSignIn": "Přihlásit se prostřednictvím účtu NVIDIA",
    "l10n.alt.googleSignIn": "Přihlásit se prostřednictvím účtu Google",
    "l10n.alt.facebookSignIn": "Přihlásit se prostřednictvím účtu na Facebooku",
    "l10n.alt.qqLogIn": "Přihlásit se prostřednictvím účtu QQ",
    "l10n.alt.wechatLogIn": "Přihlásit se prostřednictvím účtu WeChat",
    "l10n.confirmPassword": "Potvrdit heslo",
    "l10n.createAccountProgress": "Vytváření vašeho účtu NVIDIA",
    "l10n.almostDone": "Téměř hotovo",
    "l10n.pleaseConfirmTheInformation": "Potvrďte níže uvedené údaje a dokončete registraci",
    "l10n.mustAgreeToTerms": "Musíte souhlasit s našimi smluvními podmínkami",
    "l10n.required": "Toto pole nesmí zůstat prázdné",
    "l10n.emailAlreadyUsed": "Tato e-mailová adresa je již používána",
    "l10n.formError": "Došlo k chybě. Zkontrolujte formulář a zkuste to znovu.",
    "l10n.emailVerificationPending": "Dosud neproběhlo ověření e-mailu",
    "l10n.resendVerificationEmail": "Znovu odeslat ověřovací e-mail",
    "l10n.resendVerification": "Znovu odeslat ověření",
    "l10n.changeUser": "Změnit uživatele",
    "l10n.verficationEmailHasBeenSent": "Ověřovací e-mail byl odeslán na <span class='color-white'>{{email}}</span>. Zkontrolujte svůj e-mail a klikněte na odkaz k ověření vaší e-mailové adresy.",
    "l10n.clickContinueAfter": "Po dokončení výše uvedeného kroku klikněte na Pokračovat.",
    "l10n.notBeenVerified": "E-mailová adresa ještě nebyla ověřena.",
    "l10n.unableToConnect": "Nelze se připojit k serveru. Zkuste to znovu později.",
    "l10n.verificationEmailResent": "Ověřovací e-mail byl opětovně odeslán",
    "l10n.unableToSendEmail": "E-mail nelze odeslat. Zkuste to znovu později.",
    "l10n.termsAndConditions": "Smluvní podmínky",
    "l10n.editEmailAddress": "Upravit e-mailovou adresu",
    "l10n.enterYourInformation": "Zadejte své údaje níže a upravte registrovanou e-mailovou adresu",
    "l10n.currentPassword": "Aktuální heslo",
    "l10n.newEmailAddress": "Nová e-mailová adresa",
    "l10n.reEnterEmailAddress": "Znovu zadat e-mailovou adresu",
    "l10n.emailAddressesDoNotMatch": "E-mailové adresy se neshodují",
    "l10n.emailAddressUpdated": "Vaše e-mailová adresa byla aktualizována",
    "l10n.incorrectPassword": "Chybné heslo",
    "l10n.noPassword": "ZÁSTUPNÝ SYMBOL ŽÁDNÉ HESLO",
    "l10n.existingAccount": "E-mailová adresa {{email}} je spojena s účtem NVIDIA.",
    "l10n.shareDialogDescription": "Snadno pořizujte a sdílejte videa, pořizujte snímky obrazovky a streamujte živě s přáteli.",
    "l10n.shareDialogDescriptionWithAnsel": "Snadno pořizujte a sdílejte videa, pořizujte snímky obrazovky a snímky ze hry a streamujte živě s přáteli.",
    "l10n.mustBeOnline": "Aplikace GeForce Experience musí být on-line, abyste se mohli přihlásit",
    "l10n.autoOptimizeNewGames": "Automaticky optimalizovat nově přidané hry a aplikace",
    "l10n.applyTheBestSettings": "Použije nejlepší nastavení pro hru a aplikaci, přizpůsobené vašemu počítači",
    "l10n.enable": "aktivovat",
    "l10n.noDriverFound": "Nebyl nalezen žádný disk",
    "l10n.clickContinueToInstallDriver": "Kliknutím na tlačítko pokračování nainstalujete nejnovější ovladač optimalizovaný pro hry nebo pro studia",
    "l10n.getStarted": "Začnete",
    "l10n.gameMaxPerformance": "Optimalizovat nastavení pro hry a aplikace",
    "l10n.gameReadyDrivers": "Získat ovladač optimalizovaný pro hry nebo pro studia",
    "l10n.shareGameMoments": "Pořizovat záznamy a sdílet hraní her",
    "l10n.logInWithNVIDIA": "Přihlásit se prostřednictvím účtu NVIDIA",
    "l10n.dontHaveAnAccount": "Nemáte účet?",
    "l10n.createNewAccount": "Vytvořte si účet",
    "l10n.createNewNVIDIAAccount": "Vytvořte si účet NVIDIA",
    "l10n.alreadyHaveAnAccount": "Máte již účet?",
    "l10n.startScan": "Začít vyhledávat",
    "l10n.oobeShareHotkeyInfo": "Stiskněte tlačítko {{assignedKey}} a sdílejte svou hru nebo upravte nastavení.",
    "l10n.logInWithYourAccount": "Přihlaste se prostřednictvím svého účtu",
    "l10n.keepGamesOptimized": "Udržujte své hry a aplikace optimalizované",
    "l10n.additionalInfo": "Další informace",
    "l10n.blockedMessage": "Aplikace GeForce Experience není ve vaším zemi či regionu momentálně dostupná.",
    "l10n.visitSettingsPage": "Navštivte stránku Nastavení, abyste nás mohli později sledovat",
    "l10n.scanningForGames": "Hledání her a aplikací...",
    "l10n.startTour": "Spustit prohlídku",
    "l10n.gfeBestExperience": "GeForce Experience analyzuje váš procesor, grafickou kartu a připojený monitor, aby použila vhodné nastavení pro hru a aplikaci k dosažení nejlepšího výsledku.",
    "l10n.logInToGeforceExp": "Přihlásit se do aplikace GeForce Experience"
}
