{
    "l10n.loginTitle": "Mit Ihrem Konto anmelden",
    "l10n.logIn": "Anmelden",
    "l10n.logInWithGoogle": "Mit Google anmelden",
    "l10n.register": "Registrieren",
    "l10n.forgotPassword": "Passwort vergessen",
    "l10n.unableToSendRecovery": "E-Mail zur Passwort-Wiederherstellung kann im Augenblick nicht gesendet werden. Bitte versuchen Sie es später erneut.",
    "l10n.emailAddress": "E-Mail-Adresse",
    "l10n.password": "Passwort",
    "l10n.passwordReqs": "Verwenden Sie mindestens {{minsize}} Zeichen.<br>Verwenden Sie eine Kombination von mindestens {{required}} verschiedenen Zeichenarten: Kleinbuchstaben, Großbuchstaben, Zahlen, Symbole und sonstige Zeichen.",
    "l10n.showPassword": "Passwort anzeigen",
    "l10n.invalidCredentials": "Ungültige E-Mail-Adresse oder ungültiges Passwort",
    "l10n.invalidCredentialsAttempts": "Ungültige E-Mail-Adresse oder ungültiges Passwort. Sie können Ihr Passwort zurücksetzen, indem Sie auf den nachstehenden Link klicken.",
    "l10n.serverError": "Die Anmeldung ist derzeit nicht möglich. Bitte versuchen Sie es später erneut.",
    "l10n.sessionExpired": "Sitzung abgelaufen. Zum Fortfahren anmelden",
    "l10n.accountBlocked": "Zu viele fehlgeschlagene Anmeldungsversuche. Zu Ihrer eigenen Sicherheit wird Ihr Konto für {{blockedMinutes}} Minuten gesperrt.",
    "l10n.createAccount": "Erstellen Sie Ihr NVIDIA-Benutzerkonto",
    "l10n.displayName": "Anzeigename",
    "l10n.displayNameReqs": "Verwenden Sie bis zu {{maxsize}} Zeichen.<br>Verwenden Sie am Anfang und am Ende kein Leerzeichen. Verwenden Sie keine aufeinanderfolgenden Leerzeichen.",
    "l10n.dateOfBirth": "Geburtsdatum",
    "l10n.subscribe": "Nicht verpassen! Holen Sie sich die aktuellsten Prämien, Angebote und vieles mehr von GeForce und NVIDIA.",
    "l10n.agreeToTerms": "Ich erkläre mich mit den <a {{agreeToTermsLink}}>Nutzungsbedingungen</a> einverstanden",
    "l10n.displayNameDetails": "Ihr Anzeigename ist für jeden sichtbar",
    "l10n.displayNameNotAvailable": "Anzeigename ist nicht verfügbar",
    "l10n.spacesAreNotAllowed": "Leerzeichen sind nicht zulässig",
    "l10n.emailAddressInUse": "Diese E-Mail-Adresse wird bereits verwendet",
    "l10n.invalidDateOfBirth": "Ungültiges Geburtsdatum",
    "l10n.serverErrorRegister": "Im Augenblick ist eine Registrierung nicht möglich. Bitte versuchen Sie es später erneut.",
    "l10n.fillOutAllFields": "Bitte füllen Sie alle nachstehenden Pflichtfelder aus.",
    "l10n.registrationFailed": "Registrierungsfehler",
    "l10n.coppaText": "Gemäß Children’s Online Privacy Protection Act (COPPA, Gesetz zum Online-Datenschutz von Kindern) dürfen wir Ihre Registrierung nicht gestatten. Für weitere Informationen lesen Sie bitte NVIDIAs Datenschutzrichtlinie.",
    "l10n.forgotPasswordText": "Geben Sie die E-Mail-Adresse ein, die Sie zum Erstellen Ihres Kontos verwendet haben, und wir senden Ihnen einen Link zum Zurücksetzen Ihres Passworts.",
    "l10n.forgotPasswordSentText": "Wir haben eine E-Mail mit Anweisungen zum Erstellen eines neuen Passworts an <span class=\"color-white\">{{email}}</span> gesendet.<br><br>Ihr bestehendes Passwort wurde nicht geändert.",
    "l10n.loginProgress": "Anmeldung wird durchgeführt",
    "l10n.invalidEmail": "Ungültige E-Mail-Adresse",
    "l10n.enterYourEmailAddress": "Geben Sie Ihre E-Mail-Adresse ein",
    "l10n.enterYourPassword": "Geben Sie Ihr Passwort ein",
    "l10n.loginFailed": "Anmeldung fehlgeschlagen",
    "l10n.loginServerError": "Die Anmeldung ist derzeit nicht möglich. Bitte versuchen Sie es später erneut.",
    "l10n.accountCreated": "NVIDIA-Konto erstellt",
    "l10n.alt.nvidiaSignIn": "Mit NVIDIA anmelden",
    "l10n.alt.googleSignIn": "Mit Google anmelden",
    "l10n.alt.facebookSignIn": "Mit Facebook anmelden",
    "l10n.alt.qqLogIn": "Mit QQ anmelden",
    "l10n.alt.wechatLogIn": "Mit WeChat anmelden",
    "l10n.confirmPassword": "Passwort bestätigen",
    "l10n.createAccountProgress": "Ihr NVIDIA-Konto wird erstellt",
    "l10n.almostDone": "Fast fertig",
    "l10n.pleaseConfirmTheInformation": "Bitte bestätigen Sie die unten angegebenen Informationen, um die Registrierung zu vervollständigen",
    "l10n.mustAgreeToTerms": "Sie müssen unsere Nutzungsbedingungen akzeptieren",
    "l10n.required": "Feld darf nicht leer bleiben",
    "l10n.emailAlreadyUsed": "Diese E-Mail-Adresse wird bereits verwendet.",
    "l10n.formError": "Es ist ein Fehler aufgetreten. Bitte überprüfen Sie das Formular und versuchen Sie es erneut.",
    "l10n.emailVerificationPending": "E-Mail-Bestätigung ausstehend",
    "l10n.resendVerificationEmail": "Überprüfungs-E-Mail erneut senden",
    "l10n.resendVerification": "Überprüfung erneut senden",
    "l10n.changeUser": "Benutzer ändern",
    "l10n.verficationEmailHasBeenSent": "Eine Überprüfungs-E-Mail wurde an <span class='color-white'>{{email}}</span> gesendet. Überprüfen Sie Ihre E-Mails und klicken Sie auf den Link zur Bestätigung Ihrer E-Mail-Adresse.",
    "l10n.clickContinueAfter": "Klicken Sie nach Abschluss des obigen Schritts auf Weiter.",
    "l10n.notBeenVerified": "Die E-Mail-Adresse wurde noch nicht bestätigt.",
    "l10n.unableToConnect": "Verbindung zum Server kann nicht hergestellt werden. Bitte versuchen Sie es später erneut.",
    "l10n.verificationEmailResent": "Überprüfungs-E-Mail wurde erneut gesendet.",
    "l10n.unableToSendEmail": "E-Mail konnte nicht gesendet werden. Bitte versuchen Sie es später erneut.",
    "l10n.termsAndConditions": "Nutzungsbedingungen",
    "l10n.editEmailAddress": "E-Mail-Adresse bearbeiten",
    "l10n.enterYourInformation": "Geben Sie nachstehend Ihre Daten ein, um die registrierte E-Mail-Adresse zu bearbeiten",
    "l10n.currentPassword": "Aktuelles Passwort",
    "l10n.newEmailAddress": "Neue E-Mail-Adresse",
    "l10n.reEnterEmailAddress": "E-Mail-Adresse erneut eingeben",
    "l10n.emailAddressesDoNotMatch": "Die E-Mail-Adressen stimmen nicht überein",
    "l10n.emailAddressUpdated": "Ihre E-Mail-Adresse wurde aktualisiert",
    "l10n.incorrectPassword": "Ungültiges Passwort",
    "l10n.noPassword": "PLATZHALTER KEIN PASSWORT",
    "l10n.existingAccount": "Die E-Mail-Adresse {{email}} ist mit einem bestehenden NVIDIA-Konto verknüpft.",
    "l10n.shareDialogDescription": "Videos aufnehmen und teilen, Screenshots machen und Livestreams übertragen: All das ist problemlos möglich.",
    "l10n.shareDialogDescriptionWithAnsel": "Videos aufnehmen und teilen, Screenshots und Fotos in Spielen machen oder Livestreams übertragen: All das ist problemlos möglich.",
    "l10n.mustBeOnline": "GeForce Experience muss zum Anmelden online sein",
    "l10n.autoOptimizeNewGames": "Neu hinzugefügte Spiele und Anwendungen automatisch optimieren",
    "l10n.applyTheBestSettings": "Wendet die besten, auf Ihren PC abgestimmten Spiel- und Anwendungseinstellungen an",
    "l10n.enable": "aktivieren",
    "l10n.noDriverFound": "Kein Treiber gefunden",
    "l10n.clickContinueToInstallDriver": "Klicken Sie auf Weiter, um den aktuellsten Game-Ready-Treiber oder Studio-Treiber zu installieren",
    "l10n.getStarted": "Erste Schritte",
    "l10n.gameMaxPerformance": "Spiel- und Anwendungseinstellungen optimieren",
    "l10n.gameReadyDrivers": "Game-Ready-Treiber oder Studio-Treiber beziehen",
    "l10n.shareGameMoments": "Spielverlauf erfassen und teilen",
    "l10n.logInWithNVIDIA": "Mit NVIDIA-Konto anmelden",
    "l10n.dontHaveAnAccount": "Sie haben noch kein Konto?",
    "l10n.createNewAccount": "Konto erstellen",
    "l10n.createNewNVIDIAAccount": "NVIDIA-Konto erstellen",
    "l10n.alreadyHaveAnAccount": "Sie haben bereits ein Konto?",
    "l10n.startScan": "Suche starten",
    "l10n.oobeShareHotkeyInfo": "Drücken Sie {{assignedKey}}, um Ihr Spielereignis zu teilen oder Einstellungen anzupassen.",
    "l10n.logInWithYourAccount": "Mit Ihrem Konto anmelden",
    "l10n.keepGamesOptimized": "Lassen Sie Ihre Spiele und Anwendungen laufend optimieren",
    "l10n.additionalInfo": "Weitere Informationen",
    "l10n.blockedMessage": "GeForce Experience steht derzeit in Ihrem Land oder Ihrer Region nicht zur Verfügung.",
    "l10n.visitSettingsPage": "Rufen Sie die Einstellungen auf, um uns später zu folgen",
    "l10n.scanningForGames": "Suche nach Spielen und Anwendungen wird ausgeführt …",
    "l10n.startTour": "Tour beginnen",
    "l10n.gfeBestExperience": "GeForce Experience analysiert Ihre spezielle GPU, CPU und Ihr Anzeigegerät und wendet angepasste Spiel- und Anwendungseinstellungen für ein bestmögliches Erlebnis an.",
    "l10n.logInToGeforceExp": "Bei GeForce Experience anmelden"
}
