{
    "l10n.loginTitle": "Inicie sesión con su cuenta",
    "l10n.logIn": "Inicio de sesión",
    "l10n.logInWithGoogle": "Inicie sesión con Google",
    "l10n.register": "Registrarse",
    "l10n.forgotPassword": "Contraseña olvidada",
    "l10n.unableToSendRecovery": "No se puede enviar el correo electrónico para recuperación de contraseña en estos momentos. Intentar de nuevo más tarde.",
    "l10n.emailAddress": "Dirección de correo electrónico",
    "l10n.password": "Contraseña",
    "l10n.passwordReqs": "Incluya un mínimo de {{minsize}} caracteres<br>Use una combinación de por lo menos {{required}} tipos de caracteres: minúsculas, mayúsculas, números, símbolos y otras letras",
    "l10n.showPassword": "Mostrar contraseña",
    "l10n.invalidCredentials": "Dirección de correo electrónico o contraseña incorrectas",
    "l10n.invalidCredentialsAttempts": "Dirección de correo electrónico o contraseña incorrectas. Puede restablecer su contraseña haciendo clic en el enlace siguiente.",
    "l10n.serverError": "No se ha podido iniciar sesión. Inténtelo de nuevo más tarde.",
    "l10n.sessionExpired": "La sesión ha caducado. Inicie sesión para continuar",
    "l10n.accountBlocked": "Se han realizado demasiados intentos de inicio de sesión fallidos. Por motivos de seguridad, se ha bloqueado su cuenta durante {{blockedMinutes}} minutos.",
    "l10n.createAccount": "Crear su cuenta de NVIDIA",
    "l10n.displayName": "Nombre de pantalla",
    "l10n.displayNameReqs": "Use hasta {{maxsize}} caracteres<br>No incluya espacios al principio ni al final No use espacios consecutivos.",
    "l10n.dateOfBirth": "Fecha de nacimiento",
    "l10n.subscribe": "¡No se lo pierda! Consiga las últimas recompensas, promociones y mucho más de GeForce y NVIDIA.",
    "l10n.agreeToTerms": "Acepto los <a {{agreeToTermsLink}}>términos y condiciones</a>",
    "l10n.displayNameDetails": "Su nombre público será visible para todos",
    "l10n.displayNameNotAvailable": "El nombre público no está disponible",
    "l10n.spacesAreNotAllowed": "No se permiten espacios",
    "l10n.emailAddressInUse": "La dirección de correo electrónico ya está en uso",
    "l10n.invalidDateOfBirth": "Fecha de nacimiento no válida",
    "l10n.serverErrorRegister": "No hemos podido registrarte en este momento. Inténtelo de nuevo más tarde.",
    "l10n.fillOutAllFields": "Rellene los campos obligatorios a continuación",
    "l10n.registrationFailed": "Fallo de registro",
    "l10n.coppaText": "De acuerdo con la Children's Online Privacy Protection Act (COPPA), no es posible registrarte. Para obtener información adicional, consulte la Política de privacidad de NVIDIA.",
    "l10n.forgotPasswordText": "Introduzca la dirección de correo electrónico que utilizó para crear su cuenta y le enviaremos el enlace para restablecer su contraseña.",
    "l10n.forgotPasswordSentText": "Hemos enviado un correo electrónico a <span class=\"color-white\">{{email}}</span> con instrucciones para crear una nueva contraseña.<br><br>La contraseña existente no ha cambiado.",
    "l10n.loginProgress": "Iniciando sesión",
    "l10n.invalidEmail": "Dirección de correo electrónico incorrecta",
    "l10n.enterYourEmailAddress": "Introduzca su dirección de correo electrónico",
    "l10n.enterYourPassword": "Introduzca su contraseña",
    "l10n.loginFailed": "Inicio de sesión incorrecto",
    "l10n.loginServerError": "No hemos podido iniciar su sesión en este momento. Intentar de nuevo más tarde.",
    "l10n.accountCreated": "Se ha creado la cuenta de NVIDIA",
    "l10n.alt.nvidiaSignIn": "Iniciar sesión con NVIDIA",
    "l10n.alt.googleSignIn": "Iniciar sesión con Google",
    "l10n.alt.facebookSignIn": "Iniciar sesión con Facebook",
    "l10n.alt.qqLogIn": "Inicie sesión con QQ",
    "l10n.alt.wechatLogIn": "Inicie sesión con WeChat",
    "l10n.confirmPassword": "Confirmar contraseña",
    "l10n.createAccountProgress": "Creando su cuenta de NVIDIA",
    "l10n.almostDone": "¡Casi hemos terminado!",
    "l10n.pleaseConfirmTheInformation": "Confirme la información que se muestra a continuación para completar el registro",
    "l10n.mustAgreeToTerms": "Debe aceptar los Términos y condiciones",
    "l10n.required": "Este campo no puede estar vacío",
    "l10n.emailAlreadyUsed": "Esta dirección de correo electrónico ya se está utilizando.",
    "l10n.formError": "Se ha producido un error. Compruebe el formulario y pruebe de nuevo.",
    "l10n.emailVerificationPending": "Verificación de correo electrónico pendiente",
    "l10n.resendVerificationEmail": "Volver a enviar correo electrónico de verificación",
    "l10n.resendVerification": "Volver a enviar verificación",
    "l10n.changeUser": "Cambiar usuario",
    "l10n.verficationEmailHasBeenSent": "Se ha enviado un correo electrónico a <span class='color-white'>{{email}}</span>. Consulte su correo electrónico y haga clic en el enlace para verificar su dirección de correo electrónico.",
    "l10n.clickContinueAfter": "Haga clic en continuar tras completar el paso anterior.",
    "l10n.notBeenVerified": "La dirección de correo electrónico aún no se ha verificado.",
    "l10n.unableToConnect": "No se puede conectar al servidor. Intentar de nuevo más tarde.",
    "l10n.verificationEmailResent": "Se ha enviado de nuevo un correo electrónico de verificación",
    "l10n.unableToSendEmail": "No se puede enviar el correo electrónico. Intentar de nuevo más tarde.",
    "l10n.termsAndConditions": "Términos y condiciones",
    "l10n.editEmailAddress": "Editar dirección de correo electrónico",
    "l10n.enterYourInformation": "Introduzca su información a continuación para editar la dirección de correo electrónico registrada",
    "l10n.currentPassword": "Contraseña actual",
    "l10n.newEmailAddress": "Nueva dirección de correo electrónico",
    "l10n.reEnterEmailAddress": "Vuelva a introducir la dirección de correo electrónico",
    "l10n.emailAddressesDoNotMatch": "Las direcciones de correo electrónico no coinciden",
    "l10n.emailAddressUpdated": "Se ha actualizado su dirección de correo electrónico",
    "l10n.incorrectPassword": "Contraseña incorrecta",
    "l10n.noPassword": "MARCADOR DE POSICIÓN EN CONTRASEÑA",
    "l10n.existingAccount": "La dirección de contraseña {{email}} está asociada a una cuenta de NVIDIA existente",
    "l10n.shareDialogDescription": "Capture y comparta vídeos, haga capturas de pantalla y transmita en vivo con sus amigos de forma fácil.",
    "l10n.shareDialogDescriptionWithAnsel": "Capture y comparta vídeos, haga capturas de pantalla y fotografías dentro de juegos y transmita en vivo con sus amigos de forma fácil.",
    "l10n.mustBeOnline": "GeForce Experience necesita estar conectado para iniciar sesión",
    "l10n.autoOptimizeNewGames": "Optimizar de forma automática los juegos y aplicaciones añadidos recientemente",
    "l10n.applyTheBestSettings": "Aplica la mejor configuración del juego y de la aplicación adaptada a este PC",
    "l10n.enable": "activar",
    "l10n.noDriverFound": "No se ha encontrado ningún controlador",
    "l10n.clickContinueToInstallDriver": "Haga clic en continuar para instalar el controlador Game Ready o Studio más actualizado",
    "l10n.getStarted": "Empezar",
    "l10n.gameMaxPerformance": "Optimizar configuración de juego y aplicación",
    "l10n.gameReadyDrivers": "Conseguir los controladores Game Ready o Studio",
    "l10n.shareGameMoments": "Capturar y compartir partidas",
    "l10n.logInWithNVIDIA": "Inicie sesión con su cuenta NVIDIA",
    "l10n.dontHaveAnAccount": "¿No tiene una cuenta?",
    "l10n.createNewAccount": "Crear cuenta",
    "l10n.createNewNVIDIAAccount": "Crear cuenta NVIDIA",
    "l10n.alreadyHaveAnAccount": "¿Ya tiene una cuenta?",
    "l10n.startScan": "Iniciar búsqueda",
    "l10n.oobeShareHotkeyInfo": "Pulse {{assignedKey}} para compartir su partida o ajustar la configuración.",
    "l10n.logInWithYourAccount": "Iniciar sesión con su cuenta",
    "l10n.keepGamesOptimized": "Mantenga sus juegos y aplicaciones optimizados",
    "l10n.additionalInfo": "Información adicional",
    "l10n.blockedMessage": "GeForce Experience no está disponible en su país o región.",
    "l10n.visitSettingsPage": "Visite la página de configuración para seguirnos más tarde",
    "l10n.scanningForGames": "Buscando juegos y aplicaciones...",
    "l10n.startTour": "Iniciar tour",
    "l10n.gfeBestExperience": "GeForce Experience analiza su CPU, GPU y monitor en concreto y aplica ajustes personalizados del juego y la aplicación para proporcionar la mejor experiencia.",
    "l10n.logInToGeforceExp": "Iniciar sesión en GeForce Experience"
}
