{
    "l10n.loginTitle": "Kirjaudu sisään käyttäen tiliäsi",
    "l10n.logIn": "Kirjaudu sisään",
    "l10n.logInWithGoogle": "Kirjaudu sisään Googlella",
    "l10n.register": "Rekisteröi",
    "l10n.forgotPassword": "Salasana unohtui",
    "l10n.unableToSendRecovery": "Ei voi lähettää salasanan palautussähköpostia nyt. Yritä myöhemmin uudelleen.",
    "l10n.emailAddress": "Sähköpostiosoite",
    "l10n.password": "Salasana",
    "l10n.passwordReqs": "Käytä vähintään {{minsize}} merkkiä<br>Käytä vähintään {{required}} eri merkin yhdistelmää: pieniä kirjaimia, isoja kirjaimia, numeroita, symboleja ja muita merkkejä.",
    "l10n.showPassword": "Näytä salasana",
    "l10n.invalidCredentials": "Virheellinen sähköpostiosoite tai salasana",
    "l10n.invalidCredentialsAttempts": "Virheellinen sähköpostiosoite tai salasana. Voit palauttaa salasanan napsauttamalla alla olevaa linkkiä.",
    "l10n.serverError": "Sisäänkirjautuminen ei onnistunut nyt. Yritä myöhemmin uudelleen.",
    "l10n.sessionExpired": "Istunto on päättynyt. Kirjaudu sisään jatkaaksesi",
    "l10n.accountBlocked": "Liian monta epäonnistunutta sisäänkirjautumisyritystä. Turvallisuussyistä tilisi käyttö on estetty {{blockedMinutes}} minuutin ajaksi.",
    "l10n.createAccount": "Luo NVIDIA-tili",
    "l10n.displayName": "Näyttönimi",
    "l10n.displayNameReqs": "Käytä enintään {{maxsize}} merkkiä<br>Ensimmäinen tai viimeinen merkki ei saa olla välilyönti. Älä käytä peräkkäisiä välilyöntejä.",
    "l10n.dateOfBirth": "Syntymäaika",
    "l10n.subscribe": "Älä jää paitsi! Saa uusimmat palkinnot ja tarjoukset GeForcelta ja NVIDIAlta.",
    "l10n.agreeToTerms": "Hyväksyn <a {{agreeToTermsLink}}>käyttöehdot</a>",
    "l10n.displayNameDetails": "Näyttönimi näkyy kaikille",
    "l10n.displayNameNotAvailable": "Näyttönimi ei ole käytettävissä",
    "l10n.spacesAreNotAllowed": "Välilyöntejä ei sallita",
    "l10n.emailAddressInUse": "Sähköpostiosoite on jo käytössä.",
    "l10n.invalidDateOfBirth": "Virheellinen syntymäaika",
    "l10n.serverErrorRegister": "Rekisteröinti ei onnistunut nyt. Yritä myöhemmin uudelleen",
    "l10n.fillOutAllFields": "Täytä kaikki pakolliset kentät alla",
    "l10n.registrationFailed": "Rekisteröinti epäonnistui",
    "l10n.coppaText": "Children’s Online Privacy Protection Act (COPPA, lasten tietosuoja Internetissä) -lain mukaan emme pysty hyväksymään rekisteröintiäsi. Lisätietoja on NVIDIAn tietosuojakäytännössä.",
    "l10n.forgotPasswordText": "Anna sähköpostiosoite, jota käytit luodessasi tilin, ja lähetämme sinulle linkin salasanan vaihtamista varten.",
    "l10n.forgotPasswordSentText": "Olemme lähettäneet osoitteeseen <span class=\"color-white\">{{email}}</span> sähköpostin, joka sisältää uuden salasanan luomisohjeet.<br><br>Nykyistä salasanaasi ei ole muutettu.",
    "l10n.loginProgress": "Kirjautuu sisään",
    "l10n.invalidEmail": "Virheellinen sähköpostiosoite",
    "l10n.enterYourEmailAddress": "Anna sähköpostiosoitteesi",
    "l10n.enterYourPassword": "Anna salasanasi",
    "l10n.loginFailed": "Sisäänkirjautuminen epäonnistui",
    "l10n.loginServerError": "Emme pystyneet kirjaamaan sinua sisään nyt. Yritä myöhemmin uudelleen.",
    "l10n.accountCreated": "NVIDIA-tili luotu",
    "l10n.alt.nvidiaSignIn": "Kirjaudu sisään käyttämällä NVIDIAa",
    "l10n.alt.googleSignIn": "Kirjaudu sisään Googlella",
    "l10n.alt.facebookSignIn": "Kirjaudu sisään Facebookilla",
    "l10n.alt.qqLogIn": "Kirjaudu sisään QQilla",
    "l10n.alt.wechatLogIn": "Kirjaudu sisään WeChatilla",
    "l10n.confirmPassword": "Vahvista salasana",
    "l10n.createAccountProgress": "Luo NVIDIA-tiliä",
    "l10n.almostDone": "Melkein valmis",
    "l10n.pleaseConfirmTheInformation": "Suorita rekisteröinti loppuun vahvistamalla alla olevat tiedot.",
    "l10n.mustAgreeToTerms": "Sinun täytyy hyväksyä käyttöehdot",
    "l10n.required": "Kenttä ei voi olla tyhjä",
    "l10n.emailAlreadyUsed": "Tämä sähköpostiosoite on jo käytössä",
    "l10n.formError": "Tapahtui virhe. Tarkista lomake ja yritä uudelleen.",
    "l10n.emailVerificationPending": "Sähköpostin tarkistus meneillään",
    "l10n.resendVerificationEmail": "Lähetä vahvistussähköposti uudelleen",
    "l10n.resendVerification": "Lähetä tarkistus uudelleen",
    "l10n.changeUser": "Vaihda käyttäjää",
    "l10n.verficationEmailHasBeenSent": "Tarkistussähköposti on lähetetty osoitteeseen <span class='color-white'>{{email}}</span>. Tarkista sähköpostisi ja vahvista sähköpostiosoite napsauttamalla linkkiä.",
    "l10n.clickContinueAfter": "Napsauta Jatka, kun olet suorittanut yllä olevan vaiheen.",
    "l10n.notBeenVerified": "Sähköpostiosoitetta ei ole vielä tarkistettu",
    "l10n.unableToConnect": "Yhteyden muodostaminen palvelimeen ei onnistunut. Yritä myöhemmin uudelleen.",
    "l10n.verificationEmailResent": "Tarkistussähköposti on lähetetty uudelleen",
    "l10n.unableToSendEmail": "Sähköpostin lähettäminen epäonnistui. Yritä myöhemmin uudelleen.",
    "l10n.termsAndConditions": "Käyttöehdot",
    "l10n.editEmailAddress": "Muokkaa sähköpostiosoitetta",
    "l10n.enterYourInformation": "Muokkaa rekisteröityä sähköpostiosoitetta kirjoittamalla tiedot alle",
    "l10n.currentPassword": "Nykyinen salasana",
    "l10n.newEmailAddress": "Uusi sähköpostiosoite",
    "l10n.reEnterEmailAddress": "Kirjoita sähköpostiosoite uudelleen",
    "l10n.emailAddressesDoNotMatch": "Sähköpostiosoitteet eivät täsmää",
    "l10n.emailAddressUpdated": "Sähköpostiosoite on päivitetty",
    "l10n.incorrectPassword": "Virheellinen salasana",
    "l10n.noPassword": "PAIKKAMERKKI EI SALASANAA",
    "l10n.existingAccount": "Sähköpostiosoite {{email}} liittyy olemassa olevaan NVIDIA-tiliin",
    "l10n.shareDialogDescription": "Kaappaa ja jaa helposti videoita, ota näyttökuvia ja suoratoista ystävien kanssa livenä.",
    "l10n.shareDialogDescriptionWithAnsel": "Kaappaa ja jaa helposti videoita, ota näyttökuvia sekä pelin sisäisiä valokuvia helposti, ja suoratoista ystävien kanssa livenä.",
    "l10n.mustBeOnline": "GeForce Experiencen on oltava online-tilassa, jotta voisit kirjautua sisään",
    "l10n.autoOptimizeNewGames": "Optimoi vastikään lisätyt pelit ja sovelluksen automaattisesti",
    "l10n.applyTheBestSettings": "Käyttää parhaita mahdollisia peli- ja sovellusasetuksia, jotka on räätälöity tietokonettasi varten",
    "l10n.enable": "ota käyttöön",
    "l10n.noDriverFound": "Ohjainta ei löytynyt",
    "l10n.clickContinueToInstallDriver": "Asenna viimeisin pelausvalmis tai studiovalmis ohjain napsauttamalla Jatka",
    "l10n.getStarted": "Aloitus",
    "l10n.gameMaxPerformance": "Optimoi peli- ja sovellusasetukset",
    "l10n.gameReadyDrivers": "Hanki pelausvalmiit tai studiovalmiit ohjaimet",
    "l10n.shareGameMoments": "Sieppaa ja jaa peli",
    "l10n.logInWithNVIDIA": "Kirjaudu sisään käyttämällä NVIDIA-tiliä",
    "l10n.dontHaveAnAccount": "Eikö sinulla ole tiliä?",
    "l10n.createNewAccount": "Luo tili",
    "l10n.createNewNVIDIAAccount": "Luo NVIDIA-tili",
    "l10n.alreadyHaveAnAccount": "Onko sinulla jo tili?",
    "l10n.startScan": "Käynnistä skannaus",
    "l10n.oobeShareHotkeyInfo": "Jaa peli tai säädä asetuksia painamalla {{assignedKey}}.",
    "l10n.logInWithYourAccount": "Kirjaudu sisään käyttämällä tiliäsi",
    "l10n.keepGamesOptimized": "Pidä pelit ja sovellukset optimoituina",
    "l10n.additionalInfo": "Lisätietoa",
    "l10n.blockedMessage": "GeForce Experience ei ole tällä hetkellä saatavilla kotimaassasi tai -alueellasi.",
    "l10n.visitSettingsPage": "Käy Asetukset-sivulla, jos haluat seurata meitä myöhemmin",
    "l10n.scanningForGames": "Etsii pelejä ja sovelluksia...",
    "l10n.startTour": "Aloita tutustuminen",
    "l10n.gfeBestExperience": "GeForce Experience analysoi grafiikkasuorittimen, keskusyksikön ja näyttömonitorin, ja käyttää mukautettuja peli- ja sovellusasetuksia parhaan pelikokemuksen saavuttamiseksi.",
    "l10n.logInToGeforceExp": "Kirjaudu sisään GeForce Experienceen"
}
