{
    "l10n.loginTitle": "Connectez-vous avec votre compte",
    "l10n.logIn": "Connexion",
    "l10n.logInWithGoogle": "Se connecter avec Google",
    "l10n.register": "Inscription",
    "l10n.forgotPassword": "Mot de passe oublié",
    "l10n.unableToSendRecovery": "Impossible d'envoyer l'e-mail de récupération du mot de passe pour le moment. Veuillez réessayer ultérieurement.",
    "l10n.emailAddress": "Adresse électronique",
    "l10n.password": "Mot de passe",
    "l10n.passwordReqs": "Utilisez au moins {{minsize}} caractères<br>Utilisez une combinaison d'au moins {{required}} types différents de caractères : minuscules, majuscules, chiffres, symboles et autres caractères.",
    "l10n.showPassword": "Afficher le mot de passe",
    "l10n.invalidCredentials": "Adresse électronique ou mot de passe incorrect",
    "l10n.invalidCredentialsAttempts": "Adresse électronique ou mot de passe incorrect. Vous pouvez réinitialiser votre mot de passe en cliquant sur le lien ci-dessous.",
    "l10n.serverError": "Impossible de vous connecter pour le moment. Veuillez réessayer ultérieurement",
    "l10n.sessionExpired": "La session a expiré. Connectez-vous pour continuer",
    "l10n.accountBlocked": "Limite de tentatives de connexion atteinte. Pour votre sécurité, nous avons bloqué l'accès à votre compte pendant {{blockedMinutes}} minutes.",
    "l10n.createAccount": "Créez votre compte NVIDIA",
    "l10n.displayName": "Nom d’affichage",
    "l10n.displayNameReqs": "Utiliser jusqu'à {{maxsize}} caractères<br>Ne pas commencer ou terminer par un espace. Ne pas utiliser d'espaces consécutifs.",
    "l10n.dateOfBirth": "Date de naissance",
    "l10n.subscribe": "Ne ratez pas votre chance ! Obtenez les dernières récompenses, promotions et plus encore de la part de GeForce et de NVIDIA.",
    "l10n.agreeToTerms": "J'accepte les <a {{agreeToTermsLink}}>conditions générales d'utilisation</a>",
    "l10n.displayNameDetails": "Votre nom d'affichage sera visible par tout le monde",
    "l10n.displayNameNotAvailable": "Ce nom d'affichage n'est pas disponible",
    "l10n.spacesAreNotAllowed": "Les espaces ne sont pas autorisés",
    "l10n.emailAddressInUse": "Cette adresse électronique est déjà utilisée.",
    "l10n.invalidDateOfBirth": "Date de naissance incorrecte",
    "l10n.serverErrorRegister": "Impossible de vous inscrire pour le moment. Veuillez réessayer ultérieurement",
    "l10n.fillOutAllFields": "Complétez les champs obligatoires ci-dessous",
    "l10n.registrationFailed": "L'inscription a échoué",
    "l10n.coppaText": "Conformément à loi Children's Online Privacy Protection Act (COPPA ou Loi sur la protection de la confidentialité en ligne des enfants), nous ne pouvons pas autoriser votre inscription. Pour plus d'informations, veuillez vous reporter à la politique de confidentialité de NVIDIA.",
    "l10n.forgotPasswordText": "Entrez l'adresse électronique que vous avez utilisée pour créer votre compte, et nous vous enverrons un lien pour réinitialiser votre mot de passe.",
    "l10n.forgotPasswordSentText": "Nous avons envoyé un courriel à l'adresse <span class=\"color-white\">{{email}}</span> comportant les instructions pour créer un nouveau mot de passe.<br><br>Votre mot de passe existant n'a pas été changé",
    "l10n.loginProgress": "Connexion en cours",
    "l10n.invalidEmail": "Adresse électronique incorrecte",
    "l10n.enterYourEmailAddress": "Entrez votre adresse électronique",
    "l10n.enterYourPassword": "Entrez votre mot de passe",
    "l10n.loginFailed": "La connexion a échoué.",
    "l10n.loginServerError": "Nous ne pouvons pas vous connecter pour le moment. Veuillez réessayer ultérieurement.",
    "l10n.accountCreated": "Compte NVIDIA créé",
    "l10n.alt.nvidiaSignIn": "Se connecter avec NVIDIA",
    "l10n.alt.googleSignIn": "Se connecter avec Google",
    "l10n.alt.facebookSignIn": "Se connecter avec Facebook",
    "l10n.alt.qqLogIn": "Se connecter avec QQ",
    "l10n.alt.wechatLogIn": "Se connecter avec WeChat",
    "l10n.confirmPassword": "Confirmer le mot de passe",
    "l10n.createAccountProgress": "Création de votre compte NVIDIA en cours",
    "l10n.almostDone": "C'est presque terminé !",
    "l10n.pleaseConfirmTheInformation": "Confirmez les informations ci-dessous pour terminer l'inscription.",
    "l10n.mustAgreeToTerms": "Vous devez accepter nos conditions générales d'utilisation",
    "l10n.required": "Ce champ ne peut pas être vide",
    "l10n.emailAlreadyUsed": "Ce courriel est déjà utilisé",
    "l10n.formError": "Une erreur s'est produite. Veuillez vérifier la forme et essayez à nouveau.",
    "l10n.emailVerificationPending": "Vérification par courriel en cours",
    "l10n.resendVerificationEmail": "Renvoyer le courriel de vérification",
    "l10n.resendVerification": "Renvoyer la vérification",
    "l10n.changeUser": "Changer l'utilisateur",
    "l10n.verficationEmailHasBeenSent": "Un courriel de vérification a été envoyé à l'adresse <span class='color-white'>{{email}}</span>. Vérifiez votre courriel et cliquez sur le lien pour vérifier votre adresse électronique.",
    "l10n.clickContinueAfter": "Cliquez sur Continuer après avoir suivi l'étape ci-dessus.",
    "l10n.notBeenVerified": "L'adresse électronique n'a pas encore été vérifiée",
    "l10n.unableToConnect": "Impossible d'établir la connexion au serveur. Veuillez réessayer ultérieurement.",
    "l10n.verificationEmailResent": "Le courriel de vérification a été renvoyé",
    "l10n.unableToSendEmail": "Impossible d'envoyer le courriel. Veuillez réessayer ultérieurement.",
    "l10n.termsAndConditions": "Termes et conditions",
    "l10n.editEmailAddress": "Changer d'adresse électronique",
    "l10n.enterYourInformation": "Entrez vos informations ci-dessous pour changer l'adresse électronique enregistrée",
    "l10n.currentPassword": "Mot de passe actuel",
    "l10n.newEmailAddress": "Nouvelle adresse électronique",
    "l10n.reEnterEmailAddress": "Entrez à nouveau l'adresse électronique",
    "l10n.emailAddressesDoNotMatch": "Les adresses électroniques ne correspondent pas",
    "l10n.emailAddressUpdated": "Votre adresse électronique a été mise à jour",
    "l10n.incorrectPassword": "Mot de passe incorrect",
    "l10n.noPassword": "ESPACE RÉSERVÉ PAS DE MOT DE PASSE",
    "l10n.existingAccount": "Cette adresse électronique {{email}} est déjà associée à un compte NVIDIA existant",
    "l10n.shareDialogDescription": "Capturez et partagez des vidéos, faites des captures d'écran et lancez des diffusions en direct avec vos amis en toute simplicité.",
    "l10n.shareDialogDescriptionWithAnsel": "Capturez et partagez des vidéos, faites des captures d'écran et des photos dans vos parties, et lancez des diffusions en direct avec vos amis en toute simplicité.",
    "l10n.mustBeOnline": "GeForce Experience doit être en ligne pour se connecter",
    "l10n.autoOptimizeNewGames": "Optimiser automatiquement les derniers jeux et applications ajoutés",
    "l10n.applyTheBestSettings": "Applique les meilleurs paramètres de jeu et d'application pour votre ordinateur",
    "l10n.enable": "activer",
    "l10n.noDriverFound": "Aucun pilote n’a été trouvé.",
    "l10n.clickContinueToInstallDriver": "Cliquez sur Continuer pour installer le dernier pilote Game Ready ou Studio",
    "l10n.getStarted": "Lancez-vous",
    "l10n.gameMaxPerformance": "Optimiser les paramètres de jeu et d'application",
    "l10n.gameReadyDrivers": "Télécharger les pilotes Game Ready ou Studio",
    "l10n.shareGameMoments": "Enregistrer et partager vos parties",
    "l10n.logInWithNVIDIA": "Se connecter avec votre compte NVIDIA",
    "l10n.dontHaveAnAccount": "Vous n'avez pas de compte ?",
    "l10n.createNewAccount": "Créer un compte",
    "l10n.createNewNVIDIAAccount": "Créer un compte NVIDIA",
    "l10n.alreadyHaveAnAccount": "Vous avez déjà un compte ?",
    "l10n.startScan": "Commencer l'analyse",
    "l10n.oobeShareHotkeyInfo": "Appuyez sur {{assignedKey}} pour partager votre partie ou régler les paramètres.",
    "l10n.logInWithYourAccount": "Connectez-vous à votre compte",
    "l10n.keepGamesOptimized": "Gardez vos jeux et applications optimisés",
    "l10n.additionalInfo": "Informations supplémentaires",
    "l10n.blockedMessage": "GeForce Experience n'est pas disponible dans votre pays ou zone géographique pour le moment.",
    "l10n.visitSettingsPage": "Consultez la page Paramètres pour nous suivre ultérieurement",
    "l10n.scanningForGames": "Recherche de jeux et d'applications…",
    "l10n.startTour": "Démarrer le tour",
    "l10n.gfeBestExperience": "GeForce Experience analyse votre processeur, votre processeur graphique et votre écran et applique des paramètres de jeu et d'application personnalisés pour un confort optimal.",
    "l10n.logInToGeforceExp": "Se connecter à GeForce Experience"
}
