{
    "l10n.loginTitle": "Accedi usando il tuo account",
    "l10n.logIn": "Accedi",
    "l10n.logInWithGoogle": "Accedi con Google",
    "l10n.register": "Registrati",
    "l10n.forgotPassword": "Password dimenticata",
    "l10n.unableToSendRecovery": "Al momento, non è possibile inviare l'e-mail per il recupero della password. Riprova più tardi.",
    "l10n.emailAddress": "Indirizzo e-mail",
    "l10n.password": "Password",
    "l10n.passwordReqs": "Utilizzare almeno {{minsize}} caratteri<br>Utilizzare una combinazione di almeno {{required}} tipi di caratteri diversi: lettere minuscole, maiuscole, numeri, simboli e altre lettere.",
    "l10n.showPassword": "Mostra password",
    "l10n.invalidCredentials": "Indirizzo e-mail o password non validi",
    "l10n.invalidCredentialsAttempts": "Indirizzo e-mail o password non validi. Fai clic sul link qui sotto per reimpostare la password.",
    "l10n.serverError": "Impossibile effettuare l'accesso in questo momento. Riprova più tardi",
    "l10n.sessionExpired": "Sessione scaduta. Accedi per continuare",
    "l10n.accountBlocked": "Sono stati effettuati troppi tentativi di accesso non riusciti. Per ragioni di sicurezza, l'account è stato bloccato per {{blockedMinutes}} minuti.",
    "l10n.createAccount": "Crea un account NVIDIA personale",
    "l10n.displayName": "Nome visualizzato",
    "l10n.displayNameReqs": "Puoi utilizzare un massimo di {{maxsize}} caratteri<br>Non iniziare né terminare con uno spazio. Non utilizzare più spazi consecutivi.",
    "l10n.dateOfBirth": "Data di nascita",
    "l10n.subscribe": "Non perderti nulla! Accedi ai premi e alle promozioni più recenti e a molte altre novità da GeForce e NVIDIA.",
    "l10n.agreeToTerms": "Accetto <a {{agreeToTermsLink}}>termini e condizioni</a>",
    "l10n.displayNameDetails": "Il nome visualizzato sarà visibile a tutti",
    "l10n.displayNameNotAvailable": "Nome visualizzato non disponibile",
    "l10n.spacesAreNotAllowed": "Il nome non può contenere spazi",
    "l10n.emailAddressInUse": "Questo indirizzo e-mail è già in uso",
    "l10n.invalidDateOfBirth": "Data di nascita non valida",
    "l10n.serverErrorRegister": "Impossibile effettuare la registrazione in questo momento. Riprova più tardi",
    "l10n.fillOutAllFields": "Compila tutti i campi obbligatori qui sotto",
    "l10n.registrationFailed": "Registrazione non riuscita",
    "l10n.coppaText": "Registrazione non consentita ai sensi della legge sulla tutela della privacy dei minori online (COPPA). Per ulteriori informazioni, consultare l'informativa sulla privacy di NVIDIA.",
    "l10n.forgotPasswordText": "Inserisci l'indirizzo e-mail utilizzato per creare l'account e riceverai il link per reimpostare la password",
    "l10n.forgotPasswordSentText": "Abbiamo inviato all'indirizzo <span class=\"color-white\">{{email}}</span> un'e-mail con le istruzioni per impostare una nuova password.<br><br>Non sono state apportate modifiche alla tua password attuale",
    "l10n.loginProgress": "Accesso in corso",
    "l10n.invalidEmail": "Indirizzo e-mail non valido",
    "l10n.enterYourEmailAddress": "Inserisci l'indirizzo e-mail",
    "l10n.enterYourPassword": "Inserisci la password",
    "l10n.loginFailed": "Accesso non riuscito",
    "l10n.loginServerError": "Impossibile effettuare l'accesso in questo momento. Riprova più tardi.",
    "l10n.accountCreated": "Account NVIDIA creato",
    "l10n.alt.nvidiaSignIn": "Accedi con NVIDIA",
    "l10n.alt.googleSignIn": "Accedi con Google",
    "l10n.alt.facebookSignIn": "Accedi con Facebook",
    "l10n.alt.qqLogIn": "Accedi con QQ",
    "l10n.alt.wechatLogIn": "Accedi con WeChat",
    "l10n.confirmPassword": "Conferma password",
    "l10n.createAccountProgress": "Creazione dell'account NVIDIA in corso",
    "l10n.almostDone": "Ci sei quasi!",
    "l10n.pleaseConfirmTheInformation": "Conferma le informazioni indicate di seguito per completare la registrazione.",
    "l10n.mustAgreeToTerms": "È necessario accettare i termini e le condizioni",
    "l10n.required": "Campo obbligatorio",
    "l10n.emailAlreadyUsed": "E-mail già in uso",
    "l10n.formError": "Si è verificato un errore. Controlla le informazioni inserite e riprova.",
    "l10n.emailVerificationPending": "In attesa della conferma dell'indirizzo e-mail",
    "l10n.resendVerificationEmail": "Ripeti invio dell'e-mail di verifica",
    "l10n.resendVerification": "Ripeti invio dell'e-mail di verifica",
    "l10n.changeUser": "Cambia utente",
    "l10n.verficationEmailHasBeenSent": "È stata inviata un'e-mail di verifica all'indirizzo <span class='color-white'>{{email}}</span>. Controlla la posta in arrivo e fai clic sul link ricevuto per confermare l'indirizzo e-mail.",
    "l10n.clickContinueAfter": "Fai clic su Continua dopo aver completato l'operazione precedente.",
    "l10n.notBeenVerified": "L'indirizzo e-mail non è ancora stato confermato",
    "l10n.unableToConnect": "Impossibile connettersi al server. Riprova più tardi.",
    "l10n.verificationEmailResent": "L'e-mail di verifica è stata inviata nuovamente",
    "l10n.unableToSendEmail": "Impossibile inviare l'e-mail. Riprova più tardi.",
    "l10n.termsAndConditions": "Termini e condizioni",
    "l10n.editEmailAddress": "Modifica indirizzo e-mail",
    "l10n.enterYourInformation": "Compila i campi qui sotto per modificare l'indirizzo e-mail di registrazione",
    "l10n.currentPassword": "Password corrente",
    "l10n.newEmailAddress": "Nuovo indirizzo e-mail",
    "l10n.reEnterEmailAddress": "Inserisci di nuovo l'indirizzo e-mail",
    "l10n.emailAddressesDoNotMatch": "Gli indirizzi inseriti non corrispondono",
    "l10n.emailAddressUpdated": "Indirizzo e-mail aggiornato",
    "l10n.incorrectPassword": "Password errata",
    "l10n.noPassword": "SEGNAPOSTO NESSUNA PASSWORD INSERITA",
    "l10n.existingAccount": "L'indirizzo e-mail {{email}} è già associato a un account NVIDIA",
    "l10n.shareDialogDescription": "Acquisisci e condividi facilmente video e screenshot ed esegui lo streaming in diretta con gli amici.",
    "l10n.shareDialogDescriptionWithAnsel": "Acquisisci e condividi facilmente video, screenshot e foto scattate durante il gioco ed esegui lo streaming in diretta con gli amici.",
    "l10n.mustBeOnline": "È necessario che GeForce Experience sia online per effettuare l'accesso",
    "l10n.autoOptimizeNewGames": "Ottimizza automaticamente i giochi e le applicazioni appena aggiunti",
    "l10n.applyTheBestSettings": "Ottimizza le impostazioni di giochi e applicazioni in base al PC dell'utente",
    "l10n.enable": "abilita",
    "l10n.noDriverFound": "Nessun driver trovato",
    "l10n.clickContinueToInstallDriver": "Fai clic su Continua per installare il driver Game Ready o Studio più aggiornato",
    "l10n.getStarted": "Comincia",
    "l10n.gameMaxPerformance": "Ottimizza le impostazioni di giochi e applicazioni",
    "l10n.gameReadyDrivers": "Ottieni i driver Game Ready o Studio",
    "l10n.shareGameMoments": "Registra e condividi la tua esperienza di gioco",
    "l10n.logInWithNVIDIA": "Accedi con un account NVIDIA",
    "l10n.dontHaveAnAccount": "Non hai un account?",
    "l10n.createNewAccount": "Crea un account",
    "l10n.createNewNVIDIAAccount": "Crea un account NVIDIA",
    "l10n.alreadyHaveAnAccount": "Hai già un account?",
    "l10n.startScan": "Avvia ricerca",
    "l10n.oobeShareHotkeyInfo": "Premi {{assignedKey}} per condividere la partita o regolare le impostazioni.",
    "l10n.logInWithYourAccount": "Accedi con il tuo account",
    "l10n.keepGamesOptimized": "Mantieni ottimizzati giochi e applicazioni",
    "l10n.additionalInfo": "Informazioni aggiuntive",
    "l10n.blockedMessage": "GeForce Experience non è attualmente disponibile nel tuo Paese o nella tua regione.",
    "l10n.visitSettingsPage": "Visita la pagina Impostazioni per seguirci in un secondo momento",
    "l10n.scanningForGames": "Scansione giochi e applicazioni in corso...",
    "l10n.startTour": "Inizia il tour",
    "l10n.gfeBestExperience": "GeForce Experience analizza CPU, GPU e monitor e applica impostazioni personalizzate per giochi e applicazioni per offrirti la migliore esperienza di gioco.",
    "l10n.logInToGeforceExp": "Accedi a GeForce Experience"
}
