{
    "l10n.loginTitle": "自分のアカウントでログインする",
    "l10n.logIn": "ログイン",
    "l10n.logInWithGoogle": "Google でログインする",
    "l10n.register": "登録",
    "l10n.forgotPassword": "パスワードを忘れました",
    "l10n.unableToSendRecovery": "今回はパスワード回復メールを送ることはできません。後でもう一度やり直してください。",
    "l10n.emailAddress": "E メールアドレス",
    "l10n.password": "パスワード",
    "l10n.passwordReqs": "{{minsize}} 文字以上を使用してください<br>{{required}} 種類以上の文字を組み合わせてください：小文字、大文字、数字、記号および他の文字。",
    "l10n.showPassword": "パスワードを表示",
    "l10n.invalidCredentials": "メールアドレス、またはパスワードが間違っています",
    "l10n.invalidCredentialsAttempts": "メールアドレス、またはパスワードが間違っています。下のボタンをクリックしてパスワードをリセットします。",
    "l10n.serverError": "今回はログインすることができません。後でもう一度やり直してください",
    "l10n.sessionExpired": "セッション期限切れ。ログインして続行",
    "l10n.accountBlocked": "ログイン試行回数が多すぎます。セキュリティ上の理由で、あなたのアカウントは {{blockedMinutes}} 分間ブロックされています。",
    "l10n.createAccount": "お客様の NVIDIA アカウントを作成してください。",
    "l10n.displayName": "ディスプレイ名",
    "l10n.displayNameReqs": "最大 {{maxsize}} 文字まで使用してください<br>最初と最後はスペース以外を使用してください。連続スペースを使用しないでください。",
    "l10n.dateOfBirth": "生年月日",
    "l10n.subscribe": "お見逃しなく！GeForce および NVIDIA から最新のリワーズ、プロモーションなどを入手できます。",
    "l10n.agreeToTerms": "私はこれらの<a {{agreeToTermsLink}}>使用条件</a>に同意します。",
    "l10n.displayNameDetails": "ディスプレイ名は公開されます",
    "l10n.displayNameNotAvailable": "ディスプレイ名は利用できません",
    "l10n.spacesAreNotAllowed": "スペースは使えません",
    "l10n.emailAddressInUse": "この電子メールアドレスは既に使用されています。",
    "l10n.invalidDateOfBirth": "無効な生年月日",
    "l10n.serverErrorRegister": "今回は登録することができません。後でもう一度やり直してください",
    "l10n.fillOutAllFields": "下記の必要フィールドすべてに入力してください",
    "l10n.registrationFailed": "登録に失敗しました",
    "l10n.coppaText": "Children’s Online Privacy Protection Act (COPPA) に従い、当社はお客様の登録を許可することはできません。詳細については、NVIDIA のプライバシー ポリシーをご覧ください。",
    "l10n.forgotPasswordText": "お客様のアカウント作成に使用したメールアドレスを入力してください。パスワードをリセットするためのリンクを送ります",
    "l10n.forgotPasswordSentText": "新しいパスワードの作成手順を記載したメールを <span class=\"color-white\">{{email}}</span> 宛に送りました。<br><br>お客様の現在のパスワードは変更されていません",
    "l10n.loginProgress": "ログインしています",
    "l10n.invalidEmail": "無効なEメールアドレス",
    "l10n.enterYourEmailAddress": "メールアドレスを入力する",
    "l10n.enterYourPassword": "パスワードを入力する",
    "l10n.loginFailed": "ログイン失敗",
    "l10n.loginServerError": "今回はログインすることができません。後でもう一度やり直してください。",
    "l10n.accountCreated": "NVIDIA アカウントが作成されました",
    "l10n.alt.nvidiaSignIn": "NVIDIA でログインする",
    "l10n.alt.googleSignIn": "Google でサインインする",
    "l10n.alt.facebookSignIn": "Facebook でログインする",
    "l10n.alt.qqLogIn": "QQ でログインする",
    "l10n.alt.wechatLogIn": "WeChat でログインする",
    "l10n.confirmPassword": "パスワードの確認",
    "l10n.createAccountProgress": "お客様の NVIDIA アカウントを作成しています",
    "l10n.almostDone": "あともう少しで完了します",
    "l10n.pleaseConfirmTheInformation": "以下の情報を確認して登録を完了してください。",
    "l10n.mustAgreeToTerms": "当社の使用条件に同意しなければなりません",
    "l10n.required": "フィールドは空欄にできません",
    "l10n.emailAlreadyUsed": "このメールアドレスは、すでに使われています",
    "l10n.formError": "エラーが発生しました。フォームをチェックして、もう一度やり直してください。",
    "l10n.emailVerificationPending": "メール確認が保留されています",
    "l10n.resendVerificationEmail": "確認メールの再送信",
    "l10n.resendVerification": "確認の再送信",
    "l10n.changeUser": "ユーザーの変更",
    "l10n.verficationEmailHasBeenSent": "確認メールが <span class='color-white'>{{email}}</span> へ送信されました。お客様のメールをチェックして、リンクをクリックし、メールアドレスを確認してください。",
    "l10n.clickContinueAfter": "上記ステップ完了後、クリックして続行します。",
    "l10n.notBeenVerified": "メールアドレスはまだ確認されていません",
    "l10n.unableToConnect": "サーバーに接続することができません。後でもう一度やり直してください。",
    "l10n.verificationEmailResent": "確認メールが再送信されました",
    "l10n.unableToSendEmail": "メールを送信できませんでした。後でもう一度やり直してください。",
    "l10n.termsAndConditions": "使用条件",
    "l10n.editEmailAddress": "メールアドレスの編集",
    "l10n.enterYourInformation": "下記にお客様の情報を入力し、登録済みのメールアドレスを編集します",
    "l10n.currentPassword": "現在のパスワード",
    "l10n.newEmailAddress": "新しいメールアドレス",
    "l10n.reEnterEmailAddress": "メールアドレスの再入力",
    "l10n.emailAddressesDoNotMatch": "メールアドレスが一致しません",
    "l10n.emailAddressUpdated": "メールアドレスが更新されました",
    "l10n.incorrectPassword": "パスワードが間違っています",
    "l10n.noPassword": "プレースホルダーのパスワードがありません",
    "l10n.existingAccount": "メールアドレス {{email}} は既存の NVIDIA アカウントに関係付けられています",
    "l10n.shareDialogDescription": "ビデオのキャプチャやシェア、スクリーンショットの撮影、お友達とのライブストリーミングも簡単です。",
    "l10n.shareDialogDescriptionWithAnsel": "ビデオのキャプチャやシェア、スクリーンショットやゲーム内での写真撮影、お友達とのライブストリーミングも簡単です。",
    "l10n.mustBeOnline": "GeForce Experience にはオンラインでログインする必要があります",
    "l10n.autoOptimizeNewGames": "新しく追加されたゲームとアプリケーションを自動的に最適化します",
    "l10n.applyTheBestSettings": "お使いの PC に最適なゲームとアプリケーションの設定を適用します",
    "l10n.enable": "有効化",
    "l10n.noDriverFound": "ドライバが見つかりません",
    "l10n.clickContinueToInstallDriver": "[続行する] をクリックして、最新の Game Ready ドライバまたは Studio ドライバをインストールします",
    "l10n.getStarted": "開始する",
    "l10n.gameMaxPerformance": "ゲームとアプリケーションの設定を最適化します",
    "l10n.gameReadyDrivers": "Game Ready ドライバまたは Studio ドライバを手に入れる",
    "l10n.shareGameMoments": "ゲームプレイをキャプチャし、共有する",
    "l10n.logInWithNVIDIA": "NVIDIA アカウントでログインする",
    "l10n.dontHaveAnAccount": "アカウントをお持ちでないですか？",
    "l10n.createNewAccount": "アカウントを作成",
    "l10n.createNewNVIDIAAccount": "NVIDIA アカウントを作成",
    "l10n.alreadyHaveAnAccount": "すでにアカウントをお持ちですか？",
    "l10n.startScan": "スキャンを開始",
    "l10n.oobeShareHotkeyInfo": "{{assignedKey}} を押してゲームプレイを共有したり設定を調整したりします。",
    "l10n.logInWithYourAccount": "自分のアカウントでログインする",
    "l10n.keepGamesOptimized": "ゲームとアプリケーションの最適な状態を保ちましょう",
    "l10n.additionalInfo": "追加情報",
    "l10n.blockedMessage": "GeForce Experience は現在、あなたの国や地域ではご利用いただけません。",
    "l10n.visitSettingsPage": "後で設定ページにアクセスしてフォローしてください",
    "l10n.scanningForGames": "ゲームとアプリケーションをスキャンしています…",
    "l10n.startTour": "ツアーを開始する",
    "l10n.gfeBestExperience": "GeForce Experience は特定の GPU、CPU、ディスプレイモニターを分析し、ゲームやアプリケーションの設定をカスタマイズして最適化します。",
    "l10n.logInToGeforceExp": "GeForce Experience にログイン"
}
