{
    "l10n.loginTitle": "Logg inn ved hjelp av kontoen din",
    "l10n.logIn": "Logg på",
    "l10n.logInWithGoogle": "Logg på med Google",
    "l10n.register": "Registrer deg",
    "l10n.forgotPassword": "Glemt passord",
    "l10n.unableToSendRecovery": "Vi kan for tiden ikke sende e-post om tilbakestilling av passord. Prøv på nytt senere.",
    "l10n.emailAddress": "E-postadresse",
    "l10n.password": "Passord",
    "l10n.passwordReqs": "Bruk minst {{minsize}} tegn<br>Bruk en kombinasjon av minst {{required}} typer tegn: små bokstaver, store bokstaver, tall, symboler og andre bokstaver.",
    "l10n.showPassword": "Vis passord",
    "l10n.invalidCredentials": "Feil e-postadresse eller passord",
    "l10n.invalidCredentialsAttempts": "Feil e-postadresse eller passord. Du kan tilbakestille passordet ved å klikke på koblingen nedenfor.",
    "l10n.serverError": "Vi kunne ikke logge deg inn nå. Prøv på nytt senere",
    "l10n.sessionExpired": "Økt utløpt. Logg inn for å fortsette",
    "l10n.accountBlocked": "For mange mislykkede påloggingsforsøk. Av sikkerhetsmessige hensyn er kontoen din blokkert i {{blockedMinutes}} minutter.",
    "l10n.createAccount": "Opprett NVIDIA-konto",
    "l10n.displayName": "Brukernavn",
    "l10n.displayNameReqs": "Bruk opptil {{maxsize}} tegn<br>Ikke begynn eller avslutt med et mellomrom. Ikke bruk flere mellomrom etter hverandre.",
    "l10n.dateOfBirth": "Fødselsdato",
    "l10n.subscribe": "Gå ikke glipp av! Få de siste belønninger, kampanjer og mer fra GeForce og NVIDIA.",
    "l10n.agreeToTerms": "Jeg godtar <a {{agreeToTermsLink}}>vilkårene</a>",
    "l10n.displayNameDetails": "Brukernavnet vil være synlig for alle",
    "l10n.displayNameNotAvailable": "Brukernavnet er ikke tilgjengelig",
    "l10n.spacesAreNotAllowed": "Mellomrom er ikke tillatt",
    "l10n.emailAddressInUse": "E-postadressen er allerede i bruk",
    "l10n.invalidDateOfBirth": "Ugyldig fødselsdato",
    "l10n.serverErrorRegister": "Vi kunne ikke registrere deg akkurat nå. Prøv på nytt senere",
    "l10n.fillOutAllFields": "Fyll ut alle obligatoriske felt nedenfor",
    "l10n.registrationFailed": "Registrering mislyktes",
    "l10n.coppaText": "I samsvar med Children's Online Privacy Protection Act (COPPA), kan vi ikke tillate registreringen. Se NVIDIAs retningslinjer for personvern for mer informasjon.",
    "l10n.forgotPasswordText": "Skriv inn e-postadressen du brukte til å opprette kontoen, så sender vi deg koblingen for å tilbakestille passordet",
    "l10n.forgotPasswordSentText": "Vi har sendt en e-post til <span class=\"color-white\">{{email}}</span> med veiledning for å lage et nytt passord.<br><br>Det eksisterende passordet er ikke endret",
    "l10n.loginProgress": "Logger på",
    "l10n.invalidEmail": "Ugyldig e-postadresse",
    "l10n.enterYourEmailAddress": "Skriv inn e-postadressen din",
    "l10n.enterYourPassword": "Skriv inn passordet ditt",
    "l10n.loginFailed": "Kunne ikke logge inn",
    "l10n.loginServerError": "Vi kan ikke logge deg inn akkurat nå. Prøv på nytt senere.",
    "l10n.accountCreated": "NVIDIA-kontoen er opprettet",
    "l10n.alt.nvidiaSignIn": "Logg på med NVIDIA",
    "l10n.alt.googleSignIn": "Logg på med Google",
    "l10n.alt.facebookSignIn": "Logg på med Facebook",
    "l10n.alt.qqLogIn": "Logg på med QQ",
    "l10n.alt.wechatLogIn": "Logg på med WeChat",
    "l10n.confirmPassword": "Bekreft passord",
    "l10n.createAccountProgress": "Oppretter NVIDIA-kontoen din",
    "l10n.almostDone": "Snart ferdig",
    "l10n.pleaseConfirmTheInformation": "Bekreft informasjonen under for å fullføre registreringen",
    "l10n.mustAgreeToTerms": "Du må godta våre bestemmelser og vilkår",
    "l10n.required": "Feltet kan ikke være tomt",
    "l10n.emailAlreadyUsed": "Denne e-postadressen er allerede i bruk",
    "l10n.formError": "Det oppsto en feil. Kontroller skjemaet, og prøv på nytt.",
    "l10n.emailVerificationPending": "Venter på e-postbekreftelse",
    "l10n.resendVerificationEmail": "Send e-postbekreftelse på nytt",
    "l10n.resendVerification": "Send bekreftelse på nytt",
    "l10n.changeUser": "Bytt bruker",
    "l10n.verficationEmailHasBeenSent": "En e-postbekreftelse er sendt til <span class='color-white'>{{email}}</span>. Sjekk e-posten din og klikk på koblingen for å bekrefte e-postadressen.",
    "l10n.clickContinueAfter": "Klikk på Fortsett etter at du har fullført trinnet over.",
    "l10n.notBeenVerified": "E-postadressen har ikke blitt bekreftet enda",
    "l10n.unableToConnect": "Kan ikke koble til serveren. Prøv på nytt senere.",
    "l10n.verificationEmailResent": "E-postbekreftelse er sendt på nytt",
    "l10n.unableToSendEmail": "Kan ikke sende e-posten. Prøv på nytt senere.",
    "l10n.termsAndConditions": "Bestemmelser og vilkår",
    "l10n.editEmailAddress": "Rediger e-postadresse",
    "l10n.enterYourInformation": "Skriv inn opplysningene dine nedenfor for å redigere den registrerte e-postadressen",
    "l10n.currentPassword": "Nåværende passord",
    "l10n.newEmailAddress": "Ny e-postadresse",
    "l10n.reEnterEmailAddress": "Skriv inn e-postadresse på nytt",
    "l10n.emailAddressesDoNotMatch": "E-postadressene må være like",
    "l10n.emailAddressUpdated": "E-postadressen din er oppdatert",
    "l10n.incorrectPassword": "Feil passord",
    "l10n.noPassword": "PLASSHOLDER INTET PASSORD",
    "l10n.existingAccount": "E-postadressen {{email}} er allerede tilknyttet en NVIDIA-konto",
    "l10n.shareDialogDescription": "Spill enkelt inn og del videoer, skjermbilder, og strøm direkte med venner.",
    "l10n.shareDialogDescriptionWithAnsel": "Spill enkelt inn og del videoer, ta skjermbilder og bilder i spill, og strøm direkte med venner.",
    "l10n.mustBeOnline": "GeForce Experience må være tilkoblet for at du kan logge inn",
    "l10n.autoOptimizeNewGames": "Optimaliser spill og applikasjoner som nylig er lagt til automatisk",
    "l10n.applyTheBestSettings": "Bruker de beste innstillingene for spill og applikasjoner tilpasset din PC",
    "l10n.enable": "aktiver",
    "l10n.noDriverFound": "Ingen driver funnet",
    "l10n.clickContinueToInstallDriver": "Klikk på Fortsett for å installere den nyeste spillklare driveren eller studioklare driveren",
    "l10n.getStarted": "Kom i gang",
    "l10n.gameMaxPerformance": "Optimaliser innstillinger for spill og applikasjoner",
    "l10n.gameReadyDrivers": "Få spillklare drivere eller studioklare drivere",
    "l10n.shareGameMoments": "Ta opp og del spilling",
    "l10n.logInWithNVIDIA": "Logg på med NVIDIA-konto",
    "l10n.dontHaveAnAccount": "Har du ikke en konto?",
    "l10n.createNewAccount": "Opprett konto",
    "l10n.createNewNVIDIAAccount": "Opprett NVIDIA-konto",
    "l10n.alreadyHaveAnAccount": "Har du allerede en konto?",
    "l10n.startScan": "Start skanning",
    "l10n.oobeShareHotkeyInfo": "Trykk {{assignedKey}} for å dele spillet ditt eller justere innstillinger.",
    "l10n.logInWithYourAccount": "Logg på med kontoen din",
    "l10n.keepGamesOptimized": "Hold spillene og applikasjonene dine optimalisert",
    "l10n.additionalInfo": "Ytterligere info",
    "l10n.blockedMessage": "GeForce Experience er for øyeblikket ikke tilgjengelig i ditt land eller ditt område.",
    "l10n.visitSettingsPage": "Gå til Innstillinger-siden for å følge oss senere",
    "l10n.scanningForGames": "Skanner etter spill og applikasjoner...",
    "l10n.startTour": "Start tur",
    "l10n.gfeBestExperience": "GeForce Experience analyserer din spesifikke grafikkprosessor, din CPU og din skjerm og legger inn tilpassede spillinnstillinger slik at du skal få den best mulige opplevelsen.",
    "l10n.logInToGeforceExp": "Logg på GeForce Experience"
}
