{
    "l10n.loginTitle": "Meld u aan met uw account",
    "l10n.logIn": "Aanmelden",
    "l10n.logInWithGoogle": "Aanmelden met Google",
    "l10n.register": "Registreren",
    "l10n.forgotPassword": "Wachtwoord vergeten",
    "l10n.unableToSendRecovery": "Kan momenteel geen e-mail voor het herstellen van uw wachtwoord verzenden. Probeer later opnieuw.",
    "l10n.emailAddress": "E-mailadres",
    "l10n.password": "Wachtwoord",
    "l10n.passwordReqs": "Gebruik ten minste {{minsize}} tekens<br>Gebruik een combinatie van ten minste {{required}} verschillende soorten tekens: kleine letters, hoofdletters, cijfers, symbolen en andere letters.",
    "l10n.showPassword": "Wachtwoord weergeven",
    "l10n.invalidCredentials": "E-mailadres of wachtwoord onjuist",
    "l10n.invalidCredentialsAttempts": "E-mailadres of wachtwoord onjuist. U kunt uw wachtwoord opnieuw instellen door op de onderstaande koppeling te klikken.",
    "l10n.serverError": "We kunnen u op dit moment niet aanmelden. Probeer later opnieuw",
    "l10n.sessionExpired": "Sessie verlopen. Meld u aan om door te gaan",
    "l10n.accountBlocked": "Te veel mislukte aanmeldingspogingen. Uw account is om veiligheidsredenen {{blockedMinutes}} minuten geblokkeerd.",
    "l10n.createAccount": "Uw NVIDIA-account maken",
    "l10n.displayName": "Beeldschermnaam",
    "l10n.displayNameReqs": "Gebruik maximaal {{maxsize}} tekens<br>Het eerste en laatste teken mogen geen spatie zijn. Gebruik geen opeenvolgende spaties.",
    "l10n.dateOfBirth": "Geboortedatum",
    "l10n.subscribe": "Dit mag je niet missen! Ontvang de nieuwste acties, aanbiedingen en meer van GeForce en NVIDIA.",
    "l10n.agreeToTerms": "Ik stem in met de <a {{agreeToTermsLink}}>voorwaarden en bepalingen</a>",
    "l10n.displayNameDetails": "Uw weergavenaam is voor iedereen zichtbaar",
    "l10n.displayNameNotAvailable": "Weergavenaam niet beschikbaar",
    "l10n.spacesAreNotAllowed": "Spaties zijn niet toegestaan",
    "l10n.emailAddressInUse": "E-mailadres is al in gebruik",
    "l10n.invalidDateOfBirth": "Ongeldige geboortedatum",
    "l10n.serverErrorRegister": "We kunnen u op dit moment niet registreren. Probeer later opnieuw",
    "l10n.fillOutAllFields": "Vul hieronder alle vereiste velden in",
    "l10n.registrationFailed": "Registratie mislukt",
    "l10n.coppaText": "In overeenstemming met de Amerikaanse Children's Online Privacy Protection Act (COPPA) kunnen we uw registratie niet toestaan. Zie het privacybeleid van NVIDIA voor aanvullende informatie.",
    "l10n.forgotPasswordText": "Voer het e-mailadres in waarmee u uw account heeft gemaakt, dan sturen wij u de koppeling voor het opnieuw instellen van uw wachtwoord.",
    "l10n.forgotPasswordSentText": "We hebben een e-mail naar <span class=\"color-white\">{{email}}</span> verzonden met instructies om een nieuw wachtwoord te maken.<br><br>Uw bestaande wachtwoord is niet gewijzigd",
    "l10n.loginProgress": "Aanmelden",
    "l10n.invalidEmail": "E-mailadres ongeldig",
    "l10n.enterYourEmailAddress": "Uw e-mailadres invoeren",
    "l10n.enterYourPassword": "Uw wachtwoord invoeren",
    "l10n.loginFailed": "Aanmelden mislukt",
    "l10n.loginServerError": "We kunnen u op dit moment niet aanmelden. Probeer later opnieuw.",
    "l10n.accountCreated": "NVIDIA-account aangemaakt",
    "l10n.alt.nvidiaSignIn": "Aanmelden met NVIDIA",
    "l10n.alt.googleSignIn": "Aanmelden met Google",
    "l10n.alt.facebookSignIn": "Aanmelden met Facebook",
    "l10n.alt.qqLogIn": "Aanmelden met QQ",
    "l10n.alt.wechatLogIn": "Aanmelden met WeChat",
    "l10n.confirmPassword": "Wachtwoord bevestigen",
    "l10n.createAccountProgress": "Uw NVIDIA-account maken",
    "l10n.almostDone": "Bijna klaar",
    "l10n.pleaseConfirmTheInformation": "Bevestig de gegevens hieronder om de registratie te voltooien",
    "l10n.mustAgreeToTerms": "U moet instemmen met onze voorwaarden en bepalingen",
    "l10n.required": "Veld mag niet leeg zijn",
    "l10n.emailAlreadyUsed": "Dit e-mailadres is al in gebruik",
    "l10n.formError": "Er is een fout opgetreden. Controleer het formulier en probeer opnieuw.",
    "l10n.emailVerificationPending": "Verificatie e-mailadres in behandeling",
    "l10n.resendVerificationEmail": "E-mail voor verificatie opnieuw verzenden",
    "l10n.resendVerification": "Verificatie opnieuw verzenden",
    "l10n.changeUser": "Andere gebruiker",
    "l10n.verficationEmailHasBeenSent": "Er is een e-mail voor verificatie verzonden naar <span class='color-white'>{{email}}</span>. Controleer uw e-mail en klik op de koppeling om uw e-mailadres te verifiëren.",
    "l10n.clickContinueAfter": "Klik op Doorgaan nadat u bovenstaande stap hebt voltooid.",
    "l10n.notBeenVerified": "Het e-mailadres is nog niet geverifieerd",
    "l10n.unableToConnect": "Kan geen verbinding maken met de server. Probeer later opnieuw.",
    "l10n.verificationEmailResent": "E-mail voor verificatie is opnieuw verzonden",
    "l10n.unableToSendEmail": "Kan e-mail voor verificatie niet verzenden. Probeer later opnieuw.",
    "l10n.termsAndConditions": "Voorwaarden en bepalingen",
    "l10n.editEmailAddress": "E-mailadres bewerken",
    "l10n.enterYourInformation": "Vul hieronder uw gegevens in om het geregistreerde e-mailadres te bewerken",
    "l10n.currentPassword": "Huidig wachtwoord",
    "l10n.newEmailAddress": "Nieuw e-mailadres",
    "l10n.reEnterEmailAddress": "Nieuw e-mailadres opnieuw invoeren",
    "l10n.emailAddressesDoNotMatch": "De e-mailadressen komen niet overeen",
    "l10n.emailAddressUpdated": "Uw e-mailadres is bijgewerkt",
    "l10n.incorrectPassword": "Wachtwoord onjuist",
    "l10n.noPassword": "TIJDELIJKE AANDUIDING GEEN WACHTWOORD",
    "l10n.existingAccount": "Het e-mailadres {{email}} is aan een bestaand NVIDIA-account gekoppeld",
    "l10n.shareDialogDescription": "Maak en deel eenvoudig video's, maak screenshots en stream live met vrienden.",
    "l10n.shareDialogDescriptionWithAnsel": "Maak en deel eenvoudig video's, maak screenshots en in-game foto's, en stream live met vrienden.",
    "l10n.mustBeOnline": "GeForce Experience moet online zijn voor aanmelden",
    "l10n.autoOptimizeNewGames": "Nieuw toegevoegde games en apps automatisch optimaliseren",
    "l10n.applyTheBestSettings": "Past de beste game- en app-instellingen toe, afgestemd op je pc",
    "l10n.enable": "inschakelen",
    "l10n.noDriverFound": "Geen stuurprogramma gevonden",
    "l10n.clickContinueToInstallDriver": "Klik op Doorgaan om het meest recente Game Ready-stuurprogramma of Studio-stuurprogramma te installeren",
    "l10n.getStarted": "Aan de slag",
    "l10n.gameMaxPerformance": "Game- en app-instellingen optimaliseren",
    "l10n.gameReadyDrivers": "Game Ready-stuurprogramma's of Studio-stuurprogramma's ophalen",
    "l10n.shareGameMoments": "Gameplay vastleggen en delen",
    "l10n.logInWithNVIDIA": "Aanmelden met NVIDIA-account",
    "l10n.dontHaveAnAccount": "Hebt u geen account?",
    "l10n.createNewAccount": "Account maken",
    "l10n.createNewNVIDIAAccount": "NVIDIA-account maken",
    "l10n.alreadyHaveAnAccount": "Hebt u al een account?",
    "l10n.startScan": "Scan starten",
    "l10n.oobeShareHotkeyInfo": "Druk op {{assignedKey}} om uw gameplay te delen of uw instellingen aan te passen.",
    "l10n.logInWithYourAccount": "Aanmelden met uw account",
    "l10n.keepGamesOptimized": "Zorg dat je games en apps zijn geoptimaliseerd",
    "l10n.additionalInfo": "Aanvullende informatie",
    "l10n.blockedMessage": "GeForce Experience is momenteel niet beschikbaar in uw land of regio.",
    "l10n.visitSettingsPage": "Ga naar de pagina Instellingen om ons later te volgen",
    "l10n.scanningForGames": "Scannen op games en apps...",
    "l10n.startTour": "Rondleiding starten",
    "l10n.gfeBestExperience": "GeForce Experience analyseert je specifieke GPU, CPU en beeldscherm, en past gewijzigde game- en app-instellingen toe voor de beste ervaring.",
    "l10n.logInToGeforceExp": "Aanmelden bij GeForce Experience"
}
