{
    "l10n.loginTitle": "Zaloguj się, korzystając z konta",
    "l10n.logIn": "Zaloguj się",
    "l10n.logInWithGoogle": "Zaloguj się za pomocą konta Google",
    "l10n.register": "Zarejestruj",
    "l10n.forgotPassword": "Nie pamiętasz hasła",
    "l10n.unableToSendRecovery": "W tej chwili nie można wysłać wiadomości e-mail dotyczącej odzyskiwania hasła. Spróbuj ponownie później.",
    "l10n.emailAddress": "Adres e-mail",
    "l10n.password": "Hasło",
    "l10n.passwordReqs": "Użyj kombinacji co najmniej {{minsize}} znaków<br>Użyj kombinacji co najmniej {{required}} różnych typów znaków: małych liter, wielkich liter, cyfr, symboli i innych liter.",
    "l10n.showPassword": "Pokaż hasło",
    "l10n.invalidCredentials": "Nieprawidłowy adres e-mail lub hasło",
    "l10n.invalidCredentialsAttempts": "Nieprawidłowy adres e-mail lub hasło. Hasło można zresetować, klikając poniższe łącze.",
    "l10n.serverError": "Nie można się teraz zalogować. Spróbuj ponownie później",
    "l10n.sessionExpired": "Sesja wygasła. Zaloguj się, aby kontynuować",
    "l10n.accountBlocked": "Zbyt wiele nieudanych prób logowania. Ze względów bezpieczeństwa konto zostało zablokowane na {{blockedMinutes}} min.",
    "l10n.createAccount": "Utwórz konto NVIDIA",
    "l10n.displayName": "Nazwa wyświetlana",
    "l10n.displayNameReqs": "Użyj maksymalnie {{maxsize}} znaków<br>Nie zaczynaj ani nie kończ spacją. Nie używaj następujących po sobie spacji.",
    "l10n.dateOfBirth": "Data urodzenia",
    "l10n.subscribe": "Nie przegap okazji! Otrzymaj dostęp do najnowszych nagród, promocji i wielu innych ofert GeForce i NVIDIA.",
    "l10n.agreeToTerms": "Zgadzam się na <a {{agreeToTermsLink}}>warunki</a>",
    "l10n.displayNameDetails": "Twoja nazwa wyświetlana będzie widoczna dla wszystkich",
    "l10n.displayNameNotAvailable": "Nazwa wyświetlana nie jest dostępna",
    "l10n.spacesAreNotAllowed": "Spacje nie są dozwolone",
    "l10n.emailAddressInUse": "Adres e-mail jest już używany",
    "l10n.invalidDateOfBirth": "Nieprawidłowa data urodzenia",
    "l10n.serverErrorRegister": "Nie można się teraz zarejestrować. Spróbuj ponownie później",
    "l10n.fillOutAllFields": "Wypełnij wszystkie wymagane pola poniżej",
    "l10n.registrationFailed": "Rejestracja nie powiodła się",
    "l10n.coppaText": "Zgodnie z ustawą Children’s Online Privacy Protection Act (COPPA) nie możemy zezwolić na rejestrację. Dodatkowe informacje zawiera Polityka prywatności firmy NVIDIA.",
    "l10n.forgotPasswordText": "Wprowadź adres e-mail użyty do utworzenia konta, a wyślemy łącze umożliwiające zresetowanie hasła",
    "l10n.forgotPasswordSentText": "Na adres <span class=\"color-white\">{{email}}</span> wyślemy wiadomość e-mail z instrukcjami dotyczącymi utworzenia nowego hasła.<br><br>Istniejące hasło nie zostało zmienione",
    "l10n.loginProgress": "Logowanie",
    "l10n.invalidEmail": "Nieprawidłowy adres e-mail",
    "l10n.enterYourEmailAddress": "Wprowadź adres e-mail",
    "l10n.enterYourPassword": "Wprowadź hasło",
    "l10n.loginFailed": "Logowanie nie powiodło się",
    "l10n.loginServerError": "Nie można się teraz zalogować. Spróbuj ponownie później.",
    "l10n.accountCreated": "Utworzono konto NVIDIA",
    "l10n.alt.nvidiaSignIn": "Zaloguj się za pomocą konta NVIDIA",
    "l10n.alt.googleSignIn": "Zaloguj się za pomocą konta Google",
    "l10n.alt.facebookSignIn": "Zaloguj się za pomocą konta Facebooka",
    "l10n.alt.qqLogIn": "Zaloguj się za pomocą konta QQ",
    "l10n.alt.wechatLogIn": "Zaloguj się za pomocą konta WeChat",
    "l10n.confirmPassword": "Potwierdź hasło",
    "l10n.createAccountProgress": "Tworzenie konta NVIDIA",
    "l10n.almostDone": "Prawie gotowe",
    "l10n.pleaseConfirmTheInformation": "Potwierdź poniższe informacje, aby dokończyć rejestrację",
    "l10n.mustAgreeToTerms": "Musisz wyrazić zgodę na nasze warunki",
    "l10n.required": "Pole nie może być puste",
    "l10n.emailAlreadyUsed": "Ten adres e-mail został już użyty",
    "l10n.formError": "Wystąpił błąd. Sprawdź formularz i spróbuj ponownie.",
    "l10n.emailVerificationPending": "Oczekiwanie na weryfikację adresu e-mail",
    "l10n.resendVerificationEmail": "Wyślij ponownie wiadomość weryfikacyjna",
    "l10n.resendVerification": "Wyślij ponownie wiadomość z weryfikacją",
    "l10n.changeUser": "Zmień użytkownika",
    "l10n.verficationEmailHasBeenSent": "Wiadomość weryfikacyjna została wysłana na adres <span class='color-white'>{{email}}</span>. Sprawdź pocztę i kliknij łącze, aby zweryfikować swój adres e-mail.",
    "l10n.clickContinueAfter": "Po wykonaniu powyższych kroków kliknij Kontynuuj.",
    "l10n.notBeenVerified": "Adres e-mail nie został jeszcze zweryfikowany",
    "l10n.unableToConnect": "Nie można połączyć się z serwerem. Spróbuj ponownie później.",
    "l10n.verificationEmailResent": "Wiadomość weryfikacyjna została wysłana ponownie",
    "l10n.unableToSendEmail": "Nie można wysłać wiadomości e-mail. Spróbuj ponownie później.",
    "l10n.termsAndConditions": "Warunki",
    "l10n.editEmailAddress": "Edytuj adres e-mail",
    "l10n.enterYourInformation": "Wprowadź poniższe informacje, aby edytować zarejestrowany adres e-mail",
    "l10n.currentPassword": "Bieżące hasło",
    "l10n.newEmailAddress": "Nowy adres e-mail",
    "l10n.reEnterEmailAddress": "Wprowadź ponownie adres e-mail",
    "l10n.emailAddressesDoNotMatch": "Adresy e-mail nie pasują do siebie",
    "l10n.emailAddressUpdated": "Adres e-mail został zaktualizowany",
    "l10n.incorrectPassword": "Nieprawidłowe hasło",
    "l10n.noPassword": "ELEMENT ZASTĘPCZY — BRAK HASŁA",
    "l10n.existingAccount": "Adres e-mail {{email}} jest już powiązany z istniejącym kontem NVIDIA",
    "l10n.shareDialogDescription": "W łatwy sposób nagrywaj i udostępniaj filmy wideo, wykonuj zdjęcia i prowadź transmisje na żywo dla znajomych.",
    "l10n.shareDialogDescriptionWithAnsel": "W łatwy sposób nagrywaj i udostępniaj filmy wideo, wykonuj zrzuty ekranu i zdjęcia z gry oraz prowadź transmisje na żywo dla znajomych.",
    "l10n.mustBeOnline": "Aby można się było zalogować, usługa GeForce Experience musi być dostępna online.",
    "l10n.autoOptimizeNewGames": "Automatycznie optymalizuj nowo dodane gry i aplikacje",
    "l10n.applyTheBestSettings": "Dotyczy najlepszych ustawień gier i aplikacji dostosowanych do tego komputera",
    "l10n.enable": "włącz",
    "l10n.noDriverFound": "Nie znaleziono sterownika",
    "l10n.clickContinueToInstallDriver": "Kliknij Kontynuuj, aby zainstalować najnowszy sterownik Game Ready lub Studio",
    "l10n.getStarted": "Rozpocznij",
    "l10n.gameMaxPerformance": "Optymalizuj ustawienia gier i aplikacji",
    "l10n.gameReadyDrivers": "Pobierz sterowniki Game Ready lub Studio",
    "l10n.shareGameMoments": "Przechwytuj i udostępniaj grę",
    "l10n.logInWithNVIDIA": "Zaloguj się do konta NVIDIA",
    "l10n.dontHaveAnAccount": "Nie masz konta?",
    "l10n.createNewAccount": "Utwórz konto",
    "l10n.createNewNVIDIAAccount": "Utwórz konto NVIDIA",
    "l10n.alreadyHaveAnAccount": "Masz już konto?",
    "l10n.startScan": "Rozpocznij skanowanie",
    "l10n.oobeShareHotkeyInfo": "Naciśnij {{assignedKey}}, aby udostępnić rozgrywki lub dostosować ustawienia.",
    "l10n.logInWithYourAccount": "Zaloguj się do swojego konta",
    "l10n.keepGamesOptimized": "Utrzymuj gry i aplikacje w optymalnym stanie",
    "l10n.additionalInfo": "Informacje dodatkowe",
    "l10n.blockedMessage": "Oprogramowanie GeForce Experience nie jest obecnie dostępne w tym kraju lub regionie.",
    "l10n.visitSettingsPage": "Odwiedź stronę Ustawienia, aby śledzić nas później.",
    "l10n.scanningForGames": "Trwa wyszukiwanie gier i aplikacji...",
    "l10n.startTour": "Rozpocznij wycieczkę",
    "l10n.gfeBestExperience": "Aplikacja GeForce Experience analizuje określoną kartę graficzną, procesor i monitor oraz dostosowuje ustawienia gier i aplikacji, aby zagwarantować najlepsze wrażenia.",
    "l10n.logInToGeforceExp": "Zaloguj się do GeForce Experience"
}
