{
    "l10n.loginTitle": "Prihláste sa pomocou svojho konta",
    "l10n.logIn": "Prihlásiť sa",
    "l10n.logInWithGoogle": "Prihlásiť sa pomocou účtu Google",
    "l10n.register": "Registrovať",
    "l10n.forgotPassword": "Zabudnuté heslo",
    "l10n.unableToSendRecovery": "Momentálne nie je možné odoslať e-mail na obnovenie hesla. Skúste to znova neskôr.",
    "l10n.emailAddress": "E-mailová adresa",
    "l10n.password": "Heslo",
    "l10n.passwordReqs": "Použite najmenej {{minsize}} znakov<br>Použite kombináciu minimálne {{required}} rozličných typov znakov: malé písmená, veľké písmená, čísla, symboly a iné znaky.",
    "l10n.showPassword": "Zobrazovať heslo",
    "l10n.invalidCredentials": "Neplatná e-mailová adresa alebo heslo",
    "l10n.invalidCredentialsAttempts": "Neplatná e-mailová adresa alebo heslo. Nové heslo môžete vytvoriť kliknutím na prepojenie nižšie.",
    "l10n.serverError": "Prihlásenie momentálne nie je možné. Skúste to znova neskôr",
    "l10n.sessionExpired": "Platnosť relácie uplynula. Ak chcete pokračovať, prihláste sa",
    "l10n.accountBlocked": "Príliš veľa chybných pokusov o prihlásenie. Z bezpečnostných dôvodov bol váš účet na {{blockedMinutes}} minút zablokovaný.",
    "l10n.createAccount": "Vytvoriť účet NVIDIA",
    "l10n.displayName": "Zobrazované meno",
    "l10n.displayNameReqs": "Použite maximálne {{maxsize}} znakov<br>Na začiatku ani na konci nesmie byť medzera. Nepoužívajte viac medzier za sebou.",
    "l10n.dateOfBirth": "Dátum narodenia",
    "l10n.subscribe": "Nenechajte si ujsť túto príležitosť. Získajte najnovšie odmeny, propagačné akcie a ďalšie informácie o GeForce a NVIDIA.",
    "l10n.agreeToTerms": "Súhlasím s <a {{agreeToTermsLink}}>ustanoveniami a podmienkami</a>",
    "l10n.displayNameDetails": "Vaše zobrazované meno sa zobrazí všetkým",
    "l10n.displayNameNotAvailable": "Zobrazované meno nie je k dispozícii",
    "l10n.spacesAreNotAllowed": "Medzery nie sú povolené",
    "l10n.emailAddressInUse": "E-mailová adresa sa už používa",
    "l10n.invalidDateOfBirth": "Neplatný dátum narodenia",
    "l10n.serverErrorRegister": "Registrácia momentálne nie je možná. Skúste to znova neskôr",
    "l10n.fillOutAllFields": "Vyplňte všetky povinné polia nižšie",
    "l10n.registrationFailed": "Registrácia bola neúspešná",
    "l10n.coppaText": "Podľa zákona o ochrane osobných údajov detí na internete (Children`s Online Privacy Protection Act, COPPA) nemôžeme povoliť vašu registráciu. Ďalšie informácie nájdete v zásadách ochrany osobných údajov spoločnosti NVIDIA.",
    "l10n.forgotPasswordText": "Zadajte e-mailovú adresu použitú na vytvorenie účtu a odošleme vám prepojenie, aby ste si mohli vytvoriť nové heslo",
    "l10n.forgotPasswordSentText": "Na adresu <span class=\"color-white\">{{email}}</span> sme vám odoslali e-mail s pokynmi na vytvorenie nového hesla.<br><br>Vaše existujúce heslo sa nezmenilo",
    "l10n.loginProgress": "Prihlasuje sa",
    "l10n.invalidEmail": "Neplatná e-mailová adresa",
    "l10n.enterYourEmailAddress": "Zadajte e-mailovú adresu",
    "l10n.enterYourPassword": "Zadajte heslo",
    "l10n.loginFailed": "Prihlásenie zlyhalo",
    "l10n.loginServerError": "Prihlásenie momentálne nie je možné. Skúste to znova neskôr.",
    "l10n.accountCreated": "Účet NVIDIA bol vytvorený",
    "l10n.alt.nvidiaSignIn": "Prihlásiť sa pomocou účtu NVIDIA",
    "l10n.alt.googleSignIn": "Prihlásiť sa pomocou účtu Google",
    "l10n.alt.facebookSignIn": "Prihlásiť sa pomocou účtu na Facebooku",
    "l10n.alt.qqLogIn": "Prihlásiť sa pomocou účtu QQ",
    "l10n.alt.wechatLogIn": "Prihlásiť sa pomocou účtu WeChat",
    "l10n.confirmPassword": "Potvrdiť heslo",
    "l10n.createAccountProgress": "Vytvára sa účet NVIDIA",
    "l10n.almostDone": "Je to takmer hotové",
    "l10n.pleaseConfirmTheInformation": "Potvrďte informácie uvedené nižšie a dokončite registráciu",
    "l10n.mustAgreeToTerms": "Je potrebné, aby ste súhlasili s našimi ustanoveniami a podmienkami",
    "l10n.required": "Pole nemôže byť prázdne",
    "l10n.emailAlreadyUsed": "Táto e-mailová adresa sa už používa",
    "l10n.formError": "Vyskytla sa chyba. Skontrolujte formulár a skúste to znova.",
    "l10n.emailVerificationPending": "Čaká sa na overovací e-mail",
    "l10n.resendVerificationEmail": "Znova odoslať overovací e-mail",
    "l10n.resendVerification": "Znova odoslať overenie",
    "l10n.changeUser": "Zmeniť používateľa",
    "l10n.verficationEmailHasBeenSent": "Na adresu <span class='color-white'>{{email}}</span> sa odoslal overovací e-mail. Skontrolujte svoj e-mail a kliknutím na prepojenie overte svoju e-mailovú adresu.",
    "l10n.clickContinueAfter": "Po dokončení kroku vyššie kliknite na položku Pokračovať.",
    "l10n.notBeenVerified": "E-mailová adresa zatiaľ nebola overená",
    "l10n.unableToConnect": "Nepodarilo sa pripojiť k serveru. Skúste to znova neskôr.",
    "l10n.verificationEmailResent": "Overovací e-mail sa znova odoslal",
    "l10n.unableToSendEmail": "E-mail nie je možné odoslať. Skúste to znova neskôr.",
    "l10n.termsAndConditions": "Ustanovenia a podmienky",
    "l10n.editEmailAddress": "Upraviť e-mailovú adresu",
    "l10n.enterYourInformation": "Nižšie zadajte svoje informácie a upravte zaregistrovanú e-mailovú adresu",
    "l10n.currentPassword": "Aktuálne heslo",
    "l10n.newEmailAddress": "Nová e-mailová adresa",
    "l10n.reEnterEmailAddress": "Znova zadajte e-mailovú adresu",
    "l10n.emailAddressesDoNotMatch": "E-mailové adresy sa nezhodujú",
    "l10n.emailAddressUpdated": "Vaša e-mailová adresa sa aktualizovala",
    "l10n.incorrectPassword": "Nesprávne heslo",
    "l10n.noPassword": "ZÁSTUPNÝ SYMBOL ŽIADNE HESLO",
    "l10n.existingAccount": "E-mailová adresa {{email}} je priradená k existujúcemu účtu NVIDIA",
    "l10n.shareDialogDescription": "Jednoducho snímajte a zdieľajte videá, zaznamenávajte snímky obrazovky a streamujte s priateľmi naživo.",
    "l10n.shareDialogDescriptionWithAnsel": "Jednoducho snímajte a zdieľajte videá, zaznamenávajte snímky obrazovky a fotografie z hier a streamujte s priateľmi naživo.",
    "l10n.mustBeOnline": "GeForce Experience musí byť na prihlásenie online",
    "l10n.autoOptimizeNewGames": "Automaticky optimalizovať novopridané hry a aplikácie",
    "l10n.applyTheBestSettings": "Použije najlepšie nastavenia hry a aplikácie prispôsobené pre váš počítač",
    "l10n.enable": "povoliť",
    "l10n.noDriverFound": "Nenašiel sa žiadny ovládač",
    "l10n.clickContinueToInstallDriver": "Po kliknutí na položku Pokračovať môžete nainštalovať najnovší ovládač Game Ready alebo Studio",
    "l10n.getStarted": "Začať",
    "l10n.gameMaxPerformance": "Optimalizácia nastavení hier a aplikácií",
    "l10n.gameReadyDrivers": "Získajte ovládače Game Ready alebo Studio",
    "l10n.shareGameMoments": "Zachytávajte a zdieľajte priebeh hry",
    "l10n.logInWithNVIDIA": "Prihlásiť sa s účtom NVIDIA",
    "l10n.dontHaveAnAccount": "Nemáte účet?",
    "l10n.createNewAccount": "Vytvoriť účet",
    "l10n.createNewNVIDIAAccount": "Vytvoriť účet NVIDIA",
    "l10n.alreadyHaveAnAccount": "Už máte účet?",
    "l10n.startScan": "Spustiť vyhľadávanie",
    "l10n.oobeShareHotkeyInfo": "Ak chcete zdieľať svoje hranie alebo upraviť nastavenia, stlačte kláves {{assignedKey}}.",
    "l10n.logInWithYourAccount": "Prihláste sa so svojím účtom",
    "l10n.keepGamesOptimized": "Zachovajte optimalizáciu svojich hier a aplikácií",
    "l10n.additionalInfo": "Ďalšie informácie",
    "l10n.blockedMessage": "Program GeForce Experience momentálne nie je vo vašej krajine alebo oblasti k dispozícii.",
    "l10n.visitSettingsPage": "Ak nás budete chcieť sledovať neskôr, navštívte stránku Nastavenia",
    "l10n.scanningForGames": "Hľadajú sa hry a aplikácie…",
    "l10n.startTour": "Spustiť prehliadku",
    "l10n.gfeBestExperience": "Program GeForce Experience analyzuje konkrétny procesor CPU, GPU a obrazovku. Na základe tejto analýzy prispôsobuje vaše nastavenia a zabezpečuje výnimočný zážitok z hier a aplikácií.",
    "l10n.logInToGeforceExp": "Prihlásiť sa do programu GeForce Experience"
}
