{
    "l10n.loginTitle": "Prijavite se z uporabo svojega računa",
    "l10n.logIn": "Prijava",
    "l10n.logInWithGoogle": "Prijavite se z Google",
    "l10n.register": "Registracija",
    "l10n.forgotPassword": "Pozabljeno geslo",
    "l10n.unableToSendRecovery": "Trenutno ni mogoče poslati e-poštnega sporočila za obnovitev gesla. Poskusite še enkrat kasneje.",
    "l10n.emailAddress": "E-poštni naslov",
    "l10n.password": "Geslo",
    "l10n.passwordReqs": "Uporabite vsaj {{minsize}} znakov<br>Uporabite kombinacijo vsaj {{required}} različnih vrst znakov: male črke, velike črke, številke, simbole in druge črke.",
    "l10n.showPassword": "Pokaži geslo",
    "l10n.invalidCredentials": "Nepravilen e-poštni naslov ali geslo",
    "l10n.invalidCredentialsAttempts": "Nepravilen e-poštni naslov ali geslo. S pritiskom na spodnjo povezavo lahko ponovno nastavite svoje geslo.",
    "l10n.serverError": "V tem trenutku vas ne moremo prijaviti. Poskusite še enkrat kasneje",
    "l10n.sessionExpired": "Seja je potekla. Prijavite se, da nadaljujete",
    "l10n.accountBlocked": "Preveč neuspelih poskusov prijave. Iz varnostnih razlogov smo vaš račun blokirali za {{blockedMinutes}} minut.",
    "l10n.createAccount": "Ustvarite svoj NVIDIA račun",
    "l10n.displayName": "Prikazno ime",
    "l10n.displayNameReqs": "Uporabite do {{maxsize}} znakov<br>Ne začnite oz. ne končajte s presledkom. Ne uporabite zaporednih presledkov.",
    "l10n.dateOfBirth": "Datum rojstva",
    "l10n.subscribe": "Ne zamudite priložnosti! Pridobite zadnje nagrade, akcije in še kaj od GeForce in družbe NVIDIA.",
    "l10n.agreeToTerms": "Strinjam se z <a {{agreeToTermsLink}}>določili in pogoji</a>",
    "l10n.displayNameDetails": "Vaše prikazno ime bo vidno za vse",
    "l10n.displayNameNotAvailable": "Prikazno ime ni na voljo",
    "l10n.spacesAreNotAllowed": "Presledki niso dovoljeni",
    "l10n.emailAddressInUse": "E-poštni naslov je že v uporabi",
    "l10n.invalidDateOfBirth": "Neveljaven datum rojstva",
    "l10n.serverErrorRegister": "V tem trenutku vas ne moremo prijaviti. Poskusite še enkrat kasneje",
    "l10n.fillOutAllFields": "Izpolnite vsa obvezna polja spodaj",
    "l10n.registrationFailed": "Registracija ni uspela",
    "l10n.coppaText": "V skladu z zakonom o zaščiti zasebnosti otrok v spletu (COPPA) vam ne moremo dovoliti prijave. Za dodatne informacije glejte Pravilnik o zasebnosti podjetja NVIDIA.",
    "l10n.forgotPasswordText": "Vnesite e-pošti naslov, ki ste ga uporabili za ustvaritev računa in poslali vam bomo povezavo za ponastavitev gesla.",
    "l10n.forgotPasswordSentText": "Poslali smo vam e-poštno sporočilo na <span class=\"color-white\">{{email}}</span> z navodili za ustvaritev novega gesla.<br><br>Vaše obstoječe geslo še ni bilo spremenjeno",
    "l10n.loginProgress": "Prijava v teku",
    "l10n.invalidEmail": "Neveljaven e-poštni naslov",
    "l10n.enterYourEmailAddress": "Vnesite svoj e-poštni naslov",
    "l10n.enterYourPassword": "Vnesite geslo",
    "l10n.loginFailed": "Prijava ni uspela",
    "l10n.loginServerError": "V tem trenutku vas ne moremo prijaviti. Poskusite še enkrat kasneje.",
    "l10n.accountCreated": "NVIDIA račun ustvarjen",
    "l10n.alt.nvidiaSignIn": "Prijavite se z NVIDIA",
    "l10n.alt.googleSignIn": "Prijavite se z Google",
    "l10n.alt.facebookSignIn": "Prijavite se s Facebook",
    "l10n.alt.qqLogIn": "Prijavite se z QQ",
    "l10n.alt.wechatLogIn": "Prijavite se z WeChat",
    "l10n.confirmPassword": "Potrdi geslo",
    "l10n.createAccountProgress": "Ustvarjanje NVIDIA računa v teku",
    "l10n.almostDone": "Skoraj gotovi",
    "l10n.pleaseConfirmTheInformation": "Prosimo, potrdite spodnje podatke, da zaključite registracijo",
    "l10n.mustAgreeToTerms": "Strinjati se morate z našimi določili in pogoji",
    "l10n.required": "Polje ne sme biti prazno",
    "l10n.emailAlreadyUsed": "Ta e-poštni naslov je že v uporabi",
    "l10n.formError": "Prišlo je do napake. Preverite obliko in poizkusite še enkrat.",
    "l10n.emailVerificationPending": "Preverjanje e-poštnega naslova v postopku",
    "l10n.resendVerificationEmail": "Ponovno pošiljanje e-poštnega sporočila za preverjanje",
    "l10n.resendVerification": "Ponovno pošljite preverjanje",
    "l10n.changeUser": "Spremenite uporabnika",
    "l10n.verficationEmailHasBeenSent": "E-poštno sporočilo za preverjanje smo vam poslali na <span class='color-white'>{{email}}</span>. Preverite svojo e-pošto in kliknite na povezavo, da preverite svoj e-poštni naslov.",
    "l10n.clickContinueAfter": "Kliknite \"Nadaljuj\", potem ko ste zaključili zgornji korak.",
    "l10n.notBeenVerified": "E-poštni naslov še ni bil preverjen",
    "l10n.unableToConnect": "Ni se mogoče zvezati na strežnik. Poskusite še enkrat kasneje.",
    "l10n.verificationEmailResent": "E-poštno sporočilo za preverjanje je bilo ponovno poslano",
    "l10n.unableToSendEmail": "Ni mogoče poslati e-poštnega sporočila. Poskusite še enkrat kasneje.",
    "l10n.termsAndConditions": "Pogoji in določila",
    "l10n.editEmailAddress": "Uredite e-poštni naslov",
    "l10n.enterYourInformation": "Vnesite svoje informacije spodaj, da uredite registriran e-poštni naslov",
    "l10n.currentPassword": "Trenutno geslo",
    "l10n.newEmailAddress": "Nov e-poštni naslov",
    "l10n.reEnterEmailAddress": "Ponovno vnesite e-poštni naslov",
    "l10n.emailAddressesDoNotMatch": "E-poštna naslova se ne ujemata",
    "l10n.emailAddressUpdated": "Vaš e-poštni naslov je bil posodobljen",
    "l10n.incorrectPassword": "Nepravilno geslo",
    "l10n.noPassword": "OZNAČBA MESTA BREZ GESLA",
    "l10n.existingAccount": "E-poštni naslov {{email}} je povezan z obstoječim NVIDIA računom",
    "l10n.shareDialogDescription": "Preprosto zajemite in delite videe, naredite posnetke in predvajajte v živo s prijatelji.",
    "l10n.shareDialogDescriptionWithAnsel": "Preprosto zajemite in delite videe, naredite posnetke in fotografije med igro ter predvajajte v živo s prijatelji.",
    "l10n.mustBeOnline": "GeForce Experience mora biti povezan, če se želite prijaviti",
    "l10n.autoOptimizeNewGames": "Samodejno optimiziraj novo dodane igre in aplikacije",
    "l10n.applyTheBestSettings": "Uporabi najboljše nastavitve igre in aplikacije, prikrojene vašemu računalniku",
    "l10n.enable": "omogoči",
    "l10n.noDriverFound": "Najti ni bilo mogoče nobenega gonilnika",
    "l10n.clickContinueToInstallDriver": "Kliknite \"Nadaljuj\", če želite namestiti zadnji za igre ali za studio pripravljeni gonilnik",
    "l10n.getStarted": "Začnite",
    "l10n.gameMaxPerformance": "Optimiziraj nastavitve za igre in aplikacije",
    "l10n.gameReadyDrivers": "Pridobite za igre ali za studio pripravljene gonilnike",
    "l10n.shareGameMoments": "Zajemite in delite način igranja igre",
    "l10n.logInWithNVIDIA": "Prijavite se z NVIDIA računom",
    "l10n.dontHaveAnAccount": "Ali nimate računa?",
    "l10n.createNewAccount": "Ustvarite račun",
    "l10n.createNewNVIDIAAccount": "Ustvarite NVIDIA račun",
    "l10n.alreadyHaveAnAccount": "Ali že imate račun?",
    "l10n.startScan": "Začnite skeniranje",
    "l10n.oobeShareHotkeyInfo": "Pritisnite {{assignedKey}} za deljenje vaše igre ali prilagoditev nastavitev.",
    "l10n.logInWithYourAccount": "Prijavite se s svojim računom",
    "l10n.keepGamesOptimized": "Igre in aplikacije obdržite optimizirane",
    "l10n.additionalInfo": "Dodatne informacije",
    "l10n.blockedMessage": "GeForce Experience trenutno ni na voljo v vaši državi ali območju.",
    "l10n.visitSettingsPage": "Obiščite stran z nastavitvami, da nam boste kasneje sledili",
    "l10n.scanningForGames": "Iskanje iger in aplikacij ...",
    "l10n.startTour": "Začni turo",
    "l10n.gfeBestExperience": "GeForce Experience analizira vašo specifično centralno procesno enoto, grafični procesor in zaslon, ter uporabi nastavitve za igro in aplikacijo po meri za najboljšo izkušnjo.",
    "l10n.logInToGeforceExp": "Prijava v GeForce Experience"
}
