{
    "l10n.rewards": "Premi",
    "l10n.expiredRewards": "Premi scaduti",
    "l10n.showExpired": "Mostra premi scaduti",
    "l10n.unclaimedRewards": "Premi non ritirati",
    "l10n.claimedRewards": "Premi ritirati",
    "l10n.noRewards": "Non ci sono premi.",
    "l10n.terms": "Termini e condizioni",
    "l10n.agree": "Accetto",
    "l10n.expiresOn": "Scade il: {{date}}",
    "l10n.expiredOn": "Scaduto il: {{date}}",
    "l10n.claimedOn": "Ritirato il",
    "l10n.redeemedOn": "Riscattato il: {{date}}",
    "l10n.acceptTerms": "Per riscattare il premio devi prima accettare i termini e le condizioni.",
    "l10n.printTerms": "Ti consigliamo di stamparne e conservarne una copia.",
    "l10n.redeem": "Riscatta",
    "l10n.code": "Codice",
    "l10n.viewCode": "Visualizza codice",
    "l10n.new": "Nuovo",
    "l10n.referAFriend": "Invita un amico",
    "l10n.enterCode": "Immetti il codice",
    "l10n.owned": "Acquistato",
    "l10n.redeemed": "Riscattato",
    "l10n.expired": "Scaduto",
    "l10n.redeemCode": "Riscatta codice",
    "l10n.redemptionHistory": "Cronologia dei codici riscattati",
    "l10n.codeVerified": "Codice confermato",
    "l10n.noRedemptionsYet": "A quanto pare non hai ancora riscattato nessun codice",
    "l10n.enterCouponCodeOld": "Inserisci il codice che vedi stampato sul coupon o che hai ricevuto per e-mail.",
    "l10n.byClickingContinueAgreeToTerms": "Facendo clic su Riscatta, accetto i <a ng-click=\"redeemReward.onTermsAndConditionsClicked($event)\" class=\"md-accent foreground\">termini e le condizioni</a>",
    "l10n.couponExpired": "Il codice del coupon che hai immesso è scaduto.",
    "l10n.checkCodeAndTryAgain": "Codice non valido. Verifica che il codice sia corretto e riprova.",
    "l10n.couponAlreadyRedeemed": "Il codice del coupon che hai immesso è già stato riscattato.",
    "l10n.minReqsNotMet": "Non disponi dei requisiti per riscattare questo coupon.",
    "l10n.minHardwareReqsNotMet": "Impossibile riscattare il coupon: non disponi dei requisiti hardware necessari.",
    "l10n.minRegionReqsNotMet": "Impossibile riscattare il coupon: non disponi dei requisiti geografici necessari.",
    "l10n.gameCongratulations": "Congratulazioni! Ora puoi accedere alla promozione {{packageName}}. Fai clic su Riscatta per continuare",
    "l10n.cannotBeRedeemedYet": "Questo coupon non può ancora essere riscattato.",
    "l10n.couldNotRetrieveRedemptionHistory": "Si è verificato un problema durante il recupero della cronologia dei codici riscattati. Riprova più tardi.",
    "l10n.someRedemptionHistoryItemsMissing": "Si è verificato un problema durante il recupero della cronologia dei codici riscattati. Al momento alcune voci potrebbero risultare assenti.",
    "l10n.sorryPromotionOver": "Il coupon non può essere riscattato poiché la promozione è terminata",
    "l10n.unableToRedeemRewards": "Impossibile riscattare il codice coupon",
    "l10n.unableToAddRewards": "Il premio non è stato aggiunto al mio account collegato",
    "l10n.unableToViewHistory": "Impossibile visualizzare la cronologia dei codici riscattati",
    "l10n.unableToProcessRedemption": "Non è stato possibile processare il tuo buono a causa di difficoltà tecniche. Riprovare più tardi",
    "l10n.redeemedAndExpired": "Riscattati e scaduti",
    "l10n.noRewardsRedeemedYet": "Non hai ancora riscattato alcun premio",
    "l10n.gfeRewards": "Premi GeForce Experience",
    "l10n.haveACouponCode": "Hai un codice coupon?",
    "l10n.refresh": "Aggiorna",
    "l10n.availableTill": "Disponibile fino al {{date}}",
    "l10n.offlineCheckNetwork": "Sei offline. Controlla la connessione alla rete e riprova.",
    "l10n.unableToReachNvidia": "Impossibile contattare NVIDIA. Riprova più tardi",
    "l10n.trackFutureRedemptions": "Puoi tenere traccia dei codici riscattati qui.",
    "l10n.couponRedemption": "Riscatto del coupon",
    "l10n.redeemACode": "Riscatta un codice",
    "l10n.redemptionPortal": "Portale di attivazione",
    "l10n.updateToRedeem": "Aggiorna il tuo driver Game Ready per riscattare il codice",
    "l10n.campaignAlreadyOwned": "Hai già riscattato un coupon per {{campaignName}} sulla tua GPU.",
    "l10n.couponAlreadyOwned": "Hai già riscattato un coupon per questa campagna sulla tua GPU.",
    "l10n.minHwRegReqsNotMet": "Non disponi dei requisiti hardware e geografici necessari per riscattare questo coupon.",
    "l10n.outOfStock": "Il codice del coupon immesso è esaurito e non più disponibile.",
    "l10n.availableNumber": "Disponibile ({{number}})",
    "l10n.redeemedNumber": "Riscattato ({{number}})",
    "l10n.expiredNumber": "Scaduto ({{number}})",
    "l10n.alreadyOwnedUser": "Hai già riscattato un coupon per {{campaignName}}.",
    "l10n.alreadyOwnedUserFallback": "Hai già riscattato un coupon per questa campagna.",
    "l10n.enterCouponCode": "Immettere il codice sconto",
    "l10n.learnMoreAboutCoupons": "Per saperne di più sui buoni sconto",
    "l10n.rewardsHwReqNotMet": "Non è soddisfatto il requisito hardware per riscattare.",
    "l10n.rewardsRegionReqNotMet": "Non è soddisfatto il requisito di regione per riscattare.",
    "l10n.rewardsHwAndRegionReqsNotMet": "Non è soddisfatto il requisito hardware e di regione per riscattare.",
    "l10n.rewardsMinReqsNotMet": "Non sono soddisfatti i requisiti per riscattare.",
    "l10n.whereToFindCoupons": "Dove posso trovare il mio codice sconto?",
    "l10n.checkCouponRetailer": "GeForce&reg; RTX Pacchetto: Controllare la ricevuta, l’e-mail o il buono sconto fornito dal rivenditore.",
    "l10n.gfeGiveaway": "GeForce Experience&trade; Promozioni: NVIDIA invia periodicamente e-mail con codici gratuiti di gioco agli utenti che accettano di ricevere comunicazioni da GeForce.",
    "l10n.redemptionIncomplete": "Riscatto dei codici incompleto.",
    "l10n.updatingContent": "Aggiornamento dei contenuti in corso...",
    "l10n.redeemOffline": "Il riscatto dei codici è momentaneamente inattivo.",
    "l10n.cpnMinRegUsrHwReqsNotMet": "La regione in cui ti trovi, l’account che stai utilizzando e la scheda grafica installata non sono idonei per l’attivazione di questo codice.",
    "l10n.rwdMinRegUsrHwReqsNotMet": "La regione in cui ti trovi, l’account che stai utilizzando e la scheda grafica installata non sono idonei.",
    "l10n.cpnMinUsrHwReqsNotMet": "L’account che stai utilizzando e la scheda grafica installata non sono idonei per l’attivazione di questo codice.",
    "l10n.rwdMinUsrHwReqsNotMet": "L’account che stai utilizzando e la scheda grafica installata non sono idonei.",
    "l10n.cpnMinRegUsrReqsNotMet": "La regione in cui ti trovi e l’account che stai utilizzando non sono idonei per l’attivazione di questo codice.",
    "l10n.rwdMinRegUsrReqsNotMet": "La regione in cui ti trovi e l’account che stai utilizzando non sono idonei.",
    "l10n.cpnMinUsrReqsNotMet": "L’account che stai utilizzando non è idoneo per l’attivazione di questo codice.",
    "l10n.rwdMinUsrReqsNotMet": "L’account che stai utilizzando non è idoneo.",
    "l10n.perksToBeUnlocked": "Vantaggi da sbloccare",
    "l10n.readyToRedeem": "Pronti da riscattare",
    "l10n.dismiss": "Ignora",
    "l10n.answer": "Rispondi",
    "l10n.incorrectAnswer": "Risposta errata. Riprova.",
    "l10n.mathQuestion": "Moltiplica {{mulA}} x {{mulB}}, poi somma {{add}}, poi dividi per {{div}}, poi sottrai {{sub}} = ?",
    "l10n.answerMathQuestion": "Ai sensi della legislazione canadese, per essere dichiarati vincitori è necessario rispondere correttamente alla seguente domanda di valutazione.",
    "l10n.moreItemsAvailable": "Sono disponibili altri elementi da riscattare"
}
