{
    "l10n.rewards": "Beloningen",
    "l10n.expiredRewards": "Verlopen beloningen",
    "l10n.showExpired": "Verlopen tonen",
    "l10n.unclaimedRewards": "Niet-opgeëiste beloningen",
    "l10n.claimedRewards": "Opgeëiste beloningen",
    "l10n.noRewards": "U hebt geen beloningen.",
    "l10n.terms": "Voorwaarden & bepalingen",
    "l10n.agree": "Mee eens",
    "l10n.expiresOn": "Verloopt op: {{date}}",
    "l10n.expiredOn": "Verlopen op: {{date}}",
    "l10n.claimedOn": "Opgeëist op",
    "l10n.redeemedOn": "Ingewisseld op: {{date}}",
    "l10n.acceptTerms": "U moet instemmen met onze voorwaarden en bepalingen om deze beloning in te wisselen.",
    "l10n.printTerms": "U kunt deze voorwaarden en bepalingen afdrukken voor uw administratie.",
    "l10n.redeem": "Inwisselen",
    "l10n.code": "Code",
    "l10n.viewCode": "Code bekijken",
    "l10n.new": "Nieuw",
    "l10n.referAFriend": "Een vriend(in) attenderen",
    "l10n.enterCode": "Code invoeren",
    "l10n.owned": "In bezit",
    "l10n.redeemed": "Ingewisseld",
    "l10n.expired": "Verlopen",
    "l10n.redeemCode": "Code inwisselen",
    "l10n.redemptionHistory": "Inwisselingsgeschiedenis",
    "l10n.codeVerified": "Code geverifieerd",
    "l10n.noRedemptionsYet": "U lijkt nog geen inwisselingen te hebben",
    "l10n.enterCouponCodeOld": "Voer uw couponcode in zoals deze op uw coupon of in de e-mail staat vermeld.",
    "l10n.byClickingContinueAgreeToTerms": "Door op Inwisselen te klikken, ga ik akkoord met de <a ng-click=\"redeemReward.onTermsAndConditionsClicked($event)\" class=\"md-accent foreground\">algemene voorwaarden</a>",
    "l10n.couponExpired": "De door u ingevoerde couponcode is verlopen",
    "l10n.checkCodeAndTryAgain": "Ongeldige code. Controleer de code die u hebt ingevuld en probeer het opnieuw.",
    "l10n.couponAlreadyRedeemed": "De door u ingevoerde couponcode is al ingewisseld",
    "l10n.minReqsNotMet": "Je voldoet niet aan de vereisten voor het inwisselen van deze coupon",
    "l10n.minHardwareReqsNotMet": "U voldoet niet aan de vereiste voor hardware die geldt voor deze coupon.",
    "l10n.minRegionReqsNotMet": "U voldoet niet aan de vereiste voor regio die geldt voor deze coupon.",
    "l10n.gameCongratulations": "Gefeliciteerd! U hebt nu toegang tot de {{packageName}}-promotie. Klik op Inwisselen om door te gaan.",
    "l10n.cannotBeRedeemedYet": "Deze coupon kan nog niet worden ingewisseld.",
    "l10n.couldNotRetrieveRedemptionHistory": "Er was een probleem bij het ophalen van uw inwisselingshistorie. Probeer later opnieuw.",
    "l10n.someRedemptionHistoryItemsMissing": "Er was een probleem bij het ophalen van uw inwisselingsgeschiedenis. Het is mogelijk dat sommige items ontbreken.",
    "l10n.sorryPromotionOver": "Coupon kan niet worden ingewisseld aangezien de promotie is verlopen",
    "l10n.unableToRedeemRewards": "Niet mogelijk om couponcode in te wisselen",
    "l10n.unableToAddRewards": "Beloning is niet toegevoegd aan mijn gekoppelde account",
    "l10n.unableToViewHistory": "Niet mogelijk om inwisselingshistorie te bekijken",
    "l10n.unableToProcessRedemption": "We waren door technische problemen niet in staat om je terugbetaling te verwerken. Probeer het later opnieuw.",
    "l10n.redeemedAndExpired": "Ingewisseld en verlopen",
    "l10n.noRewardsRedeemedYet": "U hebt nog geen beloningen ingewisseld",
    "l10n.gfeRewards": "GeForce Experience-beloningen",
    "l10n.haveACouponCode": "Hebt u een couponcode?",
    "l10n.refresh": "Vernieuwen",
    "l10n.availableTill": "Beschikbaar tot {{date}}",
    "l10n.offlineCheckNetwork": "U bent offline. Controleer uw netwerkverbinding en probeer het nog eens.",
    "l10n.unableToReachNvidia": "NVIDIA kan momenteel niet worden bereikt. Probeer het later nog eens.",
    "l10n.trackFutureRedemptions": "Als u in de toekomst beloningen inwisselt, kunt u deze hier volgen.",
    "l10n.couponRedemption": "Inwisselen van coupon",
    "l10n.redeemACode": "Wissel een code in",
    "l10n.redemptionPortal": "Inwisselingsportal",
    "l10n.updateToRedeem": "Werk uw Game Ready-stuurprogramma bij om in te wisselen",
    "l10n.campaignAlreadyOwned": "U hebt al een coupon voor {{campaignName}} op uw GPU ingewisseld.",
    "l10n.couponAlreadyOwned": "U hebt al een coupon voor deze campagne op uw GPU ingewisseld.",
    "l10n.minHwRegReqsNotMet": "Uw hardware en regio voldoen niet aan de vereisten om deze coupon te kunnen inwisselen.",
    "l10n.outOfStock": "De door u ingevoerde couponcode is niet op voorraad en niet langer beschikbaar",
    "l10n.availableNumber": "Beschikbaar ({{number}})",
    "l10n.redeemedNumber": "Ingewisseld ({{number}})",
    "l10n.expiredNumber": "Verlopen ({{number}})",
    "l10n.alreadyOwnedUser": "Je hebt al eerder een coupon ingewisseld voor {{campaignName}}.",
    "l10n.alreadyOwnedUserFallback": "Je hebt al eerder een coupon ingewisseld voor deze campagne.",
    "l10n.enterCouponCode": "Voer couponcode in",
    "l10n.learnMoreAboutCoupons": "Kom meer te weten over coupons",
    "l10n.rewardsHwReqNotMet": "Je komt in in aanmerking voor inwisseling vanwege hardwarevereisten",
    "l10n.rewardsRegionReqNotMet": "Je komt in in aanmerking voor inwisseling vanwege regiovereisten",
    "l10n.rewardsHwAndRegionReqsNotMet": "Je komt in in aanmerking voor inwisseling vanwege regio-en harwarevereisten",
    "l10n.rewardsMinReqsNotMet": "Je komt in in aanmerking voor inwisseling",
    "l10n.whereToFindCoupons": "Waar vind ik mijn couponcode?",
    "l10n.checkCouponRetailer": "GeForce&reg; RTX Bundel: Controleer of u een ontvangstbewijs, e-mail of coupon hebt van de plaats van aankoop.",
    "l10n.gfeGiveaway": "GeForce Experience&trade; Giveaway: NVIDIA verstuurt regelmatig gratis game codes naar gebruikers die GeForce berichten ontvangen.",
    "l10n.redemptionIncomplete": "Inwisseling onvolledig.",
    "l10n.updatingContent": "Inhoud bijwerken...",
    "l10n.redeemOffline": "Inwisselen is tijdelijk offline.",
    "l10n.cpnMinRegUsrHwReqsNotMet": "De regio waarin u zich bevindt, het account dat u gebruikt en de grafische kaart die u hebt geïnstalleerd, komen allemaal niet in aanmerking om deze code te activeren.",
    "l10n.rwdMinRegUsrHwReqsNotMet": "De regio waarin u zich bevindt, het account dat u gebruikt en de grafische kaart die u hebt geïnstalleerd, komen allemaal niet in aanmerking om deze code in te wisselen.",
    "l10n.cpnMinUsrHwReqsNotMet": "Het account dat u gebruikt en de grafische kaart die u hebt geïnstalleerd, komen niet in aanmerking om deze code te activeren.",
    "l10n.rwdMinUsrHwReqsNotMet": "Het account dat u gebruikt en de grafische kaart die u hebt geïnstalleerd, komen niet in aanmerking om deze code in te wisselen.",
    "l10n.cpnMinRegUsrReqsNotMet": "De regio waarin u zich bevindt en het account dat u gebruikt, komen niet in aanmerking om deze code te activeren.",
    "l10n.rwdMinRegUsrReqsNotMet": "De regio waarin u zich bevindt en het account dat u gebruikt, komen niet in aanmerking om deze code in te wisselen.",
    "l10n.cpnMinUsrReqsNotMet": "Het account dat u gebruikt, komt niet in aanmerking om deze code te activeren.",
    "l10n.rwdMinUsrReqsNotMet": "Het account dat u gebruikt, komt niet in aanmerking om de code in te wisselen.",
    "l10n.perksToBeUnlocked": "Er staan extraatjes klaar om te worden ontgrendeld",
    "l10n.readyToRedeem": "Klaar om in te wisselen",
    "l10n.dismiss": "Verwijderen",
    "l10n.answer": "Antwoord",
    "l10n.incorrectAnswer": "Antwoord onjuist. Probeer het opnieuw.",
    "l10n.mathQuestion": "Vermenigvuldig {{mulA}} met {{mulB}}, tel er {{add}} bij op, deel door {{div}}, trek er {{sub}} vanaf = ?",
    "l10n.answerMathQuestion": "De Canadese wetgeving vereist dat u de volgende vaardigheidsvraag juist beantwoordt om tot winnaar te kunnen worden uitgeroepen.",
    "l10n.moreItemsAvailable": "Je kunt meer items inwisselen"
}
