{
    "l10n.rewards": "Nagrody",
    "l10n.expiredRewards": "Wygasłe nagrody",
    "l10n.showExpired": "Pokaż wygasłe",
    "l10n.unclaimedRewards": "Nieodebrane nagrody",
    "l10n.claimedRewards": "Odebrane nagrody",
    "l10n.noRewards": "Nie masz nagród.",
    "l10n.terms": "Warunki",
    "l10n.agree": "Zgadzam się",
    "l10n.expiresOn": "Wygasa: {{date}}",
    "l10n.expiredOn": "Wygasł: {{date}}",
    "l10n.claimedOn": "Odebrano",
    "l10n.redeemedOn": "Zrealizowany: {{date}}",
    "l10n.acceptTerms": "Aby odebrać nagrodę, musisz wyrazić zgodę na warunki.",
    "l10n.printTerms": "Warunki można wydrukować do wglądu później.",
    "l10n.redeem": "Zrealizuj",
    "l10n.code": "Kod",
    "l10n.viewCode": "Wyświetl kod",
    "l10n.new": "Nowy",
    "l10n.referAFriend": "Poleć znajomego",
    "l10n.enterCode": "Wprowadź kod",
    "l10n.owned": "Posiadany",
    "l10n.redeemed": "Zrealizowany",
    "l10n.expired": "Wygasł",
    "l10n.redeemCode": "Zrealizuj kod",
    "l10n.redemptionHistory": "Historia zrealizowanych kodów",
    "l10n.codeVerified": "Kod zweryfikowany",
    "l10n.noRedemptionsYet": "Wygląda na to, że jeszcze nie zrealizowano jeszcze żadnych kodów",
    "l10n.enterCouponCodeOld": "Wprowadź kod kuponu dokładnie w taki sposób, w jaki został wydrukowany na kuponie lub przesłany pocztą e-mail.",
    "l10n.byClickingContinueAgreeToTerms": "Klikając Odbierz, wyrażam zgodę na <a ng-click=\"redeemReward.onTermsAndConditionsClicked($event)\" class=\"md-accent foreground\">warunki</a>",
    "l10n.couponExpired": "Wprowadzony kod kupony wygasł",
    "l10n.checkCodeAndTryAgain": "Nieprawidłowy kod. Sprawdź wprowadzony kod i spróbuj ponownie.",
    "l10n.couponAlreadyRedeemed": "Wprowadzony kod kuponu został już zrealizowany",
    "l10n.minReqsNotMet": "Nie spełniasz wymogów realizacji tego kuponu.",
    "l10n.minHardwareReqsNotMet": "Nie spełniasz wymagań dotyczących sprzętu, aby zrealizować ten kupon.",
    "l10n.minRegionReqsNotMet": "Nie spełniasz wymagań dotyczących regionu, aby zrealizować ten kupon.",
    "l10n.gameCongratulations": "Gratulacje! Masz teraz dostęp do promocji {{packageName}}. Kliknij Zrealizuj, aby kontynuować.",
    "l10n.cannotBeRedeemedYet": "Tego kuponu nie można jeszcze zrealizować.",
    "l10n.couldNotRetrieveRedemptionHistory": "Wystąpił problem przy pobieraniu historii realizowania. Spróbuj ponownie później.",
    "l10n.someRedemptionHistoryItemsMissing": "Wystąpił problem z pobieraniem historii realizacji kodów. Niektórych pozycji może teraz brakować.",
    "l10n.sorryPromotionOver": "Nie można zrealizować kuponu, ponieważ promocja już się zakończyła.",
    "l10n.unableToRedeemRewards": "Nie można odebrać kodu kuponu",
    "l10n.unableToAddRewards": "Nagroda nie została dodana do mojego powiązanego konta",
    "l10n.unableToViewHistory": "Nie można przejrzeć historii odbierania",
    "l10n.unableToProcessRedemption": "Nie mogliśmy przetworzyć twojej realizacji ze względu na problemy techniczne. Spróbuj ponownie później",
    "l10n.redeemedAndExpired": "Odebrane i wygasłe",
    "l10n.noRewardsRedeemedYet": "Nie odebrano jeszcze żadnych nagród",
    "l10n.gfeRewards": "Nagrody GeForce Experience",
    "l10n.haveACouponCode": "Czy masz kod kuponu?",
    "l10n.refresh": "Odśwież",
    "l10n.availableTill": "Dostępny do {{date}}",
    "l10n.offlineCheckNetwork": "Jesteś offline. Sprawdź połączenie z siecią i spróbuj ponownie.",
    "l10n.unableToReachNvidia": "Nie można uzyskać dostępu usługi NVIDIA. Spróbuj ponownie później.",
    "l10n.trackFutureRedemptions": "Możesz tutaj śledzić przyszłe odbiory.",
    "l10n.couponRedemption": "Realizacja kuponu",
    "l10n.redeemACode": "Zrealizuj kod",
    "l10n.redemptionPortal": "Strona realizacji kodu",
    "l10n.updateToRedeem": "Aby zrealizować kod, zaktualizuj sterownik Game Ready",
    "l10n.campaignAlreadyOwned": "Kupon na {{campaignName}} dla posiadanej karty graficznej został już zrealizowany.",
    "l10n.couponAlreadyOwned": "Kupon na tę kampanię dla posiadanej karty graficznej został już zrealizowany.",
    "l10n.minHwRegReqsNotMet": "Nie spełniasz wymagań dotyczących sprzętu lub regionu, aby zrealizować ten kupon.",
    "l10n.outOfStock": "Wprowadzony kod kuponu został już wyczerpany i nie jest już dostępny.",
    "l10n.availableNumber": "Dostępne ({{number}})",
    "l10n.redeemedNumber": "Zrealizowane ({{number}})",
    "l10n.expiredNumber": "Wygasłe ({{number}})",
    "l10n.alreadyOwnedUser": "Kupon został już zrealizowany w kampanii {{campaignName}}.",
    "l10n.alreadyOwnedUserFallback": "Kupon został już zrealizowany w tej kampanii.",
    "l10n.enterCouponCode": "Wpisz kod z kuponu",
    "l10n.learnMoreAboutCoupons": "Dowiedz się więcej na temat kuponów",
    "l10n.rewardsHwReqNotMet": "Nie spełniasz wymogu sprzętowego uprawniającego do zrealizowania kuponu.",
    "l10n.rewardsRegionReqNotMet": "Nie spełniasz wymogu regionalnego uprawniającego do zrealizowania kuponu.",
    "l10n.rewardsHwAndRegionReqsNotMet": "Nie spełniasz wymogu sprzętowego i regionalnego uprawniającego do zrealizowania kuponu.",
    "l10n.rewardsMinReqsNotMet": "Nie spełniasz wymogów uprawniających do zrealizowania kuponu.",
    "l10n.whereToFindCoupons": "Gdzie znajdę kupon z kodem?",
    "l10n.checkCouponRetailer": "GeForce&reg; RTX pakiet: Sprawdź paragon, pocztę e-mail lub fizyczny kupon z miejsca zakupu.",
    "l10n.gfeGiveaway": "GeForce Experience&trade; upominek: NVIDIA okresowo przesyła wiadomości e-mail z darmowymi kodami na gry dla użytkowników, którzy wyrazili zgodę na otrzymywanie wiadomości od GeForce.",
    "l10n.redemptionIncomplete": "Realizacja kodu nieukończona.",
    "l10n.updatingContent": "Trwa aktualizowanie zawartości...",
    "l10n.redeemOffline": "Realizowanie jest tymczasowo wyłączone.",
    "l10n.cpnMinRegUsrHwReqsNotMet": "Region, w którym się znajdujesz, konto, którego używasz, i zainstalowana karta nie są uprawnione do aktywacji tego kodu.",
    "l10n.rwdMinRegUsrHwReqsNotMet": "Region, w którym się znajdujesz, konto, którego używasz, i zainstalowana karta nie są uprawnione do odbierania.",
    "l10n.cpnMinUsrHwReqsNotMet": "Konto, którego używasz, i zainstalowana karta nie są uprawnione do aktywacji tego kodu.",
    "l10n.rwdMinUsrHwReqsNotMet": "Konto, którego używasz, i zainstalowana karta nie są uprawnione do odbierania.",
    "l10n.cpnMinRegUsrReqsNotMet": "Region, w którym się znajdujesz, i konto, którego używasz, nie są uprawnione do aktywacji tego kodu.",
    "l10n.rwdMinRegUsrReqsNotMet": "Region, w którym się znajdujesz, i konto, którego używasz, nie są uprawnione do odbierania.",
    "l10n.cpnMinUsrReqsNotMet": "Konto, którego używasz, nie jest uprawnione do aktywacji tego kodu.",
    "l10n.rwdMinUsrReqsNotMet": "Konto, którego używasz, nie jest uprawnione do odbierania.",
    "l10n.perksToBeUnlocked": "Uprawnienia do odblokowania",
    "l10n.readyToRedeem": "Gotowe do odebrania",
    "l10n.dismiss": "Odrzuć",
    "l10n.answer": "Odpowiedź",
    "l10n.incorrectAnswer": "Nieprawidłowe odpowiedź. Spróbuj ponownie.",
    "l10n.mathQuestion": "Pomnóż {{mulA}} x {{mulB}}, dodaj {{add}}, podziel przez {{div}}, a następnie odejmij {{sub}} = ?",
    "l10n.answerMathQuestion": "Zgodnie z wymogami prawa kanadyjskiego należy poprawnie odpowiedzieć na następujące pytanie sprawdzające umiejętności, aby zostać ogłoszonym zwycięzcą.",
    "l10n.moreItemsAvailable": "Masz więcej pozycji dostępnych do zrealizowania"
}
