{
    "l10n.rewards": "Recompensas",
    "l10n.expiredRewards": "Recompensas expiradas",
    "l10n.showExpired": "Mostrar expiradas",
    "l10n.unclaimedRewards": "Recompensas não reclamadas",
    "l10n.claimedRewards": "Recompensas reclamadas",
    "l10n.noRewards": "Não tem recompensas.",
    "l10n.terms": "Termos e condições",
    "l10n.agree": "Aceito",
    "l10n.expiresOn": "Expira em: {{date}}",
    "l10n.expiredOn": "Expirou em: {{date}}",
    "l10n.claimedOn": "Foi reclamada em",
    "l10n.redeemedOn": "Resgatado em: {{date}}",
    "l10n.acceptTerms": "É preciso aceitar os Termos e condições para poder resgatar esta recompensa.",
    "l10n.printTerms": "Pode desejar imprimir estes termos e condições para os seus registros.",
    "l10n.redeem": "Resgatar",
    "l10n.code": "Código",
    "l10n.viewCode": "Visualizar código",
    "l10n.new": "Novo",
    "l10n.referAFriend": "Indique um amigo",
    "l10n.enterCode": "Digitar o código",
    "l10n.owned": "Próprio",
    "l10n.redeemed": "Resgatado",
    "l10n.expired": "Expirado",
    "l10n.redeemCode": "Código de resgate",
    "l10n.redemptionHistory": "Histórico de resgate",
    "l10n.codeVerified": "Código verificado",
    "l10n.noRedemptionsYet": "Parece que você ainda não tem nenhum resgate",
    "l10n.enterCouponCodeOld": "Inserir o código do cupom exatamente como aparece impresso no seu cupom ou no e-mail enviado para você.",
    "l10n.byClickingContinueAgreeToTerms": "Ao clicar em resgatar eu concordo com os <a ng-click=\"redeemReward.onTermsAndConditionsClicked($event)\" class=\"md-accent foreground\">termos e condições</a>",
    "l10n.couponExpired": "O código do cupom digitado expirou",
    "l10n.checkCodeAndTryAgain": "Código inválido. Verifique o código digitado e tente novamente.",
    "l10n.couponAlreadyRedeemed": "O código do cupom digitado já foi resgatado",
    "l10n.minReqsNotMet": "Você não atende aos requisitos para resgatar este cupom.",
    "l10n.minHardwareReqsNotMet": "Você não atende aos requisitos de hardware para resgatar este cupom.",
    "l10n.minRegionReqsNotMet": "Você não atende aos requisitos de região para resgatar este cupom.",
    "l10n.gameCongratulations": "Parabéns! Agora você tem acesso à promoção {{packageName}}. Clique em resgatar para continuar.",
    "l10n.cannotBeRedeemedYet": "Este cupom ainda não pode ser resgatado.",
    "l10n.couldNotRetrieveRedemptionHistory": "Houve um problema ao recuperar o histórico de resgate. Tente novamente mais tarde.",
    "l10n.someRedemptionHistoryItemsMissing": "Ocorreu um problema ao recuperar seu histórico de resgate. Alguns itens podem não estar disponíveis neste momento.",
    "l10n.sorryPromotionOver": "O cupom não pode ser regatado porque a promoção acabou.",
    "l10n.unableToRedeemRewards": "Não foi possível resgatar o código do cupom",
    "l10n.unableToAddRewards": "A recompensa não foi adicionada a minha conta conectada",
    "l10n.unableToViewHistory": "Não foi possível visualizar o histórico de resgate",
    "l10n.unableToProcessRedemption": "Não conseguimos processar seu resgate devido a dificuldades técnicas. Tente novamente mais tarde",
    "l10n.redeemedAndExpired": "Resgatados e expirados",
    "l10n.noRewardsRedeemedYet": "Você ainda não resgatou nenhuma recompensa",
    "l10n.gfeRewards": "Recompensas do GeForce Experience",
    "l10n.haveACouponCode": "Você possui um código de cupom?",
    "l10n.refresh": "Atualizar",
    "l10n.availableTill": "Disponível até {{date}}",
    "l10n.offlineCheckNetwork": "Você está offline. Verifique a sua conexão de rede e tente novamente.",
    "l10n.unableToReachNvidia": "Não foi possível atingir a NVIDIA neste momento. Tente novamente mais tarde",
    "l10n.trackFutureRedemptions": "Você poderá rastrear seus futuros resgates aqui.",
    "l10n.couponRedemption": "Resgate do cupom",
    "l10n.redeemACode": "Resgatar um código",
    "l10n.redemptionPortal": "Portal de resgate",
    "l10n.updateToRedeem": "Utualize o Driver Game Ready para fazer o resgate",
    "l10n.campaignAlreadyOwned": "Você já resgatou um cupom para {{campaignName}} na GPU.",
    "l10n.couponAlreadyOwned": "Você já resgatou um cupom para esta campanha na GPU.",
    "l10n.minHwRegReqsNotMet": "Você não atende aos requisitos de hardware e região para resgatar este cupom.",
    "l10n.outOfStock": "O código do cupom digitado está esgotado e não está disponível.",
    "l10n.availableNumber": "Disponível ({{number}})",
    "l10n.redeemedNumber": "Resgatado ({{number}})",
    "l10n.expiredNumber": "Expirado ({{number}})",
    "l10n.alreadyOwnedUser": "Você já resgatou um cupom para {{campaignName}}.",
    "l10n.alreadyOwnedUserFallback": "Você já resgatou um cupom para esta campanha.",
    "l10n.enterCouponCode": "Inserir o código do cupom",
    "l10n.learnMoreAboutCoupons": "Saiba mais sobre cupons",
    "l10n.rewardsHwReqNotMet": "Você não atende aos requisitos de hardware para resgatar.",
    "l10n.rewardsRegionReqNotMet": "Você não atende aos requisitos da região para resgatar.",
    "l10n.rewardsHwAndRegionReqsNotMet": "Você não atende aos requisitos de hardware e região para resgatar.",
    "l10n.rewardsMinReqsNotMet": "Você não atende aos requisitos para resgatar.",
    "l10n.whereToFindCoupons": "Onde encontro meu código do cupom?",
    "l10n.checkCouponRetailer": "GeForce&reg; Pacote RTX: Verifique se há um recibo, e-mail ou cupom físico do local de compra.",
    "l10n.gfeGiveaway": "GeForce Experience&trade; Sorteio: A NVIDIA envia periodicamente por e-mail códigos de jogos gratuitos para usuários que optam pelas comunicações GeForce.",
    "l10n.redemptionIncomplete": "Resgate incompleto.",
    "l10n.updatingContent": "Atualizando o conteúdo...",
    "l10n.redeemOffline": "A opção de Resgatar está temporariamente indisponível.",
    "l10n.cpnMinRegUsrHwReqsNotMet": "A região em que você está, a conta que está usando e a placa de vídeo instalada não são válidas para ativar este código.",
    "l10n.rwdMinRegUsrHwReqsNotMet": "A região onde você se encontra, a conta que está usando e a placa de vídeo instalada não são válidas para resgate.",
    "l10n.cpnMinUsrHwReqsNotMet": "A conta que você está usando e a placa de vídeo instalada não são válidas para ativar este código.",
    "l10n.rwdMinUsrHwReqsNotMet": "A conta que você está usando e a placa de vídeo instalada não são válidas para resgate.",
    "l10n.cpnMinRegUsrReqsNotMet": "A região onde você se encontra e a conta que você está usando não são válidas para ativar este código.",
    "l10n.rwdMinRegUsrReqsNotMet": "A região onde você se encontra e a conta que você está usando não são válidas para ativar este código.",
    "l10n.cpnMinUsrReqsNotMet": "A conta que você está usando não é válida para ativar este código.",
    "l10n.rwdMinUsrReqsNotMet": "A conta que você está usando não é válida para ativar este código.",
    "l10n.perksToBeUnlocked": "Vantagens a serem desbloqueadas",
    "l10n.readyToRedeem": "Pronto para resgatar",
    "l10n.dismiss": "Rejeitar",
    "l10n.answer": "Responder",
    "l10n.incorrectAnswer": "Resposta incorreta. Tente novamente.",
    "l10n.mathQuestion": "Multiplique {{mulA}} x {{mulB}}, adicione {{add}}, divida por {{div}} e subtraia {{sub}} = ?",
    "l10n.answerMathQuestion": "Conforme exigido pela lei do Canadá, responda corretamente à seguinte pergunta de teste de habilidades para ser declarado vencedor.",
    "l10n.moreItemsAvailable": "Você tem mais itens disponíveis para resgatar"
}
