{
    "l10n.rewards": "Belöningar",
    "l10n.expiredRewards": "Belöningar som gått ut",
    "l10n.showExpired": "Visa utgångna",
    "l10n.unclaimedRewards": "Ej avhämtade belöningar",
    "l10n.claimedRewards": "Avhämtade belöningar",
    "l10n.noRewards": "Du har inga belöningar.",
    "l10n.terms": "Regler och villkor",
    "l10n.agree": "Jag godkänner",
    "l10n.expiresOn": "Upphör att gälla: {{date}}",
    "l10n.expiredOn": "Upphörde att gälla: {{date}}",
    "l10n.claimedOn": "Avhämtades den",
    "l10n.redeemedOn": "Löstes in: {{date}}",
    "l10n.acceptTerms": "Du måste godta våra Regler och villkor innan du löser in den här belöningen.",
    "l10n.printTerms": "Du kanske vill skriva ut dessa regler och villkor så att du kan arkivera en kopia.",
    "l10n.redeem": "Lös in",
    "l10n.code": "Kod",
    "l10n.viewCode": "Visa kod",
    "l10n.new": "Ny",
    "l10n.referAFriend": "Tipsa en kompis",
    "l10n.enterCode": "Ange koden",
    "l10n.owned": "Ägd",
    "l10n.redeemed": "Har lösts in",
    "l10n.expired": "Har upphört att gälla",
    "l10n.redeemCode": "Lös in kod",
    "l10n.redemptionHistory": "Inlösningshistorik",
    "l10n.codeVerified": "Koden har bekräftats",
    "l10n.noRedemptionsYet": "Du har inga inlösningar än",
    "l10n.enterCouponCodeOld": "Ange kupongkoden exakt som den visas på den tryckta kupongen eller som den skickades till dig via e-post.",
    "l10n.byClickingContinueAgreeToTerms": "Genom att klicka på lös in, godkänner jag <a ng-click=\"redeemReward.onTermsAndConditionsClicked($event)\" class=\"md-accent foreground\">de allmänna villkoren</a>",
    "l10n.couponExpired": "Den kupongkod som du angav har upphört att gälla",
    "l10n.checkCodeAndTryAgain": "Ogiltig kod. Kontrollera den kod du angav och försök igen.",
    "l10n.couponAlreadyRedeemed": "Den kupongkod som du angav har redan lösts in",
    "l10n.minReqsNotMet": "Du uppfyller inte kraven som krävs för att få tillgång till den här kupongen.",
    "l10n.minHardwareReqsNotMet": "Du uppfyller inte kraven när det gäller maskinvara för att lösa in den här kupongen.",
    "l10n.minRegionReqsNotMet": "Du uppfyller inte kraven när det gäller region för att lösa in den här kupongen.",
    "l10n.gameCongratulations": "Grattis! Du har nu tillgång till {{packageName}}-erbjudandet. Klicka på Lös in för att fortsätta",
    "l10n.cannotBeRedeemedYet": "Den här kupongen kan inte lösas in ännu.",
    "l10n.couldNotRetrieveRedemptionHistory": "Ett problem uppstod under hämtning av din inlösningshistorik. Försök igen senare.",
    "l10n.someRedemptionHistoryItemsMissing": "Ett problem uppstod under hämtning av din inlösningshistorik. Vissa element saknas eventuellt för tillfället.",
    "l10n.sorryPromotionOver": "Den här kupongen kan inte lösas in eftersom kampanjen inte är avslutad",
    "l10n.unableToRedeemRewards": "Kupongkoden kan inte lösas in",
    "l10n.unableToAddRewards": "Belöningen sattes inte in på mitt länkade konto",
    "l10n.unableToViewHistory": "Betalningshistoriken kan inte visas",
    "l10n.unableToProcessRedemption": "Vi kunde inte processa din inlösningskod p.g.a tekniska svårigheter. Försök igen senare",
    "l10n.redeemedAndExpired": "Inlösta och utgångna",
    "l10n.noRewardsRedeemedYet": "Du har inte löst in några belöningar än",
    "l10n.gfeRewards": "GeForce Experience-belöningar",
    "l10n.haveACouponCode": "Har du en kupongkod?",
    "l10n.refresh": "Uppdatera",
    "l10n.availableTill": "Tillgängligt till {{date}}",
    "l10n.offlineCheckNetwork": "Du är offline. Kontrollera nätverksanslutningen och försök igen.",
    "l10n.unableToReachNvidia": "Det går inte att nå NVIDIA just nu. Försök igen senare",
    "l10n.trackFutureRedemptions": "Du kan hålla reda på dina framtida inlösningar här.",
    "l10n.couponRedemption": "Kuponginlösen",
    "l10n.redeemACode": "Lös in en kod",
    "l10n.redemptionPortal": "Inlösningsportal",
    "l10n.updateToRedeem": "Uppdatera din Game Ready-drivrutin för inlösen",
    "l10n.campaignAlreadyOwned": "Du har redan löst in en kupong för {{campaignName}} på din GPU.",
    "l10n.couponAlreadyOwned": "Du har redan löst in en kupong för den här kampanjen på din GPU.",
    "l10n.minHwRegReqsNotMet": "Du uppfyller inte kraven när det gäller maskinvara eller region för att lösa in den här kupongen.",
    "l10n.outOfStock": "Den kupongkod du angett är slut i lager och är inte längre tillgänglig.",
    "l10n.availableNumber": "Tillgänglig ({{number}})",
    "l10n.redeemedNumber": "Har lösts in ({{number}})",
    "l10n.expiredNumber": "Har upphört att gälla ({{number}})",
    "l10n.alreadyOwnedUser": "Du har redan fått en kupong för {{campaignName}}.",
    "l10n.alreadyOwnedUserFallback": "Du har redan fått en kupong för den här kampanjen.",
    "l10n.enterCouponCode": "Ange kupongkod",
    "l10n.learnMoreAboutCoupons": "Lär dig mer om kuponger",
    "l10n.rewardsHwReqNotMet": "Du uppfyller inte hårdvarukraven för att få inslösningskoden.",
    "l10n.rewardsRegionReqNotMet": "Du uppfyller inte de rätta regionskraven för att få inlösningskoden.",
    "l10n.rewardsHwAndRegionReqsNotMet": "Du uppfyller inte hårdvaru- och regionskraven för att få inlösningskoden.",
    "l10n.rewardsMinReqsNotMet": "Du uppfyller inte kraven för att få inlösningskoden.",
    "l10n.whereToFindCoupons": "Var hittar jag min kupongkod?",
    "l10n.checkCouponRetailer": "GeForce&reg; RTX bunt: Sök kvitto, e-post eller kupong från iköpsställe.",
    "l10n.gfeGiveaway": "GeForce Experience&trade; Utlottning:  NVIDIA e-postar då och då gratis spelkoder till användare som är med i GeForce-kommunikationer.",
    "l10n.redemptionIncomplete": "Inlösning inkomplett.",
    "l10n.updatingContent": "Uppdaterar innehåll...",
    "l10n.redeemOffline": "Inlösning är för närvarande offline.",
    "l10n.cpnMinRegUsrHwReqsNotMet": "Området du befinner dig i, det konto du använder och grafikkortet du har installerat är inte alla behöriga att aktivera den här koden.",
    "l10n.rwdMinRegUsrHwReqsNotMet": "Området du befinner dig i, det konto du använder och grafikkortet du har installerat är inte alla behöriga att lösa in.",
    "l10n.cpnMinUsrHwReqsNotMet": "Det konto du använder och grafikkortet du har installerat är inte behöriga att aktivera den här koden.",
    "l10n.rwdMinUsrHwReqsNotMet": "Det konto du använder och grafikkortet du har installerat är inte behöriga att lösa in.",
    "l10n.cpnMinRegUsrReqsNotMet": "Området du befinner dig i och det konto du använder är inte behöriga att aktivera den här koden.",
    "l10n.rwdMinRegUsrReqsNotMet": "Området du befinner dig i och det konto du använder är inte behöriga att lösa in.",
    "l10n.cpnMinUsrReqsNotMet": "Det konto du använder är inte behörigt att aktivera den här koden.",
    "l10n.rwdMinUsrReqsNotMet": "Det konto du använder är inte behörigt att lösa in.",
    "l10n.perksToBeUnlocked": "Bonusar som väntar på att låsas upp",
    "l10n.readyToRedeem": "Redo att lösas in",
    "l10n.dismiss": "Avfärda",
    "l10n.answer": "Svara",
    "l10n.incorrectAnswer": "Fel svar. Försök igen.",
    "l10n.mathQuestion": "Multiplicera {{mulA}} x {{mulB}}, lägg till {{add}}, dividera med {{div}} och ta bort {{sub}} = ?",
    "l10n.answerMathQuestion": "Kanadensisk lag kräver att du svarar rätt på följande fråga, som testar dina kunskaper, för att utropas till vinnare.",
    "l10n.moreItemsAvailable": "Du har fler tillgängliga objekt att lösa in"
}
