{
    "l10n.rewards": "奖励",
    "l10n.expiredRewards": "过期奖励",
    "l10n.showExpired": "显示过期的",
    "l10n.unclaimedRewards": "未领取的奖励",
    "l10n.claimedRewards": "领取的奖励",
    "l10n.noRewards": "您没有任何奖励。",
    "l10n.terms": "条款和条件",
    "l10n.agree": "我同意",
    "l10n.expiresOn": "有效日期：{{date}}",
    "l10n.expiredOn": "过期日期：{{date}}",
    "l10n.claimedOn": "领取日期",
    "l10n.redeemedOn": "兑换日期：{{date}}",
    "l10n.acceptTerms": "您必须同意条款和条件才能兑换此奖。",
    "l10n.printTerms": "您可能希望打印这些条款和条件，以便记录。",
    "l10n.redeem": "兑换",
    "l10n.code": "代码",
    "l10n.viewCode": "查看代码",
    "l10n.new": "新",
    "l10n.referAFriend": "推荐朋友",
    "l10n.enterCode": "输入优惠码",
    "l10n.owned": "已拥有",
    "l10n.redeemed": "已兑换",
    "l10n.expired": "已过期",
    "l10n.redeemCode": "兑换码",
    "l10n.redemptionHistory": "兑换记录",
    "l10n.codeVerified": "代码已验证",
    "l10n.noRedemptionsYet": "您似乎还没有任何兑换记录",
    "l10n.enterCouponCodeOld": "输入您的优惠券上显示或通过电子邮件发送给您的优惠码。",
    "l10n.byClickingContinueAgreeToTerms": "点击兑换，即表示我本人同意<a ng-click=\"redeemReward.onTermsAndConditionsClicked($event)\" class=\"md-accent foreground\">《条款与条件》</a>",
    "l10n.couponExpired": "您输入的优惠码已过期",
    "l10n.checkCodeAndTryAgain": "优惠码无效。请检查您输入的优惠码，然后重试。",
    "l10n.couponAlreadyRedeemed": "您输入的优惠码已被兑换",
    "l10n.minReqsNotMet": "您不满足兑换此优惠券的要求。",
    "l10n.minHardwareReqsNotMet": "您不满足兑换此优惠券所需的硬件要求。",
    "l10n.minRegionReqsNotMet": "您不满足兑换此优惠券所需的地区要求。",
    "l10n.gameCongratulations": "祝贺您！您现在有权访问{{packageName}}促销活动。点击兑换以继续。",
    "l10n.cannotBeRedeemedYet": "此优惠券还未兑换。",
    "l10n.couldNotRetrieveRedemptionHistory": "检索您的兑换记录时出现问题。请稍后重试。",
    "l10n.someRedemptionHistoryItemsMissing": "检索您的兑换记录时出现问题。有些项目目前可能丢失。",
    "l10n.sorryPromotionOver": "由于促销活动已结束，因此无法兑换优惠券。",
    "l10n.unableToRedeemRewards": "无法兑换优惠码",
    "l10n.unableToAddRewards": "奖励未添加至我的关联账户",
    "l10n.unableToViewHistory": "无法查看兑奖历史记录",
    "l10n.unableToProcessRedemption": "由于技术上的问题，我们无法处理您的兑换。请稍后重试",
    "l10n.redeemedAndExpired": "已兑换及已过期",
    "l10n.noRewardsRedeemedYet": "您现在还未兑换任何奖励",
    "l10n.gfeRewards": "GeForce Experience 奖励",
    "l10n.haveACouponCode": "有优惠码？",
    "l10n.refresh": "刷新",
    "l10n.availableTill": "可在 {{date}} 之前使用",
    "l10n.offlineCheckNetwork": "您现在处于离线状态。请检查您的网络连接，然后重试。",
    "l10n.unableToReachNvidia": "现在无法连接到 NVIDIA。请稍后再试",
    "l10n.trackFutureRedemptions": "您可以在这里追踪以后的兑换记录。",
    "l10n.couponRedemption": "优惠券兑换",
    "l10n.redeemACode": "兑换代码",
    "l10n.redemptionPortal": "兑换门户",
    "l10n.updateToRedeem": "更新您 Game Ready 驱动程序进行兑换",
    "l10n.campaignAlreadyOwned": "您已在您的 GPU 上兑换 {{campaignName}} 的优惠券。",
    "l10n.couponAlreadyOwned": "您已在您的 GPU 上兑换此活动的优惠券。",
    "l10n.minHwRegReqsNotMet": "您未满足硬件及地区要求，无法兑换此优惠券。",
    "l10n.outOfStock": "您输入的优惠码缺货且不再提供。",
    "l10n.availableNumber": "可用 ({{number}})",
    "l10n.redeemedNumber": "已兑换 ({{number}})",
    "l10n.expiredNumber": "已过期 ({{number}})",
    "l10n.alreadyOwnedUser": "您已兑换一张有关 {{campaignName}} 的优惠券。",
    "l10n.alreadyOwnedUserFallback": "您已兑换一张有关此活动的优惠券。",
    "l10n.enterCouponCode": "输入优惠码",
    "l10n.learnMoreAboutCoupons": "了解更多优惠券信息",
    "l10n.rewardsHwReqNotMet": "您不符合兑换所需的硬件要求。",
    "l10n.rewardsRegionReqNotMet": "您不符合兑换所需的地区要求。",
    "l10n.rewardsHwAndRegionReqsNotMet": "您不符合兑换所需的硬件及地区要求。",
    "l10n.rewardsMinReqsNotMet": "您不符合兑换所需的要求。",
    "l10n.whereToFindCoupons": "在何处可找到我的优惠码？",
    "l10n.checkCouponRetailer": "GeForce&reg; RTX 绑定：在购买地点检查收据、电子邮箱或实物优惠劵。",
    "l10n.gfeGiveaway": "GeForce Experience&trade; 免费样品：NVIDIA 会定期发送免费的游戏代码给事先同意参加 NVIDIA 新闻通讯的用户。",
    "l10n.redemptionIncomplete": "兑换不完整。",
    "l10n.updatingContent": "正在更新内容…",
    "l10n.redeemOffline": "兑换暂时离线。",
    "l10n.cpnMinRegUsrHwReqsNotMet": "您所在的国家或地区、您正在使用的账户和您插入的图像卡均无资格激活此代码。",
    "l10n.rwdMinRegUsrHwReqsNotMet": "您所在的国家或地区、您正在使用的账户和您插入的图像卡均无资格兑换。",
    "l10n.cpnMinUsrHwReqsNotMet": "您正在使用的账户和您插入的图像卡均无资格激活此代码。",
    "l10n.rwdMinUsrHwReqsNotMet": "您正在使用的账户和您插入的图像卡均无资格兑换。",
    "l10n.cpnMinRegUsrReqsNotMet": "您所在的国家或地区和您正在使用的账户均无资格激活此代码。",
    "l10n.rwdMinRegUsrReqsNotMet": "您所在的国家或地区和您正在使用的账户均无资格兑换。",
    "l10n.cpnMinUsrReqsNotMet": "您正在使用的账户无资格激活此代码。",
    "l10n.rwdMinUsrReqsNotMet": "您正在使用的账户无资格兑换。",
    "l10n.perksToBeUnlocked": "解锁特权",
    "l10n.readyToRedeem": "准备进行兑换",
    "l10n.dismiss": "解除",
    "l10n.answer": "回答",
    "l10n.incorrectAnswer": "回答错误。重试。",
    "l10n.mathQuestion": "{{mulA}} 乘以 {{mulB}}，然后加 {{add}}，再除以 {{div}}，再减去 {{sub}} = ？",
    "l10n.answerMathQuestion": "根据加拿大法律规定，请正确回答下列的技能测试问题，才能被宣布为获胜者。",
    "l10n.moreItemsAvailable": "您有更多物品可以兑换"
}
