{
    "l10n.newRewards": "Neue Prämien",
    "l10n.noNewRewards": "Keine neue Prämien",
    "l10n.friendRequests": "Freundschaftsanfragen",
    "l10n.newFriendRequests": "Neue Freundschaftsanfragen",
    "l10n.noNewFriendRequests": "Keine neuen Freundschaftsanfragen",
    "l10n.noNotifications": "Sie haben keine Benachrichtigungen",
    "l10n.errorLoadingNotifications": "Beim Laden von Benachrichtigungen ist ein Fehler aufgetreten. Bitte versuchen Sie es später erneut.",
    "l10n.clickToRedeemWithGfe": "Klicken Sie zum Einlösen mit GeForce Experience.",
    "l10n.youHaveNewReward": "Sie können {{count}} neue Artikel einlösen",
    "l10n.clickToInstallWithGfe": "Klicken Sie, um mit GeForce Experience zu installieren.",
    "l10n.gameReadyDriverIsAvailable": "Game Ready Treiber steht zur Verfügung.",
    "l10n.defaultDriverNotification": "{{driverName}} ist verfügbar",
    "l10n.runQuieterWhileGaming": "Lassen Sie Ihren Laptop beim Spielen leiser laufen",
    "l10n.clickToEnableQuietMode": "Aktivieren Sie den WhisperMode in GeForce Experience.",
    "l10n.shieldCtrlUpdateAvailable": "Eine SHIELD Controller-Aktualisierung ist verfügbar",
    "l10n.clickToInstallUpdate": "Klicken Sie, um die Aktualisierung zu installieren",
    "l10n.shieldCtrlUpdateInProgress": "SHIELD Controller-Aktualisierung wird installiert",
    "l10n.shieldCtrlUpdateInProgressInfo": "Den Controller während dieses Vorgangs bitte nicht verwenden oder ausschalten",
    "l10n.shieldCtrlUpdateSuccess": "SHIELD Controller-Aktualisierung erfolgreich installiert",
    "l10n.shieldCtrlUpdateFailed": "SHIELD Controller-Aktualisierung kann nicht installiert werden",
    "l10n.clickToTryAgain": "Klicken Sie, um es erneut zu versuchen",
    "l10n.clickToClose": "Klicken Sie, um diese Meldung zu schließen",
    "l10n.newRewardAvailable": "Neue Prämie verfügbar!",
    "l10n.newRewardAvailableDescription": "Nehmen Sie teil, um {{rewardName}} zu gewinnen",
    "l10n.missionAvailable": "Neue Mission verfügbar!",
    "l10n.leveledUpTitle": "Sie sind zu {{levelName}}-Level aufgestiegen",
    "l10n.leveledUpDescription": "Herzlichen Glückwunsch! Sie bekommen jetzt mehr Tokens.",
    "l10n.achievementUnlocked": "{{achievementName}} freigeschaltet!",
    "l10n.achievementUnlockedDescription": "Neues Abzeichen und neuer Titel in Ihrem Profil verfügbar.",
    "l10n.batteryBoostEnabledOnSystem": "Batterieoptimierung ist auf Ihrem System aktiviert.",
    "l10n.clickToOptimize": "Klicken, um Spielen im Akkubetrieb zu optimieren.",
    "l10n.gfeSelfUpdate": "Für Ihre GeForce-Grafikkarte ist eine Software-Aktualisierung verfügbar.",
    "l10n.creatorReadyDriverIsAvailable": "Studio-Treiber ist verfügbar."
}
