{
    "l10n.newRewards": "Νέες επιβραβεύσεις",
    "l10n.noNewRewards": "Καμία νέα επιβράβευση",
    "l10n.friendRequests": "Αιτήματα φιλίας",
    "l10n.newFriendRequests": "Νέα αιτήματα φιλίας",
    "l10n.noNewFriendRequests": "Δεν υπάρχουν νέα αιτήματα φιλίας",
    "l10n.noNotifications": "Δεν έχετε καμία γνωστοποίηση",
    "l10n.errorLoadingNotifications": "Προέκυψε σφάλμα κατά την φόρτωση ειδοποιήσεων.  Δοκιμάστε ξανά αργότερα.",
    "l10n.clickToRedeemWithGfe": "Κάντε κλικ για να εξαργυρώσετε με την GeForce Experience.",
    "l10n.youHaveNewReward": "Έχετε {{count}} νέα στοιχεία για εξαργύρωση",
    "l10n.clickToInstallWithGfe": "Κάντε κλικ για εγκατάσταση με GeForce Experience.",
    "l10n.gameReadyDriverIsAvailable": "Το πρόγραμμα οδήγησης Game Ready είναι διαθέσιμο",
    "l10n.defaultDriverNotification": "Το {{driverName}} είναι διαθέσιμο",
    "l10n.runQuieterWhileGaming": "Κάνει τον φορητό υπολογιστή σας πιο σιωπηλό κατά τη διάρκεια παιχνιδιού",
    "l10n.clickToEnableQuietMode": "Ενεργοποιήστε το WhisperMode στο GeForce Experience.",
    "l10n.shieldCtrlUpdateAvailable": "Διατίθεται η ενημέρωση ελεγκτή SHIELD",
    "l10n.clickToInstallUpdate": "Κάντε κλικ για εγκατάσταση της ενημέρωσης",
    "l10n.shieldCtrlUpdateInProgress": "Γίνεται εγκατάσταση της ενημέρωσης ελεγκτή SHIELD",
    "l10n.shieldCtrlUpdateInProgressInfo": "Μην χρησιμοποιήσετε ή αποσυνδέσετε τον ελεγκτή κατά τη διάρκεια αυτής της διαδικασίας",
    "l10n.shieldCtrlUpdateSuccess": "Η ενημέρωση ελεγκτή SHIELD εγκαταστάθηκε με επιτυχία",
    "l10n.shieldCtrlUpdateFailed": "Δεν είναι δυνατή η εγκατάσταση του ελεγκτή SHIELD",
    "l10n.clickToTryAgain": "Κάντε κλικ για να δοκιμάσετε ξανά",
    "l10n.clickToClose": "Κάντε κλικ για να κλείσετε αυτό το μήνυμα",
    "l10n.newRewardAvailable": "Διατίθεται νέα επιβράβευση!",
    "l10n.newRewardAvailableDescription": "Λάβετε μέρος για να κερδίσετε {{rewardName}}",
    "l10n.missionAvailable": "Διατίθεται νέα αποστολή!",
    "l10n.leveledUpTitle": "Έχετε φτάσει στην πίστα {{levelName}}",
    "l10n.leveledUpDescription": "Συγχαρητήρια! Τώρα θα κερδίσετε περισσότερες μάρκες.",
    "l10n.achievementUnlocked": "{{achievementName}} ξεκλειδώθηκε!",
    "l10n.achievementUnlockedDescription": "Διατίθενται τώρα νέο σήμα και τίτλος στο προφίλ σας.",
    "l10n.batteryBoostEnabledOnSystem": "Το BatteryBoost είναι ενεργοποιημένο στο σύστημά σας.",
    "l10n.clickToOptimize": "Κάντε κλικ για να βελτιστοποιήσετε το παιχνίδι με μπαταρία.",
    "l10n.gfeSelfUpdate": "Διατίθεται ενημέρωση λογισμικού για την κάρτα γραφικών GeForce",
    "l10n.creatorReadyDriverIsAvailable": "Το πρόγραμμα οδήγησης Studio είναι διαθέσιμο"
}
