{
    "l10n.newRewards": "Nuevos premios",
    "l10n.noNewRewards": "No hay nuevos premios",
    "l10n.friendRequests": "Solicitudes de amistad",
    "l10n.newFriendRequests": "Nuevas solicitudes de amistad",
    "l10n.noNewFriendRequests": "No hay nuevas solicitudes de amistad",
    "l10n.noNotifications": "No tiene ninguna notificación",
    "l10n.errorLoadingNotifications": "Ha ocurrido un error al cargar las notificaciones. Inténtelo de nuevo más tarde",
    "l10n.clickToRedeemWithGfe": "Haga clic para canjear con GeForce Experience.",
    "l10n.youHaveNewReward": "Tienes {{count}} artículos que canjear",
    "l10n.clickToInstallWithGfe": "Haga clic para instalar con GeForce Experience.",
    "l10n.gameReadyDriverIsAvailable": "Los controladores Game Ready están disponibles",
    "l10n.defaultDriverNotification": "{{driverName}} está disponible",
    "l10n.runQuieterWhileGaming": "Para un ordenador portátil más silencioso durante el juego.",
    "l10n.clickToEnableQuietMode": "Habilite WhisperMode en GeForce Experience.",
    "l10n.shieldCtrlUpdateAvailable": "Está disponible una actualización del controlador SHIELD.",
    "l10n.clickToInstallUpdate": "Haga clic para instalar la actualización",
    "l10n.shieldCtrlUpdateInProgress": "Instalando actualización del controlador SHIELD",
    "l10n.shieldCtrlUpdateInProgressInfo": "No use ni desconecte el controlador durante este proceso.",
    "l10n.shieldCtrlUpdateSuccess": "Actualización del controlador SHIELD instalada correctamente.",
    "l10n.shieldCtrlUpdateFailed": "No se ha podido instalar la actualización del controlador SHIELD.",
    "l10n.clickToTryAgain": "Haga clic para intentarlo de nuevo",
    "l10n.clickToClose": "Haga clic para cerrar este mensaje",
    "l10n.newRewardAvailable": "¡Nueva recompensa disponible!",
    "l10n.newRewardAvailableDescription": "Entra para ganar {{rewardName}}",
    "l10n.missionAvailable": "¡Nueva misión disponible!",
    "l10n.leveledUpTitle": "Has subido al nivel {{levelName}}",
    "l10n.leveledUpDescription": "¡Enhorabuena! Ahora ganará más fichas.",
    "l10n.achievementUnlocked": "{{achievementName}} desbloqueado!",
    "l10n.achievementUnlockedDescription": "Nueva placa y título disponibles ahora en tu perfil.",
    "l10n.batteryBoostEnabledOnSystem": "BatteryBoost está activada en su sistema.",
    "l10n.clickToOptimize": "Haga clic para optimizar el juego con batería.",
    "l10n.gfeSelfUpdate": "Hay una actualización del software disponible para la tarjeta gráfica GeForce.",
    "l10n.creatorReadyDriverIsAvailable": "El controlador Studio está disponible"
}
