{
    "l10n.newRewards": "Új jutalmak",
    "l10n.noNewRewards": "Nincsenek új jutalmak",
    "l10n.friendRequests": "Ismerősök felkérései",
    "l10n.newFriendRequests": "Ismerősök új felkérései",
    "l10n.noNewFriendRequests": "Nincsenek új felkérések ismerősöktől",
    "l10n.noNotifications": "Nincsenek értesítései",
    "l10n.errorLoadingNotifications": "Hiba történt az értesítések betöltése során. Próbálja újra később",
    "l10n.clickToRedeemWithGfe": "Kattintson a GeForce Experience beváltásával.",
    "l10n.youHaveNewReward": "Önnek {{count}} új tétel áll beváltásra",
    "l10n.clickToInstallWithGfe": "A GeForce Experience telepítéséhez kattintson.",
    "l10n.gameReadyDriverIsAvailable": "A játékképes illesztőprogram rendelkezésre áll",
    "l10n.defaultDriverNotification": "{{driverName}} elérhető",
    "l10n.runQuieterWhileGaming": "A laptop halkabb lesz játék közben",
    "l10n.clickToEnableQuietMode": "A WhisperMode engedélyezése a GeForce Experience-ben.",
    "l10n.shieldCtrlUpdateAvailable": "Elérhető egy frissítés a SHIELD játékvezérlőhöz",
    "l10n.clickToInstallUpdate": "Kattintson ide a frissítés telepítéséhez",
    "l10n.shieldCtrlUpdateInProgress": "SHIELD játékvezérlő frissítésének telepítése",
    "l10n.shieldCtrlUpdateInProgressInfo": "Ne használja és ne húzza ki a játékvezérlőt a folyamat közben",
    "l10n.shieldCtrlUpdateSuccess": "A SHIELD játékvezérlő frissítésének telepítése sikeres megtörtént",
    "l10n.shieldCtrlUpdateFailed": "A SHIELD játékvezérlő frissítésének telepítése nem sikerült",
    "l10n.clickToTryAgain": "Kattintson ide az ismételt próbálkozáshoz",
    "l10n.clickToClose": "Kattintson ide az üzenet bezárásához",
    "l10n.newRewardAvailable": "Új jutalom érhető el!",
    "l10n.newRewardAvailableDescription": "Lépj be, hogy megnyerd ezt: {{rewardName}}",
    "l10n.missionAvailable": "Új küldetés érhető el!",
    "l10n.leveledUpTitle": "A következő szintre léptél: {{levelName}}",
    "l10n.leveledUpDescription": "Gratulálunk! Mostantól több tokent fog szerezni.",
    "l10n.achievementUnlocked": "{{achievementName}} feloldva!",
    "l10n.achievementUnlockedDescription": "Új jelvény és titulus érhető el a profilodban.",
    "l10n.batteryBoostEnabledOnSystem": "A BatteryBoost engedélyezve van a rendszeren.",
    "l10n.clickToOptimize": "Kattintson ide az akkumulátoros üzemmódú játék optimalizálásához!",
    "l10n.gfeSelfUpdate": "A GeForce videokártyájához szoftverfrissítés érhető el.",
    "l10n.creatorReadyDriverIsAvailable": "Studio illesztőprogram érhető el"
}
