{
    "l10n.newRewards": "Nieuwe beloningen",
    "l10n.noNewRewards": "Geen nieuwe beloningen",
    "l10n.friendRequests": "Vriendschapsverzoeken",
    "l10n.newFriendRequests": "Nieuwe vriendschapsverzoeken",
    "l10n.noNewFriendRequests": "Geen nieuwe vriendschapsverzoeken",
    "l10n.noNotifications": "Er zijn geen meldingen voor u",
    "l10n.errorLoadingNotifications": "Er ging iets fout met het laden van notificaties. Probeer het later nog eens.",
    "l10n.clickToRedeemWithGfe": "Klik om in te wisselen met GeForce Experience.",
    "l10n.youHaveNewReward": "Je hebt {{count}} nieuwe items om te verzilveren",
    "l10n.clickToInstallWithGfe": "Klik om te installeren met GeForce Experience.",
    "l10n.gameReadyDriverIsAvailable": "Game Ready-stuurprogramma is beschikbaar",
    "l10n.defaultDriverNotification": "{{driverName}} is beschikbaar",
    "l10n.runQuieterWhileGaming": "Stel uw laptop zo in dat deze stiller is tijdens het gamen",
    "l10n.clickToEnableQuietMode": "Schakel WhisperMode in GeForce Experience in.",
    "l10n.shieldCtrlUpdateAvailable": "Er is een update voor de SHIELD-controller beschikbaar",
    "l10n.clickToInstallUpdate": "Klik om de update te installeren",
    "l10n.shieldCtrlUpdateInProgress": "Update voor SHIELD-controller installeren",
    "l10n.shieldCtrlUpdateInProgressInfo": "Gebruik de controller niet of koppel de controller niet los tijdens dit proces",
    "l10n.shieldCtrlUpdateSuccess": "Update voor SHIELD-controller is geïnstalleerd",
    "l10n.shieldCtrlUpdateFailed": "Kan update voor SHIELD-controller niet installeren",
    "l10n.clickToTryAgain": "Klik om het opnieuw te proberen",
    "l10n.clickToClose": "Klik om dit bericht te sluiten",
    "l10n.newRewardAvailable": "Nieuwe beloning beschikbaar!",
    "l10n.newRewardAvailableDescription": "Aanmelden om te winnen {{rewardName}}",
    "l10n.missionAvailable": "Nieuwe missie beschikbaar!",
    "l10n.leveledUpTitle": "Uw niveau is gestegen naar {{levelName}}",
    "l10n.leveledUpDescription": "Gefeliciteerd! Je verdient nu meer tokens.",
    "l10n.achievementUnlocked": "{{achievementName}} ontgrendeld!",
    "l10n.achievementUnlockedDescription": "Nieuwe badge en titel nu in uw profiel beschikbaar.",
    "l10n.batteryBoostEnabledOnSystem": "Battery Boost is ingeschakeld op je systeem.",
    "l10n.clickToOptimize": "Klik om gamen op batterijstroom te optimaliseren.",
    "l10n.gfeSelfUpdate": "Er is een software-update beschikbaar voor je GeForce grafische kaart.",
    "l10n.creatorReadyDriverIsAvailable": "Studio-stuurprogramma is beschikbaar"
}
