{
    "l10n.newRewards": "Nowe nagrody",
    "l10n.noNewRewards": "Brak nowych nagród",
    "l10n.friendRequests": "Prośby od znajomych",
    "l10n.newFriendRequests": "Nowe prośby od znajomych",
    "l10n.noNewFriendRequests": "Brak nowych próśb od znajomych",
    "l10n.noNotifications": "Nie masz żadnych powiadomień.",
    "l10n.errorLoadingNotifications": "Podczas ładowania powiadomień wystąpił błąd. Spróbuj ponownie później",
    "l10n.clickToRedeemWithGfe": "Kliknij, aby zrealizować kupon przy użyciu GeForce Experience.",
    "l10n.youHaveNewReward": "Posiadasz {{count}} nowych elementów do wykorzystania",
    "l10n.clickToInstallWithGfe": "Kliknij, aby zainstalować przy użyciu GeForce Experience.",
    "l10n.gameReadyDriverIsAvailable": "Sterownik Game Ready jest dostępny",
    "l10n.defaultDriverNotification": "Sterownik {{driverName}} jest dostępny",
    "l10n.runQuieterWhileGaming": "Wycisz laptop podczas gry",
    "l10n.clickToEnableQuietMode": "Włącz tryb WhisperMode w oprogramowaniu GeForce Experience.",
    "l10n.shieldCtrlUpdateAvailable": "Dostępna jest aktualizacja kontrolera SHIELD",
    "l10n.clickToInstallUpdate": "Kliknij, aby zainstalować aktualizację",
    "l10n.shieldCtrlUpdateInProgress": "Trwa instalowanie aktualizacji kontrolera SHIELD",
    "l10n.shieldCtrlUpdateInProgressInfo": "Nie używaj ani nie odłączaj kontrolera podczas tego procesu",
    "l10n.shieldCtrlUpdateSuccess": "Instalacja aktualizacji kontrolera SHIELD powiodła się",
    "l10n.shieldCtrlUpdateFailed": "Nie można zainstalować aktualizacji kontrolera SHIELD",
    "l10n.clickToTryAgain": "Kliknij, aby spróbować ponownie",
    "l10n.clickToClose": "Kliknij, aby zamknąć ten komunikat",
    "l10n.newRewardAvailable": "Dostępna jest nowa nagroda!",
    "l10n.newRewardAvailableDescription": "Weź udział, aby wygrać {{rewardName}}",
    "l10n.missionAvailable": "Dostępna jest nowa misja!",
    "l10n.leveledUpTitle": "Osiągnięto poziom {{levelName}}",
    "l10n.leveledUpDescription": "Gratulacje! Uzyskasz teraz więcej żetonów.",
    "l10n.achievementUnlocked": "Odblokowano {{achievementName}}!",
    "l10n.achievementUnlockedDescription": "W Twoim profilu jest teraz dostępna nowa plakietka i tytuł.",
    "l10n.batteryBoostEnabledOnSystem": "Włączono funkcję BatteryBoost w tym systemie.",
    "l10n.clickToOptimize": "Kliknij, aby zoptymalizować gry przy zasilaniu bateryjnym.",
    "l10n.gfeSelfUpdate": "Dostępna jest aktualizacja oprogramowania karty graficznej GeForce",
    "l10n.creatorReadyDriverIsAvailable": "Sterownik Studio jest dostępny"
}
