{
    "l10n.newRewards": "Nya belöningar",
    "l10n.noNewRewards": "Inga nya belöningar",
    "l10n.friendRequests": "Vänförfrågningar",
    "l10n.newFriendRequests": "Nya vänförfrågningar",
    "l10n.noNewFriendRequests": "Inga nya vänförfrågningar",
    "l10n.noNotifications": "Du har inga meddelanden",
    "l10n.errorLoadingNotifications": "Ett fel uppstod vid uppladdning av meddelanden. Försök igen senare.",
    "l10n.clickToRedeemWithGfe": "Klicka för att uppleva GeForce Experience.",
    "l10n.youHaveNewReward": "Du har nya {{count}} saker att hämta",
    "l10n.clickToInstallWithGfe": "Klicka för att installera med GeForce Experience.",
    "l10n.gameReadyDriverIsAvailable": "Game Ready-drivrutin är tillgänglig",
    "l10n.defaultDriverNotification": "{{driverName}} är tillgänglig",
    "l10n.runQuieterWhileGaming": "Gör att din inkopplade bärbara dator kör tystare medan du spelar",
    "l10n.clickToEnableQuietMode": "Aktivera WhisperMode i GeForce Experience.",
    "l10n.shieldCtrlUpdateAvailable": "En uppdatering till SHIELD-styrenheten är tillgänglig",
    "l10n.clickToInstallUpdate": "Klicka för att installera uppdateringen",
    "l10n.shieldCtrlUpdateInProgress": "Installerar uppdatering för SHIELD-styrenhet",
    "l10n.shieldCtrlUpdateInProgressInfo": "Du får inte använda eller koppla ur styrenheten under processen",
    "l10n.shieldCtrlUpdateSuccess": "Uppdateringen för SHIELD-styrenheten har installerats",
    "l10n.shieldCtrlUpdateFailed": "Det gick inte att installera uppdateringen för SHIELD-styrenheten",
    "l10n.clickToTryAgain": "Klicka för att försöka igen",
    "l10n.clickToClose": "Klicka för att stänga detta meddelande",
    "l10n.newRewardAvailable": "Ny belöning tillgänglig!",
    "l10n.newRewardAvailableDescription": "Delta för att vinna {{rewardName}}",
    "l10n.missionAvailable": "Nytt uppdrag tillgängligt!",
    "l10n.leveledUpTitle": "Du har uppgraderats till nivå {{levelName}}",
    "l10n.leveledUpDescription": "Grattis! Du kommer nu tjäna fler polletter.",
    "l10n.achievementUnlocked": "{{achievementName}} upplåst!",
    "l10n.achievementUnlockedDescription": "Ett nytt märke och en ny titel finns nu tillgängliga i din profil.",
    "l10n.batteryBoostEnabledOnSystem": "BatteryBoost är aktiverat i systemet.",
    "l10n.clickToOptimize": "Klicka för att optimera spel med batteri.",
    "l10n.gfeSelfUpdate": "Det finns en programuppdatering för ditt GeForce grafikkort.",
    "l10n.creatorReadyDriverIsAvailable": "Studio-drivrutinen är tillgänglig"
}
