{
    "l10n.newRewards": "รางวัลใหม่",
    "l10n.noNewRewards": "ไม่มีรางวัลใหม่",
    "l10n.friendRequests": "คำร้องขอเป็นเพื่อน",
    "l10n.newFriendRequests": "คำร้องขอเป็นเพื่อนใหม่",
    "l10n.noNewFriendRequests": "ไม่มีคำร้องขอเป็นเพื่อนใหม่",
    "l10n.noNotifications": "ยังไม่มีการแจ้งเตือนใด ๆ",
    "l10n.errorLoadingNotifications": "มีข้อผิดพลาดในการโหลดการแจ้งเตือน ลองใหม่อีกครั้งในภายหลัง",
    "l10n.clickToRedeemWithGfe": "คลิกเพื่อแลกรางวัลกับ GeForce Experience",
    "l10n.youHaveNewReward": "คุณมีรายการใหม่ {{count}} รายการสำหรับการแลกรางวัล",
    "l10n.clickToInstallWithGfe": "คลิกเพื่อติดตั้งกับ GeForce Experience",
    "l10n.gameReadyDriverIsAvailable": "ไดรฟ์เวอร์ Game Ready พร้อมใช้งาน",
    "l10n.defaultDriverNotification": "{{driverName}}พร้อมใช้งาน",
    "l10n.runQuieterWhileGaming": "ทำให้แล็ปทอปของคุณทำงานเงียบมากขึ้นในขณะเล่นเกม",
    "l10n.clickToEnableQuietMode": "เปิดใช้งาน WhisperMode ใน GeForce Experience",
    "l10n.shieldCtrlUpdateAvailable": "โปรแกรมอัพเดทคอนโทรลเลอร์ SHIELD มีให้ใช้งานได้",
    "l10n.clickToInstallUpdate": "คลิกเพื่อติดตั้งโปรแกรมอัพเดท",
    "l10n.shieldCtrlUpdateInProgress": "ติดตั้งการอัพเดตคอนโทรลเลอร์ SHIELD",
    "l10n.shieldCtrlUpdateInProgressInfo": "โปรดอย่าใช้งานหรือถอดปลั๊กคอนโทรลเลอร์ระหว่างการดำเนินการนี้",
    "l10n.shieldCtrlUpdateSuccess": "ติดตั้งการอัพเดตคอนโทรลเลอร์ SHIELD สำเร็จแล้ว",
    "l10n.shieldCtrlUpdateFailed": "ไม่สามารถติดตั้งการอัพเดตคอนโทรลเลอร์ SHIELD",
    "l10n.clickToTryAgain": "คลิกเพื่อลองอีกครั้ง",
    "l10n.clickToClose": "คลิกเพื่อปิดข้อความนี้",
    "l10n.newRewardAvailable": "รางวัลใหม่พร้อมบริการ",
    "l10n.newRewardAvailableDescription": "ป้อนเพื่อโอกาสชนะ {{rewardName}}",
    "l10n.missionAvailable": "ภารกิจใหม่พร้อมบริการ",
    "l10n.leveledUpTitle": "คุณได้ปรับเลเวลเป็น {{levelName}}",
    "l10n.leveledUpDescription": "ขอแสดงความยินดี! คุณจะได้รับโทเค็นมากขึ้นหลังจากนี้",
    "l10n.achievementUnlocked": "{{achievementName}} ไม่ได้ถูกล็อกอยู่",
    "l10n.achievementUnlockedDescription": "บัตรประจำตัวใหม่และชื่อพร้อมใช้งานแล้วในส่วนกำหนดค่าของคุณ",
    "l10n.batteryBoostEnabledOnSystem": "เปิดใช้งานโหมด BatteryBoost ในระบบแล้ว",
    "l10n.clickToOptimize": "คลิกเพื่อตั้งค่าที่เหมาะสมสำหรับการเล่นเกมด้วยแบตเตอรี่",
    "l10n.gfeSelfUpdate": "พร้อมให้บริการการอัปเดตซอฟต์แวร์สำหรับการ์ดกราฟิค GeForce",
    "l10n.creatorReadyDriverIsAvailable": "ไดรฟ์เวอร์ Studio พร้อมใช้งาน"
}
