{
    "l10n.newRewards": "Yeni Ödüller",
    "l10n.noNewRewards": "Yeni Ödül Yok",
    "l10n.friendRequests": "Arkadaşlık İstekleri",
    "l10n.newFriendRequests": "Yeni Arkadaşlık İstekleri",
    "l10n.noNewFriendRequests": "Yeni Arkadaşlık İsteği Yok",
    "l10n.noNotifications": "Herhangi bir bildiriminiz yok",
    "l10n.errorLoadingNotifications": "Bildirimler yüklenirken bir hata oluştu. Daha sonra tekrar deneyin",
    "l10n.clickToRedeemWithGfe": "GeForce Experience'den yararlanmak için tıklayın.",
    "l10n.youHaveNewReward": "Kullanmak için {{count}} yeni öğeniz var",
    "l10n.clickToInstallWithGfe": "GeForce Experience ile kurmak için tıklayın.",
    "l10n.gameReadyDriverIsAvailable": "Game Ready Sürücü kullanılabilir",
    "l10n.defaultDriverNotification": "{{driverName}} mevcut",
    "l10n.runQuieterWhileGaming": "Oyun sırasında dizüstü bilgisayarınız daha sessiz çalışsın",
    "l10n.clickToEnableQuietMode": "GeForce Experience'ta WhisperMode'u etkinleştirin.",
    "l10n.shieldCtrlUpdateAvailable": "SHIELD denetleyici güncelleştirmesi mevcut",
    "l10n.clickToInstallUpdate": "Güncelleştirmeyi kurmak için tıklatın",
    "l10n.shieldCtrlUpdateInProgress": "SHIELD denetleyicisi güncelleştirmesi kuruluyor",
    "l10n.shieldCtrlUpdateInProgressInfo": "Bu işlem sırasında denetleyiciyi kullanmayın ve bağlantısını ayırmayın",
    "l10n.shieldCtrlUpdateSuccess": "SHIELD denetleyicisi güncelleştirmesi başarıyla kuruldu",
    "l10n.shieldCtrlUpdateFailed": "SHIELD denetleyicisi güncelleştirmesi kurulamadı",
    "l10n.clickToTryAgain": "Yeniden denemek için tıklatın",
    "l10n.clickToClose": "Bu mesajı kapatmak için tıklatın",
    "l10n.newRewardAvailable": "Yeni ödül var!",
    "l10n.newRewardAvailableDescription": "{{rewardName}} kazanmak için katılın.",
    "l10n.missionAvailable": "Yeni görev var!",
    "l10n.leveledUpTitle": "{{levelName}} düzeyine çıktınız.",
    "l10n.leveledUpDescription": "Tebrikler! Artık daha fazla fiş kazanacaksınız.",
    "l10n.achievementUnlocked": "{{achievementName}} başarısının kilidi açıldı!",
    "l10n.achievementUnlockedDescription": "Şimdi profilinizde yeni rozet ve unvanı indirebilirsiniz.",
    "l10n.batteryBoostEnabledOnSystem": "Sisteminizde BatteryBoost etkin durumda.",
    "l10n.clickToOptimize": "Pil kullanarak oyun oynamayı optimize etmek tıklatın.",
    "l10n.gfeSelfUpdate": "GeForce grafik kartı için yazılım güncellemesi mevcut",
    "l10n.creatorReadyDriverIsAvailable": "Studio Sürücü var"
}
