{
    "l10n.home": "Главная",
    "l10n.gfn": "GeForce NOW",
    "l10n.gallery": "Галерея",
    "l10n.gameroom": "Игровая комната",
    "l10n.news": "Новости",
    "l10n.search": "Поиск",
    "l10n.notifications": "Уведомления",
    "l10n.updates": "Обновления",
    "l10n.settings": "Настройки",
    "l10n.debug": "Отладка",
    "l10n.preferences": "Параметры",
    "l10n.screenshots": "Снимки экрана",
    "l10n.username": "Имя пользователя",
    "l10n.account": "Учетная запись",
    "l10n.logOut": "Выход",
    "l10n.cancel": "Отмена",
    "l10n.continue": "Продолжить",
    "l10n.submit": "Отправить",
    "l10n.back": "Назад",
    "l10n.alt.nvidiaLogo": "Логотип NVIDIA",
    "l10n.optimize": "Оптимизировать",
    "l10n.all": "Все",
    "l10n.more": "Больше",
    "l10n.moreDots": "Больше...",
    "l10n.sort": "Сортировать",
    "l10n.filter": "Фильтр",
    "l10n.done": "Готово",
    "l10n.skip": "Пропустить",
    "l10n.or": "Или",
    "l10n.gamesOptimized": "Оптимизировано игр и приложений: {{numGamesOptimized}}",
    "l10n.scanGamesProgress": "Найдено игр и приложений: {{numGamesScanned}}",
    "l10n.scanGameProgress": "Найдено игр или приложений: {{numGamesScanned}}",
    "l10n.noGamesFound": "Игры или приложения не найдены",
    "l10n.zeroGamesFound": "Найдено игр и приложений: 0",
    "l10n.nonOptimizeProgress": "Не оптимизировано игр и приложений: {{numGamesNotOptimized}}",
    "l10n.unhandledexception": "Необработанное исключение",
    "l10n.sendfeedback": "Отправить отклик",
    "l10n.alphabetical": "В алфавитном порядке",
    "l10n.details": "Подробнее",
    "l10n.share": "внутриигровой оверлей",
    "l10n.close": "Закрыть",
    "l10n.second": "с",
    "l10n.seconds": "с",
    "l10n.minute": "мин",
    "l10n.minutes": "мин",
    "l10n.hour": "ч",
    "l10n.hours": "ч",
    "l10n.day": "день",
    "l10n.days": "дней",
    "l10n.month": "месяц",
    "l10n.months": "месяца(-ев)",
    "l10n.year": "год",
    "l10n.years": "года (лет)",
    "l10n.week": "неделя",
    "l10n.weeks": "недели(-ь)",
    "l10n.edit": "Правка",
    "l10n.detail": "Детализация",
    "l10n.genre.other": "Другое",
    "l10n.genre.actionAdventure": "Экшн/Приключения",
    "l10n.genre.action": "Действие",
    "l10n.genre.adventure": "Приключения",
    "l10n.genre.arcade": "Аркада",
    "l10n.genre.family": "Семейство",
    "l10n.genre.fps": "Шутер от первого лица",
    "l10n.genre.puzzle": "Головоломка",
    "l10n.genre.racing": "Гонки",
    "l10n.genre.rolePlaying": "Ролевая игра",
    "l10n.genre.actionRPG": "Экшн/Ролевая игра",
    "l10n.genre.actionMMO": "Многопользовательский экшн",
    "l10n.genre.mmorpg": "Многопользовательская ролевая игра",
    "l10n.genre.rts": "Стратегия в реальном времени",
    "l10n.pause": "Пауза",
    "l10n.volume": "Громкость",
    "l10n.fullscreen": "Полный экран",
    "l10n.mediaerror.aborted": "Воспроизведение остановлено",
    "l10n.mediaerror.network": "Ошибка загрузки",
    "l10n.mediaerror.decode": "Ошибка декодирования",
    "l10n.mediaerror.notsupported": "Тип видео не поддерживается",
    "l10n.mediaerror.generic": "Невозможно воспроизвести",
    "l10n.allSet": "Готово",
    "l10n.shield": "shield",
    "l10n.hr": "{{value}} ч",
    "l10n.hrs": "{{value}} ч",
    "l10n.aboutHrs": "Около {{value}} ч",
    "l10n.mins": "{{value}} мин",
    "l10n.min": "{{value}} мин",
    "l10n.secs": "{{value}} с",
    "l10n.sec": "{{value}} с",
    "l10n.byte": "{{value}} байт",
    "l10n.bytes": "{{value}} байт",
    "l10n.mb": "{{value}} МБ",
    "l10n.kb": "{{value}} КБ",
    "l10n.gb": "{{value}} ГБ",
    "l10n.tb": "{{value}} ТБ",
    "l10n.send": "Отправить",
    "l10n.feedbackCategory": "Категория отзыва",
    "l10n.subCategory": "Подкатегория",
    "l10n.emailOptional": "Адрес эл. почты (необязательно)",
    "l10n.drivers": "Драйверы",
    "l10n.downloadDriver": "Не удалось загрузить рекомендуемый драйвер",
    "l10n.installDriver": "Не удалось установить рекомендуемый драйвер",
    "l10n.checkUpdate": "Не удалось проверить обновления",
    "l10n.checkTimeLong": "Проверка обновлений проходит слишком долго",
    "l10n.downloadTimeLong": "Загрузка драйвера проходит слишком долго",
    "l10n.installTimeLong": "Установка драйвера проходит слишком долго",
    "l10n.driverIssue": "Сообщить о проблеме в графическом драйвере",
    "l10n.others": "Другое",
    "l10n.installIssue": "Сообщить о проблеме при установке программы GeForce Experience",
    "l10n.updateIssue": "Сообщить о проблеме при обновлении программы GeForce Experience",
    "l10n.translateIssue": "Сообщить о неверном или отсутствующем переводе",
    "l10n.geforceIssue": "Сообщить о проблеме в программе GeForce Experience",
    "l10n.shareIssue": "Сообщить о проблеме с общим доступом к игровому процессу",
    "l10n.ledIssue": "Сообщить о проблеме с LED Visualizer",
    "l10n.whatLike": "Сообщите, что вам нравится в GeForce Experience",
    "l10n.suggestion": "Предложить улучшение для программы GeForce Experience",
    "l10n.gameDetectionAndSupport": "Поиск и поддержка игр или приложений",
    "l10n.gameNotFoundSupported": "Поддерживаемая игра или приложение не найдены",
    "l10n.gameWrongDetection": "Игра или приложение некорректно определены или не установлены",
    "l10n.gameDuplicateDetection": "Обнаружены одинаковые копии игры или приложения",
    "l10n.gameLaunchFail": "Не удалось запустить игру или приложение",
    "l10n.gameCurrentSettingsNotAvailable": "Текущие настройки игры или приложения не найдены",
    "l10n.gameTooLongScan": "Поиск игр и приложений занимает слишком много времени",
    "l10n.gameSupportSuggestion": "Предложить игру или приложение для включения в список поддерживаемых",
    "l10n.ops": "Оптимальные параметры",
    "l10n.opsMissing": "Рекомендации отсутствуют",
    "l10n.opsLowImageQuality": "Качество изображения слишком низкое",
    "l10n.opsLowPerformance": "Частота кадров слишком низкая",
    "l10n.opsRemoved": "Рекомендации были удалены",
    "l10n.opsSuggestion": "Предложить улучшение для оптимальных настроек",
    "l10n.shareInstantReplay": "Расскажите нам о своем опыте использования мгновенного повтора",
    "l10n.shareRecord": "Расскажите нам о своем опыте использования записи",
    "l10n.shareStream": "Расскажите нам о своем опыте использования потоковой передачи",
    "l10n.shareBroadcast": "Расскажите нам о своем опыте использования трансляции",
    "l10n.shareImprovement": "Предложить улучшение для общего доступа к игровому процессу",
    "l10n.gameStream": "GameStream",
    "l10n.gameStreamGameIssue": "Сообщить о проблеме с добавленными играми или приложениями",
    "l10n.gameStreamPairing": "Не удается привязать устройства SHIELD к данному ПК",
    "l10n.gameStreamInternet": "Не удается осуществить потоковую передачу по Интернету",
    "l10n.gameStreamGameLaunch": "Не удается запустить игру или приложение",
    "l10n.gameStreamController": "Контроллер не работает",
    "l10n.gameStreamSuggestion": "Предложить улучшение для GameStream",
    "l10n.feedbackDisableMessage": "Мы ценим ваши отзывы. Перейдите в Настройки > Общие, чтобы поделиться своим мнением.",
    "l10n.feedbackThanksMessage": "Благодарим вас за отзыв. Мы изучим проблему.",
    "l10n.affectedGame": "Затронутая игра или приложение",
    "l10n.location": "Расположение",
    "l10n.affectedGames": "Затронутые игры или приложения",
    "l10n.noInformationAvailable": "Информация недоступна",
    "l10n.invalidYear": "Укажите год в формате ГГГГ",
    "l10n.invalidDate": "Укажите действительную дату рождения",
    "l10n.higherPerformance": "Повышенная производительность",
    "l10n.longerBatteryLife": "Экономия заряда аккумуляторной батареи",
    "l10n.youAreOffline": "Вы в режиме офлайн. Подключитесь к сети и повторите попытку.",
    "l10n.unableToFetchVideo": "Не удалось загрузить видео. Повторите попытку позже.",
    "l10n.launchingShareToast": "Подготовка общего доступа к игровому процессу...",
    "l10n.openShareFailure": "Не удалось открыть «Общий доступ».",
    "l10n.somethingWrong": "Произошла ошибка.",
    "l10n.errorRestartApplication": "Попробуйте перезапустить GeForce Experience.",
    "l10n.errorRestartPC": "Попробуйте перезагрузить компьютер, затем запустите GeForce Experience.",
    "l10n.errorCode": "КОД ОШИБКИ:",
    "l10n.pageCouldNotBeLoaded": "Не удалось загрузить страницу. Проверьте подключение к Интернету и повторите попытку.",
    "l10n.retry": "Повторить попытку",
    "l10n.learnMore": "Подробнее",
    "l10n.virtualReality": "Виртуальная реальность",
    "l10n.tellAboutExperience": "Расскажите нам о своих впечатлениях",
    "l10n.suggestVirtualRealityImprovement": "Предложить улучшение для виртуальной реальности",
    "l10n.tellAboutVirtualRealityIssue": "Сообщить о проблеме с виртуальной реальностью",
    "l10n.shareBeta": "Общий доступ (бета-версия)",
    "l10n.restart": "Перезапуск",
    "l10n.doesNotMeetSpecVR": "Не соответствует рекомендуемым требованиям для систем виртуальной реальности",
    "l10n.recommendedSpecVR": "Рекомендуемые требования для систем виртуальной реальности",
    "l10n.shareShortcut": "Alt + Z",
    "l10n.featureEnabled": "Функция {{featureName}} включена",
    "l10n.updateNow": "Обновить",
    "l10n.shareNotReady": "Внутриигровой оверлей не готов",
    "l10n.featureErrorMessage": "Попробуйте перезагрузить систему или переустановить GeForce Experience. Если это не поможет, дождитесь обновления приложения.",
    "l10n.gotItText": "ОК",
    "l10n.gameStreamNotReady": "GameStream не готов",
    "l10n.loading": "Загрузка...",
    "l10n.openGfeInGame": "Открыть внутриигровой оверлей",
    "l10n.joinWeChat": "Присоединяйтесь к {{clubName}} в WeChat!",
    "l10n.scanNvidiaNewsWeChatQrCode": "Считайте QR-код для получения последних новостей NVIDIA",
    "l10n.recentSearches": "Последние поисковые запросы",
    "l10n.noResultsAvailable": "Результаты, соответствующие вашему запросу, не найдены.",
    "l10n.nextTip": "Следующий совет",
    "l10n.achievements": "Достижения",
    "l10n.noResults": "Результатов нет",
    "l10n.noResultsSearchMessage": "Попробуйте поиск по другим ключевым словам",
    "l10n.myProfile": "Мой профиль (пилотная программа)",
    "l10n.later": "Позже",
    "l10n.updateDriver": "Обновить драйвер",
    "l10n.driverUpdateRequired": "Требуется обновление драйвера",
    "l10n.criticalUpdateForFeaturesOne": "Критическое обновление для {{featureOne}}",
    "l10n.criticalUpdateForFeaturesTwo": "Критическое обновление для {{featureOne}} и {{featureTwo}}",
    "l10n.criticalUpdateForFeaturesThree": "Критическое обновление для {{featureOne}}, {{featureTwo}} и {{featureThree}}",
    "l10n.criticalUpdateForFeaturesFour": "Критическое обновление для {{featureOne}}, {{featureTwo}}, {{featureThree}} и {{featureFour}}",
    "l10n.criticalUpdateForFeaturesFive": "Критическое обновление для {{featureOne}}, {{featureTwo}}, {{featureThree}}, {{featureFour}} и {{featureFive}}",
    "l10n.criticalUpdateForFeaturesSix": "Критическое обновление для {{featureOne}}, {{featureTwo}}, {{featureThree}}, {{featureFour}}, {{featureFive}} и {{featureSix}}",
    "l10n.launchYourGames": "Запускайте игры или приложения или меняйте их оптимальные настройки.",
    "l10n.getTheLatestGrds": "Загружайте новейшие драйвера Game Ready или Studio Ready для ваших игр и приложений.",
    "l10n.accessTheIgo": "Используйте внутриигровой оверлей для записи и общего доступа к видео, снимкам экрана и прямым трансляциям.",
    "l10n.joinTheCommunity": "Присоединяйтесь к сообществу и получайте награды.",
    "l10n.accessClientSettings": "Получайте доступ к параметрам клиента, активируйте купоны и включайте GameStream.",
    "l10n.unableToSendFeedback": "Не удалось отправить отзыв. Повторите попытку позже.",
    "l10n.includeTechnicalData": "Чтобы облегчить обработку ваших комментариев, мы будем автоматически собирать технические данные, например сведения о вашей системе и журналы ошибок.",
    "l10n.configureOptions": "Настройте параметры оверлея, экспериментальные функции и GameStream.",
    "l10n.redeemCodesAndRewards": "Активировать коды и награды",
    "l10n.privacyPolicy": "Политика конфиденциальности",
    "l10n.ctaStartCountdown": "Начало через {{countdown}}",
    "l10n.ctaEndCountdown": "Окончание через {{countdown}}",
    "l10n.ctaEnded": "Окончено",
    "l10n.connectionSecure": "Соединение с {{provider}} безопасно",
    "l10n.informationSecure": "Передача на этот сайт ваших данных, таких как имя пользователя и пароли, безопасна.",
    "l10n.viewCertificate": "Просмотреть сертификат",
    "l10n.anselPhotoMode": "Фоторежим Ansel",
    "l10n.freestyle": "Фильтры Freestyle",
    "l10n.shadowplayRecords": "Запись и мгновенный повтор в ShadowPlay",
    "l10n.openForDiscussion": "Да, со мной можно связаться, если у NVIDIA возникнут дополнительные вопросы.",
    "l10n.nvidiaGfeTitle": "NVIDIA GeForce Experience"
}
