{
    "l10n.general": "Obecné",
    "l10n.friendsAndGroups": "Kamarádi a skupiny",
    "l10n.driverUpdates": "Aktualizace ovladače",
    "l10n.clientBetaUpdate": "Povolte experimentální funkce. Možná bude potřeba aktualizovat aplikaci GeForce Experience.",
    "l10n.automaticallyDownloadDriver": "Automaticky stáhnout aktualizace ovladače a umožnit zvolení termínu instalace",
    "l10n.notifyMe": "Upozornit, když:",
    "l10n.faqPolicy": "Často kladené dotazy a zásady sběru dat",
    "l10n.supportedGames": "Podporované hry a aplikace",
    "l10n.licenseAggrement": "Licenční dohoda",
    "l10n.releaseHighlights": "Hlavní body vydané verze",
    "l10n.nvidiaRightReserved": "© 2016-2022 NVIDIA Corporation. Všechna práva vyhrazena.",
    "l10n.about": "O aplikaci",
    "l10n.betaUpdates": "Beta aktualizace",
    "l10n.getAccessToGeforceSoftware": "Získejte přístup k softwaru GeForce před jeho zveřejněním. Děkujeme vám za vaše připomínky.",
    "l10n.geforceExperience": "GeForce Experience",
    "l10n.geforceDriver": "Ovladač GeForce",
    "l10n.language": "Jazyk",
    "l10n.nvidiaGeforceExperience": "NVIDIA® GeForce® Experience™",
    "l10n.switchToGfeClassic": "Přepnout na GFE Classic",
    "l10n.beta": "Beta",
    "l10n.nvidiaNewsletter": "Zpravodaj Nvidia",
    "l10n.licenseTitle": "LICENCE PRO UŽÍVÁNÍ SOFTWARU NVIDIA",
    "l10n.profile": "Profil",
    "l10n.avatar": "Avatar",
    "l10n.driverVersion": "Verze ovladače",
    "l10n.RAM": "RAM",
    "l10n.hz": "Hz",
    "l10n.myRig": "MŮJ STROJ",
    "l10n.securityAndPrivacy": "Zabezpečení a ochrana osobních údajů",
    "l10n.passwordChangedDate": "Poslední změna {{passwordChangedDate | date:'dd MMMM yyyy'}}",
    "l10n.rememberUser": "Zapamatovat si mě na tomto počítači",
    "l10n.linkedAccounts": "Připojené účty ({{linkedAccountsCount}})",
    "l10n.link": "Připojit",
    "l10n.deviceManagement": "Správa zařízení",
    "l10n.removeAllDevices": "Odstranit všechna zařízení",
    "l10n.features": "Funkce",
    "l10n.viewSystemRequirements": "Zobrazit celé systémové požadavky",
    "l10n.gameScan": "Hledání her nebo aplikací",
    "l10n.scanNow": "Vyhledat nyní",
    "l10n.gamesFound": "NALEZENÉ HRY A APLIKACE",
    "l10n.viewSupportedGames": "Zobrazit podporované hry a aplikace",
    "l10n.lastChecked": "Naposledy zkontrolováno",
    "l10n.shareDescription": "Umožňuje okamžitý opakovaný záznam, manuální nahrávání, použití funkce Gamestream a vysílání hry",
    "l10n.changePassword": "Změnit heslo",
    "l10n.newPassword": "Nové heslo",
    "l10n.passwordDoesNotMatch": "Hesla se neshodují",
    "l10n.personalInformation": "Osobní údaje",
    "l10n.changePersonalInformation": "Změnit osobní údaje",
    "l10n.email": "E-mail",
    "l10n.useThisEmailToLogin": "Použít tuto e-mailovou adresu k přihlášení",
    "l10n.birthday": "Narozeniny",
    "l10n.birthdayFormat": "{{birthdayFormat | date:'dd MMMM yyyy'}}",
    "l10n.memberSinceFormat": "{{memberSinceFormat | date:'MMMM yyyy'}} ",
    "l10n.phone": "Telefon",
    "l10n.gamestreamDescription": "Umožněte streamování her z vašeho počítače na zařízení SHIELD",
    "l10n.gamesApps": "Hry a aplikace:",
    "l10n.optimalPlayableSettings": "Optimální hratelné nastavení",
    "l10n.gameLocation": "Místo vyhledávání",
    "l10n.remove": "Odstranit",
    "l10n.add": "Přidat",
    "l10n.somethingWentWrong": "To nefunguje. Zkuste restartovat aplikaci GeForce Experience.",
    "l10n.receiveUpdates": "Odebírat aktualizace a novinky o produktech NVIDIA",
    "l10n.batteryBoost": "Battery Boost",
    "l10n.batteryBoostDescription": "Prodlužuje výdrž baterie během hraní",
    "l10n.maximumFramerate": "Maximální snímková frekvence:",
    "l10n.fps": "FPS",
    "l10n.updateAvatar": "Aktualizovat Avatar",
    "l10n.chooseAvatarFromGallery": "Vybrat z galerie avatara",
    "l10n.update": "Aktualizovat",
    "l10n.changeEmailAddress": "Změnit e-mailovou adresu",
    "l10n.thanksEmailUpdated": "Děkujeme za potvrzení vaší e-mailové adresy",
    "l10n.emailUpdatedSuccessfully": "E-mailová adresa byla úspěšně aktualizována",
    "l10n.viewAllGameStreamSupportedGames": "Zobrazit všechny hry kompatibilní s GameStream",
    "l10n.shieldDevices": "ZAŘÍZENÍ SHIELD",
    "l10n.unableToUpdateSettings": "Nastavení nelze aktualizovat",
    "l10n.shieldDevicesRemoved": "Zařízení SHIELD byla odebrána",
    "l10n.shieldDevicesRemoveFailed": "Zařízení SHIELD nelze odebrat",
    "l10n.yourPasswordChanged": "Vaše heslo bylo změněno",
    "l10n.addAdditionalGamesForStreaming": "Přidat další hry pro streamování",
    "l10n.name": "Název",
    "l10n.target": "Cíl",
    "l10n.startIn": "Spustit v",
    "l10n.unsupportedFileType": "Nepodporovaný typ souboru.",
    "l10n.fileNotFound": "Soubor nenalezen.",
    "l10n.checkInternetConnectivity": "To nefunguje. Zkontrolujte připojení k Internetu a pak restartujte aplikaci GeForce Experience.",
    "l10n.tryRestartSystem": "To nefunguje. Zkuste restartovat systém.",
    "l10n.boxArt": "Obrázek obalu",
    "l10n.ready": "Připraven",
    "l10n.notReady": "Nepřipraven",
    "l10n.addScanPathFailed": "Nepodařilo se přidat umístění, zkuste to znovu.",
    "l10n.downloads": "Stahování",
    "l10n.desktopNotifications": "Upozornění na ploše",
    "l10n.driverUpdateAvailable": "Nová aktualizace ovladače GeForce je k dispozici",
    "l10n.rewardAvailable": "Odměna je k dispozici",
    "l10n.optimalSettingsUpdated": "Optimální nastavení jsou aktualizována",
    "l10n.highlightDescription": "Vyberte, které události se mají u této hry automaticky zaznamenávat.",
    "l10n.quietMode": "Whisper Mode",
    "l10n.quietModeDescription": "Umožňuje tichý chod vašeho notebooku při hraní her",
    "l10n.changeGameFrameRate": "Maximální snímkovou frekvenci hry nebo aplikace v režimu WhisperMode lze změnit na ovládacím panelu NVIDIA na stránce „Spravovat nastavení 3D“ na kartě „Nastavení programu“",
    "l10n.toastQuietModeIsEnabled": "Režim WhisperMode je aktivovaný. Optimalizovat všechny hry a aplikace, včetně těch s vlastním nastavením?",
    "l10n.toastQuietModeIsDisabled": "Režim WhisperMode je vypnutý. Optimalizovat všechny hry a aplikace, včetně těch s vlastním nastavením?",
    "l10n.downloadCompleteRestartGfe": "Abyste mohli použít experimentální funkce, restartujte aplikaci GeForce Experience.",
    "l10n.ExpFeatureUpdatesEnabled": "Aktualizace experimentálních funkcí je povolena.",
    "l10n.updateIsAvailable": "Aktualizace je k dispozici.",
    "l10n.noUpdatesAreAvailable": "Máte nejnovější aktualizaci experimentální funkce.",
    "l10n.downloadFailed": "Stahování se nezdařilo",
    "l10n.ExpFeatureUpdatesDisabled": "Aktualizace experimentálních funkcí je zakázána.",
    "l10n.highlightTitle": "Hlavní události ShadowPlay",
    "l10n.weChatQrCode": "Naskenujte QR kód pomocí aplikace WeChat a staňte se členem klubu {{clubName}}",
    "l10n.qrCodeScan": "Naskenujte, abyste mohli sledovat {{clubName}}",
    "l10n.downloadInstallBetaUpdates": "Aplikace GeForce Experience může stáhnout a nainstalovat aktualizace experimentální funkce.",
    "l10n.successfullySubscribed": "Úspěšně přihlášen(a) do klubu {{clubName}}",
    "l10n.qrCodeCouldNotBeLoaded": "QR kód nelze načíst. Zkuste to znovu později.",
    "l10n.qrCodeScanningError": "Nepodařilo se naskenovat.",
    "l10n.fetchingQrCode": "Načítání QR kódu...",
    "l10n.nFanDescription": "Vítejte v jedné z nejlepších herních komunit: ‘英伟达GeForce’ !  Máme pro vás spoustu herních tipů, nástrojů a novinek o nejnovějších hrách a zajímavé benefity a odměny. Pravidelně nás sledujte, Nfans!",
    "l10n.troubleshootingTips": "Tipy pro řešení problémů",
    "l10n.agreeAndContinue": "SOUHLASÍM A POKRAČOVAT",
    "l10n.exit": "KONEC",
    "l10n.dataProtectPromise": "Zavazujeme se chránit vaše osobní údaje a data",
    "l10n.eulaAgreement": "Používáním aplikace GeForce Experience souhlasíte s <a ng-click=\"preferencesFunctionalDataConsent.showEula()\">Licenční dohodou koncového uživatele</a> a <a ng-click=\"preferencesFunctionalDataConsent.showPrivacyPolicy()\">Zásadami ochrany osobních údajů NVIDIA.</a>",
    "l10n.ledOn": "Zapnuto",
    "l10n.ledOff": "Vypnuto",
    "l10n.ledOngpuProperty": "Zapnuto (alarm jednotky GPU)",
    "l10n.ledVisualizer": "LED",
    "l10n.ledNoAnimation": "Bez animace",
    "l10n.ledBreathing": "Dýchání",
    "l10n.ledFlashing": "Blikání",
    "l10n.ledDualFlashing": "Dvojité blikání",
    "l10n.wave": "Vlna",
    "l10n.ripple": "Vlnění",
    "l10n.ledRandom": "Náhodné",
    "l10n.ledAudioFlashing": "Blikání podle zvuku",
    "l10n.ledAnimationElectric": "Elektrický",
    "l10n.flowIn": "Vtékání",
    "l10n.flowOut": "Vytékání",
    "l10n.reverseBreathing": "Zpětné dýchání",
    "l10n.multiColor": "Vícebarevný",
    "l10n.colorCycle": "Cyklus barev",
    "l10n.ledVariableBrighness": "Variabilní jas",
    "l10n.ledFixedBrightness": "Stálý jas",
    "l10n.ledStyleBased": "Podle stylu",
    "l10n.gpuTemparature": "Teplota GPU",
    "l10n.gpuUtilization": "Využití GPU",
    "l10n.gpuClock": "Taktovací frekvence GPU",
    "l10n.gpuFanSpeed": "Rychlost ventilátoru GPU",
    "l10n.gpuVoltage": "Napětí GPU",
    "l10n.brightness": "Jas",
    "l10n.maxBrightness": "Max. jas",
    "l10n.brightnessRange": "Rozsah jasu",
    "l10n.range": "Rozsah",
    "l10n.onSliIsEnabled": "Zapnuto (SLI je aktivováno)",
    "l10n.speed": "rychlost",
    "l10n.animationSpeed": "Rychlost animace",
    "l10n.hertzSign": "MHz",
    "l10n.rpmSign": "Otáčky za minutu",
    "l10n.percentageSign": "%",
    "l10n.volateSign": "mV",
    "l10n.centigrateSign": "°C",
    "l10n.effect": "Efekt",
    "l10n.style": "Styl",
    "l10n.variation": "Variace",
    "l10n.faq": "Časté otázky",
    "l10n.syncAll": "Synchronizovat vše",
    "l10n.syncZones": "Zóny synchronizace",
    "l10n.allLed": "Všechny LED",
    "l10n.eachLed": "Každá LED",
    "l10n.turnLedOn": "Služba LED Visualizer zapnutá",
    "l10n.turnLedOff": "LED je vypnutá. Zapněte efekt LED pro použití nastavení.",
    "l10n.ledLighting": "Osvětlení LED",
    "l10n.zone": "Zóna {{zoneLocation}}",
    "l10n.mediaFeaturePack": "Balíček mediálních funkcí pro systém Windows 10",
    "l10n.balancedMode": "Vyvážený",
    "l10n.balancedModeDescription": "Vyvážený výkon a hlučnost.",
    "l10n.perfModeDescription": "Režim nejvyššího výkonu pro nejlepší zážitek při hraní her, se zvýšením hlučnosti ventilátoru.",
    "l10n.whisperModeDescription": "Snížená hlučnost ventilátoru s dobrým výkonem při hraní her.",
    "l10n.performanceModeDescription": "Optimalizovat výkon hry nebo aplikace",
    "l10n.toastPerfModeIsEnabled": "Režim výkonu je aktivován. Optimalizovat všechny hry a aplikace, včetně těch s vlastním nastavením.",
    "l10n.toastBalanceModeIsEnabled": "Vyvážený režim je aktivován. Optimalizovat všechny hry a aplikace, včetně těch s vlastním nastavením.",
    "l10n.quiteMode2Description": "Rovnováha mezi výkonem notebooku a hlasitostí ventilátoru při hraní her na síťové napájení",
    "l10n.baseFrameRate": "Cílová minimální snímková frekvence",
    "l10n.fanVolume": "Hlasitost ventilátoru",
    "l10n.quiet": "Tichý",
    "l10n.quieter": "Tišší",
    "l10n.quietMode2": "WhisperMode 2.0",
    "l10n.nis": "Změna měřítka zobrazení",
    "l10n.optimizedResolution": "Rozlišení renderování",
    "l10n.sharpen": "Zaostřit",
    "l10n.toastNISStateIsEnabled": "Změna měřítka zobrazení je zapnuta. Optimalizovat všechny hry a aplikace, včetně těch s vlastním nastavením?",
    "l10n.toastNISIsDisabled": "Změna měřítka zobrazení je vypnuta. Optimalizovat všechny hry a aplikace, včetně těch s vlastním nastavením?",
    "l10n.nisDescription": "Zvýšení snímkové frekvence za účelem optimalizace her a aplikací pomocí škálování GPU a zaostření",
    "l10n.batteryBoost2": "Battery Boost 2.0",
    "l10n.batteryBoostDescription2": "Automaticky prodlužte životnost baterie při hraní"
}
