{
    "l10n.general": "Általános",
    "l10n.friendsAndGroups": "Ismerősök és csoportok",
    "l10n.driverUpdates": "Illesztőprogram-frissítések",
    "l10n.clientBetaUpdate": "Kísérleti funkciók engedélyezése. GeForce Experience-frissítésre lehet szükség.",
    "l10n.automaticallyDownloadDriver": "Automatikusan töltse le az illesztőprogram-frissítéseket, és én dönthessem el, hogy mikor akarom telepíteni azokat",
    "l10n.notifyMe": "Értesítsen amikor:",
    "l10n.faqPolicy": "GYIK és adatgyűjtési irányelvek",
    "l10n.supportedGames": "Támogatott játékok és alkalmazások",
    "l10n.licenseAggrement": "Licencszerződés",
    "l10n.releaseHighlights": "Verzióújdonságok",
    "l10n.nvidiaRightReserved": "© 2016-2022 NVIDIA Corporation, minden jog fenntartva.",
    "l10n.about": "Névjegy",
    "l10n.betaUpdates": "Béta frissítések",
    "l10n.getAccessToGeforceSoftware": "Hozzáférés a GeForce szoftverekhez a nyilvános megjelenés előtt Nagyra értékeljük visszajelzését.",
    "l10n.geforceExperience": "GeForce Experience",
    "l10n.geforceDriver": "GeForce illesztőprogram",
    "l10n.language": "Nyelv",
    "l10n.nvidiaGeforceExperience": "NVIDIA® GeForce® Experience™",
    "l10n.switchToGfeClassic": "Váltás GFE Classic verzióra",
    "l10n.beta": "Beta",
    "l10n.nvidiaNewsletter": "Nvidia-hírlevél",
    "l10n.licenseTitle": "AZ NVIDIA SZOFTVER ÜGYFÉLHASZNÁLATI LICENCE",
    "l10n.profile": "Profil",
    "l10n.avatar": "Avatar",
    "l10n.driverVersion": "Illesztőprogram-verzió",
    "l10n.RAM": "RAM",
    "l10n.hz": "Hz",
    "l10n.myRig": "Számítógépem",
    "l10n.securityAndPrivacy": "Biztonság és adatvédelem",
    "l10n.passwordChangedDate": "Utolsó módosítás: {{passwordChangedDate | date:'dd MMMM yyyy'}}",
    "l10n.rememberUser": "Emlékezzen rám ezen a számítógépen",
    "l10n.linkedAccounts": "Csatolt fiókok ({{linkedAccountsCount}})",
    "l10n.link": "csatlakoztatás",
    "l10n.deviceManagement": "Eszközkezelés",
    "l10n.removeAllDevices": "Az összes eszköz eltávolítása",
    "l10n.features": "Funkciók",
    "l10n.viewSystemRequirements": "Az összes rendszerkövetelmény megtekintése",
    "l10n.gameScan": "Játék- vagy alkalmazáskeresés",
    "l10n.scanNow": "Keresés most",
    "l10n.gamesFound": "TALÁLT JÁTÉKOK ÉS ALKALMAZÁSOK",
    "l10n.viewSupportedGames": "Támogatott játékok és alkalmazások megtekintése",
    "l10n.lastChecked": "Utolsó ellenőrzés",
    "l10n.shareDescription": "Lehetővé teszi az azonnali visszajátszást, a manuális rögzítést, a Gamestream együttműködést és a közvetítést",
    "l10n.changePassword": "Jelszómódosítás",
    "l10n.newPassword": "Új jelszó",
    "l10n.passwordDoesNotMatch": "A jelszavak nem egyeznek",
    "l10n.personalInformation": "Személyes adatok",
    "l10n.changePersonalInformation": "Személyes adatok módosítása",
    "l10n.email": "E-mail",
    "l10n.useThisEmailToLogin": "Használja ezt az e-mail-címet a bejelentkezéshez",
    "l10n.birthday": "Születésnap",
    "l10n.birthdayFormat": "{{birthdayFormat | date:'dd MMMM yyyy'}}",
    "l10n.memberSinceFormat": "{{memberSinceFormat | date:'MMMM yyyy'}} ",
    "l10n.phone": "Telefon",
    "l10n.gamestreamDescription": "A számítógép streamelheti a játékokat a SHIELD-eszközökre",
    "l10n.gamesApps": "Játékok és alkalmazások:",
    "l10n.optimalPlayableSettings": "Optimális játékbeállítások",
    "l10n.gameLocation": "Keresési helyek",
    "l10n.remove": "Eltávolítás",
    "l10n.add": "Hozzáadás",
    "l10n.somethingWentWrong": "Ez nem sikerült. Próbálja újraindítani a GeForce Experience-t.",
    "l10n.receiveUpdates": "Termékfrissítések és hírek fogadása az NVIDIA-tól",
    "l10n.batteryBoost": "Battery Boost",
    "l10n.batteryBoostDescription": "Akkumulátor-üzemidő meghosszabbítása játék közben",
    "l10n.maximumFramerate": "Maximális képkockasebesség:",
    "l10n.fps": "FPS",
    "l10n.updateAvatar": "Avatar frissítése",
    "l10n.chooseAvatarFromGallery": "Választás az avatargalériából",
    "l10n.update": "Frissítés",
    "l10n.changeEmailAddress": "E-mail-cím módosítása",
    "l10n.thanksEmailUpdated": "Köszönjük, hogy ellenőrizte e-mail-címét",
    "l10n.emailUpdatedSuccessfully": "E-mail-cím sikeresen frissítve",
    "l10n.viewAllGameStreamSupportedGames": "A GameStreammel használható összes játék megtekintése",
    "l10n.shieldDevices": "SHIELD-ESZKÖZÖK",
    "l10n.unableToUpdateSettings": "A beállítások nem frissíthetők",
    "l10n.shieldDevicesRemoved": "SHIELD-eszközök eltávolítva",
    "l10n.shieldDevicesRemoveFailed": "A SHIELD-eszközöket nem lehet eltávolítani",
    "l10n.yourPasswordChanged": "A jelszó megváltozott",
    "l10n.addAdditionalGamesForStreaming": "További játékok hozzáadása streameléshez",
    "l10n.name": "Név",
    "l10n.target": "Cél",
    "l10n.startIn": "Indítás helye",
    "l10n.unsupportedFileType": "Nem támogatott fájltípus",
    "l10n.fileNotFound": "A fájl nem található",
    "l10n.checkInternetConnectivity": "Ez nem sikerült. Ellenőrizze az internetkapcsolatot, majd próbálja újraindítani a GeForce Experience-t.",
    "l10n.tryRestartSystem": "Ez nem sikerült. Próbálja újraindítani a rendszert.",
    "l10n.boxArt": "Dobozkép",
    "l10n.ready": "Kész",
    "l10n.notReady": "Nincs kész",
    "l10n.addScanPathFailed": "Nem sikerült hozzáadni a helyet, próbálja újra.",
    "l10n.downloads": "Letöltések",
    "l10n.desktopNotifications": "Asztali felületi értesítések",
    "l10n.driverUpdateAvailable": "GeForce maghajtó frissítés elérhető",
    "l10n.rewardAvailable": "Jutalom elérhető",
    "l10n.optimalSettingsUpdated": "Az optimális beállítások frissítve vannak",
    "l10n.highlightDescription": "Válassza ki, hogy mely nagy pillanatokat szeretné rögzíteni ebben a játékban.",
    "l10n.quietMode": "Whisper Mode",
    "l10n.quietModeDescription": "Az áramforráshoz csatlakoztatott laptop halkabb lesz játék közben",
    "l10n.changeGameFrameRate": "A játékok vagy alkalmazások maximális képkockasebessége WhisperMode-ban az NVIDIA Vezérlőpult „3D beállítások kezelése” oldalának „Programbeállítások” lapján módosítható",
    "l10n.toastQuietModeIsEnabled": "A WhisperMode engedélyezve van. Minden játék és alkalmazás legyen optimalizálva, beleértve az egyéni beállításokkal rendelkezők is?",
    "l10n.toastQuietModeIsDisabled": "A WhisperMode le van tiltva. Minden játék és alkalmazás legyen optimalizálva, beleértve az egyéni beállításokkal rendelkezők is?",
    "l10n.downloadCompleteRestartGfe": "Indítsa újra a GeForce Experience-t a kísérleti funkciók használatához.",
    "l10n.ExpFeatureUpdatesEnabled": "A kísérleti funkciók frissítései engedélyezve vannak.",
    "l10n.updateIsAvailable": "Frissítés érhető el.",
    "l10n.noUpdatesAreAvailable": "Ön rendelkezik a kísérleti funkciók legújabb frissítéseivel.",
    "l10n.downloadFailed": "A letöltés sikertelen",
    "l10n.ExpFeatureUpdatesDisabled": "A kísérleti funkciók frissítései le vannak tiltva.",
    "l10n.highlightTitle": "ShadowPlay Nagy pillanatok",
    "l10n.weChatQrCode": "Szkennelje be a QR-kódot a WeChat használatához, ha szeretne csatlakozni a következőhöz: {{clubName}}",
    "l10n.qrCodeScan": "Szkennelje be a következő követéséhez: {{clubName}}",
    "l10n.downloadInstallBetaUpdates": "A GeForce Experience kísérleti funkciófrissítéseket tölthet le és telepíthet.",
    "l10n.successfullySubscribed": "Sikeresen feliratkozott a következőre: {{clubName}}",
    "l10n.qrCodeCouldNotBeLoaded": "A QR-kód nem tölthető be. Próbálja meg később.",
    "l10n.qrCodeScanningError": "A szkennelés sikertelen.",
    "l10n.fetchingQrCode": "QR-kód lekérése...",
    "l10n.nFanDescription": "Üdvözöljük az egyik legnagyszerűbb játékosközösségben: az „英伟达GeForce”-ban!  Rengeteg játéktippel, eszközzel és hírrel szolgálhatunk a legújabb játékokkal, izgalmas előnyökkel és jutalmakkal kapcsolatban. Legyen naprakész az NFans Clubbal!",
    "l10n.troubleshootingTips": "Hibaelhárítási tippek",
    "l10n.agreeAndContinue": "ELFOGADÁS ÉS FOLYTATÁS",
    "l10n.exit": "KILÉPÉS",
    "l10n.dataProtectPromise": "Ígérjük, hogy megvédjük adataidat",
    "l10n.eulaAgreement": "A GeForce Experience használatával elfogadod a <a ng-click=\"preferencesFunctionalDataConsent.showEula()\">Végfelhasználói licencszerződést</a> és az <a ng-click=\"preferencesFunctionalDataConsent.showPrivacyPolicy()\">NVIDIA adatvédelmi irányelveit.</a>",
    "l10n.ledOn": "Be",
    "l10n.ledOff": "Ki",
    "l10n.ledOngpuProperty": "Be (GPU-tulajdonság riasztás)",
    "l10n.ledVisualizer": "LED",
    "l10n.ledNoAnimation": "Nincs animáció",
    "l10n.ledBreathing": "Lélegzés",
    "l10n.ledFlashing": "Villogás",
    "l10n.ledDualFlashing": "Kettős villogás",
    "l10n.wave": "Hullám",
    "l10n.ripple": "Fodrozódás",
    "l10n.ledRandom": "Véletlenszerű",
    "l10n.ledAudioFlashing": "Hang alapú villogás",
    "l10n.ledAnimationElectric": "Elektromos",
    "l10n.flowIn": "Beáramlás",
    "l10n.flowOut": "Kiáramlás",
    "l10n.reverseBreathing": "Fordított lélegzés",
    "l10n.multiColor": "Többszínű",
    "l10n.colorCycle": "Színciklus",
    "l10n.ledVariableBrighness": "Változó fényerő",
    "l10n.ledFixedBrightness": "Rögzített fényerő",
    "l10n.ledStyleBased": "Stílus alapú",
    "l10n.gpuTemparature": "GPU-hőmérséklet",
    "l10n.gpuUtilization": "GPU-használat",
    "l10n.gpuClock": "GPU-óra",
    "l10n.gpuFanSpeed": "GPU-ventilátor sebessége",
    "l10n.gpuVoltage": "GPU-feszültség",
    "l10n.brightness": "Fényerő",
    "l10n.maxBrightness": "Maximális fényerő",
    "l10n.brightnessRange": "Fényerőtartomány",
    "l10n.range": "Tartomány",
    "l10n.onSliIsEnabled": "Be (az SLI engedélyezve van)",
    "l10n.speed": "sebesség",
    "l10n.animationSpeed": "Animáció sebessége",
    "l10n.hertzSign": "MHz",
    "l10n.rpmSign": "RPM",
    "l10n.percentageSign": "%",
    "l10n.volateSign": "mV",
    "l10n.centigrateSign": "°C",
    "l10n.effect": "Effektus",
    "l10n.style": "Stílus",
    "l10n.variation": "Variáció",
    "l10n.faq": "Gyakori kérdések",
    "l10n.syncAll": "Az összes szinkronizálása",
    "l10n.syncZones": "Zónák szinkronizálása",
    "l10n.allLed": "Összes LED",
    "l10n.eachLed": "Minden egyes LED",
    "l10n.turnLedOn": "LED Visualizer bekapcsolva",
    "l10n.turnLedOff": "A LED KI van kapcsolva. A beállítások alkalmazásához kapcsolja be a LED effektust.",
    "l10n.ledLighting": "LED megvilágítás",
    "l10n.zone": "Zóna {{zoneLocation}}",
    "l10n.mediaFeaturePack": "Médiafunkció csomag Windows 10-hez",
    "l10n.balancedMode": "Kiegyensúlyozott",
    "l10n.balancedModeDescription": "Egyensúly a nagy teljesítmény és a zaj között.",
    "l10n.perfModeDescription": "A legnagyobb teljesítményű mód játékhoz, megnövekedett ventilátorzajjal.",
    "l10n.whisperModeDescription": "Csökkentett ventilátorzaj jó játékteljesítménnyel.",
    "l10n.performanceModeDescription": "Játék- vagy alkalmazásteljesítmény optimalizálása",
    "l10n.toastPerfModeIsEnabled": "A Teljesítmény mód engedélyezve van. Minden játék és alkalmazás optimalizálása, beleértve az egyéni beállításokkal rendelkezők is.",
    "l10n.toastBalanceModeIsEnabled": "A Kiegyensúlyozott mód engedélyezve van. Minden játék és alkalmazás optimalizálása, beleértve az egyéni beállításokkal rendelkezők is.",
    "l10n.quiteMode2Description": "A laptop teljesítményének és a ventilátor hangerejének kiegyensúlyozása hálózati áramforrás használata melletti játék közben",
    "l10n.baseFrameRate": "Maximális képkockasebesség-cél",
    "l10n.fanVolume": "Ventilátor hangereje",
    "l10n.quiet": "Csendes",
    "l10n.quieter": "Csendesebb",
    "l10n.quietMode2": "WhisperMode 2.0",
    "l10n.nis": "Képméretezés",
    "l10n.optimizedResolution": "Megjelenítési felbontás",
    "l10n.sharpen": "Élesítés",
    "l10n.toastNISStateIsEnabled": "A képméretezés engedélyezve van. Minden játék és alkalmazás legyen optimalizálva, beleértve az egyéni beállításokkal rendelkezők is?",
    "l10n.toastNISIsDisabled": "A képméretezés le van tiltva. Minden játék és alkalmazás legyen optimalizálva, beleértve az egyéni beállításokkal rendelkezők is?",
    "l10n.nisDescription": "Képkockasebességek növelése az optimalizált játékoknál és alkalmazásoknál GPU-méretezés és élesítés használatával",
    "l10n.batteryBoost2": "Battery Boost 2.0",
    "l10n.batteryBoostDescription2": "Az akkumulátor-üzemidő automatikus megnövelése játék közben"
}
