{
    "l10n.general": "全般",
    "l10n.friendsAndGroups": "友達とグループ",
    "l10n.driverUpdates": "ドライバー更新プログラム",
    "l10n.clientBetaUpdate": "試験的機能を有効にします。GeForce Experience の更新が必要です。",
    "l10n.automaticallyDownloadDriver": "ドライバー更新プログラムを自動的にダウンロードし、希望の時点でインストールできるようにする",
    "l10n.notifyMe": "以下の場合に通知を希望：",
    "l10n.faqPolicy": "FAQ & データ収集ポリシー",
    "l10n.supportedGames": "サポートされているゲームとアプリケーション",
    "l10n.licenseAggrement": "使用許諾契約書",
    "l10n.releaseHighlights": "リリース ハイライト",
    "l10n.nvidiaRightReserved": "© 2016-2022 NVIDIA Corporation。無断複写・転載を禁じます。",
    "l10n.about": "説明",
    "l10n.betaUpdates": "ベータ版の更新プログラム",
    "l10n.getAccessToGeforceSoftware": "一般公開前に GeForce ソフトウェアにアクセスしましょう。お客様のフィードバックをお待ちしております。",
    "l10n.geforceExperience": "GeForce Experience",
    "l10n.geforceDriver": "GeForce ドライバー",
    "l10n.language": "言語",
    "l10n.nvidiaGeforceExperience": "NVIDIA® GeForce® Experience™",
    "l10n.switchToGfeClassic": "GFE クラッシックへ切り替える",
    "l10n.beta": "Beta",
    "l10n.nvidiaNewsletter": "Nvidia ニュースレター",
    "l10n.licenseTitle": "NVIDIA ソフトウェアの使用ライセンス",
    "l10n.profile": "プロフィール",
    "l10n.avatar": "アバター",
    "l10n.driverVersion": "ドライバーのバージョン",
    "l10n.RAM": "RAM",
    "l10n.hz": "Hz",
    "l10n.myRig": "マイ・リグ",
    "l10n.securityAndPrivacy": "セキュリティ & プライバシー",
    "l10n.passwordChangedDate": "最後の変更日：{{passwordChangedDate | date:'dd MMMM yyyy'}}",
    "l10n.rememberUser": "このコンピューターに記憶する",
    "l10n.linkedAccounts": "リンク済みのアカウント ({{linkedAccountsCount}})",
    "l10n.link": "リンク",
    "l10n.deviceManagement": "デバイス管理",
    "l10n.removeAllDevices": "すべてのデバイスを除去する",
    "l10n.features": "性能",
    "l10n.viewSystemRequirements": "全てのシステム要件を表示する",
    "l10n.gameScan": "ゲームまたはアプリケーションのスキャン",
    "l10n.scanNow": "今すぐスキャン",
    "l10n.gamesFound": "検出されたゲームとアプリ",
    "l10n.viewSupportedGames": "サポートされているゲームとアプリケーションを表示",
    "l10n.lastChecked": "最後のチェック",
    "l10n.shareDescription": "インスタントリプレイ、手動録画、Gamestream Co-op、ブロードキャストを許可する",
    "l10n.changePassword": "パスワードの変更",
    "l10n.newPassword": "新しいパスワード",
    "l10n.passwordDoesNotMatch": "パスワードが一致しません",
    "l10n.personalInformation": "個人情報",
    "l10n.changePersonalInformation": "個人情報の変更",
    "l10n.email": "電子メール",
    "l10n.useThisEmailToLogin": "このメールアドレスを使ってログインする",
    "l10n.birthday": "生年月日",
    "l10n.birthdayFormat": "{{birthdayFormat | date:'dd MMMM yyyy'}}",
    "l10n.memberSinceFormat": "{{memberSinceFormat | date:'MMMM yyyy'}} ",
    "l10n.phone": "電話番号",
    "l10n.gamestreamDescription": "お客様のコンピューターが SHIELD 装置までゲームをストリームすることを可能にします",
    "l10n.gamesApps": "ゲーム & アプリケーション：",
    "l10n.optimalPlayableSettings": "最適プレイアブル設定",
    "l10n.gameLocation": "スキャン ロケーション",
    "l10n.remove": "削除",
    "l10n.add": "追加",
    "l10n.somethingWentWrong": "操作に失敗しました。GeForce Experience を再起動してみてください。",
    "l10n.receiveUpdates": "NVIDIA から製品の最新情報やニュースを受け取る",
    "l10n.batteryBoost": "Battery Boost",
    "l10n.batteryBoostDescription": "ゲーム中のバッテリ寿命を延ばす",
    "l10n.maximumFramerate": "最大フレーム レート：",
    "l10n.fps": "FPS",
    "l10n.updateAvatar": "アバターを更新",
    "l10n.chooseAvatarFromGallery": "アバターギャラリーから選択",
    "l10n.update": "更新プログラム",
    "l10n.changeEmailAddress": "メールアドレスを変更する",
    "l10n.thanksEmailUpdated": "メールアドレスを確認いただき、ありがとうございます",
    "l10n.emailUpdatedSuccessfully": "メールアドレスは正しく更新されました",
    "l10n.viewAllGameStreamSupportedGames": "プレイ可能なすべての GameStream のゲームを表示します",
    "l10n.shieldDevices": "SHIELD デバイス",
    "l10n.unableToUpdateSettings": "設定を更新できません",
    "l10n.shieldDevicesRemoved": "SHIELD デバイスが削除されました",
    "l10n.shieldDevicesRemoveFailed": "SHIELD デバイスを削除できません",
    "l10n.yourPasswordChanged": "パスワードが変更されました",
    "l10n.addAdditionalGamesForStreaming": "ストリーミング用に新たなゲームを追加します",
    "l10n.name": "名前",
    "l10n.target": "ターゲット",
    "l10n.startIn": "開始する",
    "l10n.unsupportedFileType": "サポートされていないファイルの種類",
    "l10n.fileNotFound": "ファイルが見つかりません。",
    "l10n.checkInternetConnectivity": "操作に失敗しました。インターネット接続を確認して、GeForce Experience を再起動してみてください。",
    "l10n.tryRestartSystem": "操作に失敗しました。システムを再起動してみてください。",
    "l10n.boxArt": "ボックスアート",
    "l10n.ready": "起動準備完了",
    "l10n.notReady": "起動準備中",
    "l10n.addScanPathFailed": "ロケーションの追加に失敗しました。もう一度お試しください。",
    "l10n.downloads": "ダウンロード",
    "l10n.desktopNotifications": "デスクトップ通知",
    "l10n.driverUpdateAvailable": "GeForce ドライバーのアップデートが可能",
    "l10n.rewardAvailable": "報酬が入手可能",
    "l10n.optimalSettingsUpdated": "最適化の設定が更新されている",
    "l10n.highlightDescription": "このゲームで自動的にキャプチャするハイライトを選択します。",
    "l10n.quietMode": "Whisper Mode",
    "l10n.quietModeDescription": "ゲーム中、プラグインしたラップトップを静かに動作させることができます",
    "l10n.changeGameFrameRate": "WhisperMode でのゲームまたはアプリケーションの最大フレームレートは、NVIDIA コントロールパネルの [3D 設定の管理] ページの [プログラム設定] タブから変更できます",
    "l10n.toastQuietModeIsEnabled": "WhisperMode が有効になっています。カスタマイズ設定されたものを含むすべてのゲームとアプリケーションを最適化しますか？",
    "l10n.toastQuietModeIsDisabled": "WhisperMode が無効になっています。カスタマイズ設定されたものを含むすべてのゲームとアプリケーションを最適化しますか？",
    "l10n.downloadCompleteRestartGfe": "GeForce Experience を再起動して、試験的機能を使用してください。",
    "l10n.ExpFeatureUpdatesEnabled": "試験的機能のアップデートが有効になりました。",
    "l10n.updateIsAvailable": "アップデートが利用可能です。",
    "l10n.noUpdatesAreAvailable": "最新の試験的機能に更新されました。",
    "l10n.downloadFailed": "ダウンロードに失敗しました",
    "l10n.ExpFeatureUpdatesDisabled": "試験的機能のアップデートが無効になりました。",
    "l10n.highlightTitle": "ShadowPlay ハイライト",
    "l10n.weChatQrCode": "WeChat で QR コードをスキャンして、{{clubName}} に参加してください。",
    "l10n.qrCodeScan": "スキャンして {{clubName}} をフォローしてください",
    "l10n.downloadInstallBetaUpdates": "GeForce Experience が試験的機能をダンロードしてインストールする場合があります。",
    "l10n.successfullySubscribed": "{{clubName}}への送信が成功しました。",
    "l10n.qrCodeCouldNotBeLoaded": "QR コードがロードできませんでした。後でもう一度やり直してください。",
    "l10n.qrCodeScanningError": "スキャンできませんでした。",
    "l10n.fetchingQrCode": "QR コードを読み出しています...",
    "l10n.nFanDescription": "おそらく最もクールなゲーマーコミュニティにようこそ：「英伟达GeForce」！エキサイティングなメリットやリワードとともに、最新ゲームに関するヒント、ツール、ニュースを数多く取り揃えています。NFans と一緒に楽しみましょう！",
    "l10n.troubleshootingTips": "トラブルシューティングのヒント",
    "l10n.agreeAndContinue": "同意／続行",
    "l10n.exit": "終了",
    "l10n.dataProtectPromise": "当社はお客様のプライバシーとデータを守ることをお約束します。",
    "l10n.eulaAgreement": "GeForce Experience を使用することにより、<a ng-click=\"preferencesFunctionalDataConsent.showEula()\">エンド ユーザー ライセンス合意書</a>および <a ng-click=\"preferencesFunctionalDataConsent.showPrivacyPolicy()\">NVIDIA プライバシー ポリシー</a>に同意します。",
    "l10n.ledOn": "オン",
    "l10n.ledOff": "オフ",
    "l10n.ledOngpuProperty": "オン (GPU プロパティアラーム)",
    "l10n.ledVisualizer": "LED",
    "l10n.ledNoAnimation": "動画は禁止",
    "l10n.ledBreathing": "ブリージング",
    "l10n.ledFlashing": "フラッシュ中",
    "l10n.ledDualFlashing": "デュアルフラッシュ中",
    "l10n.wave": "ウェーブ",
    "l10n.ripple": "波紋",
    "l10n.ledRandom": "ランダム",
    "l10n.ledAudioFlashing": "オーディオ フラッシュ",
    "l10n.ledAnimationElectric": "電気",
    "l10n.flowIn": "フローイン",
    "l10n.flowOut": "フローアウト",
    "l10n.reverseBreathing": "ブリージングの反転",
    "l10n.multiColor": "マルチカラー",
    "l10n.colorCycle": "カラー サイクル",
    "l10n.ledVariableBrighness": "可変的な明るさ",
    "l10n.ledFixedBrightness": "固定された明るさ",
    "l10n.ledStyleBased": "スタイルベース",
    "l10n.gpuTemparature": "GPU 温度",
    "l10n.gpuUtilization": "GPU 使用率",
    "l10n.gpuClock": "GPU クロック",
    "l10n.gpuFanSpeed": "GPU ファンのスピード",
    "l10n.gpuVoltage": "GPU 電圧",
    "l10n.brightness": "明るさ",
    "l10n.maxBrightness": "最大の明るさ",
    "l10n.brightnessRange": "明るさの範囲",
    "l10n.range": "範囲:",
    "l10n.onSliIsEnabled": "オン (SLI が有効)",
    "l10n.speed": "スピード",
    "l10n.animationSpeed": "動画スピード",
    "l10n.hertzSign": "MHz",
    "l10n.rpmSign": "RPM",
    "l10n.percentageSign": "%",
    "l10n.volateSign": "mV",
    "l10n.centigrateSign": "°C",
    "l10n.effect": "効果",
    "l10n.style": "スタイル",
    "l10n.variation": "バリエーション",
    "l10n.faq": "よくある質問",
    "l10n.syncAll": "すべてを同期",
    "l10n.syncZones": "同期ゾーン",
    "l10n.allLed": "全 LED",
    "l10n.eachLed": "各 LED",
    "l10n.turnLedOn": "LED Visualizer がオン",
    "l10n.turnLedOff": "LED がオフになっています。LED 効果をオンにして設定を適用する。",
    "l10n.ledLighting": "LED ライティング",
    "l10n.zone": "ゾーン{{zoneLocation}}",
    "l10n.mediaFeaturePack": "Windows10用メディア機能パック",
    "l10n.balancedMode": "バランス",
    "l10n.balancedModeDescription": "パフォーマンスとノイズのバランス。",
    "l10n.perfModeDescription": "最高のゲームを実現する最高レベル パフォーマンス モード、ファンのノイズは大きくなります。",
    "l10n.whisperModeDescription": "ファンのノイズを低減しながらゲームのパフォーマンスを高く保ちたい場合。",
    "l10n.performanceModeDescription": "ゲームまたはアプリケーションのパフォーマンスを最適化します",
    "l10n.toastPerfModeIsEnabled": "パフォーマンスモードが有効になっています。カスタマイズ設定されたものを含むすべてのゲームとアプリケーションを最適化します。",
    "l10n.toastBalanceModeIsEnabled": "バランスモードが有効になっています。カスタマイズ設定されたものを含むすべてのゲームとアプリケーションを最適化します。",
    "l10n.quiteMode2Description": "AC 電源でのゲーム時はラップトップのパフォーマンスとファンボリュームのバランスをとります",
    "l10n.baseFrameRate": "最小フレームレートターゲット",
    "l10n.fanVolume": "ファンボリューム",
    "l10n.quiet": "静音",
    "l10n.quieter": "はるかに静音",
    "l10n.quietMode2": "WhisperMode 2.0",
    "l10n.nis": "イメージ スケーリング",
    "l10n.optimizedResolution": "レンダリング解像度",
    "l10n.sharpen": "鮮鋭化",
    "l10n.toastNISStateIsEnabled": "イメージ スケーリングが有効になっています。カスタマイズ設定されたものを含むすべてのゲームとアプリケーションを最適化しますか？",
    "l10n.toastNISIsDisabled": "イメージ スケーリングが無効になっています。カスタマイズ設定されたものを含むすべてのゲームとアプリケーションを最適化しますか？",
    "l10n.nisDescription": "GPU スケーリングと鮮鋭化を使用するゲームとアプリケーションを最適化するために、フレームレートを向上させます。",
    "l10n.batteryBoost2": "Battery Boost2.0",
    "l10n.batteryBoostDescription2": "ゲーム中にバッテリー寿命を自動で延長"
}
