{
    "l10n.general": "일반",
    "l10n.friendsAndGroups": "친구 및 그룹",
    "l10n.driverUpdates": "드라이버 업데이트",
    "l10n.clientBetaUpdate": "실험적인 기능 허용. GeForce Experience 업데이트가 필요합니다.",
    "l10n.automaticallyDownloadDriver": "자동으로 드라이버 업데이트를 다운로드한 후 설치 시기 선택 허용",
    "l10n.notifyMe": "알림 시기:",
    "l10n.faqPolicy": "FAQ 및 데이터 수집 정책",
    "l10n.supportedGames": "지원되는 게임 및 앱",
    "l10n.licenseAggrement": "라이선스 계약",
    "l10n.releaseHighlights": "하이라이트 릴리스",
    "l10n.nvidiaRightReserved": "© 2016-2022 NVIDIA Corporation, All rights reserved.",
    "l10n.about": "정보",
    "l10n.betaUpdates": "베타 업데이트",
    "l10n.getAccessToGeforceSoftware": "일반 공개 전에 GeForce 소프트웨어에 액세스하기. 피드백을 주셔서 감사합니다.",
    "l10n.geforceExperience": "GeForce Experience",
    "l10n.geforceDriver": "GeForce 드라이버",
    "l10n.language": "언어",
    "l10n.nvidiaGeforceExperience": "NVIDIA® GeForce® Experience™",
    "l10n.switchToGfeClassic": "GeForce Experience Classic으로 전환",
    "l10n.beta": "Beta",
    "l10n.nvidiaNewsletter": "Nvidia 뉴스레터",
    "l10n.licenseTitle": "NVIDIA 소프트웨어 고객 사용 라이선스",
    "l10n.profile": "프로파일",
    "l10n.avatar": "아바타",
    "l10n.driverVersion": "드라이버 버전",
    "l10n.RAM": "RAM",
    "l10n.hz": "Hz",
    "l10n.myRig": "내 리그",
    "l10n.securityAndPrivacy": "보안 및 개인정보",
    "l10n.passwordChangedDate": "{{passwordChangedDate | date:'dd MMMM yyyy'}}에 마지막으로 변경됨",
    "l10n.rememberUser": "이 PC에 사용자 이름 저장",
    "l10n.linkedAccounts": "링크된 계정({{linkedAccountsCount}})",
    "l10n.link": "링크",
    "l10n.deviceManagement": "장치 관리",
    "l10n.removeAllDevices": "모든 장치 제거",
    "l10n.features": "기능",
    "l10n.viewSystemRequirements": "전체 시스템 권장 사양 보기",
    "l10n.gameScan": "게임 또는 앱 스캔",
    "l10n.scanNow": "지금 스캔",
    "l10n.gamesFound": "게임 및 앱 검색됨",
    "l10n.viewSupportedGames": "지원되는 게임 및 앱 보기",
    "l10n.lastChecked": "마지막 확인",
    "l10n.shareDescription": "즉시 재생, 수동 녹화, Gamestream 원격 플레이 및 방송 허용",
    "l10n.changePassword": "암호 변경",
    "l10n.newPassword": "새 암호",
    "l10n.passwordDoesNotMatch": "암호가 일치하지 않습니다.",
    "l10n.personalInformation": "개인 정보",
    "l10n.changePersonalInformation": "개인 정보 변경",
    "l10n.email": "이메일",
    "l10n.useThisEmailToLogin": "이 이메일 주소를 사용하여 로그인",
    "l10n.birthday": "생일",
    "l10n.birthdayFormat": "{{birthdayFormat | date:'dd MMMM yyyy'}}",
    "l10n.memberSinceFormat": "{{memberSinceFormat | date:'MMMM yyyy'}} ",
    "l10n.phone": "전화",
    "l10n.gamestreamDescription": "이 PC에서 SHIELD 장치로의 게임 스트리밍 허용",
    "l10n.gamesApps": "게임 & 앱:",
    "l10n.optimalPlayableSettings": "최적 재생 설정",
    "l10n.gameLocation": "스캔 위치",
    "l10n.remove": "제거",
    "l10n.add": "추가",
    "l10n.somethingWentWrong": "오류가 발생했습니다. GeForce Experience를 다시 시작하십시오.",
    "l10n.receiveUpdates": "NVIDIA의 제품 업데이트 및 뉴스 수신",
    "l10n.batteryBoost": "Battery Boost",
    "l10n.batteryBoostDescription": "게임을 하는 동안 배터리 수명을 연장합니다.",
    "l10n.maximumFramerate": "최대 프레임 속도:",
    "l10n.fps": "FPS",
    "l10n.updateAvatar": "아바타 업데이트",
    "l10n.chooseAvatarFromGallery": "아바타 갤러리에서 선택",
    "l10n.update": "업데이트",
    "l10n.changeEmailAddress": "이메일 주소 변경",
    "l10n.thanksEmailUpdated": "이메일 주소를 확인해 주셔서 감사합니다.",
    "l10n.emailUpdatedSuccessfully": "이메일이 성공적으로 업데이트되었습니다.",
    "l10n.viewAllGameStreamSupportedGames": "모든 GameStream 가능 게임 보기",
    "l10n.shieldDevices": "SHIELD 장치",
    "l10n.unableToUpdateSettings": "설정을 업데이트할 수 없음",
    "l10n.shieldDevicesRemoved": "SHIELD 장치 제거됨",
    "l10n.shieldDevicesRemoveFailed": "SHIELD 장치를 제거할 수 없음",
    "l10n.yourPasswordChanged": "암호 변경됨",
    "l10n.addAdditionalGamesForStreaming": "스트리밍할 추가 게임을 추가하십시오.",
    "l10n.name": "이름",
    "l10n.target": "대상",
    "l10n.startIn": "시작",
    "l10n.unsupportedFileType": "지원되지 않은 파일 유형",
    "l10n.fileNotFound": "파일을 찾을 수 없습니다.",
    "l10n.checkInternetConnectivity": "오류가 발생했습니다. 인터넷 연결을 확인한 후 GeForce Experience를 다시 시작하십시오.",
    "l10n.tryRestartSystem": "오류가 발생했습니다. 시스템을 다시 시작하십시오.",
    "l10n.boxArt": "박스 아트",
    "l10n.ready": "준비됨",
    "l10n.notReady": "준비되지 않음",
    "l10n.addScanPathFailed": "위치를 추가하지 못했습니다. 다시 시도하십시오.",
    "l10n.downloads": "다운로드",
    "l10n.desktopNotifications": "데스크탑 알림",
    "l10n.driverUpdateAvailable": "GeForce 드라이버 업데이트 가능",
    "l10n.rewardAvailable": "리워드 사용 가능",
    "l10n.optimalSettingsUpdated": "최적의 설정으로 업데이트되었습니다.",
    "l10n.highlightDescription": "이 게임에서 자동 캡쳐할 하이라이트를 선택합니다.",
    "l10n.quietMode": "Whisper Mode",
    "l10n.quietModeDescription": "게임을 실행하는 동안 연결된 랩톱의 소음을 줄입니다.",
    "l10n.changeGameFrameRate": "WhisperMode 내 게임이나 앱의 최대 프레임 속도는 NVIDIA 제어판 페이지의 '3D 설정 관리'의 '프로그램 설정' 탭에서 변경할 수 있습니다",
    "l10n.toastQuietModeIsEnabled": "WhisperMode가 활성화되었습니다. 사용자 정의 설정 게임을 비롯한 모든 게임 및 앱을 최적화하시겠습니까?",
    "l10n.toastQuietModeIsDisabled": "WhisperMode가 비활성화되었습니다. 사용자 정의 설정 게임을 비롯한 모든 게임 및 앱을 최적화하시겠습니까?",
    "l10n.downloadCompleteRestartGfe": "GeForce Experience를 다시 시작하여 실험적 기능을 사용하십시오.",
    "l10n.ExpFeatureUpdatesEnabled": "실험적 기능 업데이트가 활성화되었습니다.",
    "l10n.updateIsAvailable": "업데이트 사용 가능.",
    "l10n.noUpdatesAreAvailable": "실험적 기능이 최신 버전입니다.",
    "l10n.downloadFailed": "다운로드 실패",
    "l10n.ExpFeatureUpdatesDisabled": "실험적 기능 업데이트가 비활성화되었습니다.",
    "l10n.highlightTitle": "ShadowPlay 하이라이트",
    "l10n.weChatQrCode": "WeChat으로 QR 코드를 스캔하여 {{clubName}}에 가입",
    "l10n.qrCodeScan": "스캔하여 {{clubName}}(을)를 팔로우",
    "l10n.downloadInstallBetaUpdates": "GeForce Experience가 실험적 기능 업데이트를 다운로드 및 설치할 수 있습니다.",
    "l10n.successfullySubscribed": "{{clubName}} 구독 완료",
    "l10n.qrCodeCouldNotBeLoaded": "QR 코드를 로드할 수 없습니다. 나중에 다시 시도하십시오.",
    "l10n.qrCodeScanningError": "스캔 실패.",
    "l10n.fetchingQrCode": "QR 코드 가져오는 중...",
    "l10n.nFanDescription": "가장 멋진 게이머 커뮤니티, '英伟达GeForce'에 오신것을 환영합니다!  멋진 혜택과 보상이 함께하는 최신 타이틀 뉴스와 게임 팁, 도구가 가득합니다. NFan 여러분, 채널 고정해주세요!",
    "l10n.troubleshootingTips": "문제 해결 팁",
    "l10n.agreeAndContinue": "동의 및 계속",
    "l10n.exit": "종료",
    "l10n.dataProtectPromise": "사용자의 개인정보 및 데이터 보호를 약속합니다.",
    "l10n.eulaAgreement": "GeForce Experience를 사용하는 것은 <a ng-click=\"preferencesFunctionalDataConsent.showEula()\">최종 사용자 라이센스 계약</a> 및 <a ng-click=\"preferencesFunctionalDataConsent.showPrivacyPolicy()\">NVIDIA 개인정보 보호 정책</a>에 동의하는 것입니다.",
    "l10n.ledOn": "켜기",
    "l10n.ledOff": "끄기",
    "l10n.ledOngpuProperty": "켜기(GPU 등록 정보 알람)",
    "l10n.ledVisualizer": "LED",
    "l10n.ledNoAnimation": "애니메이션 없음",
    "l10n.ledBreathing": "브리딩",
    "l10n.ledFlashing": "플래싱",
    "l10n.ledDualFlashing": "듀얼 플래싱",
    "l10n.wave": "웨이브",
    "l10n.ripple": "잔물결",
    "l10n.ledRandom": "임의",
    "l10n.ledAudioFlashing": "오디오 플래시",
    "l10n.ledAnimationElectric": "전기",
    "l10n.flowIn": "플로우 인",
    "l10n.flowOut": "플로우 아웃",
    "l10n.reverseBreathing": "역방향 브리딩",
    "l10n.multiColor": "멀티컬러",
    "l10n.colorCycle": "컬러 사이클",
    "l10n.ledVariableBrighness": "가변 밝기",
    "l10n.ledFixedBrightness": "고정 밝기",
    "l10n.ledStyleBased": "스타일 기준",
    "l10n.gpuTemparature": "GPU 온도",
    "l10n.gpuUtilization": "GPU 사용률",
    "l10n.gpuClock": "GPU 클럭",
    "l10n.gpuFanSpeed": "GPU 팬 속도",
    "l10n.gpuVoltage": "GPU 전압",
    "l10n.brightness": "밝기",
    "l10n.maxBrightness": "최대 밝기",
    "l10n.brightnessRange": "밝기 범위",
    "l10n.range": "범위",
    "l10n.onSliIsEnabled": "켜기(SLI가 활성화됨)",
    "l10n.speed": "속도",
    "l10n.animationSpeed": "애니메이션 속도",
    "l10n.hertzSign": "MHz",
    "l10n.rpmSign": "RPM",
    "l10n.percentageSign": "%",
    "l10n.volateSign": "mV",
    "l10n.centigrateSign": "°C",
    "l10n.effect": "효과",
    "l10n.style": "스타일",
    "l10n.variation": "변형",
    "l10n.faq": "자주 묻는 질문(FAQ)",
    "l10n.syncAll": "모두 동기화",
    "l10n.syncZones": "동기화 구역",
    "l10n.allLed": "전체 LED",
    "l10n.eachLed": "개별 LED",
    "l10n.turnLedOn": "LED Visualizer 시각화 도우미",
    "l10n.turnLedOff": "LED 꺼짐. LED 효과를 켜서 설정 적용.",
    "l10n.ledLighting": "LED 조명",
    "l10n.zone": "구역{{zoneLocation}}",
    "l10n.mediaFeaturePack": "Windows 10 미디어 기능팩",
    "l10n.balancedMode": "밸런스",
    "l10n.balancedModeDescription": "성능과 소리의 밸런스.",
    "l10n.perfModeDescription": "최고의 게이밍을 위한 최고 성능 모드, 팬 소음 증가.",
    "l10n.whisperModeDescription": "팬 소음 감소, 양호한 게이밍 성능.",
    "l10n.performanceModeDescription": "게임 및 앱 성능 최적화",
    "l10n.toastPerfModeIsEnabled": "성능 모드가 활성화되었습니다. 사용자 정의 설정 게임을 비롯한 모든 게임 및 앱을 최적화합니다.",
    "l10n.toastBalanceModeIsEnabled": "밸런스 모드가 활성화되었습니다. 사용자 정의 설정 게임을 비롯한 모든 게임 및 앱을 최적화합니다.",
    "l10n.quiteMode2Description": "AC 전원으로 게임 중 랩톱 성능과 팬 음량 밸런스를 조정",
    "l10n.baseFrameRate": "목표 프레임 속도를 최소화",
    "l10n.fanVolume": "팬 음량",
    "l10n.quiet": "조용히",
    "l10n.quieter": "더 조용히",
    "l10n.quietMode2": "WhisperMode 2.0",
    "l10n.nis": "이미지 스케일링",
    "l10n.optimizedResolution": "렌더링 해상도",
    "l10n.sharpen": "선명화",
    "l10n.toastNISStateIsEnabled": "이미지 스케일링이 활성화되었습니다. 사용자 정의 설정 게임을 비롯한 모든 게임 및 앱을 최적화하시겠습니까?",
    "l10n.toastNISIsDisabled": "이미지 스케일링이 비활성화되었습니다. 사용자 정의 설정 게임을 비롯한 모든 게임 및 앱을 최적화하시겠습니까?",
    "l10n.nisDescription": "GPU 스케일링 및 선명화로 최적화된 게임 및 앱에 대한 프레임 속도 부스트",
    "l10n.batteryBoost2": "Battery Boost 2.0",
    "l10n.batteryBoostDescription2": "게임 시 자동으로 배터리 수명을 연장"
}
