{
    "l10n.general": "Generelt",
    "l10n.friendsAndGroups": "Venner og grupper",
    "l10n.driverUpdates": "Driveroppdateringer",
    "l10n.clientBetaUpdate": "Aktiver eksperimentelle funksjoner. Det kan være nødvedig å oppdater GeForce Experience.",
    "l10n.automaticallyDownloadDriver": "Last ned driveroppdateringer automatisk, og la meg velge når de skal installeres",
    "l10n.notifyMe": "Underrett meg når:",
    "l10n.faqPolicy": "Vanlige spørsmål og retningslinjer for datainnsamling",
    "l10n.supportedGames": "Støttede spill og applikasjoner",
    "l10n.licenseAggrement": "Lisensavtale",
    "l10n.releaseHighlights": "Hovedpunkter i versjonen",
    "l10n.nvidiaRightReserved": "© 2016-2022 NVIDIA Corporation, med enerett.",
    "l10n.about": "Om",
    "l10n.betaUpdates": "Betaoppdateringer",
    "l10n.getAccessToGeforceSoftware": "Få tilgang til GeForce-programvaren før offentlig utgivelse. Vi setter pris på alle tilbakemeldinger.",
    "l10n.geforceExperience": "GeForce Experience",
    "l10n.geforceDriver": "GeForce-driver",
    "l10n.language": "Språk",
    "l10n.nvidiaGeforceExperience": "NVIDIA® GeForce® Experience™",
    "l10n.switchToGfeClassic": "Bytt til GFE Classic",
    "l10n.beta": "Beta",
    "l10n.nvidiaNewsletter": "Nyhetsbrev fra Nvidia",
    "l10n.licenseTitle": "LISENS TIL KUNDE FOR Å BRUKE NVIDIA-PROGRAMVARE",
    "l10n.profile": "Profil",
    "l10n.avatar": "Avatar",
    "l10n.driverVersion": "Driverversjon",
    "l10n.RAM": "RAM",
    "l10n.hz": "Hz",
    "l10n.myRig": "MITT UTSTYR",
    "l10n.securityAndPrivacy": "Sikkerhet og personvern",
    "l10n.passwordChangedDate": "Sist endret {{passwordChangedDate | date:'dd MMMM yyyy'}}",
    "l10n.rememberUser": "Husk meg på denne datamaskinen",
    "l10n.linkedAccounts": "Sammenkoblede kontoer ({{linkedAccountsCount}})",
    "l10n.link": "koble sammen",
    "l10n.deviceManagement": "Enhetsstyring",
    "l10n.removeAllDevices": "Fjern alle enheter",
    "l10n.features": "Funksjoner",
    "l10n.viewSystemRequirements": "Vise fullstendige systemkrav",
    "l10n.gameScan": "Skanning etter spill eller applikasjon",
    "l10n.scanNow": "Skann nå",
    "l10n.gamesFound": "SPILL OG APPLIKASJONER FUNNET",
    "l10n.viewSupportedGames": "Vis støttede spill og applikasjoner",
    "l10n.lastChecked": "Siste sjekk",
    "l10n.shareDescription": "Tillater Øyeblikkelig reprise, Manuelt opptak, Gamestream flerspiller og Kringkasting",
    "l10n.changePassword": "Endre passord",
    "l10n.newPassword": "Nytt passord",
    "l10n.passwordDoesNotMatch": "Passordene må være like",
    "l10n.personalInformation": "Personopplysninger",
    "l10n.changePersonalInformation": "Endre personopplysninger",
    "l10n.email": "E-post",
    "l10n.useThisEmailToLogin": "Bruk denne e-postadressen til innlogging",
    "l10n.birthday": "Fødselsdag",
    "l10n.birthdayFormat": "{{birthdayFormat | date:'dd MMMM yyyy'}}",
    "l10n.memberSinceFormat": "{{memberSinceFormat | date:'MMMM yyyy'}} ",
    "l10n.phone": "Telefon",
    "l10n.gamestreamDescription": "Gjør det mulig for PC-en din å streame spill til SHIELD-enheter",
    "l10n.gamesApps": "Spill og apper:",
    "l10n.optimalPlayableSettings": "Optimale spillbare innstillinger",
    "l10n.gameLocation": "Passering for skanning",
    "l10n.remove": "Fjern",
    "l10n.add": "Legg til",
    "l10n.somethingWentWrong": "Det gikk ikke. Prøv å starte GeForce Experience på nytt.",
    "l10n.receiveUpdates": "Motta produktoppdateringer og nyheter fra NVIDIA",
    "l10n.batteryBoost": "Battery Boost",
    "l10n.batteryBoostDescription": "Forleng batteriets levetid under spilling",
    "l10n.maximumFramerate": "Maksimal bildefrekvens:",
    "l10n.fps": "BPS",
    "l10n.updateAvatar": "Oppdater avatar",
    "l10n.chooseAvatarFromGallery": "Velg fra avatargalleriet",
    "l10n.update": "Oppdater",
    "l10n.changeEmailAddress": "Endre e-postadresse",
    "l10n.thanksEmailUpdated": "Takk for at du bekreftet e-postadressen din",
    "l10n.emailUpdatedSuccessfully": "E-post oppdatert",
    "l10n.viewAllGameStreamSupportedGames": "Vis alle GameStream-klare spill",
    "l10n.shieldDevices": "SHIELD-ENHETER",
    "l10n.unableToUpdateSettings": "Kan ikke oppdatere innstillinger",
    "l10n.shieldDevicesRemoved": "SHIELD-enheter fjernet",
    "l10n.shieldDevicesRemoveFailed": "Kan ikke fjerne SHIELD-enheter",
    "l10n.yourPasswordChanged": "Passordet ditt er endret",
    "l10n.addAdditionalGamesForStreaming": "Legg til flere spill for streaming.",
    "l10n.name": "Navn",
    "l10n.target": "Mål",
    "l10n.startIn": "Start i",
    "l10n.unsupportedFileType": "Filtypen støttes ikke",
    "l10n.fileNotFound": "Finner ikke filen",
    "l10n.checkInternetConnectivity": "Det gikk ikke. Kontroller forbindelsen til Internett og prøv å starte GeForce Experience på nytt.",
    "l10n.tryRestartSystem": "Det gikk ikke. Prøv å starte systemet på nytt.",
    "l10n.boxArt": "Bokstype",
    "l10n.ready": "Klar",
    "l10n.notReady": "Ikke klar",
    "l10n.addScanPathFailed": "Kunne ikke legge til plassering, prøv igjen.",
    "l10n.downloads": "Nedlastinger:",
    "l10n.desktopNotifications": "Varsler",
    "l10n.driverUpdateAvailable": "GeForce-driveroppdatering er tilgjengelig",
    "l10n.rewardAvailable": "Belønning er tilgjengelig",
    "l10n.optimalSettingsUpdated": "Optilmale instillinger er oppdatert",
    "l10n.highlightDescription": "Velg hvilke høydepunkter som skal tas opp automatisk for dette spillet.",
    "l10n.quietMode": "Whisper Mode",
    "l10n.quietModeDescription": "Får din tilkoblede bærbare PC til å kjøre stillere under spill",
    "l10n.changeGameFrameRate": "Maksimal bildefrekvens på et spill eller en applikasjon i WhisperMode kan endres fra fanen 'Programinnstillinger' på siden 'Administrer 3D-innstillinger' i NVIDIA kontrollpanel",
    "l10n.toastQuietModeIsEnabled": "WhisperMode er aktivert. Optimalisere alle spill og applikasjoner, inkludert de med tilpassede innstillinger?",
    "l10n.toastQuietModeIsDisabled": "WhisperMode er deaktivert. Optimalisere alle spill og applikasjoner, inkludert de med tilpassede innstillinger?",
    "l10n.downloadCompleteRestartGfe": "Start GeForce Experience på nytt for å bruke eksperimentelle funksjoner.",
    "l10n.ExpFeatureUpdatesEnabled": "Eksperimentell funksjon-oppdateringer er aktiverte.",
    "l10n.updateIsAvailable": "Oppdatering er tilgjengelig.",
    "l10n.noUpdatesAreAvailable": "Du har de nyeste eksperimentell funksjon-oppdateringene.",
    "l10n.downloadFailed": "Nedlasting mislyktes",
    "l10n.ExpFeatureUpdatesDisabled": "Eksperimentell funksjon-oppdateringer er deaktiverte.",
    "l10n.highlightTitle": "ShadowPlay-høydepunkter",
    "l10n.weChatQrCode": "Skann QR-kode med WeChat for å følge {{clubName}}",
    "l10n.qrCodeScan": "Skann for å følge {{clubName}}",
    "l10n.downloadInstallBetaUpdates": "La GeForce Experience til å hente og laste ned oppdateringer for eksperimentelle funksjoner.",
    "l10n.successfullySubscribed": "Du abonnerer nå på {{clubName}}",
    "l10n.qrCodeCouldNotBeLoaded": "QR-kode kunne ikke lastes. Prøv på nytt senere.",
    "l10n.qrCodeScanningError": "Skanning mislyktes.",
    "l10n.fetchingQrCode": "Henter QR-kode ...",
    "l10n.nFanDescription": "Velkommen til det som muligens er et av de kuleste spiller-samfunnene: ‘英伟达GeForce’!  Vi har tonnevis av spilletips, verktøy og nyheter om de nyeste titlene med spennende fordeler og belønninger. Følg med på oss, NFans!",
    "l10n.troubleshootingTips": "Feilsøkingstips",
    "l10n.agreeAndContinue": "GODTA OG FORTSETT",
    "l10n.exit": "AVSLUTT",
    "l10n.dataProtectPromise": "Vi lover å beskytte ditt personvern og dine data",
    "l10n.eulaAgreement": "Ved å bruke GeForce Experience, samtykker du til <a ng-click=\"preferencesFunctionalDataConsent.showEula()\">Sluttbrukerlisensavtalen</a> og <a ng-click=\"preferencesFunctionalDataConsent.showPrivacyPolicy()\">NVIDIAs retningslinjer for personvern.</a>",
    "l10n.ledOn": "På",
    "l10n.ledOff": "Av",
    "l10n.ledOngpuProperty": "På (alarm for grafikkprosessoregenskap)",
    "l10n.ledVisualizer": "LED",
    "l10n.ledNoAnimation": "Ingen animasjon",
    "l10n.ledBreathing": "Puster",
    "l10n.ledFlashing": "Blinker",
    "l10n.ledDualFlashing": "Blinker dobbelt",
    "l10n.wave": "Bølge",
    "l10n.ripple": "Krusning",
    "l10n.ledRandom": "Tilfeldig",
    "l10n.ledAudioFlashing": "Lydblinking",
    "l10n.ledAnimationElectric": "Elektrisk",
    "l10n.flowIn": "Flyter inn",
    "l10n.flowOut": "Flyter ut",
    "l10n.reverseBreathing": "Omvendt pusting",
    "l10n.multiColor": "Flerfarge",
    "l10n.colorCycle": "Fargesyklus",
    "l10n.ledVariableBrighness": "Variabel lysstyrke",
    "l10n.ledFixedBrightness": "Fast lysstyrke",
    "l10n.ledStyleBased": "Stilbasert",
    "l10n.gpuTemparature": "Temperatur i grafikkprosessor",
    "l10n.gpuUtilization": "Utnyttelse av grafikkprosessor",
    "l10n.gpuClock": "Grafikkprosessorklokke",
    "l10n.gpuFanSpeed": "Viftehastighet på grafikkprosessor",
    "l10n.gpuVoltage": "Grafikkprosessorspenning",
    "l10n.brightness": "Lysstyrke",
    "l10n.maxBrightness": "Maks. lysstyrke",
    "l10n.brightnessRange": "Lysstyrkeområde",
    "l10n.range": "Område",
    "l10n.onSliIsEnabled": "På (SLI er aktivert)",
    "l10n.speed": "hastighet",
    "l10n.animationSpeed": "Animasjonshastighet",
    "l10n.hertzSign": "MHz",
    "l10n.rpmSign": "OPM",
    "l10n.percentageSign": "%",
    "l10n.volateSign": "mV",
    "l10n.centigrateSign": "°C",
    "l10n.effect": "Effekt",
    "l10n.style": "Stil",
    "l10n.variation": "Variasjon",
    "l10n.faq": "Ofte stilte spørsmål",
    "l10n.syncAll": "Synkroniser alt",
    "l10n.syncZones": "Synkroniser soner",
    "l10n.allLed": "Alle LED",
    "l10n.eachLed": "Hver LED",
    "l10n.turnLedOn": "LED Visualizer er PÅ",
    "l10n.turnLedOff": "LED er AV. Skru på LED-effekt for å bruke innstillingene.",
    "l10n.ledLighting": "LED-belysning",
    "l10n.zone": "Sone {{zoneLocation}}",
    "l10n.mediaFeaturePack": "Mediafunksjonspakke for Windows 10",
    "l10n.balancedMode": "Balansert",
    "l10n.balancedModeDescription": "Balanse mellom ytelse og akustikk.",
    "l10n.perfModeDescription": "Høyeste ytelse-modus for beste spilling, med økning i viftestøy.",
    "l10n.whisperModeDescription": "Redusert viftestøy med god spillytelse.",
    "l10n.performanceModeDescription": "Optimaliser ytelse for spill eller applikasjon",
    "l10n.toastPerfModeIsEnabled": "Ytelsesmodus er aktivert. Optimalisere alle spill og applikasjoner, inkludert de med tilpassede innstillinger.",
    "l10n.toastBalanceModeIsEnabled": "Balansert modus er aktivert. Optimalisere alle spill og applikasjoner, inkludert de med tilpassede innstillinger.",
    "l10n.quiteMode2Description": "Balanser laptopens ytelse og viftevolum mens du spiller på vekselstrøm",
    "l10n.baseFrameRate": "Minimum bildefrekvensmål",
    "l10n.fanVolume": "Viftevolum",
    "l10n.quiet": "Stille",
    "l10n.quieter": "Mer stille",
    "l10n.quietMode2": "WhisperMode 2.0",
    "l10n.nis": "Bildeskalering",
    "l10n.optimizedResolution": "Gjengivelsesoppløsning",
    "l10n.sharpen": "Gjør skarpere",
    "l10n.toastNISStateIsEnabled": "Bildeskalering er aktivert. Optimalisere alle spill og applikasjoner, inkludert de med tilpassede innstillinger?",
    "l10n.toastNISIsDisabled": "Bildeskalering er deaktivert. Optimalisere alle spill og applikasjoner, inkludert de med tilpassede innstillinger?",
    "l10n.nisDescription": "Øke bildefrekvens for å optimalisere spill og applikasjoner ved hjelp av GPU skalering og skarphet",
    "l10n.batteryBoost2": "Battery Boost 2.0",
    "l10n.batteryBoostDescription2": "Utvid batteriets levetid automatisk under spilling"
}
