{
    "l10n.general": "Splošno",
    "l10n.friendsAndGroups": "Prijatelji in skupine",
    "l10n.driverUpdates": "Posodobitve za gonilnike",
    "l10n.clientBetaUpdate": "Omogočite eksperimentalne funkcije. Potrebna je posodobitev za GeForce Experience.",
    "l10n.automaticallyDownloadDriver": "Samodejno prenesi posodobitve za gonilnik in mi dovoli izbrati, kdaj jih namestim",
    "l10n.notifyMe": "Obvesti me, ko:",
    "l10n.faqPolicy": "Pogosto postavljena vprašanja in pravilnik o zbiranju podatkov",
    "l10n.supportedGames": "Podprte igre in aplikacije",
    "l10n.licenseAggrement": "Licenčna pogodba",
    "l10n.releaseHighlights": "Sprostite oznake",
    "l10n.nvidiaRightReserved": "© 2016-2022 NVIDIA Corporation. Vse pravice pridržane.",
    "l10n.about": "Vizitka",
    "l10n.betaUpdates": "Beta posodobitve",
    "l10n.getAccessToGeforceSoftware": "Pridobi dostop do programske opreme GeForce pred javno izdajo. Cenimo vaše povratne informacije.",
    "l10n.geforceExperience": "GeForce Experience",
    "l10n.geforceDriver": "Gonilnik GeForce",
    "l10n.language": "Jezik",
    "l10n.nvidiaGeforceExperience": "NVIDIA® GeForce® Experience™",
    "l10n.switchToGfeClassic": "Preklopi v GFE Classic",
    "l10n.beta": "Beta",
    "l10n.nvidiaNewsletter": "Nvidia glasilo",
    "l10n.licenseTitle": "LICENCA ZA STRANKINO UPORABO NVIDIA PROGRAMSKE OPREME",
    "l10n.profile": "Profil",
    "l10n.avatar": "Avatar",
    "l10n.driverVersion": "Različica gonilnika",
    "l10n.RAM": "RAM",
    "l10n.hz": "Hz",
    "l10n.myRig": "MOJ STROJ",
    "l10n.securityAndPrivacy": "Varnost in zasebnost",
    "l10n.passwordChangedDate": "Nazadnje spremenjeno {{passwordChangedDate | date:'dd MMMM yyyy'}}",
    "l10n.rememberUser": "Zapomni si me na tem računalniku",
    "l10n.linkedAccounts": "Povezani računi ({{linkedAccountsCount}})",
    "l10n.link": "povezava",
    "l10n.deviceManagement": "Upravljanje naprave",
    "l10n.removeAllDevices": "Odstranite vse naprave",
    "l10n.features": "Funkcije",
    "l10n.viewSystemRequirements": "Ogled vseh zahtev za sistem",
    "l10n.gameScan": "Iskanje igre ali aplikacije",
    "l10n.scanNow": "Preleti zdaj",
    "l10n.gamesFound": "IGRE IN APLIKACIJE SO BILE NAJDENE",
    "l10n.viewSupportedGames": "Ogled podprtih iger in aplikacij",
    "l10n.lastChecked": "Zadnje preverjanje",
    "l10n.shareDescription": "Omogoči neposredno ponovitev, ročno snemanje, Gamestream Co-op in predvajanje",
    "l10n.changePassword": "Spremeni geslo",
    "l10n.newPassword": "Novo geslo",
    "l10n.passwordDoesNotMatch": "Gesli se ne ujemata",
    "l10n.personalInformation": "Osebne informacije",
    "l10n.changePersonalInformation": "Spremeni osebne informacije",
    "l10n.email": "E-pošta",
    "l10n.useThisEmailToLogin": "Uporabite ta e-poštni naslov za prijavo",
    "l10n.birthday": "Rojstni dan",
    "l10n.birthdayFormat": "{{birthdayFormat | date:'dd MMMM yyyy'}}",
    "l10n.memberSinceFormat": "{{memberSinceFormat | date:'MMMM yyyy'}} ",
    "l10n.phone": "Telefon",
    "l10n.gamestreamDescription": "Omogoči vašemu računalniku, da predvaja igre v naprave SHIELD",
    "l10n.gamesApps": "Igre in aplikacije:",
    "l10n.optimalPlayableSettings": "Optimalne nastavitve za igranje",
    "l10n.gameLocation": "Lokacija preleta",
    "l10n.remove": "Odstrani",
    "l10n.add": "Dodaj",
    "l10n.somethingWentWrong": "To ni delovalo. Poizkusite ponovno zagnati GeForce Experience.",
    "l10n.receiveUpdates": "Prejmite posodobitve za izdelek in novice od podjetja NVIDIA",
    "l10n.batteryBoost": "Battery Boost",
    "l10n.batteryBoostDescription": "Podaljšajte življenjsko dobo baterije med igro",
    "l10n.maximumFramerate": "Največja dovoljena hitrost sličic:",
    "l10n.fps": "Slike/sek.",
    "l10n.updateAvatar": "Posodobi avatar",
    "l10n.chooseAvatarFromGallery": "Izberite iz galerije avatarjev",
    "l10n.update": "Posodobi",
    "l10n.changeEmailAddress": "Neveljaven e-poštni naslov",
    "l10n.thanksEmailUpdated": "Hvala, da ste preverili svoj e-poštni naslov",
    "l10n.emailUpdatedSuccessfully": "E-poštni naslov uspešno posodobljen",
    "l10n.viewAllGameStreamSupportedGames": "Ogled vseh iger, pripravljenih za GameStream",
    "l10n.shieldDevices": "NAPRAVE SHIELD",
    "l10n.unableToUpdateSettings": "Ni mogoče posodobiti nastavitev",
    "l10n.shieldDevicesRemoved": "Naprave SHIELD odstranjene",
    "l10n.shieldDevicesRemoveFailed": "Ni mogoče odstraniti naprav SHIELD",
    "l10n.yourPasswordChanged": "Vaše geslo je bilo spremenjeno",
    "l10n.addAdditionalGamesForStreaming": "Dodajte dodatne igre za predvajanje",
    "l10n.name": "Ime",
    "l10n.target": "Cilj",
    "l10n.startIn": "Začni pri",
    "l10n.unsupportedFileType": "Nepodprta vrsta datoteke",
    "l10n.fileNotFound": "Datoteke ni bilo mogoče najti",
    "l10n.checkInternetConnectivity": "To ni delovalo. Preverite svojo povezavo z Internetom in poizkusite ponovno zagnati GeForce Experience.",
    "l10n.tryRestartSystem": "To ni delovalo. Poizkusite ponovno zagnati svoj sistem.",
    "l10n.boxArt": "Naslovna slika",
    "l10n.ready": "Pripravljen",
    "l10n.notReady": "Ni pripravljen",
    "l10n.addScanPathFailed": "Dodajanje lokacije ni uspelo, poizkusite znova.",
    "l10n.downloads": "Prenosi",
    "l10n.desktopNotifications": "Obvestila na namizju",
    "l10n.driverUpdateAvailable": "Na voljo je posodobitev GeForce gonilnika",
    "l10n.rewardAvailable": "Nagrada je na voljo",
    "l10n.optimalSettingsUpdated": "Optimalne nastavitve so posodobljene",
    "l10n.highlightDescription": "Izberite, katere označbe bodo samodejno zajete za to igro.",
    "l10n.quietMode": "Whisper Mode",
    "l10n.quietModeDescription": "Naredi, da priključeni prenosnik med igro deluje tišje",
    "l10n.changeGameFrameRate": "Največja hitrost sličic v igri ali aplikaciji v načinu WhisperMode se lahko spremeni na jezičku Programske nastavitve na strani Upravljanje 3D nastavitev v NVIDIA nadzorni plošči",
    "l10n.toastQuietModeIsEnabled": "WhisperMode je omogočen. Ali optimiziram vse igre in aplikacije, vključno s tistimi z nastavitvami po meri?",
    "l10n.toastQuietModeIsDisabled": "WhisperMode je onemogočen. Ali optimiziram vse igre in aplikacije, vključno s tistimi z nastavitvami po meri?",
    "l10n.downloadCompleteRestartGfe": "Ponovno zaženite GeForce Experience, da uporabite eksperimentalne funkcije.",
    "l10n.ExpFeatureUpdatesEnabled": "Posodobitve eksperimentalnih funkcij so omogočene.",
    "l10n.updateIsAvailable": "Posodobitev je na voljo.",
    "l10n.noUpdatesAreAvailable": "Imate zadnje posodobitve eksperimentalnih funkcij.",
    "l10n.downloadFailed": "Prenos ni uspel",
    "l10n.ExpFeatureUpdatesDisabled": "Posodobitve eksperimentalnih funkcij so onemogočene.",
    "l10n.highlightTitle": "ShadowPlay označbe",
    "l10n.weChatQrCode": "Optično preberite QR kodo z uporabo WeChat, da se pridružite {{clubName}}",
    "l10n.qrCodeScan": "Optično preberite, da sledite {{clubName}}",
    "l10n.downloadInstallBetaUpdates": "GeForce Experience lahko prenese in namesti posodobitve za eksperimentalne funkcije.",
    "l10n.successfullySubscribed": "Uspešno abonirajte {{clubName}}",
    "l10n.qrCodeCouldNotBeLoaded": "QR code ni bilo mogoče naložiti. Poskusite še enkrat kasneje.",
    "l10n.qrCodeScanningError": "Optično branje ni uspelo.",
    "l10n.fetchingQrCode": "Pridobivanje QR kode v teku",
    "l10n.nFanDescription": "Dobrodošli v eni najbolj zanimivih igralnih skupnosti: ‘英伟达GeForce’ !  Imamo na tone igralnih nasvetov, orodij in novic o najnovejših naslovih z vznemirljivimi prednostmi in nagradami. Spremljajte NFans!",
    "l10n.troubleshootingTips": "Nasveti za odpravljanje težav",
    "l10n.agreeAndContinue": "SE STRINJAM IN NADALJUJ",
    "l10n.exit": "IZHOD",
    "l10n.dataProtectPromise": "Obljubimo, da bomo zaščitili vašo zasebnost in podatke.",
    "l10n.eulaAgreement": "Z uporabo GeForce Experience se strinjate z <a ng-click=\"preferencesFunctionalDataConsent.showEula()\">Licenčno pogodbo za končnega uporabnika</a> in <a ng-click=\"preferencesFunctionalDataConsent.showPrivacyPolicy()\">NVIDIA pravilnikom o zasebnosti.</a>",
    "l10n.ledOn": "Vklopljeno",
    "l10n.ledOff": "Izklopljeno",
    "l10n.ledOngpuProperty": "Vklopljen (alarm lastnosti grafičnega procesorja)",
    "l10n.ledVisualizer": "SVETLEČA DIODA (LED)",
    "l10n.ledNoAnimation": "Ni animacije",
    "l10n.ledBreathing": "Dihanje",
    "l10n.ledFlashing": "Nalaganje",
    "l10n.ledDualFlashing": "Dvonivojsko nalaganje",
    "l10n.wave": "Val",
    "l10n.ripple": "Grbančenje",
    "l10n.ledRandom": "Naključno",
    "l10n.ledAudioFlashing": "Utripajoč avdio",
    "l10n.ledAnimationElectric": "Električno",
    "l10n.flowIn": "Dotok",
    "l10n.flowOut": "Odtok",
    "l10n.reverseBreathing": "Dihanje v nasprotni smeri",
    "l10n.multiColor": "Večbarvno",
    "l10n.colorCycle": "Barvni krog",
    "l10n.ledVariableBrighness": "Spremenljiva svetlost",
    "l10n.ledFixedBrightness": "Fiksna svetlost",
    "l10n.ledStyleBased": "Na osnovi stila",
    "l10n.gpuTemparature": "Temperatura grafičnega procesorja",
    "l10n.gpuUtilization": "Uporaba grafičnega procesorja",
    "l10n.gpuClock": "Delovni takt grafičnega procesorja",
    "l10n.gpuFanSpeed": "Hitrost ventilatorja grafičnega procesorja",
    "l10n.gpuVoltage": "Napetost grafičnega procesorja",
    "l10n.brightness": "Osvetlitev",
    "l10n.maxBrightness": "Maksimalna svetlost",
    "l10n.brightnessRange": "Razpon svetlost",
    "l10n.range": "Območje",
    "l10n.onSliIsEnabled": "Vklopljeno (SLI je omogočen)",
    "l10n.speed": "hitrost",
    "l10n.animationSpeed": "Hitrost animacije",
    "l10n.hertzSign": "MHz",
    "l10n.rpmSign": "Obrati na minuto",
    "l10n.percentageSign": "%",
    "l10n.volateSign": "mV",
    "l10n.centigrateSign": "° C",
    "l10n.effect": "Učinek",
    "l10n.style": "Stil",
    "l10n.variation": "Razlika",
    "l10n.faq": "Pogosto postavljena vprašanja",
    "l10n.syncAll": "Sinhroniziraj vse",
    "l10n.syncZones": "Sinhronizacijske cone",
    "l10n.allLed": "Vse LED",
    "l10n.eachLed": "Vsaka LED",
    "l10n.turnLedOn": "LED Visualizer je VKLOPLJEN",
    "l10n.turnLedOff": "LED je IZKLOPLJEN. Vklopite učinek LED, da uporabite nastavitve.",
    "l10n.ledLighting": "Osvetlitev z LED",
    "l10n.zone": "Cona {{zoneLocation}}",
    "l10n.mediaFeaturePack": "Paket medijskih funkcij za Windows 10",
    "l10n.balancedMode": "Uravnovešeno",
    "l10n.balancedModeDescription": "Ravnotežje zmogljivosti in akustike.",
    "l10n.perfModeDescription": "Način z največjo zmogljivostjo za najboljše igre s povečanim šumom ventilatorja.",
    "l10n.whisperModeDescription": "Zmanjšan šum ventilatorja z dobro zmogljivostjo igranja.",
    "l10n.performanceModeDescription": "Optimiziraj zmogljivost igre ali aplikacije",
    "l10n.toastPerfModeIsEnabled": "Zmogljivostni način je omogočen. Optimiziraj vse igre in aplikacije, vključno s tistimi z nastavitvami po meri.",
    "l10n.toastBalanceModeIsEnabled": "Uravnovešen način je omogočen. Optimiziraj vse igre in aplikacije, vključno s tistimi z nastavitvami po meri.",
    "l10n.quiteMode2Description": "Uravnotežite zmogljivost prenosnega računalnika in glasnost ventilatorja, medtem ko igrate igre, napajane z izmeničnim tokom.",
    "l10n.baseFrameRate": "Najmanjša ciljna hitrost sličic",
    "l10n.fanVolume": "Glasnost ventilatorja",
    "l10n.quiet": "Tiho",
    "l10n.quieter": "Bolj tiho",
    "l10n.quietMode2": "WhisperMode 2.0",
    "l10n.nis": "Spreminjanje velikosti slike",
    "l10n.optimizedResolution": "Ločljivost prikaza",
    "l10n.sharpen": "Izostritev",
    "l10n.toastNISStateIsEnabled": "Spreminjanje velikosti slike je omogočeno. Ali optimiziram vse igre in aplikacije, vključno s tistimi z nastavitvami po meri?",
    "l10n.toastNISIsDisabled": "Spreminjanje velikosti slike je onemogočeno. Ali optimiziram vse igre in aplikacije, vključno s tistimi z nastavitvami po meri?",
    "l10n.nisDescription": "Ojačaj hitrost sličic za optimizirane igre in aplikacije, ki uporabljajo prilagajanje velikosti GPE in izostritev",
    "l10n.batteryBoost2": "Battery Boost 2.0",
    "l10n.batteryBoostDescription2": "Samodejno podaljša življenjsko dobo baterije med igro"
}
