{
    "l10n.general": "常规",
    "l10n.friendsAndGroups": "好友及分组",
    "l10n.driverUpdates": "驱动程序更新",
    "l10n.clientBetaUpdate": "启用实验性功能。可能需要更新 GeForce Experience。",
    "l10n.automaticallyDownloadDriver": "自动下载驱动程序更新并让我选择什么时候安装",
    "l10n.notifyMe": "下列时间通知我：",
    "l10n.faqPolicy": "FAQ 与数据收集政策",
    "l10n.supportedGames": "受支持的游戏及应用程序",
    "l10n.licenseAggrement": "许可协议",
    "l10n.releaseHighlights": "版本亮点",
    "l10n.nvidiaRightReserved": "© 2016-2022 NVIDIA Corporation，保留所有权利。",
    "l10n.about": "关于",
    "l10n.betaUpdates": "Beta 更新",
    "l10n.getAccessToGeforceSoftware": "在公开发布前访问 GeForce 软件。感谢您的反馈。",
    "l10n.geforceExperience": "GeForce Experience",
    "l10n.geforceDriver": "GeForce 驱动程序",
    "l10n.language": "语言",
    "l10n.nvidiaGeforceExperience": "NVIDIA® GeForce® Experience™",
    "l10n.switchToGfeClassic": "切换到经典 GFE",
    "l10n.beta": "Beta",
    "l10n.nvidiaNewsletter": "Nvidia 新闻通讯",
    "l10n.licenseTitle": "客户使用 NVIDIA 软件的许可",
    "l10n.profile": "配置文件",
    "l10n.avatar": "头像",
    "l10n.driverVersion": "驱动程序版本",
    "l10n.RAM": "内存",
    "l10n.hz": "Hz",
    "l10n.myRig": "我的装备",
    "l10n.securityAndPrivacy": "安全与隐私",
    "l10n.passwordChangedDate": "最新修改日期 {{passwordChangedDate | date:'dd MMMM yyyy'}}",
    "l10n.rememberUser": "在此 PC 上记住我",
    "l10n.linkedAccounts": "关联账户 ({{linkedAccountsCount}})",
    "l10n.link": "链接",
    "l10n.deviceManagement": "设备管理",
    "l10n.removeAllDevices": "删除所有设备",
    "l10n.features": "功能",
    "l10n.viewSystemRequirements": "查看所有系统要求",
    "l10n.gameScan": "游戏或应用程序扫描",
    "l10n.scanNow": "现在扫描",
    "l10n.gamesFound": "找到的游戏及应用程序",
    "l10n.viewSupportedGames": "查看受支持的游戏及应用程序",
    "l10n.lastChecked": "上次检查",
    "l10n.shareDescription": "允许即时重放、手动录制、Gamestream 合作以及直播",
    "l10n.changePassword": "更改密码",
    "l10n.newPassword": "新密码",
    "l10n.passwordDoesNotMatch": "密码不符",
    "l10n.personalInformation": "个人信息",
    "l10n.changePersonalInformation": "更改个人信息",
    "l10n.email": "电子邮件",
    "l10n.useThisEmailToLogin": "使用此电子邮箱地址登录",
    "l10n.birthday": "生日",
    "l10n.birthdayFormat": "{{birthdayFormat | date:'dd MMMM yyyy'}}",
    "l10n.memberSinceFormat": "{{memberSinceFormat | date:'MMMM yyyy'}} ",
    "l10n.phone": "电话",
    "l10n.gamestreamDescription": "允许您的 PC 将游戏串流至 SHIELD 设备",
    "l10n.gamesApps": "游戏和应用：",
    "l10n.optimalPlayableSettings": "可玩的最佳游戏设置",
    "l10n.gameLocation": "扫描位置",
    "l10n.remove": "删除",
    "l10n.add": "添加",
    "l10n.somethingWentWrong": "不起作用。请尝试重启 GeForce Experience。",
    "l10n.receiveUpdates": "接收 NVIDIA 的产品更新信息和资讯",
    "l10n.batteryBoost": "Battery Boost",
    "l10n.batteryBoostDescription": "游戏时延长电池的寿命",
    "l10n.maximumFramerate": "最大帧率：",
    "l10n.fps": "FPS",
    "l10n.updateAvatar": "更新头像",
    "l10n.chooseAvatarFromGallery": "从头像库中选取",
    "l10n.update": "更新",
    "l10n.changeEmailAddress": "更改电子邮箱地址",
    "l10n.thanksEmailUpdated": "感谢您确认您的电子邮箱地址",
    "l10n.emailUpdatedSuccessfully": "电子邮箱已成功更新",
    "l10n.viewAllGameStreamSupportedGames": "查看所有 GameStream 就绪的游戏",
    "l10n.shieldDevices": "SHIELD 设备",
    "l10n.unableToUpdateSettings": "无法更新设置",
    "l10n.shieldDevicesRemoved": "SHIELD 设备已移除",
    "l10n.shieldDevicesRemoveFailed": "无法移除 SHIELD 设备",
    "l10n.yourPasswordChanged": "您的密码已修改",
    "l10n.addAdditionalGamesForStreaming": "添加游戏以进行串流",
    "l10n.name": "名称",
    "l10n.target": "目标",
    "l10n.startIn": "起始位置",
    "l10n.unsupportedFileType": "不支持的文件类型",
    "l10n.fileNotFound": "文件未找到",
    "l10n.checkInternetConnectivity": "不起作用，请检查您的网络连接，然后尝试重启 GeForce Experience。",
    "l10n.tryRestartSystem": "不起作用。尝试重启您的系统。",
    "l10n.boxArt": "盒子艺术",
    "l10n.ready": "准备就绪",
    "l10n.notReady": "未准备就绪",
    "l10n.addScanPathFailed": "添加位置失败，请重试。",
    "l10n.downloads": "下载",
    "l10n.desktopNotifications": "桌面通知",
    "l10n.driverUpdateAvailable": "GeForce 驱动程序有更新可用",
    "l10n.rewardAvailable": "有可领取的奖励",
    "l10n.optimalSettingsUpdated": "已更新最佳设置",
    "l10n.highlightDescription": "选择此游戏中要自动捕获的亮点。",
    "l10n.quietMode": "Whisper Mode",
    "l10n.quietModeDescription": "游戏时，让接通电源的笔记本电脑更安静地运行。",
    "l10n.changeGameFrameRate": "WhisperMode 中游戏或应用程序的最大帧率可以在 NVIDIA 控制面板的“管理 3D 设置”页面上的“程序设置”标签中更改",
    "l10n.toastQuietModeIsEnabled": "WhisperMode 已启用。优化所有游戏及应用程序，包括含自定义设置的游戏及应用程序？",
    "l10n.toastQuietModeIsDisabled": "WhisperMode 已禁用。优化所有游戏及应用程序，包括含自定义设置的游戏及应用程序？",
    "l10n.downloadCompleteRestartGfe": "重启 GeForce Experience，使用实验性功能。",
    "l10n.ExpFeatureUpdatesEnabled": "实验性功能更新已启用。",
    "l10n.updateIsAvailable": "有可用更新。",
    "l10n.noUpdatesAreAvailable": "您有最新的实验性功能更新。",
    "l10n.downloadFailed": "下载失败",
    "l10n.ExpFeatureUpdatesDisabled": "实验性功能更新已禁用。",
    "l10n.highlightTitle": "ShadowPlay 亮点",
    "l10n.weChatQrCode": "使用微信扫描二维码，加入{{clubName}}",
    "l10n.qrCodeScan": "扫描关注{{clubName}}",
    "l10n.downloadInstallBetaUpdates": "GeForce Experience 可能会下载并安装实验性功能更新。",
    "l10n.successfullySubscribed": "已成功订阅 {{clubName}}",
    "l10n.qrCodeCouldNotBeLoaded": "无法加载二维码。请稍后再试。",
    "l10n.qrCodeScanningError": "扫描失败。",
    "l10n.fetchingQrCode": "正在提取二维码……",
    "l10n.nFanDescription": "欢迎关注有趣又有料的“英伟达GeForce”！作为NFan的基地，这里不仅有最新的“NVIDIA玩家情报”，还有N多福利等你拿！",
    "l10n.troubleshootingTips": "故障排除提示",
    "l10n.agreeAndContinue": "同意并继续",
    "l10n.exit": "退出",
    "l10n.dataProtectPromise": "我们承诺保护您的隐私和数据。",
    "l10n.eulaAgreement": "使用 GeForce Experience，即表示您同意<a ng-click=\"preferencesFunctionalDataConsent.showEula()\">《终端用户许可协议》</a>和<a ng-click=\"preferencesFunctionalDataConsent.showPrivacyPolicy()\">《NVIDIA 隐私政策》。</a>",
    "l10n.ledOn": "开",
    "l10n.ledOff": "关",
    "l10n.ledOngpuProperty": "开（GPU属性报警）",
    "l10n.ledVisualizer": "LED",
    "l10n.ledNoAnimation": "无动画",
    "l10n.ledBreathing": "呼吸式",
    "l10n.ledFlashing": "闪烁",
    "l10n.ledDualFlashing": "双重闪烁",
    "l10n.wave": "波状",
    "l10n.ripple": "波纹式",
    "l10n.ledRandom": "随机式",
    "l10n.ledAudioFlashing": "音频闪烁",
    "l10n.ledAnimationElectric": "放电式",
    "l10n.flowIn": "流入式",
    "l10n.flowOut": "流出式",
    "l10n.reverseBreathing": "逆呼吸式",
    "l10n.multiColor": "多色",
    "l10n.colorCycle": "色相环",
    "l10n.ledVariableBrighness": "可变亮度",
    "l10n.ledFixedBrightness": "固定亮度",
    "l10n.ledStyleBased": "基于风格",
    "l10n.gpuTemparature": "GPU温度",
    "l10n.gpuUtilization": "GPU利用率",
    "l10n.gpuClock": "GPU时钟",
    "l10n.gpuFanSpeed": "GPU风扇速度",
    "l10n.gpuVoltage": "GPU电压",
    "l10n.brightness": "亮度",
    "l10n.maxBrightness": "最高亮度",
    "l10n.brightnessRange": "亮度范围",
    "l10n.range": "范围",
    "l10n.onSliIsEnabled": "开（SLI 已启用）",
    "l10n.speed": "速度",
    "l10n.animationSpeed": "动画速度",
    "l10n.hertzSign": "MHz",
    "l10n.rpmSign": "每分钟转数",
    "l10n.percentageSign": "%",
    "l10n.volateSign": "mV",
    "l10n.centigrateSign": "°C",
    "l10n.effect": "效果",
    "l10n.style": "风格",
    "l10n.variation": "变化",
    "l10n.faq": "常见问题",
    "l10n.syncAll": "全部同步",
    "l10n.syncZones": "同步各个区域",
    "l10n.allLed": "全部LED",
    "l10n.eachLed": "每个LED",
    "l10n.turnLedOn": "LED Visualizer打开",
    "l10n.turnLedOff": "LED关闭。打开LED效果以应用设置。",
    "l10n.ledLighting": "LED照明",
    "l10n.zone": "区域{{zoneLocation}}",
    "l10n.mediaFeaturePack": "Windows 10 媒体功能包",
    "l10n.balancedMode": "平衡",
    "l10n.balancedModeDescription": "性能和噪音平衡",
    "l10n.perfModeDescription": "最高性能模式，可实现最佳游戏体验，但会增加风扇噪音",
    "l10n.whisperModeDescription": "降低风扇噪音，实现良好的游戏吸能。",
    "l10n.performanceModeDescription": "优化游戏或应用程序性能",
    "l10n.toastPerfModeIsEnabled": "性能模式已启用。优化所有游戏及应用程序，包括含自定义设置的游戏及应用程序。",
    "l10n.toastBalanceModeIsEnabled": "平衡模式已启用。优化所有游戏及应用程序，包括含自定义设置的游戏及应用程序。",
    "l10n.quiteMode2Description": "在使用交流电源进行游戏时，平衡笔记本电脑的性能和风机流量",
    "l10n.baseFrameRate": "最小帧速率目标值",
    "l10n.fanVolume": "风机流量",
    "l10n.quiet": "降噪",
    "l10n.quieter": "降噪",
    "l10n.quietMode2": "WhisperMode 2.0",
    "l10n.nis": "图形增强",
    "l10n.optimizedResolution": "渲染分辨率",
    "l10n.sharpen": "锐化",
    "l10n.toastNISStateIsEnabled": "图形增强已启用。优化所有游戏及应用程序，包括含自定义设置的游戏及应用程序？",
    "l10n.toastNISIsDisabled": "图形增强已禁用。优化所有游戏及应用程序，包括含自定义设置的游戏及应用程序？",
    "l10n.nisDescription": "使用 GPU 增强及锐化提高帧率，以优化游戏及应用程序",
    "l10n.batteryBoost2": "Battery Boost 2.0",
    "l10n.batteryBoostDescription2": "游戏时自动延长您的电池续航时间"
}
