{
    "l10n.general": "Generelt",
    "l10n.friendsAndGroups": "Venner og grupper",
    "l10n.driverUpdates": "Driveropdateringer",
    "l10n.clientBetaUpdate": "Aktivér eksperimentale funktioner. Det kan være nødvendigt med en opdatering til GeForce Experience.",
    "l10n.automaticallyDownloadDriver": "Download automatisk driveropdateringer og lad mig vælge, hvornår de skal installeres",
    "l10n.notifyMe": "Underret mig, når:",
    "l10n.faqPolicy": "Ofte stillede spørgsmål og politik for dataindsamling",
    "l10n.supportedGames": "Understøttede spil og applikationer",
    "l10n.licenseAggrement": "Licensaftale",
    "l10n.releaseHighlights": "Frigiv højdepunkter",
    "l10n.nvidiaRightReserved": "© 2016-2022 NVIDIA Corporation. Alle rettigheder forbeholdes.",
    "l10n.about": "Om",
    "l10n.betaUpdates": "Beta-opdateringer",
    "l10n.getAccessToGeforceSoftware": "Få adgang til GeForce-software før den offentlige udgivelse. Vi værdsætter din tilbagemelding.",
    "l10n.geforceExperience": "GeForce Experience",
    "l10n.geforceDriver": "GeForce-driver",
    "l10n.language": "Sprog",
    "l10n.nvidiaGeforceExperience": "NVIDIA® GeForce® Experience™",
    "l10n.switchToGfeClassic": "Skift til GFE Klassisk",
    "l10n.beta": "Beta",
    "l10n.nvidiaNewsletter": "Nvidia Nyhedsbrev",
    "l10n.licenseTitle": "LICENS FOR KUNDEBRUG AF NVIDIA-SOFTWARE",
    "l10n.profile": "Profil",
    "l10n.avatar": "Avatar",
    "l10n.driverVersion": "Driverversion",
    "l10n.RAM": "RAM",
    "l10n.hz": "Hz",
    "l10n.myRig": "MIT SYSTEM",
    "l10n.securityAndPrivacy": "Sikkerhed og beskyttelse af personlige oplysninger",
    "l10n.passwordChangedDate": "Sidst ændret den {{passwordChangedDate | date:'dd MMMM yyyy'}}",
    "l10n.rememberUser": "Husk mig på denne pc",
    "l10n.linkedAccounts": "Sammenkædede konti ({{linkedAccountsCount}})",
    "l10n.link": "link",
    "l10n.deviceManagement": "Enhedshåndtering",
    "l10n.removeAllDevices": "Fjern alle enheder",
    "l10n.features": "Funktioner",
    "l10n.viewSystemRequirements": "Vis alle systemkrav",
    "l10n.gameScan": "Spil- eller applikationsscanning",
    "l10n.scanNow": "Scan nu",
    "l10n.gamesFound": "FUNDNE SPIL OG APPS",
    "l10n.viewSupportedGames": "Se understøttede spil og applikationer",
    "l10n.lastChecked": "Sidst kontrolleret",
    "l10n.shareDescription": "Tillad Genafspilning, Manuel indspilning, Gamestream Co-op og Udsendelse",
    "l10n.changePassword": "Skift adgangskode",
    "l10n.newPassword": "Ny adgangskode",
    "l10n.passwordDoesNotMatch": "Adgangskoderne stemmer ikke overens",
    "l10n.personalInformation": "Personlige oplysninger",
    "l10n.changePersonalInformation": "Skift personlige oplysninger",
    "l10n.email": "E-mail",
    "l10n.useThisEmailToLogin": "Brug denne e-mailadresse til at logge ind",
    "l10n.birthday": "Fødselsdato",
    "l10n.birthdayFormat": "{{birthdayFormat | date:'dd MMMM yyyy'}}",
    "l10n.memberSinceFormat": "{{memberSinceFormat | date:'MMMM yyyy'}} ",
    "l10n.phone": "Telefon",
    "l10n.gamestreamDescription": "Tillader at din pc streamer spil til SHIELD-enheder",
    "l10n.gamesApps": "Spil og apps:",
    "l10n.optimalPlayableSettings": "Optimale spilbare indstillinger",
    "l10n.gameLocation": "Lokalitet for scanning",
    "l10n.remove": "Fjern",
    "l10n.add": "Tilføj",
    "l10n.somethingWentWrong": "Det virkede ikke. Prøv at genstarte GeForce Experience.",
    "l10n.receiveUpdates": "Modtag produktopdateringer og nyheder fra NVIDIA",
    "l10n.batteryBoost": "Battery Boost",
    "l10n.batteryBoostDescription": "Forlæng batterilevetid under spil",
    "l10n.maximumFramerate": "Maksimal billedhastighed:",
    "l10n.fps": "FPS",
    "l10n.updateAvatar": "Opdater avatar",
    "l10n.chooseAvatarFromGallery": "Vælg fra avatar-galleri",
    "l10n.update": "Opdater",
    "l10n.changeEmailAddress": "Skift e-mailadresse",
    "l10n.thanksEmailUpdated": "Tak fordi du bekræfter din e-mailadresse",
    "l10n.emailUpdatedSuccessfully": "E-mailadresse er blevet opdateret",
    "l10n.viewAllGameStreamSupportedGames": "Vis alle GameStream-parate spil",
    "l10n.shieldDevices": "SHIELD-ENHEDER",
    "l10n.unableToUpdateSettings": "Kan ikke opdatere indstillinger",
    "l10n.shieldDevicesRemoved": "SHIELD-enheder fjernet",
    "l10n.shieldDevicesRemoveFailed": "Kan ikke fjerne SHIELD-enheder",
    "l10n.yourPasswordChanged": "Din adgangskode er blevet ændret",
    "l10n.addAdditionalGamesForStreaming": "Tilføj yderligere spil til streaming",
    "l10n.name": "Navn",
    "l10n.target": "Mål",
    "l10n.startIn": "Start i",
    "l10n.unsupportedFileType": "Filtype understøttes ikke",
    "l10n.fileNotFound": "Fil blev ikke fundet",
    "l10n.checkInternetConnectivity": "Det virkede ikke. Kontrollér din internetforbindelse og prøv at genstarte GeForce Experience.",
    "l10n.tryRestartSystem": "Det virkede ikke. Prøv at genstarte dit system.",
    "l10n.boxArt": "Spilgrafik",
    "l10n.ready": "Parat",
    "l10n.notReady": "Ikke parat",
    "l10n.addScanPathFailed": "Kunne ikke tilføje placering, prøv igen.",
    "l10n.downloads": "Downloads",
    "l10n.desktopNotifications": "Underrettelser",
    "l10n.driverUpdateAvailable": "GeForce-driveropdatering er tilgængelig",
    "l10n.rewardAvailable": "Belønning er tilgængelig",
    "l10n.optimalSettingsUpdated": "Optimale indstillinger er opdateret",
    "l10n.highlightDescription": "Vælg hvilke højdepunkter, der automatisk skal optages for dette spil.",
    "l10n.quietMode": "Whisper Mode",
    "l10n.quietModeDescription": "Din tilsluttede laptop vil køre mere støjsvagt under spil",
    "l10n.changeGameFrameRate": "Den maksimale billedhastighed i et spil eller en applikation i WhisperMode kan ændres fra fanebladet ‘Programindstillinger’ på siden ‘Administrer 3D-indstillinger’ i NVIDIA Kontrolpanel",
    "l10n.toastQuietModeIsEnabled": "WhisperMode er aktiveret. Vil du optimere alle spil og applikationer, inklusive dem med brugerdefinerede indstillinger?",
    "l10n.toastQuietModeIsDisabled": "WhisperMode er deaktiveret. Vil du optimere alle spil og applikationer, inklusive dem med brugerdefinerede indstillinger?",
    "l10n.downloadCompleteRestartGfe": "Genstart GeForce Experience for at benytte eksperimentale funktioner.",
    "l10n.ExpFeatureUpdatesEnabled": "Eksperimentale funktionsopdateringer er aktiverede.",
    "l10n.updateIsAvailable": "Opdatering er tilgængelig.",
    "l10n.noUpdatesAreAvailable": "Du har de seneste eksperimentale funktionsopdateringer.",
    "l10n.downloadFailed": "Download mislykkedes",
    "l10n.ExpFeatureUpdatesDisabled": "Eksperimentale funktionsopdateringer er deaktiverede.",
    "l10n.highlightTitle": "Højdepunkter fra ShadowPlay",
    "l10n.weChatQrCode": "Scan QR-kode ved brug af WeChat for at deltage i {{clubName}}",
    "l10n.qrCodeScan": "Scan for at følge {{clubName}}",
    "l10n.downloadInstallBetaUpdates": "GeForce Experience kan downloade og installere opdateringer til eksperimentale funktioner.",
    "l10n.successfullySubscribed": "Vellykket tegning af abonnement på {{clubName}}",
    "l10n.qrCodeCouldNotBeLoaded": "QR-kode kunne ikke indlæses. Prøv igen senere.",
    "l10n.qrCodeScanningError": "Scanning mislykkedes.",
    "l10n.fetchingQrCode": "Henter QR-kode ...",
    "l10n.nFanDescription": "Velkommen til hvad der muligvis er det sejeste gamer-community: ‘英伟达GeForce’ !  Vi har en masse gode råd om gaming, værktøjer og nyheder om de seneste titler med spændende fordele og præmier. Følg med i vores nyheder, NFans!",
    "l10n.troubleshootingTips": "Fejlfindingsråd",
    "l10n.agreeAndContinue": "ACCEPTÉR OG FORTSÆT",
    "l10n.exit": "AFSLUT",
    "l10n.dataProtectPromise": "Vi lover at beskytte dine personlige oplysninger og dine data",
    "l10n.eulaAgreement": "Ved at benytte GeForce Experience accepterer jeg <a ng-click=\"preferencesFunctionalDataConsent.showEula()\">slutbrugerlicensaftalen</a> og <a ng-click=\"preferencesFunctionalDataConsent.showPrivacyPolicy()\">NVIDIAs politik for beskyttelse af personlige oplysninger.</a>",
    "l10n.ledOn": "Til",
    "l10n.ledOff": "Fra",
    "l10n.ledOngpuProperty": "Til (GPU-egenskabsalarm)",
    "l10n.ledVisualizer": "LED",
    "l10n.ledNoAnimation": "Ingen animation",
    "l10n.ledBreathing": "Åndedræt",
    "l10n.ledFlashing": "Blinkende",
    "l10n.ledDualFlashing": "Dobbelt blink",
    "l10n.wave": "Bølge",
    "l10n.ripple": "Krusning",
    "l10n.ledRandom": "Vilkårligt",
    "l10n.ledAudioFlashing": "Lydblink",
    "l10n.ledAnimationElectric": "Elektrisk",
    "l10n.flowIn": "Flyde ind",
    "l10n.flowOut": "Flyde ud",
    "l10n.reverseBreathing": "Omvendt åndedræt",
    "l10n.multiColor": "Multifarvet",
    "l10n.colorCycle": "Farvecyklus",
    "l10n.ledVariableBrighness": "Variabel lysstyrke",
    "l10n.ledFixedBrightness": "Fast lysstyrke",
    "l10n.ledStyleBased": "Stilbaseret",
    "l10n.gpuTemparature": "GPU-temperatur",
    "l10n.gpuUtilization": "GPU-udnyttelse",
    "l10n.gpuClock": "GPU-ur",
    "l10n.gpuFanSpeed": "GPU-blæserhastighed",
    "l10n.gpuVoltage": "GPU-spænding",
    "l10n.brightness": "Klarhed",
    "l10n.maxBrightness": "Maks. lysstyrke",
    "l10n.brightnessRange": "Lysstyrkeområde",
    "l10n.range": "Interval",
    "l10n.onSliIsEnabled": "Til (SLI er aktiveret)",
    "l10n.speed": "hastighed",
    "l10n.animationSpeed": "Animationshastighed",
    "l10n.hertzSign": "MHz",
    "l10n.rpmSign": "RPM",
    "l10n.percentageSign": "%",
    "l10n.volateSign": "mV",
    "l10n.centigrateSign": "° C",
    "l10n.effect": "Effekt",
    "l10n.style": "Stil",
    "l10n.variation": "Variation",
    "l10n.faq": "Ofte stillede spørgsmål",
    "l10n.syncAll": "Synkroniser alle",
    "l10n.syncZones": "Synkroniser zoner",
    "l10n.allLed": "Alle LED'er",
    "l10n.eachLed": "Hver LED",
    "l10n.turnLedOn": "LED Visualizer er tændt",
    "l10n.turnLedOff": "LED er slukket. Aktivér LED-effekt for at anvende indstillinger.",
    "l10n.ledLighting": "LED-belysning",
    "l10n.zone": "Zone {{zoneLocation}}",
    "l10n.mediaFeaturePack": "Mediefunktionspakke til Windows 10",
    "l10n.balancedMode": "Balanceret",
    "l10n.balancedModeDescription": "Balance mellem ydeevne og lydforhold.",
    "l10n.perfModeDescription": "Højeste ydeevnetilstand for den bedste gaming, men med en forøgelse af blæserstøj.",
    "l10n.whisperModeDescription": "Reduceret blæserstøj med god spilleydeevne.",
    "l10n.performanceModeDescription": "Optimér ydeevne på spil eller applikation",
    "l10n.toastPerfModeIsEnabled": "Ydeevnetilstand er aktiveret. Optimer alle spil og applikationer, inklusive dem med brugerdefinerede indstillinger.",
    "l10n.toastBalanceModeIsEnabled": "Balanceret tilstand er aktiveret. Optimer alle spil og applikationer, inklusive dem med brugerdefinerede indstillinger.",
    "l10n.quiteMode2Description": "Balancér laptoppens ydeevne og blæserlyden, når der spilles på vekselstrøm",
    "l10n.baseFrameRate": "Mål for minimum billedhastighed",
    "l10n.fanVolume": "Blæserlyd",
    "l10n.quiet": "Stille",
    "l10n.quieter": "Mere stille",
    "l10n.quietMode2": "WhisperMode 2.0",
    "l10n.nis": "Billedskalering",
    "l10n.optimizedResolution": "Gengivelsesopløsning",
    "l10n.sharpen": "Gør skarpere",
    "l10n.toastNISStateIsEnabled": "Billedskalering er aktiveret. Vil du optimere alle spil og applikationer, inklusive dem med brugerdefinerede indstillinger?",
    "l10n.toastNISIsDisabled": "Billedskalering er deaktiveret. Vil du optimere alle spil og applikationer, inklusive dem med brugerdefinerede indstillinger?",
    "l10n.nisDescription": "Forøg billedhastighed for at få optimerede spil og applikationer ved brug af GPU-skalering og skarphed",
    "l10n.batteryBoost2": "Battery Boost 2.0",
    "l10n.batteryBoostDescription2": "Forlæng automatisk dit batteris levetid, når du spiller"
}
