{
    "l10n.general": "Allgemein",
    "l10n.friendsAndGroups": "Freunde und Gruppen",
    "l10n.driverUpdates": "Treiberaktualisierungen",
    "l10n.clientBetaUpdate": "Experimentelle Funktionen erlauben. Unter Umständen ist ein GeForce Experience-Update erforderlich.",
    "l10n.automaticallyDownloadDriver": "Treiberupdates automatisch herunterladen und nur nach Bestätigung installieren",
    "l10n.notifyMe": "Ich möchte benachrichtigt werden, wenn:",
    "l10n.faqPolicy": "Häufig gestellte Fragen und Datenerhebungsrichtlinien",
    "l10n.supportedGames": "Unterstützte Spiele und Anwendungen",
    "l10n.licenseAggrement": "Lizenzvereinbarung",
    "l10n.releaseHighlights": "Versions-Highlights",
    "l10n.nvidiaRightReserved": "© 2016-2022 NVIDIA Corporation, alle Rechte vorbehalten.",
    "l10n.about": "Info",
    "l10n.betaUpdates": "Beta-Updates",
    "l10n.getAccessToGeforceSoftware": "Erhalten Sie schon vor der offiziellen Veröffentlichung Zugriff auf GeForce-Software. Wir schätzen Ihr Feedback.",
    "l10n.geforceExperience": "GeForce Experience",
    "l10n.geforceDriver": "GeForce-Treiber",
    "l10n.language": "Sprache",
    "l10n.nvidiaGeforceExperience": "NVIDIA® GeForce® Experience™",
    "l10n.switchToGfeClassic": "Umschalten auf GFE Classic",
    "l10n.beta": "Beta",
    "l10n.nvidiaNewsletter": "Nvidia-Newsletter",
    "l10n.licenseTitle": "LIZENZ FÜR DIE VERWENDUNG VON NVIDIA-SOFTWARE DURCH KUNDEN",
    "l10n.profile": "Profil",
    "l10n.avatar": "Avatar",
    "l10n.driverVersion": "Treiberversion",
    "l10n.RAM": "RAM",
    "l10n.hz": "Hz",
    "l10n.myRig": "Mein Rig",
    "l10n.securityAndPrivacy": "Sicherheit und Datenschutz",
    "l10n.passwordChangedDate": "Zuletzt geändert am {{passwordChangedDate | date:'dd MMMM yyyy'}}",
    "l10n.rememberUser": "Auf diesem PC merken",
    "l10n.linkedAccounts": "Verknüpfte Konten ({{linkedAccountsCount}})",
    "l10n.link": "Verknüpfung",
    "l10n.deviceManagement": "Geräteverwaltung",
    "l10n.removeAllDevices": "Alle Geräte entfernen",
    "l10n.features": "Merkmale",
    "l10n.viewSystemRequirements": "Vollständige Systemvoraussetzungen anzeigen",
    "l10n.gameScan": "Spiel- oder Anwendungssuche",
    "l10n.scanNow": "Jetzt suchen",
    "l10n.gamesFound": "GEFUNDENE SPIELE UND APPS",
    "l10n.viewSupportedGames": "Unterstützte Spiele und Anwendungen anzeigen",
    "l10n.lastChecked": "Zuletzt geprüft",
    "l10n.shareDescription": "Ermöglicht Videobeweis, manuelle Aufzeichnung, GameStream-Kooperation und Übertragung",
    "l10n.changePassword": "Passwort ändern",
    "l10n.newPassword": "Neues Passwort",
    "l10n.passwordDoesNotMatch": "Die Passwörter stimmen nicht überein",
    "l10n.personalInformation": "Persönliche Daten",
    "l10n.changePersonalInformation": "Persönliche Daten ändern",
    "l10n.email": "E-Mail",
    "l10n.useThisEmailToLogin": "Diese E-Mail-Adresse zum Anmelden verwenden",
    "l10n.birthday": "Geburtstag",
    "l10n.birthdayFormat": "{{birthdayFormat | date:'dd MMMM yyyy'}}",
    "l10n.memberSinceFormat": "{{memberSinceFormat | date:'MMMM yyyy'}} ",
    "l10n.phone": "Telefon",
    "l10n.gamestreamDescription": "Ihrem PC erlauben, Spiele auf SHIELD-Geräte zu streamen",
    "l10n.gamesApps": "Spiele & Apps:",
    "l10n.optimalPlayableSettings": "Optimale spielbare Einstellungen",
    "l10n.gameLocation": "Suchpfad",
    "l10n.remove": "Entfernen",
    "l10n.add": "Hinzufügen",
    "l10n.somethingWentWrong": "Ein Fehler ist aufgetreten. Bitte versuchen Sie, GeForce Experience neu zu starten.",
    "l10n.receiveUpdates": "Produktaktualisierungen und News von NVIDIA erhalten",
    "l10n.batteryBoost": "Battery Boost",
    "l10n.batteryBoostDescription": "Akkunutzungsdauer beim Spielen verlängern",
    "l10n.maximumFramerate": "Maximale Bildfrequenz:",
    "l10n.fps": "FPS",
    "l10n.updateAvatar": "Avatar aktualisieren",
    "l10n.chooseAvatarFromGallery": "Aus Avatar-Galerie auswählen",
    "l10n.update": "Aktualisieren",
    "l10n.changeEmailAddress": "E-Mail-Adresse ändern",
    "l10n.thanksEmailUpdated": "Vielen Dank für die Bestätigung Ihrer E-Mail-Adresse.",
    "l10n.emailUpdatedSuccessfully": "E-Mail-Adresse erfolgreich aktualisiert",
    "l10n.viewAllGameStreamSupportedGames": "Alle für GameStream geeigneten Spiele anzeigen",
    "l10n.shieldDevices": "SHIELD GERÄTE",
    "l10n.unableToUpdateSettings": "Aktualisieren der Einstellungen nicht möglich",
    "l10n.shieldDevicesRemoved": "SHIELD Geräte entfernt",
    "l10n.shieldDevicesRemoveFailed": "Entfernen von SHIELD Geräten nicht möglich",
    "l10n.yourPasswordChanged": "Ihr Kennwort wurde geändert",
    "l10n.addAdditionalGamesForStreaming": "Zusätzliche Spiele für Streaming hinzufügen",
    "l10n.name": "Name",
    "l10n.target": "Ziel",
    "l10n.startIn": "Ausführen in",
    "l10n.unsupportedFileType": "Nicht unterstützter Dateityp",
    "l10n.fileNotFound": "Datei nicht gefunden",
    "l10n.checkInternetConnectivity": "Ein Fehler ist aufgetreten. Bitte überprüfen Sie Ihre Internetverbindung und versuchen Sie, GeForce Experience neu zu starten.",
    "l10n.tryRestartSystem": "Ein Fehler ist aufgetreten. Bitte versuchen Sie, Ihr System neu zu starten.",
    "l10n.boxArt": "Verpackungsgrafik",
    "l10n.ready": "Bereit",
    "l10n.notReady": "Nicht bereit",
    "l10n.addScanPathFailed": "Ort konnte nicht hinzugefügt werden, bitte erneut versuchen.",
    "l10n.downloads": "Downloads",
    "l10n.desktopNotifications": "Desktop-Benachrichtigungen",
    "l10n.driverUpdateAvailable": "Update für den GeForce Treiber erhältlich ist",
    "l10n.rewardAvailable": "Prämie erhältlich ist",
    "l10n.optimalSettingsUpdated": "Optimaleinstellungen aktualisiert wurden",
    "l10n.highlightDescription": "Wählen Sie aus, welche Highlights in diesem Spiel automatisch erfasst werden sollen.",
    "l10n.quietMode": "Whisper Mode",
    "l10n.quietModeDescription": "Sorgt für einen leiseren Betrieb des angeschlossenen Laptops während des Spielens.",
    "l10n.changeGameFrameRate": "Die maximale Bildrate eines Spiels oder einer Anwendung im WhisperMode kann unter der Registerkarte „Programmeinstellungen“ auf der Seite „3D-Einstellungen verwalten“ der NVIDIA-Systemsteuerung geändert werden.",
    "l10n.toastQuietModeIsEnabled": "WhisperMode ist aktiviert. Alle Spiele und Anwendungen optimieren, auch die mit benutzerdefinierten Einstellungen?",
    "l10n.toastQuietModeIsDisabled": "WhisperMode ist deaktiviert. Alle Spiele und Anwendungen optimieren, auch die mit benutzerdefinierten Einstellungen?",
    "l10n.downloadCompleteRestartGfe": "Starten Sie GeForce Experience neu, um die experimentellen Funktionen zu nutzen.",
    "l10n.ExpFeatureUpdatesEnabled": "Updates für experimentelle Funktionen sind aktiviert.",
    "l10n.updateIsAvailable": "Update ist verfügbar.",
    "l10n.noUpdatesAreAvailable": "Sie haben bereits die aktuellsten Updates der experimentellen Funktionen installiert.",
    "l10n.downloadFailed": "Download fehlgeschlagen",
    "l10n.ExpFeatureUpdatesDisabled": "Updates für experimentelle Funktionen sind deaktiviert.",
    "l10n.highlightTitle": "ShadowPlay Highlights",
    "l10n.weChatQrCode": "Scannen Sie mit WeChat den QR-Code, um {{clubName}} beizutreten.",
    "l10n.qrCodeScan": "Scannen, um {{clubName}} zu folgen",
    "l10n.downloadInstallBetaUpdates": "GeForce Experience kann Updates mit experimentellen Funktionen herunterladen und installieren.",
    "l10n.successfullySubscribed": "{{clubName}} erfolgreich abonniert",
    "l10n.qrCodeCouldNotBeLoaded": "QR-Code konnte nicht geladen werden. Bitte versuchen Sie es später erneut.",
    "l10n.qrCodeScanningError": "Scannen fehlgeschlagen.",
    "l10n.fetchingQrCode": "QR-Code wird abgerufen ...",
    "l10n.nFanDescription": "Willkommen bei einer der vielleicht coolsten Gamer-Communitys überhaupt: „英伟达GeForce“!  Wir haben haufenweise Tipps zu Spielen, Tools und Neuigkeiten über die aktuellsten Titel mit tollen Vorteilen und Prämien. Bei uns bleibt ihr auf dem Laufenden, NFans!",
    "l10n.troubleshootingTips": "Tipps zur Problembehebung",
    "l10n.agreeAndContinue": "ZUSTIMMEN UND FORTFAHREN",
    "l10n.exit": "BEENDEN",
    "l10n.dataProtectPromise": "Wir versichern Ihnen, dass wir Ihre Privatsphäre und Ihre Daten schützen.",
    "l10n.eulaAgreement": "Indem Sie GeForce Experience verwenden, erklären Sie sich mit dem <a ng-click=\"preferencesFunctionalDataConsent.showEula()\">Endbenutzer-Lizenzvertrag</a> und der <a ng-click=\"preferencesFunctionalDataConsent.showPrivacyPolicy()\">NVIDIA Datenschutzrichtlinie</a> einverstanden.",
    "l10n.ledOn": "Ein",
    "l10n.ledOff": "Aus",
    "l10n.ledOngpuProperty": "Ein (GPU-Eigenschaft-Alarm)",
    "l10n.ledVisualizer": "LED",
    "l10n.ledNoAnimation": "Keine Animation",
    "l10n.ledBreathing": "Pulsierend",
    "l10n.ledFlashing": "Blinken",
    "l10n.ledDualFlashing": "Zweifaches Blinken",
    "l10n.wave": "Welle",
    "l10n.ripple": "Kräuseln",
    "l10n.ledRandom": "Zufällig",
    "l10n.ledAudioFlashing": "Zum Audio blinken",
    "l10n.ledAnimationElectric": "Elektrisch",
    "l10n.flowIn": "Hineinfließen",
    "l10n.flowOut": "Hinausfließen",
    "l10n.reverseBreathing": "Pulsierend – rückwärts",
    "l10n.multiColor": "Mehrfarbig",
    "l10n.colorCycle": "Farbzyklus",
    "l10n.ledVariableBrighness": "Regelbare Helligkeit",
    "l10n.ledFixedBrightness": "Feste Helligkeit",
    "l10n.ledStyleBased": "Stilbasiert",
    "l10n.gpuTemparature": "GPU-Temperatur",
    "l10n.gpuUtilization": "GPU-Nutzung",
    "l10n.gpuClock": "GPU-Takt",
    "l10n.gpuFanSpeed": "GPU-Lüftergeschwindigkeit",
    "l10n.gpuVoltage": "GPU-Spannung",
    "l10n.brightness": "Helligkeit",
    "l10n.maxBrightness": "Max. Helligkeit",
    "l10n.brightnessRange": "Helligkeitsbereich",
    "l10n.range": "Bereich",
    "l10n.onSliIsEnabled": "Ein (SLI ist aktiviert)",
    "l10n.speed": "Geschwindigkeit",
    "l10n.animationSpeed": "Animationsgeschwindigkeit",
    "l10n.hertzSign": "MHz",
    "l10n.rpmSign": "U/min",
    "l10n.percentageSign": "%",
    "l10n.volateSign": "mV",
    "l10n.centigrateSign": "°C",
    "l10n.effect": "Effekt",
    "l10n.style": "Stil",
    "l10n.variation": "Variation",
    "l10n.faq": "Häufig gestellte Fragen",
    "l10n.syncAll": "Alles synchronisieren",
    "l10n.syncZones": "Zonen synchronisieren",
    "l10n.allLed": "Alle LEDs",
    "l10n.eachLed": "Jede LED",
    "l10n.turnLedOn": "LED Visualizer ist AN",
    "l10n.turnLedOff": "LED ist AUS. LED-Effekt einschalten, um Einstellungen anzuwenden.",
    "l10n.ledLighting": "LED-Beleuchtung",
    "l10n.zone": "Zone {{zoneLocation}}",
    "l10n.mediaFeaturePack": "Medien-Featurepaket für Windows 10",
    "l10n.balancedMode": "Ausgeglichen",
    "l10n.balancedModeDescription": "Kompromiss zwischen Leistung und Geräuschpegel.",
    "l10n.perfModeDescription": "Höchster Leistungsmodus für bestes Spielerlebnis bei erhöhtem Lüftergeräusch.",
    "l10n.whisperModeDescription": "Verringerte Lüftergeräusche bei guter Spielleistung.",
    "l10n.performanceModeDescription": "Spiel- oder Anwendungsleistung optimieren",
    "l10n.toastPerfModeIsEnabled": "Der Leistungsmodus ist aktiviert. Alle Spiele und Anwendungen optimieren, auch die mit benutzerdefinierten Einstellungen.",
    "l10n.toastBalanceModeIsEnabled": "Der ausgeglichene Modus ist aktiviert. Alle Spiele und Anwendungen optimieren, auch die mit benutzerdefinierten Einstellungen.",
    "l10n.quiteMode2Description": "Laptop-Leistung und Lüfterlautstärke beim Spielen mit Netzstrom angleichen",
    "l10n.baseFrameRate": "Minimale Bildfrequenz",
    "l10n.fanVolume": "Lüfterlautstärke",
    "l10n.quiet": "Leise",
    "l10n.quieter": "Leiser",
    "l10n.quietMode2": "WhisperMode 2.0",
    "l10n.nis": "Bildskalierung",
    "l10n.optimizedResolution": "Darstellungsauflösung",
    "l10n.sharpen": "Schärfen",
    "l10n.toastNISStateIsEnabled": "Bildskalierung ist aktiviert. Alle Spiele und Anwendungen optimieren, auch die mit benutzerdefinierten Einstellungen?",
    "l10n.toastNISIsDisabled": "Bildskalierung ist deaktiviert. Spiele und Anwendungen optimieren, auch die mit benutzerdefinierten Einstellungen?",
    "l10n.nisDescription": "Bildwiederholrate mittels GPU-Skalierung und Schärfen für optimierte Spiele und Anwendungen erhöhen.",
    "l10n.batteryBoost2": "Battery Boost 2.0",
    "l10n.batteryBoostDescription2": "Automatisch beim Spielen die Akkunutzungsdauer verlängern"
}
