{
    "l10n.general": "Γενικά",
    "l10n.friendsAndGroups": "Φίλοι και ομάδες",
    "l10n.driverUpdates": "Αναβαθμίσεις προγράμματος οδήγησης",
    "l10n.clientBetaUpdate": "Να επιτρέπονται δοκιμαστικά χαρακτηριστικά. Μπορεί να απαιτηθεί ενημέρωση GeForce Experience.",
    "l10n.automaticallyDownloadDriver": "Να γίνεται αυτόματη λήψη ενημερώσεων προγράμματος οδήγησης και να μου επιτρέπεται να επιλέγω πότε θα γίνει η εγκατάσταση",
    "l10n.notifyMe": "Να λαμβάνω ειδοποίηση όταν:",
    "l10n.faqPolicy": "Συχνές ερωτήσεις και πολιτική συλλογής δεδομένων",
    "l10n.supportedGames": "Υποστηριζόμενα παιχνίδια και εφαρμογές",
    "l10n.licenseAggrement": "Συμφωνητικό άδειας χρήσης",
    "l10n.releaseHighlights": "Κύρια σημεία κυκλοφορίας",
    "l10n.nvidiaRightReserved": "© 2016-2022 NVIDIA Corporation, Με την επιφύλαξη παντός δικαιώματος.",
    "l10n.about": "Πληροφορίες",
    "l10n.betaUpdates": "Ενημερώσεις beta",
    "l10n.getAccessToGeforceSoftware": "Αποκτήστε πρόσβαση στο λογισμικό GeForce πριν από τη δημόσια κυκλοφορία. Εκτιμούμε την ανατροφοδότησή σας.",
    "l10n.geforceExperience": "GeForce Experience",
    "l10n.geforceDriver": "Πρόγραμμα οδήγησης GeForce",
    "l10n.language": "Γλώσσα",
    "l10n.nvidiaGeforceExperience": "NVIDIA® GeForce® Experience™",
    "l10n.switchToGfeClassic": "Αλλαγή στο GFE Classic",
    "l10n.beta": "Beta",
    "l10n.nvidiaNewsletter": "Ενημερωτικό δελτίο Nvidia",
    "l10n.licenseTitle": "ΑΔΕΙΑ ΧΡΗΣΗΣ ΛΟΓΙΣΜΙΚΟΥ NVIDIA ΓΙΑ ΠΕΛΑΤΕΣ",
    "l10n.profile": "Προφίλ",
    "l10n.avatar": "Αβατάρ",
    "l10n.driverVersion": "Έκδοση προγράμματος οδήγησης",
    "l10n.RAM": "RAM",
    "l10n.hz": "Hz",
    "l10n.myRig": "MY RIG",
    "l10n.securityAndPrivacy": "Ασφάλεια και απόρρητο",
    "l10n.passwordChangedDate": "Τελευταία αλλαγή {{passwordChangedDate | date:'dd MMMM yyyy'}}",
    "l10n.rememberUser": "Απομνημόνευσή μου σε αυτόν τον υπολογιστή",
    "l10n.linkedAccounts": "Συνδεδεμένοι λογαριασμοί ({{linkedAccountsCount}})",
    "l10n.link": "σύνδεσμος",
    "l10n.deviceManagement": "Διαχείριση συσκευών",
    "l10n.removeAllDevices": "Κατάργηση όλων των συσκευών",
    "l10n.features": "Χαρακτηριστικά",
    "l10n.viewSystemRequirements": "Προβολή πλήρων απαιτήσεων συστήματος",
    "l10n.gameScan": "Σάρωση παιχνιδιών ή εφαρμογών",
    "l10n.scanNow": "Σάρωση τώρα",
    "l10n.gamesFound": "ΠΑΙΧΝΙΔΙΑ ΚΑΙ ΕΦΑΡΜΟΓΕΣ ΠΟΥ ΒΡΕΘΗΚΑΝ",
    "l10n.viewSupportedGames": "Προβολή υποστηριζόμενων παιχνιδιών και εφαρμογών",
    "l10n.lastChecked": "Τελευταίος έλεγχος",
    "l10n.shareDescription": "Επιτρέπει άμεση επανάληψη, χειροκίνητη εγγραφή, συνεργασία Gamestream και μετάδοση",
    "l10n.changePassword": "Αλλαγή κωδικού πρόσβασης",
    "l10n.newPassword": "Νέος κωδικός πρόσβασης",
    "l10n.passwordDoesNotMatch": "Οι κωδικοί πρόσβασης δεν ταιριάζουν",
    "l10n.personalInformation": "Προσωπικές πληροφορίες",
    "l10n.changePersonalInformation": "Αλλαγή προσωπικών πληροφοριών",
    "l10n.email": "Email",
    "l10n.useThisEmailToLogin": "Χρήση αυτής της διεύθυνσης email για σύνδεση",
    "l10n.birthday": "Γενέθλια",
    "l10n.birthdayFormat": "{{birthdayFormat | date:'dd MMMM yyyy'}}",
    "l10n.memberSinceFormat": "{{memberSinceFormat | date:'MMMM yyyy'}} ",
    "l10n.phone": "Τηλέφωνο",
    "l10n.gamestreamDescription": "Επιτρέπει στον υπολογιστή σας να αναπαράγει ροή παιχνιδιών σε συσκευές SHIELD",
    "l10n.gamesApps": "Παιχνίδια και εφαρμογές:",
    "l10n.optimalPlayableSettings": "Βέλτιστες ρυθμίσεις με δυνατότητα παιχνιδιού",
    "l10n.gameLocation": "Τοποθεσία σάρωσης",
    "l10n.remove": "Αφαίρεση",
    "l10n.add": "Προσθήκη",
    "l10n.somethingWentWrong": "Αυτό δεν λειτούργησε. Επανεκκινήστε το GeForce Experience.",
    "l10n.receiveUpdates": "Λήψη ενημερώσεων προϊόντων και ειδήσεων από την NVIDIA",
    "l10n.batteryBoost": "Battery Boost",
    "l10n.batteryBoostDescription": "Επεκτείνετε τη διάρκεια ζωής των μπαταριών κατά το παιχνίδι",
    "l10n.maximumFramerate": "Μέγιστος ρυθμός καρέ:",
    "l10n.fps": "FPS",
    "l10n.updateAvatar": "Ενημέρωση αβατάρ",
    "l10n.chooseAvatarFromGallery": "Επιλογή από γκαλερί αβατάρ",
    "l10n.update": "Ενημέρωση",
    "l10n.changeEmailAddress": "Αλλαγή διεύθυνσης email",
    "l10n.thanksEmailUpdated": "Ευχαριστούμε που επαληθεύσατε τη διεύθυνση email σας",
    "l10n.emailUpdatedSuccessfully": "Η ενημέρωση email ολοκληρώθηκε με επιτυχία",
    "l10n.viewAllGameStreamSupportedGames": "Προβολή όλων των παιχνιδιών συμβατών με GameStream",
    "l10n.shieldDevices": "ΣΥΣΚΕΥΕΣ SHIELD",
    "l10n.unableToUpdateSettings": "Δεν μπορεί να γίνει ενημέρωση των ρυθμίσεων",
    "l10n.shieldDevicesRemoved": "Καταργήθηκαν συσκευές SHIELD",
    "l10n.shieldDevicesRemoveFailed": "Δεν μπορούν να καταργηθούν οι συσκευές SHIELD",
    "l10n.yourPasswordChanged": "Ο κωδικός πρόσβασής σας έχει αλλάξει",
    "l10n.addAdditionalGamesForStreaming": "Προσθήκη επιπρόσθετων παιχνιδιών για ροή",
    "l10n.name": "Όνομα",
    "l10n.target": "Προορισμός",
    "l10n.startIn": "Έναρξη σε",
    "l10n.unsupportedFileType": "Μη υποστηριζόμενος τύπος αρχείου",
    "l10n.fileNotFound": "Το αρχείο δεν βρέθηκε",
    "l10n.checkInternetConnectivity": "Αυτό δεν λειτούργησε. Ελέγξτε τη σύνδεσή σας στο Διαδίκτυο και επανεκκινήστε το GeForce Experience.",
    "l10n.tryRestartSystem": "Αυτό δεν λειτούργησε. Επανεκκινήστε το σύστημά σας.",
    "l10n.boxArt": "Εικαστικά κουτιού",
    "l10n.ready": "Έτοιμο",
    "l10n.notReady": "Δεν είναι έτοιμο",
    "l10n.addScanPathFailed": "Η πρόσθεση τοποθεσίας απέτυχε.  Δοκιμάστε ξανά.",
    "l10n.downloads": "Λήψεις",
    "l10n.desktopNotifications": "Ειδοποιήσεις επιφάνειας εργασίας",
    "l10n.driverUpdateAvailable": "Ενημέρωση του προγράμματος οδήγησης GeForce είναι διαθέσιμη",
    "l10n.rewardAvailable": "Η ανταμοιβή είναι διαθέσιμη",
    "l10n.optimalSettingsUpdated": "Οι βέλτιστες ρυθμίσεις είναι ενημερωμένες",
    "l10n.highlightDescription": "Επιλέξτε τα κύρια σημεία για την αυτόματα καταγραφή αυτού του παιχνιδιού.",
    "l10n.quietMode": "Whisper Mode",
    "l10n.quietModeDescription": "Κάνει τον συνδεδεμένο φορητό υπολογιστή σας πιο σιωπηλό κατά τη διάρκεια παιχνιδιού",
    "l10n.changeGameFrameRate": "Ο μέγιστος ρυθμός καρέ ενός παιχνιδιού ή εφαρμογής στο WhisperMode μπορεί να τροποποιηθεί από την καρτέλα «Ρυθμίσεις προγράμματος» στη σελίδα «Διαχείριση ρυθμίσεων 3D» του Πίνακα Ελέγχου NVIDIA",
    "l10n.toastQuietModeIsEnabled": "Το WhisperMode είναι ενεργοποιημένο. Να βελτιστοποιηθούν όλα τα παιχνίδια και εφαρμογές, συμπεριλαμβάνοντας παιχνίδια με προσαρμοσμένες ρυθμίσεις;",
    "l10n.toastQuietModeIsDisabled": "Το WhisperMode είναι απενεργοποιημένο. Να βελτιστοποιηθούν όλα τα παιχνίδια και εφαρμογές, συμπεριλαμβάνοντας παιχνίδια με προσαρμοσμένες ρυθμίσεις;",
    "l10n.downloadCompleteRestartGfe": "Εκκινήστε το GeForce Experience για τη χρήση πειραματικών χαρακτηριστικών.",
    "l10n.ExpFeatureUpdatesEnabled": "Οι ενημερώσεις πειραματικών χαρακτηριστικών είναι ενεργοποιημένες.",
    "l10n.updateIsAvailable": "Η ενημέρωση είναι διαθέσιμη.",
    "l10n.noUpdatesAreAvailable": "Έχετε τις πιο πρόσφατες ενημερώσεις πειραματικών χαρακτηριστικών.",
    "l10n.downloadFailed": "Απέτυχε η λήψη",
    "l10n.ExpFeatureUpdatesDisabled": "Οι ενημερώσεις πειραματικών χαρακτηριστικών είναι απενεργοποιημένες.",
    "l10n.highlightTitle": "Κύρια σημεία ShadowPlay",
    "l10n.weChatQrCode": "Σαρώστε τον κωδικό QR χρησιμοποιώντας το WeChat για να συμμετάσχετε στο {{clubName}}",
    "l10n.qrCodeScan": "Σαρώστε για να ακολουθήσετε το {{clubName}}",
    "l10n.downloadInstallBetaUpdates": "Το GeForce Experience μπορεί να πραγματοποιήσει λήψη και να εγκαταστήσει ενημερώσεις με πειραματικά χαρακτηριστικά.",
    "l10n.successfullySubscribed": "Εγγραφήκατε με επιτυχία στο {{clubName}}",
    "l10n.qrCodeCouldNotBeLoaded": "Δεν είναι δυνατή η φόρτωση του κωδικού QR. Δοκιμάστε ξανά αργότερα.",
    "l10n.qrCodeScanningError": "Αποτυχία σάρωσης.",
    "l10n.fetchingQrCode": "Λήψη κωδικού QR...",
    "l10n.nFanDescription": "Καλώς ήρθατε σε μία από τις πιο ξεχωριστές κοινότητες για gamers: \"英伟达GeForce\"!  Παρέχουμε πολλές συμβουλές για παιχνίδια, εργαλεία, αλλά και νέα για τους τελευταίους τίτλους με συναρπαστικά προνόμια και βραβεία. Μείνετε συντονισμένοι όλοι οι NFan!",
    "l10n.troubleshootingTips": "Συμβουλές για αντιμετώπιση προβλημάτων",
    "l10n.agreeAndContinue": "ΣΥΜΦΩΝΩ ΚΑΙ ΣΥΝΕΧΕΙΑ",
    "l10n.exit": "ΕΞΟΔΟΣ",
    "l10n.dataProtectPromise": "Υποσχόμαστε να προστατεύουμε το απόρρητο και τα δεδομένα σας",
    "l10n.eulaAgreement": "Με τη χρήση του GeForce Experience, συμφωνείτε με την <a ng-click=\"preferencesFunctionalDataConsent.showEula()\">Άδεια Χρήσης Τελικού Χρήστη</a> και την <a ng-click=\"preferencesFunctionalDataConsent.showPrivacyPolicy()\">Πολιτική Προστασίας Απορρήτου της NVIDIA.</a>",
    "l10n.ledOn": "Άναμμα",
    "l10n.ledOff": "Σβήσιμο",
    "l10n.ledOngpuProperty": "Άναμμα (συναγερμός ιδιότητας GPU)",
    "l10n.ledVisualizer": "LED",
    "l10n.ledNoAnimation": "Καμία κίνηση",
    "l10n.ledBreathing": "Αναπνοή",
    "l10n.ledFlashing": "Αναβόσβημα",
    "l10n.ledDualFlashing": "Διπλό αναβόσβημα",
    "l10n.wave": "Κύμα",
    "l10n.ripple": "Κυματισμός",
    "l10n.ledRandom": "Τυχαία",
    "l10n.ledAudioFlashing": "Αναλαμπές σύμφωνα με ήχο",
    "l10n.ledAnimationElectric": "Ηλεκτρισμός",
    "l10n.flowIn": "Ροή προς τα μέσα",
    "l10n.flowOut": "Ροή προς τα έξω",
    "l10n.reverseBreathing": "Ανάστροφη αναπνοή",
    "l10n.multiColor": "Πολλαπλά χρώματα",
    "l10n.colorCycle": "Κύκλος χρωμάτων",
    "l10n.ledVariableBrighness": "Μεταβλητή φωτεινότητα",
    "l10n.ledFixedBrightness": "Σταθερή φωτεινότητα",
    "l10n.ledStyleBased": "Με βάση στιλ",
    "l10n.gpuTemparature": "Θερμοκρασία GPU",
    "l10n.gpuUtilization": "Χρήση GPU",
    "l10n.gpuClock": "Ρολόι GPU",
    "l10n.gpuFanSpeed": "Ταχύτητα ανεμιστήρα GPU",
    "l10n.gpuVoltage": "Τάση GPU",
    "l10n.brightness": "Φωτεινότητα",
    "l10n.maxBrightness": "Μέγιστη φωτεινότητα",
    "l10n.brightnessRange": "Εύρος φωτεινότητας",
    "l10n.range": "Εύρος",
    "l10n.onSliIsEnabled": "Ενεργό (SLI είναι ενεργοποιημένο)",
    "l10n.speed": "ταχύτητα",
    "l10n.animationSpeed": "Ταχύτητα κίνησης",
    "l10n.hertzSign": "MHz",
    "l10n.rpmSign": "ΣΑΛ",
    "l10n.percentageSign": "%",
    "l10n.volateSign": "mV",
    "l10n.centigrateSign": "°C",
    "l10n.effect": "Εφέ",
    "l10n.style": "Στιλ",
    "l10n.variation": "Παραλλαγή",
    "l10n.faq": "Συχνές ερωτήσεις",
    "l10n.syncAll": "Συγχρονισμός όλων",
    "l10n.syncZones": "Ζώνες συγχρονισμού",
    "l10n.allLed": "Όλα τα LED",
    "l10n.eachLed": "Κάθε LED",
    "l10n.turnLedOn": "Το LED Visualizer είναι αναμμένο",
    "l10n.turnLedOff": "Το LED είναι σβηστό. Ενεργοποιήστε το εφέ LED για την εφαρμογή ρυθμίσεων.",
    "l10n.ledLighting": "Φωτισμός LED",
    "l10n.zone": "Ζώνη {{zoneLocation}}",
    "l10n.mediaFeaturePack": "Πακέτο δυνατοτήτων πολυμέσων για Windows 10",
    "l10n.balancedMode": "Ισορροπία",
    "l10n.balancedModeDescription": "Ισορροπία απόδοσης και ακουστικής.",
    "l10n.perfModeDescription": "Ο τρόπος λειτουργίας υψηλότερης απόδοσης για βέλτιστα παιχνίδια, με αύξηση στο θόρυβο ανεμιστήρα.",
    "l10n.whisperModeDescription": "Μειωμένος θόρυβος ανεμιστήρα με καλή απόδοση παιχνιδιών.",
    "l10n.performanceModeDescription": "Βελτιστοποίηση απόδοσης παιχνιδιών ή εφαρμογών",
    "l10n.toastPerfModeIsEnabled": "Ο τρόπος λειτουργίας απόδοσης είναι ενεργοποιημένος. Να βελτιστοποιηθούν όλα τα παιχνίδια και εφαρμογές, συμπεριλαμβάνοντας αυτά με προσαρμοσμένες ρυθμίσεις.",
    "l10n.toastBalanceModeIsEnabled": "Ο τρόπος λειτουργίας ισορροπίας είναι ενεργοποιημένος. Να βελτιστοποιηθούν όλα τα παιχνίδια και εφαρμογές, συμπεριλαμβάνοντας αυτά με προσαρμοσμένες ρυθμίσεις.",
    "l10n.quiteMode2Description": "Ισορροπήστε την απόδοση φορητού υπολογιστή και την ένταση ήχου του ανεμιστήρα κατά το παιχνίδι με σύνδεση σε εναλλασσόμενο ρεύμα",
    "l10n.baseFrameRate": "Στόχος μέγιστου ρυθμού καρέ",
    "l10n.fanVolume": "Ένταση ήχου ανεμιστήρα",
    "l10n.quiet": "Σιωπηλά",
    "l10n.quieter": "Πιο σιωπηλά",
    "l10n.quietMode2": "WhisperMode 2.0",
    "l10n.nis": "Κλιμάκωση εικόνας",
    "l10n.optimizedResolution": "Ανάλυση φωτοαπόδοσης",
    "l10n.sharpen": "Ευκρίνεια",
    "l10n.toastNISStateIsEnabled": "Η Κλιμάκωση εικόνας είναι ενεργοποιημένη. Να βελτιστοποιηθούν όλα τα παιχνίδια και οι εφαρμογές, συμπεριλαμβανομένων αυτών με προσαρμοσμένες ρυθμίσεις;",
    "l10n.toastNISIsDisabled": "Η Κλιμάκωση εικόνας είναι απενεργοποιημένη. Να βελτιστοποιηθούν όλα τα παιχνίδια και οι εφαρμογές, συμπεριλαμβανομένων αυτών με προσαρμοσμένες ρυθμίσεις;",
    "l10n.nisDescription": "Ενισχύστε τους ρυθμούς καρέ για βελτιστοποιημένα παιχνίδια και εφαρμογές χρησιμοποιώντας κλιμάκωση και ευκρίνεια GPU",
    "l10n.batteryBoost2": "Battery Boost 2.0",
    "l10n.batteryBoostDescription2": "Παρατείνετε αυτόματα τη διάρκεια ζωής της μπαταρίας σας κατά τη διάρκεια του παιχνιδιού"
}
