{
    "l10n.general": "General",
    "l10n.friendsAndGroups": "Friends and Groups",
    "l10n.driverUpdates": "Driver Updates",
    "l10n.clientBetaUpdate": "Enable experimental features. A GeForce Experience update may be required.",
    "l10n.automaticallyDownloadDriver": "Automatically download driver updates and let me choose when to install",
    "l10n.notifyMe": "Notify me when:",
    "l10n.faqPolicy": "FAQ & data collection policy",
    "l10n.supportedGames": "Supported games and application",
    "l10n.licenseAggrement": "Licence agreement",
    "l10n.releaseHighlights": "Release highlights",
    "l10n.nvidiaRightReserved": "© 2016-2022 NVIDIA Corporation, All rights reserved.",
    "l10n.about": "About",
    "l10n.betaUpdates": "Beta Updates",
    "l10n.getAccessToGeforceSoftware": "Get access to GeForce software before public release. We appreciate your feedback.",
    "l10n.geforceExperience": "GeForce Experience",
    "l10n.geforceDriver": "GeForce driver",
    "l10n.language": "Language",
    "l10n.nvidiaGeforceExperience": "NVIDIA® GeForce® Experience™",
    "l10n.switchToGfeClassic": "Switch to GFE Classic",
    "l10n.beta": "Beta",
    "l10n.nvidiaNewsletter": "Nvidia Newsletter",
    "l10n.licenseTitle": "LICENCE FOR CUSTOMER USE OF NVIDIA SOFTWARE",
    "l10n.profile": "Profile",
    "l10n.avatar": "Avatar",
    "l10n.driverVersion": "Driver version",
    "l10n.RAM": "RAM",
    "l10n.hz": "Hz",
    "l10n.myRig": "MY RIG",
    "l10n.securityAndPrivacy": "Security & Privacy",
    "l10n.passwordChangedDate": "Last changed on {{passwordChangedDate | date:'dd MMMM yyyy'}}",
    "l10n.rememberUser": "Remember me on this PC",
    "l10n.linkedAccounts": "Linked accounts ({{linkedAccountsCount}})",
    "l10n.link": "link",
    "l10n.deviceManagement": "Device Management",
    "l10n.removeAllDevices": "Remove all devices",
    "l10n.features": "Features",
    "l10n.viewSystemRequirements": "View full system requirements",
    "l10n.gameScan": "Games & Applications Scan",
    "l10n.scanNow": "Scan Now",
    "l10n.gamesFound": "GAMES & APPS FOUND",
    "l10n.viewSupportedGames": "View supported games & applications",
    "l10n.lastChecked": "Last checked",
    "l10n.shareDescription": "Allows Instant Replay, Manual Record, Gamestream Co-op and Broadcast",
    "l10n.changePassword": "Change password",
    "l10n.newPassword": "New password",
    "l10n.passwordDoesNotMatch": "The passwords don't match",
    "l10n.personalInformation": "Personal information",
    "l10n.changePersonalInformation": "Change personal information",
    "l10n.email": "Email",
    "l10n.useThisEmailToLogin": "Use this email address to login",
    "l10n.birthday": "Birthday",
    "l10n.birthdayFormat": "{{birthdayFormat | date:'dd MMMM yyyy'}}",
    "l10n.memberSinceFormat": "{{memberSinceFormat | date:'MMMM yyyy'}} ",
    "l10n.phone": "Phone",
    "l10n.gamestreamDescription": "Allows your PC to stream games to SHIELD devices",
    "l10n.gamesApps": "Games & Apps:",
    "l10n.optimalPlayableSettings": "Optimal playable settings",
    "l10n.gameLocation": "Scan Location",
    "l10n.remove": "Remove",
    "l10n.add": "Add",
    "l10n.somethingWentWrong": "That didn't work. Try restarting GeForce Experience.",
    "l10n.receiveUpdates": "Receive product updates and news from NVIDIA",
    "l10n.batteryBoost": "Battery Boost",
    "l10n.batteryBoostDescription": "Extend battery life while gaming",
    "l10n.maximumFramerate": "Maximum frame rate:",
    "l10n.fps": "FPS",
    "l10n.updateAvatar": "Update Avatar",
    "l10n.chooseAvatarFromGallery": "Choose from avatar gallery",
    "l10n.update": "Update",
    "l10n.changeEmailAddress": "Change email address",
    "l10n.thanksEmailUpdated": "Thank you for verifying your email address",
    "l10n.emailUpdatedSuccessfully": "Email updated successfully",
    "l10n.viewAllGameStreamSupportedGames": "View all GameStream ready games",
    "l10n.shieldDevices": "SHIELD DEVICES",
    "l10n.unableToUpdateSettings": "Unable to update settings",
    "l10n.shieldDevicesRemoved": "SHIELD devices removed",
    "l10n.shieldDevicesRemoveFailed": "Unable to remove SHIELD devices",
    "l10n.yourPasswordChanged": "Your password has been changed",
    "l10n.addAdditionalGamesForStreaming": "Add additional games for streaming",
    "l10n.name": "Name",
    "l10n.target": "Target",
    "l10n.startIn": "Start in",
    "l10n.unsupportedFileType": "Unsupported file type",
    "l10n.fileNotFound": "File not found",
    "l10n.checkInternetConnectivity": "That didn't work. Check your internet connectivity and try restarting GeForce Experience.",
    "l10n.tryRestartSystem": "That didn't work. Try restarting your system.",
    "l10n.boxArt": "Box Art",
    "l10n.ready": "Ready",
    "l10n.notReady": "Not Ready",
    "l10n.addScanPathFailed": "Failed to add location, try again.",
    "l10n.downloads": "Downloads",
    "l10n.desktopNotifications": "Desktop notifications",
    "l10n.driverUpdateAvailable": "GeForce driver update is available",
    "l10n.rewardAvailable": "Reward is available",
    "l10n.optimalSettingsUpdated": "Optimal settings are updated",
    "l10n.highlightDescription": "Select which highlights to automatically capture for this game.",
    "l10n.quietMode": "Whisper Mode",
    "l10n.quietModeDescription": "Makes your plugged-in laptop run quieter while gaming",
    "l10n.changeGameFrameRate": "The maximum frame rate of a game or application in WhisperMode can be changed from the 'Program Settings' tab on the 'Manage 3D settings' page of NVIDIA Control Panel",
    "l10n.toastQuietModeIsEnabled": "WhisperMode is enabled. Optimise all games and applications, including ones with customised settings?",
    "l10n.toastQuietModeIsDisabled": "WhisperMode is disabled. Optimise all games and applications, including ones with customised settings?",
    "l10n.downloadCompleteRestartGfe": "Restart GeForce Experience to use experimental features.",
    "l10n.ExpFeatureUpdatesEnabled": "Experimental feature updates are enabled.",
    "l10n.updateIsAvailable": "Update is available.",
    "l10n.noUpdatesAreAvailable": "You have the latest experimental feature updates.",
    "l10n.downloadFailed": "Download failed",
    "l10n.ExpFeatureUpdatesDisabled": "Experimental feature updates are disabled.",
    "l10n.highlightTitle": "ShadowPlay Highlights",
    "l10n.weChatQrCode": "Scan QR code using WeChat to join the {{clubName}}",
    "l10n.qrCodeScan": "Scan to follow {{clubName}}",
    "l10n.downloadInstallBetaUpdates": "GeForce Experience may download and install experimental feature updates.",
    "l10n.successfullySubscribed": "Successfully subscribed to {{clubName}}",
    "l10n.qrCodeCouldNotBeLoaded": "QR Code could not be loaded. Try again later.",
    "l10n.qrCodeScanningError": "Scan failed.",
    "l10n.fetchingQrCode": "Fetching QR code...",
    "l10n.nFanDescription": "Welcome to possibly one of the coolest gamer communities: ‘英伟达GeForce’!  We have got tons of gaming tips, tools, and news on the latest titles with exciting benefits and rewards. Stay tuned with us, NFans!",
    "l10n.troubleshootingTips": "Troubleshooting tips",
    "l10n.agreeAndContinue": "AGREE AND CONTINUE",
    "l10n.exit": "EXIT",
    "l10n.dataProtectPromise": "We promise to protect your privacy and your data",
    "l10n.eulaAgreement": "By using GeForce Experience you agree to the <a ng-click=\"preferencesFunctionalDataConsent.showEula()\">End User Licence Agreement</a> and <a ng-click=\"preferencesFunctionalDataConsent.showPrivacyPolicy()\">NVIDIA Privacy Policy.</a>",
    "l10n.ledOn": "On",
    "l10n.ledOff": "Off",
    "l10n.ledOngpuProperty": "On (GPU property alarm)",
    "l10n.ledVisualizer": "LED",
    "l10n.ledNoAnimation": "No animation",
    "l10n.ledBreathing": "Breathing",
    "l10n.ledFlashing": "Flashing",
    "l10n.ledDualFlashing": "Dual flashing",
    "l10n.wave": "Wave",
    "l10n.ripple": "Ripple",
    "l10n.ledRandom": "Random",
    "l10n.ledAudioFlashing": "Audio flashing",
    "l10n.ledAnimationElectric": "Electric",
    "l10n.flowIn": "Flow in",
    "l10n.flowOut": "Flow out",
    "l10n.reverseBreathing": "Reverse breathing",
    "l10n.multiColor": "Multicolour",
    "l10n.colorCycle": "Colour cycle",
    "l10n.ledVariableBrighness": "Variable brightness",
    "l10n.ledFixedBrightness": "Fixed brightness",
    "l10n.ledStyleBased": "Style based",
    "l10n.gpuTemparature": "GPU temparature",
    "l10n.gpuUtilization": "GPU utilisation",
    "l10n.gpuClock": "GPU clock",
    "l10n.gpuFanSpeed": "GPU fan speed",
    "l10n.gpuVoltage": "GPU voltage",
    "l10n.brightness": "Brightness",
    "l10n.maxBrightness": "Max Brightness",
    "l10n.brightnessRange": "Brightness range",
    "l10n.range": "Range",
    "l10n.onSliIsEnabled": "On (SLI is enabled)",
    "l10n.speed": "speed",
    "l10n.animationSpeed": "Animation Speed",
    "l10n.hertzSign": "MHz",
    "l10n.rpmSign": "RPM",
    "l10n.percentageSign": "%",
    "l10n.volateSign": "mV",
    "l10n.centigrateSign": "°C",
    "l10n.effect": "Effect",
    "l10n.style": "Style",
    "l10n.variation": "Variation",
    "l10n.faq": "Frequently asked questions",
    "l10n.syncAll": "Sync All",
    "l10n.syncZones": "Sync Zones",
    "l10n.allLed": "All LED",
    "l10n.eachLed": "Each LED",
    "l10n.turnLedOn": "LED Visualizer is ON",
    "l10n.turnLedOff": "LED is OFF. Turn on LED Effect to apply settings.",
    "l10n.ledLighting": "LED Lighting",
    "l10n.zone": "Zone {{zoneLocation}}",
    "l10n.mediaFeaturePack": "Media feature pack for Windows 10",
    "l10n.balancedMode": "Balanced",
    "l10n.balancedModeDescription": "Balance of performance and acoustics.",
    "l10n.perfModeDescription": "Highest performance mode for best gaming with increase in fan noise.",
    "l10n.whisperModeDescription": "Reduced fan noise with good gaming performance.",
    "l10n.performanceModeDescription": "Optimise game or application performance",
    "l10n.toastPerfModeIsEnabled": "Performance Mode is enabled. Optimise all games and applications, including ones with customised settings.",
    "l10n.toastBalanceModeIsEnabled": "Balanced Mode is enabled. Optimise all games and applications, including ones with customised settings.",
    "l10n.quiteMode2Description": "Balance laptop performance and fan volume while gaming on AC power",
    "l10n.baseFrameRate": "Minimum frame rate target",
    "l10n.fanVolume": "Fan volume",
    "l10n.quiet": "Quiet",
    "l10n.quieter": "Quieter",
    "l10n.quietMode2": "WhisperMode 2.0",
    "l10n.nis": "Image Scaling",
    "l10n.optimizedResolution": "Render Resolution",
    "l10n.sharpen": "Sharpen",
    "l10n.toastNISStateIsEnabled": "Image Scaling is enabled. Optimise all games and applications, including ones with customised settings?",
    "l10n.toastNISIsDisabled": "Image Scaling is disabled. Optimise all games and applications, including ones with customised settings?",
    "l10n.nisDescription": "Boost frame rates for optimised games and applications using GPU scaling and sharpening",
    "l10n.batteryBoost2": "Battery Boost 2.0",
    "l10n.batteryBoostDescription2": "Automatically extend your battery life when gaming"
}
