{
    "l10n.general": "Згальні",
    "l10n.friendsAndGroups": "Друзі та групи",
    "l10n.driverUpdates": "Оновлення драйверів",
    "l10n.clientBetaUpdate": "Увімкніть експериментальні функції. Може знадобитися оновлення GeForce Experience.",
    "l10n.automaticallyDownloadDriver": "Завантажувати оновлення драйверів автоматично і встановлювати їх за рішенням користувача",
    "l10n.notifyMe": "Повідомляти про наявність:",
    "l10n.faqPolicy": "Часті питання і політика збору даних",
    "l10n.supportedGames": "Ігри та застосунки що підтримуються",
    "l10n.licenseAggrement": "Ліцензійна угода",
    "l10n.releaseHighlights": "Про версію",
    "l10n.nvidiaRightReserved": "© 2016-2021 NVIDIA Corporation. Всі права захищені.",
    "l10n.about": "Про програму",
    "l10n.betaUpdates": "Бета-версії оновлень",
    "l10n.getAccessToGeforceSoftware": "Отримайте доступ до ПО GeForce до публічного випуску. Ми цінуємо вашу думку.",
    "l10n.geforceExperience": "GeForce Experience",
    "l10n.geforceDriver": "Драйвер GeForce",
    "l10n.language": "Мова",
    "l10n.nvidiaGeforceExperience": "NVIDIA® GeForce® Experience™",
    "l10n.switchToGfeClassic": "Перемкнутися на GFE Classic",
    "l10n.beta": "Beta",
    "l10n.nvidiaNewsletter": "Інформаційний бюлетень NVIDIA",
    "l10n.licenseTitle": "ЛІЦЕНЗІЯ НА ВИКОРИСТАННЯ ПРОГРАМНОГО ЗАБЕЗПЕЧЕННЯ NVIDIA",
    "l10n.profile": "Профіль",
    "l10n.avatar": "Аватар",
    "l10n.driverVersion": "Версія драйвера",
    "l10n.RAM": "Об'єм ОЗП",
    "l10n.hz": "Гц",
    "l10n.myRig": "МОЯ СИСТЕМА",
    "l10n.securityAndPrivacy": "Безпека і конфіденційність",
    "l10n.passwordChangedDate": "Останні зміни: {{passwordChangedDate | date:'dd MMMM yyyy'}}",
    "l10n.rememberUser": "Запам'ятати мене на цьому ПК",
    "l10n.linkedAccounts": "Прив'язані облікові записи ({{linkedAccountsCount}})",
    "l10n.link": "прив'язати",
    "l10n.deviceManagement": "Керування пристроями",
    "l10n.removeAllDevices": "Видалити всі пристрої",
    "l10n.features": "Функції",
    "l10n.viewSystemRequirements": "Подивитися всі системні вимоги",
    "l10n.gameScan": "Пошук ігор або застосунків",
    "l10n.scanNow": "Сканувати зараз",
    "l10n.gamesFound": "ЗНАЙДЕНІ ІГРИ ТА ЗАСТОСУНКИ",
    "l10n.viewSupportedGames": "Перегляд підтримуваних ігор і застосунків",
    "l10n.lastChecked": "Остання перевірка",
    "l10n.shareDescription": "Підтримує миттєвий повтор, запис вручну, кооперативний мультиплеер і трансляцію Gamestream",
    "l10n.changePassword": "Змінити пароль",
    "l10n.newPassword": "Новий пароль",
    "l10n.passwordDoesNotMatch": "Паролі не співпадають",
    "l10n.personalInformation": "Персональні дані",
    "l10n.changePersonalInformation": "Змінити персональні дані",
    "l10n.email": "Адреса ел. пошти",
    "l10n.useThisEmailToLogin": "Використовувати цю адресу ел. пошти для входу",
    "l10n.birthday": "Дата народження",
    "l10n.birthdayFormat": "{{birthdayFormat | date:'dd MMMM yyyy'}}",
    "l10n.memberSinceFormat": "{{memberSinceFormat | date:'MMMM yyyy'}} ",
    "l10n.phone": "Телефон",
    "l10n.gamestreamDescription": "Дозволяє здійснювати потокову передачу ігор з цього ПК на пристрої SHIELD",
    "l10n.gamesApps": "Ігри та застосунки:",
    "l10n.optimalPlayableSettings": "Оптимальні налаштування для ігор",
    "l10n.gameLocation": "Сканувати місцезнаходження",
    "l10n.remove": "Видалити",
    "l10n.add": "Додати",
    "l10n.somethingWentWrong": "Щось пішло не так. Спробуйте перезапустити GeForce Experience.",
    "l10n.receiveUpdates": "Отримувати оновлення продуктів і новини від NVIDIA",
    "l10n.batteryBoost": "Battery Boost",
    "l10n.batteryBoostDescription": "Збільшити час автономної роботи під час гри",
    "l10n.maximumFramerate": "Максимальна кадрова частота:",
    "l10n.fps": "Кадрів/с",
    "l10n.updateAvatar": "Оновити аватар",
    "l10n.chooseAvatarFromGallery": "Вибрати з галереї аватарів",
    "l10n.update": "Оновити",
    "l10n.changeEmailAddress": "Змінити адресу електронної пошти",
    "l10n.thanksEmailUpdated": "Дякуємо за підтвердження адреси електронної пошти",
    "l10n.emailUpdatedSuccessfully": "Адреса електронної пошти успішно оновлена",
    "l10n.viewAllGameStreamSupportedGames": "Переглянути всі ігри з підтримкою GameStream",
    "l10n.shieldDevices": "ПРИСТРОЇ SHIELD",
    "l10n.unableToUpdateSettings": "Не вдалося оновити налаштування",
    "l10n.shieldDevicesRemoved": "Пристрої SHIELD видалені",
    "l10n.shieldDevicesRemoveFailed": "Не вдалося видалити пристрої SHIELD",
    "l10n.yourPasswordChanged": "Ваш пароль був змінений",
    "l10n.addAdditionalGamesForStreaming": "Додати додаткові гри для трансляції",
    "l10n.name": "Назва",
    "l10n.target": "Об'єкт",
    "l10n.startIn": "Рабоча папка",
    "l10n.unsupportedFileType": "Непідтримуваний тип файлу",
    "l10n.fileNotFound": "Файл не знайдений",
    "l10n.checkInternetConnectivity": "Щось пішло не так. Перевірте з'єднання з Інтернетом і спробуйте перезавантажити GeForce Experience.",
    "l10n.tryRestartSystem": "Щось пішло не так. Спробуйте перезавантажити систему.",
    "l10n.boxArt": "Обкладинка",
    "l10n.ready": "Готово",
    "l10n.notReady": "Не готово",
    "l10n.addScanPathFailed": "Не вдалося додати розташування, спробуйте ще раз.",
    "l10n.downloads": "Заванатжень",
    "l10n.desktopNotifications": "Не вдалося додати розташування, спробуйте ще раз.",
    "l10n.driverUpdateAvailable": "Оновлень драйверів GeForce",
    "l10n.rewardAvailable": "Нагороди",
    "l10n.optimalSettingsUpdated": "Оновлень оптимальних налаштувань",
    "l10n.highlightDescription": "Виберіть, які моменти слід автоматично записувати для даної гри.",
    "l10n.quietMode": "Whisper Mode",
    "l10n.quietModeDescription": "Дозволяє ноутбуку працювати тихіше під час гри при підключенні до електромережі",
    "l10n.changeGameFrameRate": "Максимальну частоту кадрів у грі або застосунку в режимі WhisperMode можна змінити на вкладці «Програмні настройки» сторінки «Управління параметрами 3D» Панелі управління NVIDIA",
    "l10n.toastQuietModeIsEnabled": "Режим WhisperMode включений. Оптимізувати всі ігри і додатки, в тому числі налаштовані користувачем?",
    "l10n.toastQuietModeIsDisabled": "Режим WhisperMode вимкнений. Оптимізувати всі ігри і додатки, в тому числі налаштовані користувачем?",
    "l10n.downloadCompleteRestartGfe": "Перезапустіть GeForce Experience, щоб використовувати експериментальні функції.",
    "l10n.ExpFeatureUpdatesEnabled": "Оновлення експериментальних функцій увімкено.",
    "l10n.updateIsAvailable": "Доступне оновлення.",
    "l10n.noUpdatesAreAvailable": "Встановлено останні оновлення експериментальних функцій.",
    "l10n.downloadFailed": "Помилка завантаження",
    "l10n.ExpFeatureUpdatesDisabled": "Оновлення експериментальних функцій вимкнене.",
    "l10n.highlightTitle": "Кращі моменти ShadowPlay",
    "l10n.weChatQrCode": "Вважайте код за допомогою програми WeChat, щоб приєднатися до {{clubName}}",
    "l10n.qrCodeScan": "Вважайте код, щоб підписатися на {{clubName}}",
    "l10n.downloadInstallBetaUpdates": "GeForce Experience може завантажити і встановити оновлення з експериментальними функціями.",
    "l10n.successfullySubscribed": "Ви успішно підписані на {{clubName}}",
    "l10n.qrCodeCouldNotBeLoaded": "Не вдалося завантажити QR-код. Будь ласка, спробуйте пізніше.",
    "l10n.qrCodeScanningError": "Помилка сканування.",
    "l10n.fetchingQrCode": "Отримання QR-коду...",
    "l10n.nFanDescription": "Ласкаво просимо в одне з найкрутіших спільнот геймерів - «Клуб фанатів 英 伟达 GeForce»! Тут ви знайдете купу порад, програм і новин про свіжих іграх, а також відмінні бонуси. Будьте завжди в курсі, ФаНи!",
    "l10n.troubleshootingTips": "Поради щодо усунення неполадок",
    "l10n.agreeAndContinue": "ПРИНИМАЮ. ПРОДОВЖИТИ",
    "l10n.exit": "ВИХІД",
    "l10n.dataProtectPromise": "Ми обіцяємо захищати вашу конфіденційність і дані",
    "l10n.eulaAgreement": "Встановлюючи GeForce Experience, ви погоджуєтеся з умовами <a ng-click=\"preferencesFunctionalDataConsent.showEula()\">ліцензійної угоди з кінцевим користувачем</a> и <a ng-click=\"preferencesFunctionalDataConsent.showPrivacyPolicy()\">політики конфіденційності NVIDIA.</a>",
    "l10n.ledOn": "Увімк.",
    "l10n.ledOff": "Вимк.",
    "l10n.ledOngpuProperty": "Увімк. (Попередження про властивості ГП)",
    "l10n.ledVisualizer": "Індикатор",
    "l10n.ledNoAnimation": "Без анімації",
    "l10n.ledBreathing": "Дихання",
    "l10n.ledFlashing": "Спалах",
    "l10n.ledDualFlashing": "Подвійний спалах",
    "l10n.wave": "Хвиля",
    "l10n.ripple": "Брижі",
    "l10n.ledRandom": "Випадковий",
    "l10n.ledAudioFlashing": "Візуалізація аудіо",
    "l10n.ledAnimationElectric": "Електрика",
    "l10n.flowIn": "Потік в",
    "l10n.flowOut": "Потік з",
    "l10n.reverseBreathing": "Зворотне дихання",
    "l10n.multiColor": "Багатобарвна",
    "l10n.colorCycle": "Кольоровий цикл",
    "l10n.ledVariableBrighness": "Мінлива яскравість",
    "l10n.ledFixedBrightness": "Фіксована яскравість",
    "l10n.ledStyleBased": "Стиль що використовується",
    "l10n.gpuTemparature": "Температура ГП",
    "l10n.gpuUtilization": "Ступінь завантаження ГП",
    "l10n.gpuClock": "Частота синхронізації ГП",
    "l10n.gpuFanSpeed": "Оберти вентилятора ГП",
    "l10n.gpuVoltage": "Напруга ГП",
    "l10n.brightness": "Яскравість",
    "l10n.maxBrightness": "Максимальна яскравість",
    "l10n.brightnessRange": "Діапазон яскравості",
    "l10n.range": "Діапазон",
    "l10n.onSliIsEnabled": "Увімк. (Режим SLI увімкнений)",
    "l10n.speed": "швидкість",
    "l10n.animationSpeed": "Швидкість анімації",
    "l10n.hertzSign": "МГц",
    "l10n.rpmSign": "об/хв",
    "l10n.percentageSign": "%",
    "l10n.volateSign": "мВ",
    "l10n.centigrateSign": "°C",
    "l10n.effect": "Ефекти",
    "l10n.style": "Стиль",
    "l10n.variation": "Зміни",
    "l10n.faq": "Поширені запитання",
    "l10n.syncAll": "Синх. все",
    "l10n.syncZones": "Синх. зони",
    "l10n.allLed": "Всі індикатори",
    "l10n.eachLed": "Кожен індикатор",
    "l10n.turnLedOn": "LED Visualizer увімк.",
    "l10n.turnLedOff": "Індикатор вимк. Увімкніть LED-ефекти, щоб застосувати параметри.",
    "l10n.ledLighting": "LED-підсвітка",
    "l10n.zone": "Зона {{zoneLocation}}",
    "l10n.mediaFeaturePack": "Пакет мультимедійних функцій для Windows 10",
    "l10n.balancedMode": "Збалансований",
    "l10n.balancedModeDescription": "Баланс між продуктивністю і рівнем шуму.",
    "l10n.perfModeDescription": "Режим високої продуктивності рекомендується для ігор, але збільшує рівень шуму від вентилятора.",
    "l10n.whisperModeDescription": "Поєднує знижений рівень шуму з хорошою продуктивністю в іграх.",
    "l10n.performanceModeDescription": "Оптимізувати продуктивність в іграх або застосунках",
    "l10n.toastPerfModeIsEnabled": "Режим продуктивності увімкнений. Оптимізувати всі ігри і застосунки, в тому числі налаштовані користувачем.",
    "l10n.toastBalanceModeIsEnabled": "Збалансований режим увімкнений. Оптимізувати всі ігри і застосунки, в тому числі налаштовані користувачем.",
    "l10n.quiteMode2Description": "Знайдіть баланс між продуктивністю ноутбука і гучністю вентиляторів під час роботи від електромережі",
    "l10n.baseFrameRate": "Мін. бажана частота кадрів",
    "l10n.fanVolume": "Гучність вентиляторів",
    "l10n.quiet": "Тихо",
    "l10n.quieter": "Ще тихіше",
    "l10n.quietMode2": "WhisperMode 2.0"
}
