{
    "l10n.general": "General",
    "l10n.friendsAndGroups": "Amigos y grupos",
    "l10n.driverUpdates": "Actualizaciones de controlador",
    "l10n.clientBetaUpdate": "Habilitar funciones experimentales. Puede requerirse una actualización de GeForce Experience.",
    "l10n.automaticallyDownloadDriver": "Descargar automáticamente las actualizaciones del controlador y permitirme elegir cuándo instalarlas",
    "l10n.notifyMe": "Notificarme cuando:",
    "l10n.faqPolicy": "Política de obtención de datos y preguntas más frecuentes",
    "l10n.supportedGames": "Juegos y aplicaciones compatibles",
    "l10n.licenseAggrement": "Acuerdo de licencia",
    "l10n.releaseHighlights": "Información destacada",
    "l10n.nvidiaRightReserved": "© 2016-2022 NVIDIA Corporation. Todos los derechos reservados.",
    "l10n.about": "Acerca de",
    "l10n.betaUpdates": "Actualizaciones beta",
    "l10n.getAccessToGeforceSoftware": "Obtener acceso al software de GeForce antes de su publicación. Agradecemos sus comentarios.",
    "l10n.geforceExperience": "GeForce Experience",
    "l10n.geforceDriver": "Controlador de GeForce",
    "l10n.language": "Idioma",
    "l10n.nvidiaGeforceExperience": "NVIDIA® GeForce® Experience™",
    "l10n.switchToGfeClassic": "Cambiar a GFE Classic",
    "l10n.beta": "Beta",
    "l10n.nvidiaNewsletter": "Boletín de Nvidia",
    "l10n.licenseTitle": "LICENCIA PARA EL USO DEL SOFTWARE DE NVIDIA POR PARTE DEL CLIENTE",
    "l10n.profile": "Perfil",
    "l10n.avatar": "Avatar",
    "l10n.driverVersion": "Versión del controlador",
    "l10n.RAM": "RAM",
    "l10n.hz": "Hz",
    "l10n.myRig": "MI EQUIPO",
    "l10n.securityAndPrivacy": "Seguridad y privacidad",
    "l10n.passwordChangedDate": "Último cambio el {{passwordChangedDate | date:'dd MMMM yyyy'}}",
    "l10n.rememberUser": "Recordarme en este PC",
    "l10n.linkedAccounts": "Cuentas enlazadas ({{linkedAccountsCount}})",
    "l10n.link": "enlazar",
    "l10n.deviceManagement": "Administración de dispositivos",
    "l10n.removeAllDevices": "Eliminar todos los dispositivos",
    "l10n.features": "Funciones",
    "l10n.viewSystemRequirements": "Ver requisitos completos del sistema",
    "l10n.gameScan": "Búsqueda de juegos o aplicaciones",
    "l10n.scanNow": "Buscar ahora",
    "l10n.gamesFound": "JUEGOS Y APLICACIONES ENCONTRADOS",
    "l10n.viewSupportedGames": "Ver juegos y aplicaciones compatibles",
    "l10n.lastChecked": "Última comprobación",
    "l10n.shareDescription": "Activa Repetición instantánea, Grabación manual, Gamestream cooperativo y Difusión",
    "l10n.changePassword": "Cambiar contraseña",
    "l10n.newPassword": "Nueva contraseña",
    "l10n.passwordDoesNotMatch": "Las contraseñas no coinciden",
    "l10n.personalInformation": "Información personal",
    "l10n.changePersonalInformation": "Cambiar información personal",
    "l10n.email": "Correo electrónico",
    "l10n.useThisEmailToLogin": "Usar esta dirección de correo electrónico para iniciar sesión",
    "l10n.birthday": "Cumpleaños",
    "l10n.birthdayFormat": "{{birthdayFormat | date:'dd MMMM yyyy'}}",
    "l10n.memberSinceFormat": "{{memberSinceFormat | date:'MMMM yyyy'}} ",
    "l10n.phone": "Teléfono",
    "l10n.gamestreamDescription": "Permite a tu PC transmitir juegos a dispositivos SHIELD",
    "l10n.gamesApps": "Juegos y Apps:",
    "l10n.optimalPlayableSettings": "Configuración óptima para jugar",
    "l10n.gameLocation": "Ubicación de búsqueda",
    "l10n.remove": "Eliminar",
    "l10n.add": "Añadir",
    "l10n.somethingWentWrong": "Se ha producido un error. Intente reiniciar GeForce Experience.",
    "l10n.receiveUpdates": "Recibir actualizaciones de productos y noticias de NVIDIA",
    "l10n.batteryBoost": "Battery Boost",
    "l10n.batteryBoostDescription": "Aumentar la duración de la batería mientras se juega",
    "l10n.maximumFramerate": "Velocidad de fotogramas máxima:",
    "l10n.fps": "FPS",
    "l10n.updateAvatar": "Actualizar avatar",
    "l10n.chooseAvatarFromGallery": "Elegir de la galería de avatares",
    "l10n.update": "Actualizar",
    "l10n.changeEmailAddress": "Cambiar dirección de correo electrónico",
    "l10n.thanksEmailUpdated": "Gracias por verificar tu dirección de correo electrónico.",
    "l10n.emailUpdatedSuccessfully": "Correo electrónico actualizado correctamente",
    "l10n.viewAllGameStreamSupportedGames": "Ver todos los juegos compatibles con GameStream",
    "l10n.shieldDevices": "DISPOSITIVOS SHIELD",
    "l10n.unableToUpdateSettings": "No es posible actualizar la configuración",
    "l10n.shieldDevicesRemoved": "Dispositivos SHIELD eliminados",
    "l10n.shieldDevicesRemoveFailed": "No es posible eliminar los dispositivos SHIELD",
    "l10n.yourPasswordChanged": "Se ha cambiado su contraseña",
    "l10n.addAdditionalGamesForStreaming": "Añadir juegos adicionales para secuenciar",
    "l10n.name": "Nombre",
    "l10n.target": "Destino",
    "l10n.startIn": "Iniciar en:",
    "l10n.unsupportedFileType": "Tipo de archivo no compatible",
    "l10n.fileNotFound": "No se encontró el archivo",
    "l10n.checkInternetConnectivity": "Se ha producido un error. Compruebe su conexión a Internet y vuelva a iniciar GeForce Experience.",
    "l10n.tryRestartSystem": "Se ha producido un error. Intente reiniciar su sistema.",
    "l10n.boxArt": "Ilustración de caja",
    "l10n.ready": "Listo",
    "l10n.notReady": "No está listo",
    "l10n.addScanPathFailed": "Imposible añadir ubicación, inténtelo de nuevo.",
    "l10n.downloads": "Descargas",
    "l10n.desktopNotifications": "Notificaciones en el escritorio",
    "l10n.driverUpdateAvailable": "Actualización del controlador de GeForce disponible",
    "l10n.rewardAvailable": "La recompensa está disponible",
    "l10n.optimalSettingsUpdated": "La configuración óptima está actualizada",
    "l10n.highlightDescription": "Seleccionar qué momentos destacados se desea capturar automáticamente para este juego.",
    "l10n.quietMode": "Whisper Mode",
    "l10n.quietModeDescription": "Hace que el ordenador portátil conectado sea más silencioso durante el juego.",
    "l10n.changeGameFrameRate": "La velocidad de fotogramas máxima de un juego o una aplicación en WhisperMode se puede cambiar en la pestaña 'Configuración de programa' en la página 'Controlar la configuración 3D' del panel de control de NVIDIA",
    "l10n.toastQuietModeIsEnabled": "WhisperMode está activado. ¿Quiere optimizar todos los juegos y aplicaciones, incluso los que tienen una configuración personalizada?",
    "l10n.toastQuietModeIsDisabled": "WhisperMode está desactivado. ¿Quiere optimizar todos los juegos y aplicaciones, incluso los que tienen una configuración personalizada?",
    "l10n.downloadCompleteRestartGfe": "Reiniciar GeForce Experience para utilizar las funciones experimentales.",
    "l10n.ExpFeatureUpdatesEnabled": "Las actualizaciones de funciones experimentales están activadas.",
    "l10n.updateIsAvailable": "La actualización está disponible.",
    "l10n.noUpdatesAreAvailable": "Tiene las actualizaciones de funciones experimentales más recientes.",
    "l10n.downloadFailed": "La descarga ha fallado",
    "l10n.ExpFeatureUpdatesDisabled": "Las actualizaciones de funciones experimentales están desactivadas.",
    "l10n.highlightTitle": "Momentos destacados de ShadowPlay",
    "l10n.weChatQrCode": "Escanear el código QR utilizando WeChat para unirse a {{clubName}}",
    "l10n.qrCodeScan": "Escanear para seguir a {{clubName}}",
    "l10n.downloadInstallBetaUpdates": "GeForce Experience puede descargar e instalar actualizaciones de funciones experimentales.",
    "l10n.successfullySubscribed": "Suscrito con éxito a {{clubName}}",
    "l10n.qrCodeCouldNotBeLoaded": "No se pudo cargar el código QR. Inténtelo de nuevo más tarde.",
    "l10n.qrCodeScanningError": "Error de escaneado.",
    "l10n.fetchingQrCode": "Buscando código QR...",
    "l10n.nFanDescription": "Bienvenido en una de las mejores comunidades de jugadores: ¡\"英伟达GeForce\"!  Tenemos un montón de consejos de juego, herramientas y novedades sobre los últimos títulos, con fantásticos premios. ¡No se los pierdan, NFans!",
    "l10n.troubleshootingTips": "Consejos para la resolución de problemas",
    "l10n.agreeAndContinue": "ACEPTAR Y CONTINUAR",
    "l10n.exit": "SALIR",
    "l10n.dataProtectPromise": "Nos comprometemos a proteger su privacidad y sus datos",
    "l10n.eulaAgreement": "Al utilizar GeForce Experience, acepta el <a ng-click=\"preferencesFunctionalDataConsent.showEula()\">Contrato de licencia para el usuario final</a> y la <a ng-click=\"preferencesFunctionalDataConsent.showPrivacyPolicy()\">Política de privacidad de NVIDIA.</a>",
    "l10n.ledOn": "Activadas",
    "l10n.ledOff": "Desactivadas",
    "l10n.ledOngpuProperty": "Activadas (alarma de propiedad de GPU)",
    "l10n.ledVisualizer": "LED",
    "l10n.ledNoAnimation": "Sin animación",
    "l10n.ledBreathing": "Modo respiración",
    "l10n.ledFlashing": "Intermitente",
    "l10n.ledDualFlashing": "Intermitente doble",
    "l10n.wave": "Ola",
    "l10n.ripple": "Ondas",
    "l10n.ledRandom": "Aleatoria",
    "l10n.ledAudioFlashing": "Intermitente con audio",
    "l10n.ledAnimationElectric": "Eléctrica",
    "l10n.flowIn": "Flujo hacia adentro",
    "l10n.flowOut": "Flujo hacia afuera",
    "l10n.reverseBreathing": "Modo respiración invertida",
    "l10n.multiColor": "Multicolor",
    "l10n.colorCycle": "Ciclo de color",
    "l10n.ledVariableBrighness": "Brillo variable",
    "l10n.ledFixedBrightness": "Brillo fijo",
    "l10n.ledStyleBased": "Basado en estilo",
    "l10n.gpuTemparature": "Temperatura de la GPU",
    "l10n.gpuUtilization": "Uso de la GPU",
    "l10n.gpuClock": "Reloj de la GPU",
    "l10n.gpuFanSpeed": "Velocidad del ventilador de la GPU",
    "l10n.gpuVoltage": "Voltaje de la GPU",
    "l10n.brightness": "Brillo",
    "l10n.maxBrightness": "Brillo máximo",
    "l10n.brightnessRange": "Margen de brillo",
    "l10n.range": "Alcance",
    "l10n.onSliIsEnabled": "Activado (SLI está habilitado)",
    "l10n.speed": "Velocidad",
    "l10n.animationSpeed": "Velocidad de animación",
    "l10n.hertzSign": "MHz",
    "l10n.rpmSign": "RPM",
    "l10n.percentageSign": "%",
    "l10n.volateSign": "mV",
    "l10n.centigrateSign": "°C",
    "l10n.effect": "Efecto",
    "l10n.style": "Estilo",
    "l10n.variation": "Variación",
    "l10n.faq": "Preguntas frecuentes",
    "l10n.syncAll": "Sincronizar todo",
    "l10n.syncZones": "Zonas de sincronización",
    "l10n.allLed": "Todas las luces LED",
    "l10n.eachLed": "Cada luz LED",
    "l10n.turnLedOn": "LED Visualizer activado",
    "l10n.turnLedOff": "Luz LED desactivada. Activar efecto luz LED para aplicar configuración.",
    "l10n.ledLighting": "Iluminación LED",
    "l10n.zone": "Zona {{zoneLocation}}",
    "l10n.mediaFeaturePack": "Pack de funciones de medios para Windows 10",
    "l10n.balancedMode": "Equilibrado",
    "l10n.balancedModeDescription": "Equilibrio de rendimiento y acústica.",
    "l10n.perfModeDescription": "Modo de máximo rendimiento para la mejor experiencia de juego, con aumento del ruido del ventilador.",
    "l10n.whisperModeDescription": "Menor ruido del ventilador con buen rendimiento de juego.",
    "l10n.performanceModeDescription": "Optimizar el rendimiento del juego o la aplicación",
    "l10n.toastPerfModeIsEnabled": "El modo de rendimiento está activado. Optimice todos los juegos y aplicaciones, incluso los que tengan una configuración personalizada.",
    "l10n.toastBalanceModeIsEnabled": "El modo Equilibrado está activado. Optimice todos los juegos y aplicaciones, incluso los que tengan una configuración personalizada.",
    "l10n.quiteMode2Description": "Equilibre el rendimiento del ordenador portátil y el volumen del ventilador mientras juega con alimentación de CA",
    "l10n.baseFrameRate": "Velocidad de fotogramas mínima:",
    "l10n.fanVolume": "Volumen del ventilador",
    "l10n.quiet": "Silencioso",
    "l10n.quieter": "Más silencioso",
    "l10n.quietMode2": "WhisperMode 2.0",
    "l10n.nis": "Escalado de imagen",
    "l10n.optimizedResolution": "Resolución de renderizado",
    "l10n.sharpen": "Enfocar",
    "l10n.toastNISStateIsEnabled": "El escalado de imagen está activado. ¿Quiere optimizar todos los juegos y aplicaciones, incluso los que tienen una configuración personalizada?",
    "l10n.toastNISIsDisabled": "El escalado de imagen está desactivado. ¿Quiere optimizar todos los juegos y aplicaciones, incluso los que tienen una configuración personalizada?",
    "l10n.nisDescription": "Aumente la velocidad de fotogramas para juegos y aplicaciones optimizados mediante el escalado y la nitidez de la GPU",
    "l10n.batteryBoost2": "Battery Boost 2.0",
    "l10n.batteryBoostDescription2": "Prolongue automáticamente la vida de la batería al jugar"
}
