{
    "l10n.general": "General",
    "l10n.friendsAndGroups": "Amigos y grupos",
    "l10n.driverUpdates": "Actualizaciones del controlador",
    "l10n.clientBetaUpdate": "Activar funciones experimentales. Es posible que sea necesario actualizar GeForce Experience.",
    "l10n.automaticallyDownloadDriver": "Descargar automáticamente las actualizaciones del controlador y dejarme elegir cuándo instalarlas",
    "l10n.notifyMe": "Notificarme cuando:",
    "l10n.faqPolicy": "Preguntas frecuentes y normativa de obtención de datos",
    "l10n.supportedGames": "Juegos y aplicaciones compatibles",
    "l10n.licenseAggrement": "Contrato de licencia",
    "l10n.releaseHighlights": "Información destacada",
    "l10n.nvidiaRightReserved": "© 2016-2022 NVIDIA Corporation. Todos los derechos reservados",
    "l10n.about": "Acerca de",
    "l10n.betaUpdates": "Actualizaciones beta",
    "l10n.getAccessToGeforceSoftware": "Obtenga acceso al software de GeForce antes de su lanzamiento al público. Apreciamos sus comentarios.",
    "l10n.geforceExperience": "GeForce Experience",
    "l10n.geforceDriver": "Controlador de GeForce",
    "l10n.language": "Idioma",
    "l10n.nvidiaGeforceExperience": "NVIDIA® GeForce® Experience™",
    "l10n.switchToGfeClassic": "Cambiar a GFE clásico",
    "l10n.beta": "Beta",
    "l10n.nvidiaNewsletter": "Boletín de Nvidia",
    "l10n.licenseTitle": "LICENCIA PARA USO DEL CLIENTE DE NVIDIA SOFTWARE",
    "l10n.profile": "Perfil",
    "l10n.avatar": "Avatar",
    "l10n.driverVersion": "Versión del controlador",
    "l10n.RAM": "RAM",
    "l10n.hz": "Hz",
    "l10n.myRig": "MI EQUIPO",
    "l10n.securityAndPrivacy": "Seguridad y privacidad",
    "l10n.passwordChangedDate": "Cambiado por última vez el {{passwordChangedDate | date:'dd MMMM yyyy'}}",
    "l10n.rememberUser": "Recordarme en esta PC",
    "l10n.linkedAccounts": "Cuentas vinculadas ({{linkedAccountsCount}})",
    "l10n.link": "vincular",
    "l10n.deviceManagement": "Administración de dispositivos",
    "l10n.removeAllDevices": "Eliminar todos los dispositivos",
    "l10n.features": "Funciones",
    "l10n.viewSystemRequirements": "Ver los requisitos completos del sistema",
    "l10n.gameScan": "Búsqueda de juegos o aplicaciones",
    "l10n.scanNow": "Explorar ahora",
    "l10n.gamesFound": "JUEGOS Y APLICACIONES ENCONTRADOS",
    "l10n.viewSupportedGames": "Ver juegos y aplicaciones compatibles",
    "l10n.lastChecked": "Última verificación",
    "l10n.shareDescription": "Permite el uso de Repetición instantánea, Grabación, cooperación con Gamestream y Difusión.",
    "l10n.changePassword": "Cambiar contraseña",
    "l10n.newPassword": "Contraseña nueva",
    "l10n.passwordDoesNotMatch": "Las contraseñas no coinciden.",
    "l10n.personalInformation": "Información personal",
    "l10n.changePersonalInformation": "Cambiar información personal",
    "l10n.email": "Correo electrónico",
    "l10n.useThisEmailToLogin": "Usar esta dirección de correo electrónico para iniciar sesión",
    "l10n.birthday": "Fecha de nacimiento",
    "l10n.birthdayFormat": "{{birthdayFormat | date:'dd MMMM yyyy'}}",
    "l10n.memberSinceFormat": "{{memberSinceFormat | date:'MMMM yyyy'}} ",
    "l10n.phone": "Teléfono",
    "l10n.gamestreamDescription": "Permite que su PC transmita por secuencias juegos a los dispositivos SHIELD.",
    "l10n.gamesApps": "Juegos y aplicaciones:",
    "l10n.optimalPlayableSettings": "Configuración de Optimal Playable",
    "l10n.gameLocation": "Ubicación de búsqueda",
    "l10n.remove": "Quitar",
    "l10n.add": "Agregar",
    "l10n.somethingWentWrong": "Eso no funcionó. Intente reiniciar GeForce Experience.",
    "l10n.receiveUpdates": "Recibir actualizaciones de productos y novedades de NVIDIA",
    "l10n.batteryBoost": "Battery Boost",
    "l10n.batteryBoostDescription": "Duración extendida de la batería durante el juego",
    "l10n.maximumFramerate": "Frecuencia máxima de tramas:",
    "l10n.fps": "FPS",
    "l10n.updateAvatar": "Actualizar avatar",
    "l10n.chooseAvatarFromGallery": "Elegir de la galería de avatares",
    "l10n.update": "Actualizar",
    "l10n.changeEmailAddress": "Cambiar la dirección de correo electrónico",
    "l10n.thanksEmailUpdated": "Gracias por verificar su dirección de correo electrónico",
    "l10n.emailUpdatedSuccessfully": "Correo electrónico actualizado correctamente",
    "l10n.viewAllGameStreamSupportedGames": "Ver todos los juegos compatibles con GameStream",
    "l10n.shieldDevices": "DISPOSITIVOS SHIELD",
    "l10n.unableToUpdateSettings": "No se pudo actualizar la configuración.",
    "l10n.shieldDevicesRemoved": "Dispositivos SHIELD eliminados",
    "l10n.shieldDevicesRemoveFailed": "No es posible eliminar los dispositivos SHIELD.",
    "l10n.yourPasswordChanged": "Se ha cambiado su contraseña.",
    "l10n.addAdditionalGamesForStreaming": "Agregar juegos adicionales para la transmisión",
    "l10n.name": "Nombre",
    "l10n.target": "Destino",
    "l10n.startIn": "Iniciar en",
    "l10n.unsupportedFileType": "Tipo de archivo no compatible.",
    "l10n.fileNotFound": "No se encontró el archivo.",
    "l10n.checkInternetConnectivity": "Eso no funcionó. Compruebe su conexión a Internet e intente reiniciar GeForce Experience.",
    "l10n.tryRestartSystem": "Eso no funcionó. Intente reiniciar el sistema.",
    "l10n.boxArt": "Imagen de la caja",
    "l10n.ready": "Listo",
    "l10n.notReady": "No está listo.",
    "l10n.addScanPathFailed": "Error al agregar ubicación. Intente nuevamente.",
    "l10n.downloads": "Descargas",
    "l10n.desktopNotifications": "Notificaciones en el escritorio",
    "l10n.driverUpdateAvailable": "La actualización del controlador de GeForce está disponible",
    "l10n.rewardAvailable": "La recompensa está disponible",
    "l10n.optimalSettingsUpdated": "La configuración óptima está actualizada",
    "l10n.highlightDescription": "Seleccione los elementos destacados que serán capturados automáticamente para este juego.",
    "l10n.quietMode": "Whisper Mode",
    "l10n.quietModeDescription": "Hace que su computadora portátil conectada funcione de un modo más silencioso durante el juego",
    "l10n.changeGameFrameRate": "La frecuencia máxima de tramas de un juego o una aplicación en WhisperMode puede modificarse desde la pestaña ‘Configuración de programa’ en la página ‘Administrar configuración 3D’ del panel de control de NVIDIA",
    "l10n.toastQuietModeIsEnabled": "WhisperMode está activado. ¿Desea optimizar todos los juegos y las aplicaciones, incluso los que tienen configuración personalizada?",
    "l10n.toastQuietModeIsDisabled": "WhisperMode está desactivado. ¿Desea optimizar todos los juegos y las aplicaciones, incluso los que tienen configuración personalizada?",
    "l10n.downloadCompleteRestartGfe": "Reinicie GeForce Experience para utilizar las funciones experimentales.",
    "l10n.ExpFeatureUpdatesEnabled": "Las actualizaciones de la función experimental están activadas.",
    "l10n.updateIsAvailable": "Hay una actualización disponible.",
    "l10n.noUpdatesAreAvailable": "Tiene las actualizaciones de la función experimental más recientes.",
    "l10n.downloadFailed": "Error en la descarga.",
    "l10n.ExpFeatureUpdatesDisabled": "Las actualizaciones de la función experimental están desactivadas.",
    "l10n.highlightTitle": "Elementos destacados de ShadowPlay",
    "l10n.weChatQrCode": "Escanea el código QR utilizando WeChat para unirte a{{clubName}}",
    "l10n.qrCodeScan": "Escanear para seguir a {{clubName}}",
    "l10n.downloadInstallBetaUpdates": "Es posible que GeForce Experience descargue e instale actualizaciones de las funciones experimentales.",
    "l10n.successfullySubscribed": "Se suscribió correctamente a {{clubName}}",
    "l10n.qrCodeCouldNotBeLoaded": "No se pudo cargar el código QR. Vuelva a intentar más tarde.",
    "l10n.qrCodeScanningError": "Se produjo un error en la exploración.",
    "l10n.fetchingQrCode": "Buscando código QR...",
    "l10n.nFanDescription": "¡Bienvenido a la que tal vez sea la mejor comunidad de jugadores: el ‘英伟达GeForce’!  Tenemos numerosos consejos de juego, herramientas y novedades sobre los últimos títulos con interesantes beneficios y recompensas. ¡Quédense con nosotros, seguidores de NFan!",
    "l10n.troubleshootingTips": "Consejos para la resolución de problemas",
    "l10n.agreeAndContinue": "ACEPTAR Y CONTINUAR",
    "l10n.exit": "SALIR",
    "l10n.dataProtectPromise": "Nos comprometemos a proteger su privacidad y sus datos",
    "l10n.eulaAgreement": "Al usar GeForce Experience, usted acepta el <a ng-click=\"preferencesFunctionalDataConsent.showEula()\">Acuerdo de licencia de usuario final</a> y la <a ng-click=\"preferencesFunctionalDataConsent.showPrivacyPolicy()\">política de privacidad de NVIDIA.</a>",
    "l10n.ledOn": "Activado",
    "l10n.ledOff": "Desactivado",
    "l10n.ledOngpuProperty": "Activada (alarma de propiedades de GPU)",
    "l10n.ledVisualizer": "LED",
    "l10n.ledNoAnimation": "Sin animación",
    "l10n.ledBreathing": "Respiración",
    "l10n.ledFlashing": "Actualización",
    "l10n.ledDualFlashing": "Actualización doble",
    "l10n.wave": "Onda",
    "l10n.ripple": "Ondas",
    "l10n.ledRandom": "Aleatoria",
    "l10n.ledAudioFlashing": "Intermitencia con audio",
    "l10n.ledAnimationElectric": "Eléctrica",
    "l10n.flowIn": "Flujo hacia adentro",
    "l10n.flowOut": "Flujo hacia afuera",
    "l10n.reverseBreathing": "Respiración inversa",
    "l10n.multiColor": "Multicolor",
    "l10n.colorCycle": "Ciclo de color",
    "l10n.ledVariableBrighness": "Brillo variable",
    "l10n.ledFixedBrightness": "Brillo fijo",
    "l10n.ledStyleBased": "Según el estilo",
    "l10n.gpuTemparature": "Temperatura de GPU",
    "l10n.gpuUtilization": "Utilización de GPU",
    "l10n.gpuClock": "Reloj de GPU",
    "l10n.gpuFanSpeed": "Velocidad del ventilador de GPU",
    "l10n.gpuVoltage": "Voltaje de GPU",
    "l10n.brightness": "Brillo",
    "l10n.maxBrightness": "Brillo máximo",
    "l10n.brightnessRange": "Rango de brillo",
    "l10n.range": "Rango",
    "l10n.onSliIsEnabled": "Activado (SLI está habilitado)",
    "l10n.speed": "velocidad",
    "l10n.animationSpeed": "Velocidad de animación",
    "l10n.hertzSign": "MHz",
    "l10n.rpmSign": "RPM",
    "l10n.percentageSign": "%",
    "l10n.volateSign": "mV",
    "l10n.centigrateSign": "°C",
    "l10n.effect": "Efecto",
    "l10n.style": "Estilo",
    "l10n.variation": "Variación",
    "l10n.faq": "Preguntas frecuentes",
    "l10n.syncAll": "Sincronizar todo",
    "l10n.syncZones": "Sincronizar zonas",
    "l10n.allLed": "Todos los LED",
    "l10n.eachLed": "Cada LED",
    "l10n.turnLedOn": "LED Visualizer está ACTIVADO",
    "l10n.turnLedOff": "El LED está DESACTIVADO. Activar efecto de LED  para aplicar la configuración.",
    "l10n.ledLighting": "Iluminación de LED",
    "l10n.zone": "Zona {{zoneLocation}}",
    "l10n.mediaFeaturePack": "Paquete de recursos de medios para Windows 10",
    "l10n.balancedMode": "Equilibradas",
    "l10n.balancedModeDescription": "Equilibrio entre rendimiento y ruido",
    "l10n.perfModeDescription": "Modo de rendimiento más alto para una mejor experiencia de juego, con un aumento en el ruido del ventilador",
    "l10n.whisperModeDescription": "Ruido de ventilador reducido con buen rendimiento de los juegos",
    "l10n.performanceModeDescription": "Optimizar el rendimiento del juego o de la aplicación",
    "l10n.toastPerfModeIsEnabled": "El modo de rendimiento está activado. ¿Desea optimizar todos los juegos y las aplicaciones, incluso los que tienen configuración personalizada?",
    "l10n.toastBalanceModeIsEnabled": "El modo equilibrado está activado. ¿Desea optimizar todos los juegos y las aplicaciones, incluso los que tienen configuración personalizada?",
    "l10n.quiteMode2Description": "Equilibre el rendimiento de la computadora portátil y el volumen del ventilador mientras ejecuta el juego con energía de CA.",
    "l10n.baseFrameRate": "Frecuencia máxima de tramas deseada",
    "l10n.fanVolume": "Volumen del ventilador",
    "l10n.quiet": "Silencioso",
    "l10n.quieter": "Más silencioso",
    "l10n.quietMode2": "WhisperMode 2.0",
    "l10n.nis": "Escala de la imagen",
    "l10n.optimizedResolution": "Resolución de renderizado",
    "l10n.sharpen": "Dar nitidez",
    "l10n.toastNISStateIsEnabled": "El ajuste de escala de la imagen está activado. ¿Desea optimizar todos los juegos y las aplicaciones, incluso los que tienen configuración personalizada?",
    "l10n.toastNISIsDisabled": "El ajuste de escala de la imagen está desactivado. ¿Desea optimizar todos los juegos y las aplicaciones, incluso los que tienen configuración personalizada?",
    "l10n.nisDescription": "Aumenta las frecuencias de fotogramas para los juegos y las aplicaciones, a través del ajuste de escala y enfoque de la GPU",
    "l10n.batteryBoost2": "Battery Boost 2.0",
    "l10n.batteryBoostDescription2": "Extienda automáticamente la duración de la batería cuando juegue"
}
