{
    "l10n.general": "Yleistä",
    "l10n.friendsAndGroups": "Ystävät ja ryhmät",
    "l10n.driverUpdates": "Ohjainpäivitykset",
    "l10n.clientBetaUpdate": "Ota käyttöön kokeelliset ominaisuudet. GeForce Experience -päivitys voi olla tarpeen.",
    "l10n.automaticallyDownloadDriver": "Lataa ohjainpäivitykset automaattisesti ja anna minun valita, milloin ne asennetaan",
    "l10n.notifyMe": "Ilmoita minulle kun:",
    "l10n.faqPolicy": "Usein esitetyt kysymykset ja tiedonkeräyskäytäntö",
    "l10n.supportedGames": "Tuetut pelit ja sovellukset",
    "l10n.licenseAggrement": "Käyttöoikeussopimus",
    "l10n.releaseHighlights": "Julkaisun tärkeimmät tiedot",
    "l10n.nvidiaRightReserved": "© 2016-2022 NVIDIA Corporation. Kaikki oikeudet pidätetään.",
    "l10n.about": "Tietoja",
    "l10n.betaUpdates": "Beetapäivitykset",
    "l10n.getAccessToGeforceSoftware": "Saa käyttöoikeus GeForce-ohjelmistoihin ennen julkista lanseerausta. Kiitos palautteesta.",
    "l10n.geforceExperience": "GeForce Experience",
    "l10n.geforceDriver": "GeForce-ohjain",
    "l10n.language": "Kieli",
    "l10n.nvidiaGeforceExperience": "NVIDIA® GeForce® Experience™",
    "l10n.switchToGfeClassic": "Siirry GFE Classiciin",
    "l10n.beta": "Beta",
    "l10n.nvidiaNewsletter": "NVIDIA-uutislehtinen",
    "l10n.licenseTitle": "NVIDIA-OHJELMISTON KÄYTTÖLISENSSI ASIAKKAILLE",
    "l10n.profile": "Profiili",
    "l10n.avatar": "Avatar",
    "l10n.driverVersion": "Ohjaimen versio",
    "l10n.RAM": "RAM",
    "l10n.hz": "Hz",
    "l10n.myRig": "OMA JÄRJESTELMÄ",
    "l10n.securityAndPrivacy": "Suojaus ja yksityisyys",
    "l10n.passwordChangedDate": "Viimeksi muutettu {{passwordChangedDate | date:'dd MMMM yyyy'}}",
    "l10n.rememberUser": "Muista minut tässä tietokoneessa",
    "l10n.linkedAccounts": "Linkitä tilit ({{linkedAccountsCount}})",
    "l10n.link": "linkki",
    "l10n.deviceManagement": "Laitteen hallinta",
    "l10n.removeAllDevices": "Poista kaikki laitteet",
    "l10n.features": "Ominaisuudet",
    "l10n.viewSystemRequirements": "Näytä kaikki järjestelmävaatimukset",
    "l10n.gameScan": "Pelin tai sovelluksen skannaus",
    "l10n.scanNow": "Skannaa nyt",
    "l10n.gamesFound": "PELEJÄ JA SOVELLUKSIA LÖYTYNYT",
    "l10n.viewSupportedGames": "Näytä tuetut pelit ja sovellukset",
    "l10n.lastChecked": "Edellinen tarkistus",
    "l10n.shareDescription": "Salli Instant Replay, manuaalinen nauhoitus, GameStream Co-op ja lähetys",
    "l10n.changePassword": "Vaihda salasana.",
    "l10n.newPassword": "Uusi salasana",
    "l10n.passwordDoesNotMatch": "Salasanat eivät täsmää",
    "l10n.personalInformation": "Henkilötiedot",
    "l10n.changePersonalInformation": "Muuta henkilötietoja",
    "l10n.email": "Sähköposti",
    "l10n.useThisEmailToLogin": "Käytä tätä sähköpostiosoitetta sisäänkirjautumiseen",
    "l10n.birthday": "Syntymäpäivä",
    "l10n.birthdayFormat": "{{birthdayFormat | date:'dd MMMM yyyy'}}",
    "l10n.memberSinceFormat": "{{memberSinceFormat | date:'MMMM yyyy'}} ",
    "l10n.phone": "Puhelin",
    "l10n.gamestreamDescription": "Antaa tietokoneen toistaa pelejä SHIELD-laitteisiin",
    "l10n.gamesApps": "Pelit ja sovellukset:",
    "l10n.optimalPlayableSettings": "Optimaaliset pelikelpoiset asetukset",
    "l10n.gameLocation": "Skannauskohta",
    "l10n.remove": "Poista",
    "l10n.add": "Lisää",
    "l10n.somethingWentWrong": "Tämä ei toiminut. Yritä käynnistää GeForce Experience uudelleen.",
    "l10n.receiveUpdates": "Vastaanota tuotepäivityksiä ja -uutisia NVIDIAlta",
    "l10n.batteryBoost": "Battery Boost",
    "l10n.batteryBoostDescription": "Akun virran säästäminen pelaamisen aikana",
    "l10n.maximumFramerate": "Enimmäiskuvanopeus:",
    "l10n.fps": "FPS (kuvaa sekunnissa)",
    "l10n.updateAvatar": "Päivitä avatar",
    "l10n.chooseAvatarFromGallery": "Valitse avatargalleriasta",
    "l10n.update": "Päivitä",
    "l10n.changeEmailAddress": "Vaihda sähköpostiosoite",
    "l10n.thanksEmailUpdated": "Kiitos sähköpostiosoitteen vahvistamisesta",
    "l10n.emailUpdatedSuccessfully": "Sähköpostiosoitteen päivitys onnistui",
    "l10n.viewAllGameStreamSupportedGames": "Näytä kaikki GameStream-valmiit pelit",
    "l10n.shieldDevices": "SHIELD-LAITTEET",
    "l10n.unableToUpdateSettings": "Asetusten päivitys epäonnistui",
    "l10n.shieldDevicesRemoved": "SHIELD-laitteet poistettiin",
    "l10n.shieldDevicesRemoveFailed": "SHIELD-laitteiden poistaminen epäonnistui",
    "l10n.yourPasswordChanged": "Salasanasi on muutettu",
    "l10n.addAdditionalGamesForStreaming": "Lisää pelejä toistettavaksi",
    "l10n.name": "Nimi",
    "l10n.target": "Kohde",
    "l10n.startIn": "Aloita",
    "l10n.unsupportedFileType": "Ei-tuettu tiedostotyyppi",
    "l10n.fileNotFound": "Tiedosto ei löytynyt",
    "l10n.checkInternetConnectivity": "Tämä ei toiminut. Tarkista Internet-yhteys ja yritä käynnistää GeForce Experience uudelleen.",
    "l10n.tryRestartSystem": "Tämä ei toiminut. Yritä käynnistää järjestelmä uudelleen.",
    "l10n.boxArt": "Kuvitus",
    "l10n.ready": "Valmis",
    "l10n.notReady": "Ei valmis",
    "l10n.addScanPathFailed": "Sijainnin lisääminen ei onnistunut, yritä uudelleen.",
    "l10n.downloads": "Ladatut tiedostot",
    "l10n.desktopNotifications": "Työpöytäilmoitukset",
    "l10n.driverUpdateAvailable": "GeForce-ohjaimen päivitys on saatavilla",
    "l10n.rewardAvailable": "Palkinto on käytettävissä",
    "l10n.optimalSettingsUpdated": "Optimaaliset asetukset on päivitetty",
    "l10n.highlightDescription": "Valitse, mitkä kohokohdat siepataan automaattisesti tätä peliä varten.",
    "l10n.quietMode": "Whisper Mode",
    "l10n.quietModeDescription": "Saa pistorasiaan kytketyn kannettavan tietokoneen toimimaan hiljaisempana pelin aikana",
    "l10n.changeGameFrameRate": "Enimmäiskuvanopeutta pelin tai sovelluksen ollessa WhisperMode-tilassa voidaan muuttaa Ohjelman asetukset -välilehdellä NVIDIA-ohjauspaneelin Hallitse 3D-asetuksia -sivulla",
    "l10n.toastQuietModeIsEnabled": "WhisperMode on käytössä. Optimoidaanko kaikki pelit ja sovellukset, myös ne, joiden asetuksia on mukautettu?",
    "l10n.toastQuietModeIsDisabled": "WhisperMode on poistettu käytöstä. Optimoidaanko kaikki pelit ja sovellukset, myös ne, joiden asetuksia on mukautettu?",
    "l10n.downloadCompleteRestartGfe": "Käynnistä GeForce Experience uudelleen, jotta voit käyttää kokeellisia ominaisuuksia.",
    "l10n.ExpFeatureUpdatesEnabled": "Kokeellisten ominaisuuksien päivitykset ovat käytössä.",
    "l10n.updateIsAvailable": "Päivitys on saatavilla.",
    "l10n.noUpdatesAreAvailable": "Sinulla on viimeisimmät kokeellisten ominaisuuksien päivitykset.",
    "l10n.downloadFailed": "Lataus epäonnistui",
    "l10n.ExpFeatureUpdatesDisabled": "Kokeellisten ominaisuuksien päivitykset eivät ole käytössä.",
    "l10n.highlightTitle": "ShadowPlay-kohokohdat",
    "l10n.weChatQrCode": "Skannaa QR-koodi WeChat-sovelluksella, jos haluat liittyä kohteeseen{{clubName}}",
    "l10n.qrCodeScan": "Skannaa, jos haluat seurata kohdetta {{clubName}}",
    "l10n.downloadInstallBetaUpdates": "GeForce Experience voi ladata ja asentaa kokeellisten ominaisuuksien päivityksiä.",
    "l10n.successfullySubscribed": "Kohteen {{clubName}} tilaus onnistui",
    "l10n.qrCodeCouldNotBeLoaded": "QR-koodia ei voitu ladata. Yritä myöhemmin uudelleen.",
    "l10n.qrCodeScanningError": "Skannaus epäonnistui.",
    "l10n.fetchingQrCode": "Noutaa QR-koodia...",
    "l10n.nFanDescription": "Tervetuloa yhteen upeimpaan peliyhteisöön: 英伟达GeForce’!  Meillä on hirveän paljon pelivinkkejä, työkaluja ja uutisia uusimmista nimikkeistä sekä jännittävistä eduista ja palkinnoista. Seuratkaa meitä, Nfanit!",
    "l10n.troubleshootingTips": "Vianmääritysvinkkejä",
    "l10n.agreeAndContinue": "HYVÄKSY JA JATKA",
    "l10n.exit": "LOPETA",
    "l10n.dataProtectPromise": "Lupaamme suojata henkilöllisyyttäsi ja tietojasi",
    "l10n.eulaAgreement": "Käyttämällä GeForce Experiencea hyväksyt <a ng-click=\"preferencesFunctionalDataConsent.showEula()\">loppukäyttäjän käyttöoikeussopimuksen</a> ja <a ng-click=\"preferencesFunctionalDataConsent.showPrivacyPolicy()\">NVIDIAn tietosuojakäytännön.</a>",
    "l10n.ledOn": "Päällä",
    "l10n.ledOff": "Pois päältä",
    "l10n.ledOngpuProperty": "Päällä (grafiikkasuoritinominaisuuden hälytys)",
    "l10n.ledVisualizer": "LED",
    "l10n.ledNoAnimation": "Ei animaatiota",
    "l10n.ledBreathing": "Hengitys",
    "l10n.ledFlashing": "Vilkkuva",
    "l10n.ledDualFlashing": "Kaksinkertainen vilkkuva",
    "l10n.wave": "Aalto",
    "l10n.ripple": "Väreily",
    "l10n.ledRandom": "Satunnainen",
    "l10n.ledAudioFlashing": "Vilkkuva valo",
    "l10n.ledAnimationElectric": "Sähköinen",
    "l10n.flowIn": "Virtaus sisään",
    "l10n.flowOut": "Virtaus ulos",
    "l10n.reverseBreathing": "Käänteinen hengitys",
    "l10n.multiColor": "Monivärinen",
    "l10n.colorCycle": "Värikierto",
    "l10n.ledVariableBrighness": "Vaihteleva kirkkaus",
    "l10n.ledFixedBrightness": "Kiinteä kirkkaus",
    "l10n.ledStyleBased": "Tyyliin perustuva",
    "l10n.gpuTemparature": "Grafiikkasuorittimen lämpötila",
    "l10n.gpuUtilization": "Grafiikkasuorittimen käyttö",
    "l10n.gpuClock": "Grafiikkasuorittimen kello",
    "l10n.gpuFanSpeed": "Grafiikkasuorittimen tuulettimen nopeus",
    "l10n.gpuVoltage": "Grafiikkasuorittimen jännite",
    "l10n.brightness": "Kirkkaus",
    "l10n.maxBrightness": "Maksimikirkkaus",
    "l10n.brightnessRange": "Kirkkausalue",
    "l10n.range": "Väli",
    "l10n.onSliIsEnabled": "Päällä (SLI on käytössä)",
    "l10n.speed": "nopeus",
    "l10n.animationSpeed": "Animaationopeus",
    "l10n.hertzSign": "MHz",
    "l10n.rpmSign": "RPM",
    "l10n.percentageSign": "%",
    "l10n.volateSign": "mV",
    "l10n.centigrateSign": "°C",
    "l10n.effect": "Tehoste",
    "l10n.style": "Tyyli",
    "l10n.variation": "Vaihtelu",
    "l10n.faq": "Usein esitetyt kysymykset",
    "l10n.syncAll": "Synkronisoi kaikki",
    "l10n.syncZones": "Synkronisointialueet",
    "l10n.allLed": "Kaikki LEDit",
    "l10n.eachLed": "Kukin LED",
    "l10n.turnLedOn": "LED Visualizer PÄÄLLÄ",
    "l10n.turnLedOff": "LED on POIS päältä Kytke LED vaikutus päälle lisätäksesi asetuksia.",
    "l10n.ledLighting": "LED-valaistus",
    "l10n.zone": "Alue {{zoneLocation}}",
    "l10n.mediaFeaturePack": "Media-ominaisuuspaketti Windows 10:lle",
    "l10n.balancedMode": "Tasapainotettu",
    "l10n.balancedModeDescription": "Tasapaino suorituskyvyn ja meluäänien välillä.",
    "l10n.perfModeDescription": "Korkeimman suorituskyvyn tila yhdistettynä parhaaseen pelikokemukseen, mutta tuulettimen äänentason nousee.",
    "l10n.whisperModeDescription": "Vaimennettu tuulettimen ääni yhdessä hyvän pelisuorituskyvyn kera.",
    "l10n.performanceModeDescription": "Optimoi pelin tai sovelluksen suorituskyky",
    "l10n.toastPerfModeIsEnabled": "Suorituskykytila on käytössä. Optimoi kaikki pelit ja sovellukset, myös ne, joiden asetuksia on mukautettu.",
    "l10n.toastBalanceModeIsEnabled": "Tasapainotettu tila on käytössä. Optimoi kaikki pelit ja sovellukset, myös ne, joiden asetuksia on mukautettu.",
    "l10n.quiteMode2Description": "Tasapainota kannettavan tietokoneen suorituskyky ja tuulettimen äänenvoimakkuus pelatessasi AC-virralla.",
    "l10n.baseFrameRate": "Vähimmäinen kehystaajuus:",
    "l10n.fanVolume": "Tuulettimen äänenvoimakkuus",
    "l10n.quiet": "Hiljainen",
    "l10n.quieter": "Hiljaisempi",
    "l10n.quietMode2": "WhisperMode 2.0",
    "l10n.nis": "Kuvan skaalaus",
    "l10n.optimizedResolution": "Piirtotarkkuus",
    "l10n.sharpen": "Terävöitä",
    "l10n.toastNISStateIsEnabled": "Kuvan skaalaus on käytössä. Optimoidaanko kaikki pelit ja sovellukset, myös ne, joiden asetuksia on mukautettu?",
    "l10n.toastNISIsDisabled": "Kuvan skaalaus on pois käytöstä. Optimoidaanko kaikki pelit ja sovellukset, myös ne, joiden asetuksia on mukautettu?",
    "l10n.nisDescription": "Paranna optimoidujen pelien kuvataajuutta ja sovelluksia grafiikkasuorittimen skaalaus- ja terävöintitoimintojen avulla.",
    "l10n.batteryBoost2": "Battery Boost 2.0",
    "l10n.batteryBoostDescription2": "Pidennä automaattisesti akkusi kestoaikaa, kun pelaat"
}
