{
    "l10n.general": "Généralités",
    "l10n.friendsAndGroups": "Amis et groupes",
    "l10n.driverUpdates": "Mises à jour de pilote",
    "l10n.clientBetaUpdate": "Activez les fonctionnalités expérimentales. Une mise à jour de GeForce Experience peut être requise.",
    "l10n.automaticallyDownloadDriver": "Télécharger automatiquement les mises à jour de pilotes et me laisser décider quand les installer",
    "l10n.notifyMe": "M'avertir lorsque :",
    "l10n.faqPolicy": "FAQ et règles de collecte des données",
    "l10n.supportedGames": "Jeux et applications pris en charge",
    "l10n.licenseAggrement": "Contrat de licence",
    "l10n.releaseHighlights": "Points clés de la version",
    "l10n.nvidiaRightReserved": "© 2016-2022 NVIDIA Corporation. Tous droits réservés.",
    "l10n.about": "À propos de",
    "l10n.betaUpdates": "Mises à jour bêta",
    "l10n.getAccessToGeforceSoftware": "Obtenir l'accès au logiciel GeForce avant sa diffusion publique. Votre avis nous intéresse.",
    "l10n.geforceExperience": "GeForce Experience",
    "l10n.geforceDriver": "Pilote GeForce",
    "l10n.language": "Langue",
    "l10n.nvidiaGeforceExperience": "NVIDIA® GeForce® Experience™",
    "l10n.switchToGfeClassic": "Passer à GFE Classic",
    "l10n.beta": "Beta",
    "l10n.nvidiaNewsletter": "Bulletin Nvidia",
    "l10n.licenseTitle": "LICENCE D'UTILISATION DU LOGICIEL NVIDIA",
    "l10n.profile": "Profil",
    "l10n.avatar": "Avatar",
    "l10n.driverVersion": "Version du pilote",
    "l10n.RAM": "RAM",
    "l10n.hz": "Hz",
    "l10n.myRig": "MON ÉQUIPEMENT",
    "l10n.securityAndPrivacy": "Sécurité et confidentialité",
    "l10n.passwordChangedDate": "Dernière modification le {{passwordChangedDate | date:'dd MMMM yyyy'}}",
    "l10n.rememberUser": "Mémoriser mes informations sur ce PC",
    "l10n.linkedAccounts": "Comptes liés ({{linkedAccountsCount}})",
    "l10n.link": "Lier",
    "l10n.deviceManagement": "Gestion des périphériques",
    "l10n.removeAllDevices": "Supprimer tous les périphériques",
    "l10n.features": "Caractéristiques",
    "l10n.viewSystemRequirements": "Afficher la configuration requise complète",
    "l10n.gameScan": "Recherche de jeux ou d'applications",
    "l10n.scanNow": "Rechercher maintenant",
    "l10n.gamesFound": "JEUX ET APPLICATIONS TROUVÉS",
    "l10n.viewSupportedGames": "Afficher les jeux et applications pris en charge",
    "l10n.lastChecked": "Dernière vérification",
    "l10n.shareDescription": "Autorise le replay instantané, l'enregistrement manuel, la coopération Gamestream et la diffusion",
    "l10n.changePassword": "Changer de mot de passe",
    "l10n.newPassword": "Nouveau mot de passe",
    "l10n.passwordDoesNotMatch": "Les mots de passe ne correspondent pas",
    "l10n.personalInformation": "Informations personnelles",
    "l10n.changePersonalInformation": "Modifier les informations personnelles",
    "l10n.email": "Adresse électronique",
    "l10n.useThisEmailToLogin": "Utiliser cette adresse électronique pour se connecter",
    "l10n.birthday": "Anniversaire",
    "l10n.birthdayFormat": "{{birthdayFormat | date:'dd MMMM yyyy'}}",
    "l10n.memberSinceFormat": "{{memberSinceFormat | date:'MMMM yyyy'}} ",
    "l10n.phone": "Téléphone",
    "l10n.gamestreamDescription": "Autorise votre PC à diffuser en continu des jeux sur les périphériques SHIELD",
    "l10n.gamesApps": "Jeux et applications :",
    "l10n.optimalPlayableSettings": "Paramètres optimaux pour les jeux",
    "l10n.gameLocation": "Emplacement de recherche",
    "l10n.remove": "Supprimer",
    "l10n.add": "Ajouter",
    "l10n.somethingWentWrong": "Ça n'a pas marché. Veuillez relancer GeForce Experience.",
    "l10n.receiveUpdates": "Recevoir les mises à jour des produits et les actualités de NVIDIA",
    "l10n.batteryBoost": "Battery Boost",
    "l10n.batteryBoostDescription": "Rallonger l'autonomie de la batterie lors de vos sessions de jeu",
    "l10n.maximumFramerate": "Fréquence de rafraîchissement maximale :",
    "l10n.fps": "Images/s",
    "l10n.updateAvatar": "Mettre à jour Avatar",
    "l10n.chooseAvatarFromGallery": "Choisir dans la galerie Avatar",
    "l10n.update": "Mettre à jour",
    "l10n.changeEmailAddress": "Changer d'adresse électronique",
    "l10n.thanksEmailUpdated": "Merci de vérifier votre adresse électronique",
    "l10n.emailUpdatedSuccessfully": "Adresse électronique mise à jour avec succès",
    "l10n.viewAllGameStreamSupportedGames": "Afficher tous les jeux compatibles GameStream",
    "l10n.shieldDevices": "PÉRIPHÉRIQUES SHIELD",
    "l10n.unableToUpdateSettings": "Impossible de mettre à jour les paramètres",
    "l10n.shieldDevicesRemoved": "Périphériques SHIELD supprimés",
    "l10n.shieldDevicesRemoveFailed": "Impossible de supprimer les périphériques SHIELD",
    "l10n.yourPasswordChanged": "Votre mot de passe a été changé",
    "l10n.addAdditionalGamesForStreaming": "Ajouter des jeux à transmettre",
    "l10n.name": "Nom",
    "l10n.target": "Cible",
    "l10n.startIn": "Démarrer dans",
    "l10n.unsupportedFileType": "Type de fichier non pris en charge",
    "l10n.fileNotFound": "Fichier introuvable",
    "l10n.checkInternetConnectivity": "Ça n'a pas marché. Vérifiez votre connexion Internet et essayez de relancer GeForce Experience.",
    "l10n.tryRestartSystem": "Ça n'a pas marché. Essayez de redémarrer le système.",
    "l10n.boxArt": "Jaquette du jeu",
    "l10n.ready": "Prêt",
    "l10n.notReady": "Pas prêt",
    "l10n.addScanPathFailed": "Impossible d'ajouter l'emplacement, veuillez réessayer.",
    "l10n.downloads": "Téléchargements",
    "l10n.desktopNotifications": "Notifications de bureau",
    "l10n.driverUpdateAvailable": "La mise à jour du pilote GeForce est disponible",
    "l10n.rewardAvailable": "Une récompense est disponible",
    "l10n.optimalSettingsUpdated": "Les paramètres optimaux ont été mis à jour",
    "l10n.highlightDescription": "Sélectionnez les extraits à capturer automatiquement dans ce jeu.",
    "l10n.quietMode": "Whisper Mode",
    "l10n.quietModeDescription": "Réduit le bruit émis en jeu par votre ordinateur portable lorsqu'il est branché",
    "l10n.changeGameFrameRate": "La fréquence d'images maximale d'un jeu ou d'une application en WhisperMode peut être modifiée sous l'onglet « Paramètres de programme » de la page « Gérer les paramètres 3D » du panneau de configuration NVIDIA",
    "l10n.toastQuietModeIsEnabled": "Le mode WhisperMode est activé. Optimiser tous les jeux et applications, y compris ceux avec des paramètres personnalisés ?",
    "l10n.toastQuietModeIsDisabled": "Le mode WhisperMode est désactivé. Optimiser tous les jeux et applications, y compris ceux avec des paramètres personnalisés ?",
    "l10n.downloadCompleteRestartGfe": "Redémarrez GeForce Experience pour utiliser les fonctionnalités expérimentales.",
    "l10n.ExpFeatureUpdatesEnabled": "Les mises à jour de fonctionnalités expérimentales sont activées.",
    "l10n.updateIsAvailable": "Une mise à jour est disponible.",
    "l10n.noUpdatesAreAvailable": "Vous possédez les dernières mises à jour de fonctionnalités expérimentales.",
    "l10n.downloadFailed": "Impossible de télécharger",
    "l10n.ExpFeatureUpdatesDisabled": "Les mises à jour de fonctionnalités expérimentales sont désactivées.",
    "l10n.highlightTitle": "Extraits ShadowPlay",
    "l10n.weChatQrCode": "Scannez le code QR avec WeChat pour rejoindre {{clubName}}",
    "l10n.qrCodeScan": "Scannez pour suivre {{clubName}}",
    "l10n.downloadInstallBetaUpdates": "GeForce Experience peut télécharger et installer des mises à jour de fonctionnalités expérimentales.",
    "l10n.successfullySubscribed": "Inscription réussie à {{clubName}}",
    "l10n.qrCodeCouldNotBeLoaded": "Impossible de charger le code QR. Veuillez réessayer ultérieurement.",
    "l10n.qrCodeScanningError": "L'analyse a échoué.",
    "l10n.fetchingQrCode": "Acquisition du code QR…",
    "l10n.nFanDescription": "Bienvenue dans ce qui est probablement l'une des communautés de gamers les plus sympas : « 英伟达GeForce » !  Nous avons des tonnes d'astuces, d'outils et d'actualités sur les derniers jeux, avec des avantages et des récompenses fantastiques. Restez à l'affût, NFans !",
    "l10n.troubleshootingTips": "Astuces de dépannage",
    "l10n.agreeAndContinue": "ACCEPTER ET CONTINUER",
    "l10n.exit": "QUITTER",
    "l10n.dataProtectPromise": "Nous nous engageons à protéger votre confidentialité et vos données",
    "l10n.eulaAgreement": "L'utilisation de GeForce Experience vaut acceptation du <a ng-click=\"preferencesFunctionalDataConsent.showEula()\">contrat de licence de l'utilisateur final</a> et de la <a ng-click=\"preferencesFunctionalDataConsent.showPrivacyPolicy()\">politique de confidentialité de NVIDIA</a>.",
    "l10n.ledOn": "Activé",
    "l10n.ledOff": "Désactivé",
    "l10n.ledOngpuProperty": "Activé (Alarme de propriété du processeur graphique)",
    "l10n.ledVisualizer": "LED",
    "l10n.ledNoAnimation": "Aucune animation",
    "l10n.ledBreathing": "Clignotement lent",
    "l10n.ledFlashing": "Clignotement",
    "l10n.ledDualFlashing": "Double clignotement",
    "l10n.wave": "Onde",
    "l10n.ripple": "Ondulation",
    "l10n.ledRandom": "Aléatoire",
    "l10n.ledAudioFlashing": "Clignotement audio",
    "l10n.ledAnimationElectric": "Électrique",
    "l10n.flowIn": "Vers l'intérieur",
    "l10n.flowOut": "Vers l'extérieur",
    "l10n.reverseBreathing": "Clignotement lent inversé",
    "l10n.multiColor": "Multicouleur",
    "l10n.colorCycle": "Palette de couleurs",
    "l10n.ledVariableBrighness": "Luminosité variable",
    "l10n.ledFixedBrightness": "Luminosité fixe",
    "l10n.ledStyleBased": "Basé sur le style",
    "l10n.gpuTemparature": "Température du processeur graphique",
    "l10n.gpuUtilization": "Utilisation du processeur graphique",
    "l10n.gpuClock": "Horloge du processeur graphique",
    "l10n.gpuFanSpeed": "Vitesse du ventilateur du processeur graphique",
    "l10n.gpuVoltage": "Tension du processeur graphique",
    "l10n.brightness": "Luminosité",
    "l10n.maxBrightness": "Luminosité max.",
    "l10n.brightnessRange": "Plage de luminosité",
    "l10n.range": "Plage",
    "l10n.onSliIsEnabled": "Activé (SLI est activé)",
    "l10n.speed": "vitesse",
    "l10n.animationSpeed": "Vitesse d'animation",
    "l10n.hertzSign": "MHz",
    "l10n.rpmSign": "tr/min",
    "l10n.percentageSign": "%",
    "l10n.volateSign": "mV",
    "l10n.centigrateSign": "°C",
    "l10n.effect": "Effet",
    "l10n.style": "Style",
    "l10n.variation": "Variation",
    "l10n.faq": "Foire aux questions",
    "l10n.syncAll": "Synchroniser tout",
    "l10n.syncZones": "Synchroniser zones",
    "l10n.allLed": "Toutes les LED",
    "l10n.eachLed": "Chaque LED",
    "l10n.turnLedOn": "LED Visualizer est activé",
    "l10n.turnLedOff": "La LED est désactivée. Activer l'effet LED pour appliquer les paramètres.",
    "l10n.ledLighting": "Éclairage LED",
    "l10n.zone": "Zone {{zoneLocation}}",
    "l10n.mediaFeaturePack": "Pack de fonctionnalités média pour Windows 10",
    "l10n.balancedMode": "Équilibré",
    "l10n.balancedModeDescription": "Équilibre entre performances et bruit ambiant.",
    "l10n.perfModeDescription": "Mode de performances maximales pour les jeux ; les ventilateurs sont plus bruyants.",
    "l10n.whisperModeDescription": "Bruit réduit des ventilateurs et des performances correctes en jeu.",
    "l10n.performanceModeDescription": "Optimiser les performances des jeux et des applications",
    "l10n.toastPerfModeIsEnabled": "Le mode Performances est activé. Optimisez tous les jeux et applications, y compris ceux avec des paramètres personnalisés.",
    "l10n.toastBalanceModeIsEnabled": "Le mode Équilibré est activé. Optimisez tous les jeux et applications, y compris ceux avec des paramètres personnalisés.",
    "l10n.quiteMode2Description": "Équilibre les performances de l'ordinateur portable et le volume du ventilateur tout en jouant sur l'alimentation CA",
    "l10n.baseFrameRate": "Objectif de fréquence de trame minimal",
    "l10n.fanVolume": "Volume du ventilateur",
    "l10n.quiet": "Silencieux",
    "l10n.quieter": "Plus silencieux",
    "l10n.quietMode2": "WhisperMode 2.0",
    "l10n.nis": "Mise à l'échelle spatiale de l'image",
    "l10n.optimizedResolution": "Résolution des rendus",
    "l10n.sharpen": "Lisser",
    "l10n.toastNISStateIsEnabled": "La mise à l'échelle spatiale de l'image est activée. Optimiser tous les jeux et applications, y compris ceux avec des paramètres personnalisés ?",
    "l10n.toastNISIsDisabled": "La mise à l'échelle spatiale de l'image est désactivée. Optimiser tous les jeux et applications, y compris ceux avec des paramètres personnalisés ?",
    "l10n.nisDescription": "Améliorez la fluidité pour les jeux et les applications optimisés en utilisant la mise à l'échelle et le lissage du processeur graphique.",
    "l10n.batteryBoost2": "Battery Boost 2.0",
    "l10n.batteryBoostDescription2": "Améliore automatiquement l'autonomie pendant les parties"
}
