{
    "l10n.general": "Generale",
    "l10n.friendsAndGroups": "Amici e gruppi",
    "l10n.driverUpdates": "Aggiornamenti driver",
    "l10n.clientBetaUpdate": "Abilita le funzionalità sperimentali. Potrebbe essere necessario aggiornare GeForce Experience.",
    "l10n.automaticallyDownloadDriver": "Scarica automaticamente gli aggiornamenti dei driver e consentimi di scegliere quando installarli",
    "l10n.notifyMe": "Inviami notifica quando:",
    "l10n.faqPolicy": "Domande frequenti e politica di raccolta dei dati",
    "l10n.supportedGames": "Giochi e applicazioni supportati",
    "l10n.licenseAggrement": "Contratto di licenza",
    "l10n.releaseHighlights": "Punti principali versione",
    "l10n.nvidiaRightReserved": "© 2016-2022 NVIDIA Corporation, Tutti i diritti riservati.",
    "l10n.about": "Informazioni su",
    "l10n.betaUpdates": "Aggiornamenti beta",
    "l10n.getAccessToGeforceSoftware": "Accedi ai software GeForce prima della loro immissione sul mercato. La tua opinione è importante per noi.",
    "l10n.geforceExperience": "GeForce Experience",
    "l10n.geforceDriver": "Driver GeForce",
    "l10n.language": "Lingua",
    "l10n.nvidiaGeforceExperience": "NVIDIA® GeForce® Experience™",
    "l10n.switchToGfeClassic": "Passa a GFE Classic",
    "l10n.beta": "Beta",
    "l10n.nvidiaNewsletter": "Newsletter Nvidia",
    "l10n.licenseTitle": "LICENZA D'USO DEL SOFTWARE NVIDIA",
    "l10n.profile": "Profilo",
    "l10n.avatar": "Avatar",
    "l10n.driverVersion": "Versione del driver",
    "l10n.RAM": "RAM",
    "l10n.hz": "Hz",
    "l10n.myRig": "ATTREZZATURA PERSONALE",
    "l10n.securityAndPrivacy": "Protezione e privacy",
    "l10n.passwordChangedDate": "Data ultima modifica: {{passwordChangedDate | date:'dd MMMM yyyy'}}",
    "l10n.rememberUser": "Ricordami su questo computer",
    "l10n.linkedAccounts": "Account collegati ({{linkedAccountsCount}})",
    "l10n.link": "collega",
    "l10n.deviceManagement": "Gestione del dispositivo",
    "l10n.removeAllDevices": "Rimuovi tutti i dispositivi",
    "l10n.features": "Funzioni",
    "l10n.viewSystemRequirements": "Visualizza tutti i requisiti di sistema",
    "l10n.gameScan": "Scansione di giochi o applicazioni",
    "l10n.scanNow": "Cerca ora",
    "l10n.gamesFound": "GIOCHI E APP TROVATI",
    "l10n.viewSupportedGames": "Visualizza giochi e applicazioni supportati",
    "l10n.lastChecked": "Ultimo controllo",
    "l10n.shareDescription": "Consente di utilizzare le funzioni Instant Replay, Registrazione manuale, Gamestream in condivisione e Trasmissione",
    "l10n.changePassword": "Modifica password",
    "l10n.newPassword": "Nuova password",
    "l10n.passwordDoesNotMatch": "Le password inserite non corrispondono",
    "l10n.personalInformation": "Informazioni personali",
    "l10n.changePersonalInformation": "Modifica informazioni personali",
    "l10n.email": "E-mail",
    "l10n.useThisEmailToLogin": "Utilizza questo indirizzo e-mail per accedere",
    "l10n.birthday": "Data di nascita",
    "l10n.birthdayFormat": "{{birthdayFormat | date:'dd MMMM yyyy'}}",
    "l10n.memberSinceFormat": "{{memberSinceFormat | date:'MMMM yyyy'}} ",
    "l10n.phone": "Telefono",
    "l10n.gamestreamDescription": "Consente al tuo PC di eseguire i giochi in streaming su dispositivi SHIELD",
    "l10n.gamesApps": "Giochi e app:",
    "l10n.optimalPlayableSettings": "Impostazioni di giocabilità ottimali",
    "l10n.gameLocation": "Percorso di ricerca",
    "l10n.remove": "Rimuovi",
    "l10n.add": "Aggiungi",
    "l10n.somethingWentWrong": "Operazione non riuscita. Provare a riavviare GeForce Experience.",
    "l10n.receiveUpdates": "Ricevi novità e aggiornamenti sui prodotti NVIDIA",
    "l10n.batteryBoost": "Battery Boost",
    "l10n.batteryBoostDescription": "Prolunga la durata della batteria durante il gioco",
    "l10n.maximumFramerate": "Frequenza fotogrammi massima:",
    "l10n.fps": "FPS",
    "l10n.updateAvatar": "Aggiorna avatar",
    "l10n.chooseAvatarFromGallery": "Seleziona avatar dalla galleria",
    "l10n.update": "Aggiorna",
    "l10n.changeEmailAddress": "Modifica indirizzo e-mail",
    "l10n.thanksEmailUpdated": "Grazie per aver confermato il tuo indirizzo e-mail",
    "l10n.emailUpdatedSuccessfully": "E-mail aggiornata correttamente",
    "l10n.viewAllGameStreamSupportedGames": "Visualizza tutti i giochi compatibili con GameStream",
    "l10n.shieldDevices": "DISPOSITIVI SHIELD",
    "l10n.unableToUpdateSettings": "Impossibile aggiornare le impostazioni",
    "l10n.shieldDevicesRemoved": "Dispositivi SHIELD rimossi",
    "l10n.shieldDevicesRemoveFailed": "Impossibile rimuovere i dispositivi SHIELD",
    "l10n.yourPasswordChanged": "Password modificata",
    "l10n.addAdditionalGamesForStreaming": "Aggiungi altri giochi per lo streaming",
    "l10n.name": "Nome",
    "l10n.target": "Destinazione",
    "l10n.startIn": "Da",
    "l10n.unsupportedFileType": "Tipo di file non supportato",
    "l10n.fileNotFound": "Impossibile trovare il file",
    "l10n.checkInternetConnectivity": "Operazione non riuscita. Verificare la connessione Internet e riavviare GeForce Experience.",
    "l10n.tryRestartSystem": "Operazione non riuscita. Provare a riavviare il sistema.",
    "l10n.boxArt": "Immagine confezione",
    "l10n.ready": "Pronto",
    "l10n.notReady": "Non pronto",
    "l10n.addScanPathFailed": "Impossibile aggiungere la posizione, riprova.",
    "l10n.downloads": "Download",
    "l10n.desktopNotifications": "Notifiche desktop",
    "l10n.driverUpdateAvailable": "L’aggiornamento del driver GeForce è disponibile",
    "l10n.rewardAvailable": "Il premio è disponibile",
    "l10n.optimalSettingsUpdated": "Le impostazioni ottimali sono state aggiornate",
    "l10n.highlightDescription": "Scegli quali momenti salienti catturare automaticamente per questo gioco.",
    "l10n.quietMode": "Whisper Mode",
    "l10n.quietModeDescription": "Attivando questa modalità, il laptop collegato sarà più silenzioso durante il gioco.",
    "l10n.changeGameFrameRate": "La frequenza di fotogrammi massima di un gioco o di un’applicazione in WhisperMode può essere impostata nella scheda Impostazioni programma della pagina Gestisci le impostazioni 3D del Pannello di controllo NVIDIA",
    "l10n.toastQuietModeIsEnabled": "La modalità WhisperMode è abilitata. Ottimizzare tutti i giochi e le applicazioni, inclusi quelli con impostazioni personalizzate?",
    "l10n.toastQuietModeIsDisabled": "La modalità WhisperMode è disabilitata. Ottimizzare tutti i giochi e le applicazioni, inclusi quelli con impostazioni personalizzate?",
    "l10n.downloadCompleteRestartGfe": "Riavvia GeForce Experience per utilizzare le funzioni sperimentali.",
    "l10n.ExpFeatureUpdatesEnabled": "Le funzioni sperimentali sono abilitate.",
    "l10n.updateIsAvailable": "L’aggiornamento è disponibile.",
    "l10n.noUpdatesAreAvailable": "Hai gli aggiornamenti delle funzioni sperimentali più recenti.",
    "l10n.downloadFailed": "Download non riuscito",
    "l10n.ExpFeatureUpdatesDisabled": "Gli aggiornamenti delle funzioni sperimentali sono disabilitati.",
    "l10n.highlightTitle": "Momenti salienti ShadowPlay",
    "l10n.weChatQrCode": "Leggi il codice QR utilizzando WeChat per unirti a {{clubName}}",
    "l10n.qrCodeScan": "Esegui la scansione per seguire {{clubName}}",
    "l10n.downloadInstallBetaUpdates": "GeForce Experience potrebbe scaricare e installare gli aggiornamenti di funzioni sperimentali.",
    "l10n.successfullySubscribed": "Iscrizione a {{clubName}} eseguita correttamente",
    "l10n.qrCodeCouldNotBeLoaded": "Impossibile caricare il codice QR. Riprova più tardi.",
    "l10n.qrCodeScanningError": "Scansione non riuscita.",
    "l10n.fetchingQrCode": "Recupero codice QR in corso...",
    "l10n.nFanDescription": "Benvenuto in una delle community di gamer più cool del momento: “英伟达GeForce”!  Abbiamo centinaia di suggerimenti di gioco, strumenti e novità sugli ultimi titoli, con tanti fantastici premi. Non lasciateveli scappare, NFans!",
    "l10n.troubleshootingTips": "Suggerimenti per la risoluzione dei problemi",
    "l10n.agreeAndContinue": "ACCETTA E CONTINUA",
    "l10n.exit": "ESCI",
    "l10n.dataProtectPromise": "Ci impegniamo a proteggere i tuoi dati e la tua privacy.",
    "l10n.eulaAgreement": "Utilizzando GeForce Experience confermi di accettare <a ng-click=\"preferencesFunctionalDataConsent.showEula()\">il contratto di licenza per l'utente finale</a> e <a ng-click=\"preferencesFunctionalDataConsent.showPrivacyPolicy()\">l’informativa sulla privacy NVIDIA.</a>",
    "l10n.ledOn": "On",
    "l10n.ledOff": "Off",
    "l10n.ledOngpuProperty": "On (avviso proprietà GPU)",
    "l10n.ledVisualizer": "LED",
    "l10n.ledNoAnimation": "Senza animazione",
    "l10n.ledBreathing": "Intermittente",
    "l10n.ledFlashing": "Lampeggiante",
    "l10n.ledDualFlashing": "Doppio lampeggiamento",
    "l10n.wave": "Onda",
    "l10n.ripple": "Increspato",
    "l10n.ledRandom": "Casuale",
    "l10n.ledAudioFlashing": "Lampeggiamento audio",
    "l10n.ledAnimationElectric": "Elettrico",
    "l10n.flowIn": "Flusso verso il centro",
    "l10n.flowOut": "Flusso verso l'esterno",
    "l10n.reverseBreathing": "Intermittente al contrario",
    "l10n.multiColor": "Multicolore",
    "l10n.colorCycle": "Ciclo colori",
    "l10n.ledVariableBrighness": "Luminosità variabile",
    "l10n.ledFixedBrightness": "Luminosità fissa",
    "l10n.ledStyleBased": "In base allo stile",
    "l10n.gpuTemparature": "Temperatura GPU",
    "l10n.gpuUtilization": "Utilizzo GPU",
    "l10n.gpuClock": "Clock GPU",
    "l10n.gpuFanSpeed": "Velocità ventola GPU",
    "l10n.gpuVoltage": "Tensione GPU",
    "l10n.brightness": "Luminosità",
    "l10n.maxBrightness": "Luminosità massima",
    "l10n.brightnessRange": "Gamma di luminosità",
    "l10n.range": "Intervallo",
    "l10n.onSliIsEnabled": "Attivato (SLI è abilitato)",
    "l10n.speed": "velocità",
    "l10n.animationSpeed": "Velocità animazione",
    "l10n.hertzSign": "MHz",
    "l10n.rpmSign": "giri/min",
    "l10n.percentageSign": "%",
    "l10n.volateSign": "mV",
    "l10n.centigrateSign": "°C",
    "l10n.effect": "Effetto",
    "l10n.style": "Stile",
    "l10n.variation": "Variazione",
    "l10n.faq": "Domande frequenti",
    "l10n.syncAll": "Sincronizza tutto",
    "l10n.syncZones": "Sincronizza zone",
    "l10n.allLed": "Tutti i LED",
    "l10n.eachLed": "Ogni LED",
    "l10n.turnLedOn": "LED Visualizer ATTIVATO",
    "l10n.turnLedOff": "LED DISATTIVATO. Attiva gli effetti LED per applicare le impostazioni.",
    "l10n.ledLighting": "Illuminazione LED",
    "l10n.zone": "Zona {{zoneLocation}}",
    "l10n.mediaFeaturePack": "Pacchetto funzionalità multimediali per Windows 10",
    "l10n.balancedMode": "Equilibrata",
    "l10n.balancedModeDescription": "Bilanciamento tra prestazioni e rumorosità.",
    "l10n.perfModeDescription": "Modalità prestazioni più elevate con incremento della rumorosità della ventola.",
    "l10n.whisperModeDescription": "Rumorosità della ventola ridotta con buone prestazioni di gioco.",
    "l10n.performanceModeDescription": "Ottimizza le prestazioni di giochi o applicazioni",
    "l10n.toastPerfModeIsEnabled": "La modalità Prestazioni è abilitata. Ottimizza tutti i giochi e le applicazioni, inclusi quelli con impostazioni personalizzate.",
    "l10n.toastBalanceModeIsEnabled": "La modalità Bilanciata è abilitata. Ottimizza tutti i giochi e le applicazioni, inclusi quelli con impostazioni personalizzate.",
    "l10n.quiteMode2Description": "Bilancia prestazioni laptop e volume ventola quando si utilizza il cavo di alimentazione CA",
    "l10n.baseFrameRate": "Target minimo frequenza fotogrammi",
    "l10n.fanVolume": "Volume ventola",
    "l10n.quiet": "Silenziosa",
    "l10n.quieter": "Più silenziosa",
    "l10n.quietMode2": "WhisperMode 2.0",
    "l10n.nis": "Ridimensionamento immagine",
    "l10n.optimizedResolution": "Risoluzione di rendering",
    "l10n.sharpen": "Aumentare la nitidezza",
    "l10n.toastNISStateIsEnabled": "Ridimensionamento immagine abilitata. Ottimizzare tutti i giochi e le applicazioni, inclusi quelli con impostazioni personalizzate?",
    "l10n.toastNISIsDisabled": "Ridimensionamento immagine disabilitata. Ottimizzare tutti i giochi e le applicazioni, inclusi quelli con impostazioni personalizzate?",
    "l10n.nisDescription": "Incrementa la frequenza dei fotogrammi per giochi e applicazioni ottimizzate tramite ridimensionamento e nitidezza della GPU",
    "l10n.batteryBoost2": "Battery Boost 2.0",
    "l10n.batteryBoostDescription2": "Aumenta automaticamente la durata della batteria durante il gioco."
}
