{
    "l10n.general": "Algemeen",
    "l10n.friendsAndGroups": "Vrienden en groepen",
    "l10n.driverUpdates": "Stuurprogramma-updates",
    "l10n.clientBetaUpdate": "Experimentele functies inschakelen. Er is mogelijk een update voor GeForce Experience vereist.",
    "l10n.automaticallyDownloadDriver": "Stuurprogramma-updates automatisch downloaden en mij laten kiezen wanneer ze worden geïnstalleerd",
    "l10n.notifyMe": "Informeer mij over:",
    "l10n.faqPolicy": "FAQ en beleid inzake gegevensverzameling",
    "l10n.supportedGames": "Ondersteunde games en apps",
    "l10n.licenseAggrement": "Licentieovereenkomst",
    "l10n.releaseHighlights": "Hoogtepunten release",
    "l10n.nvidiaRightReserved": "© 2016-2022 NVIDIA Corporation, alle rechten voorbehouden.",
    "l10n.about": "Info",
    "l10n.betaUpdates": "Bèta-updates",
    "l10n.getAccessToGeforceSoftware": "Krijg vóór publicatie toegang tot GeForce-software. Wij stellen uw feedback op prijs.",
    "l10n.geforceExperience": "GeForce Experience",
    "l10n.geforceDriver": "GeForce stuurprogramma",
    "l10n.language": "Taal",
    "l10n.nvidiaGeforceExperience": "NVIDIA® GeForce® Experience™",
    "l10n.switchToGfeClassic": "Schakelen naar GFE Klassiek",
    "l10n.beta": "Beta",
    "l10n.nvidiaNewsletter": "Nieuwsbrief NVIDIA",
    "l10n.licenseTitle": "LICENTIE VOOR HET GEBRUIK VAN DE NVIDIA SOFTWARE DOOR KLANTEN",
    "l10n.profile": "Profiel",
    "l10n.avatar": "Avatar",
    "l10n.driverVersion": "Stuurprogrammaversie",
    "l10n.RAM": "RAM",
    "l10n.hz": "Hz",
    "l10n.myRig": "MIJN SYSTEEM",
    "l10n.securityAndPrivacy": "Beveiliging en privacy",
    "l10n.passwordChangedDate": "Laatst gewijzigd op {{passwordChangedDate | date:'dd MMMM yyyy'}}",
    "l10n.rememberUser": "Mij op deze pc onthouden",
    "l10n.linkedAccounts": "Gekoppelde accounts ({{linkedAccountsCount}})",
    "l10n.link": "koppeling",
    "l10n.deviceManagement": "Apparaatbeheer",
    "l10n.removeAllDevices": "Alle apparaten verwijderen",
    "l10n.features": "Functies",
    "l10n.viewSystemRequirements": "Volledige systeemvereisten weergeven",
    "l10n.gameScan": "Scannen op games of apps",
    "l10n.scanNow": "Nu scannen",
    "l10n.gamesFound": "GAMES EN APPS GEVONDEN",
    "l10n.viewSupportedGames": "Ondersteunde games en apps weergeven",
    "l10n.lastChecked": "Laatste controle",
    "l10n.shareDescription": "Maakt Instant Replay, handmatig opnemen, Gamestream Co-op en uitzenden mogelijk.",
    "l10n.changePassword": "Wachtwoord wijzigen",
    "l10n.newPassword": "Nieuw wachtwoord",
    "l10n.passwordDoesNotMatch": "De wachtwoorden komen niet overeen",
    "l10n.personalInformation": "Persoonsgegevens",
    "l10n.changePersonalInformation": "Persoonsgegevens wijzigen",
    "l10n.email": "E-mail",
    "l10n.useThisEmailToLogin": "Dit e-mailadres gebruiken om u aan te melden",
    "l10n.birthday": "Geboortedatum",
    "l10n.birthdayFormat": "{{birthdayFormat | date:'dd MMMM yyyy'}}",
    "l10n.memberSinceFormat": "{{memberSinceFormat | date:'MMMM yyyy'}} ",
    "l10n.phone": "Telefoon",
    "l10n.gamestreamDescription": "Maakt het streamen van games van uw pc naar SHIELD-apparaten mogelijk",
    "l10n.gamesApps": "Games en apps:",
    "l10n.optimalPlayableSettings": "Optimale afspeelinstellingen",
    "l10n.gameLocation": "Scanlocatie",
    "l10n.remove": "Verwijderen",
    "l10n.add": "Toevoegen",
    "l10n.somethingWentWrong": "Dat is niet gelukt. Start GeForce Experience opnieuw.",
    "l10n.receiveUpdates": "Productupdates en nieuws van NVIDIA ontvangen",
    "l10n.batteryBoost": "Battery Boost",
    "l10n.batteryBoostDescription": "Verlengde levensduur van de accu tijdens gamen",
    "l10n.maximumFramerate": "Maximale framesnelheid:",
    "l10n.fps": "FPS",
    "l10n.updateAvatar": "Avatar bijwerken",
    "l10n.chooseAvatarFromGallery": "Uit avatargalerij kiezen",
    "l10n.update": "Bijwerken",
    "l10n.changeEmailAddress": "E-mailadres wijzigen",
    "l10n.thanksEmailUpdated": "Hartelijk dank voor het controleren van uw e-mailadres",
    "l10n.emailUpdatedSuccessfully": "E-mail bijgewerkt",
    "l10n.viewAllGameStreamSupportedGames": "Alle voor GameStream voorbereide games weergeven",
    "l10n.shieldDevices": "SHIELD-APPARATEN",
    "l10n.unableToUpdateSettings": "Kan instellingen niet bijwerken",
    "l10n.shieldDevicesRemoved": "SHIELD-apparaten verwijderd",
    "l10n.shieldDevicesRemoveFailed": "Kan SHIELD-apparaten niet verwijderen",
    "l10n.yourPasswordChanged": "Uw wachtwoord is gewijzigd",
    "l10n.addAdditionalGamesForStreaming": "Extra games voor streaming toevoegen",
    "l10n.name": "Naam",
    "l10n.target": "Doel",
    "l10n.startIn": "Beginnen in",
    "l10n.unsupportedFileType": "Niet-ondersteund bestandstype",
    "l10n.fileNotFound": "Bestand niet gevonden",
    "l10n.checkInternetConnectivity": "Dat is niet gelukt. Controleer uw internetverbinding en start GeForce Experience opnieuw.",
    "l10n.tryRestartSystem": "Dat is niet gelukt. Start uw systeem opnieuw.",
    "l10n.boxArt": "Box Art",
    "l10n.ready": "Gereed",
    "l10n.notReady": "Niet gereed",
    "l10n.addScanPathFailed": "Locatie toevoegen mislukt, probeer het opnieuw.",
    "l10n.downloads": "Downloads",
    "l10n.desktopNotifications": "Meldingen",
    "l10n.driverUpdateAvailable": "Stuurprogramma-updates voor GeForce",
    "l10n.rewardAvailable": "Beschikbare rewards",
    "l10n.optimalSettingsUpdated": "Updates van optimale instellingen",
    "l10n.highlightDescription": "Selecteer welke markingen u automatisch wilt vastleggen voor deze game.",
    "l10n.quietMode": "Whisper Mode",
    "l10n.quietModeDescription": "Hierdoor is uw aangesloten laptop stiller tijdens het gamen",
    "l10n.changeGameFrameRate": "De maximale framesnelheid van een game of app in WhisperMode kan worden gewijzigd vanaf het tabblad 'Programma-instellingen' op de pagina '3D-instellingen beheren' van het NVIDIA-configuratiescherm",
    "l10n.toastQuietModeIsEnabled": "WhisperMode is ingeschakeld. Alle games en apps optimaliseren, waaronder die met aangepaste instellingen?",
    "l10n.toastQuietModeIsDisabled": "WhisperMode is uitgeschakeld. Alle games en apps optimaliseren, waaronder die met aangepaste instellingen?",
    "l10n.downloadCompleteRestartGfe": "Start GeForce Experience opnieuw op om gebruik te maken van experimentele functies.",
    "l10n.ExpFeatureUpdatesEnabled": "Updates expirimentele functie zijn ingeschakeld.",
    "l10n.updateIsAvailable": "Er is een updates beschikbaar.",
    "l10n.noUpdatesAreAvailable": "U beschikt over de nieuwste updates van de expirimentele functie.",
    "l10n.downloadFailed": "Downloaden mislukt",
    "l10n.ExpFeatureUpdatesDisabled": "Updates expirimentele functie zijn uitgeschakeld.",
    "l10n.highlightTitle": "Markeringen van ShadowPlay",
    "l10n.weChatQrCode": "Scan de QR-code met behulp van WeChat om u aan te sluiten bij de {{clubName}}",
    "l10n.qrCodeScan": "Scannen om {{clubName}} te volgen",
    "l10n.downloadInstallBetaUpdates": "GeForce Experience kan updates van experimentele functies downloaden en installeren.",
    "l10n.successfullySubscribed": "Geabonneerd op {{clubName}}",
    "l10n.qrCodeCouldNotBeLoaded": "De QR-code is niet geladen. Probeer het later opnieuw.",
    "l10n.qrCodeScanningError": "Scannen mislukt.",
    "l10n.fetchingQrCode": "QR-code ophalen...",
    "l10n.nFanDescription": "Welkom bij wat rustig een van de coolste gamercommunity's mag worden genoemd: '英伟达GeForce'!  We hebben eindeloos veel tips, tools en nieuws over de allerlaatste titels met fantastische voordelen en beloningen. Blijf op ons afgestemd, NFans!",
    "l10n.troubleshootingTips": "Tips voor het oplossen van problemen",
    "l10n.agreeAndContinue": "INSTEMMEN EN DOORGAAN",
    "l10n.exit": "AFSLUITEN",
    "l10n.dataProtectPromise": "We beloven uw privacy en gegevens te beschermen",
    "l10n.eulaAgreement": "Door GeForce Experience te gebruiken, gaat u akkoord met de <a ng-click=\"preferencesFunctionalDataConsent.showEula()\">licentieovereenkomst voor eindgebruikers</a> en het <a ng-click=\"preferencesFunctionalDataConsent.showPrivacyPolicy()\">privacybeleid van NVIDIA.</a>",
    "l10n.ledOn": "Aan",
    "l10n.ledOff": "Uit",
    "l10n.ledOngpuProperty": "Aan (bij GPU-alarm)",
    "l10n.ledVisualizer": "LED",
    "l10n.ledNoAnimation": "Geen animatie",
    "l10n.ledBreathing": "Ademend",
    "l10n.ledFlashing": "Knipperend",
    "l10n.ledDualFlashing": "Dubbel knipperend",
    "l10n.wave": "Golf",
    "l10n.ripple": "Rimpeling",
    "l10n.ledRandom": "Willekeurig",
    "l10n.ledAudioFlashing": "Knipperend op de maat",
    "l10n.ledAnimationElectric": "Elektrisch",
    "l10n.flowIn": "Instromen",
    "l10n.flowOut": "Uitstromen",
    "l10n.reverseBreathing": "Omgekeerd ademend",
    "l10n.multiColor": "Veelkleurig",
    "l10n.colorCycle": "Kleurencyclus",
    "l10n.ledVariableBrighness": "Variabele helderheid",
    "l10n.ledFixedBrightness": "Vaste helderheid",
    "l10n.ledStyleBased": "Stijlgebaseerd",
    "l10n.gpuTemparature": "GPU-temperatuur",
    "l10n.gpuUtilization": "GPU-gebruik",
    "l10n.gpuClock": "GPU-klok",
    "l10n.gpuFanSpeed": "GPU-ventilatorsnelheid",
    "l10n.gpuVoltage": "GPU-spanning",
    "l10n.brightness": "Helderheid",
    "l10n.maxBrightness": "Max. helderheid",
    "l10n.brightnessRange": "Helderheidsbereik",
    "l10n.range": "Bereik",
    "l10n.onSliIsEnabled": "Aan (SLI is ingeschakeld)",
    "l10n.speed": "snelheid",
    "l10n.animationSpeed": "Animatiesnelheid",
    "l10n.hertzSign": "MHz",
    "l10n.rpmSign": "RPM",
    "l10n.percentageSign": "%",
    "l10n.volateSign": "mV",
    "l10n.centigrateSign": "°C",
    "l10n.effect": "Effect",
    "l10n.style": "Stijl",
    "l10n.variation": "Variatie",
    "l10n.faq": "Veelgestelde vragen",
    "l10n.syncAll": "Alles synchroniseren",
    "l10n.syncZones": "Zones synchroniseren",
    "l10n.allLed": "Alle LED's",
    "l10n.eachLed": "Elke LED",
    "l10n.turnLedOn": "LED Visualizer staat AAN",
    "l10n.turnLedOff": "LED staat UIT. Schakel LED-effect in om de instellingen toe te passen.",
    "l10n.ledLighting": "LED-verlichting",
    "l10n.zone": "Zone {{zoneLocation}}",
    "l10n.mediaFeaturePack": "Mediapakket voor Windows 10",
    "l10n.balancedMode": "Gebalanceerd",
    "l10n.balancedModeDescription": "Balans van prestaties en akoestiek.",
    "l10n.perfModeDescription": "Beste prestaties voor gaming, met meer geluid van de ventilator.",
    "l10n.whisperModeDescription": "Verminderd geluid van de ventilator met goede gamingprestaties.",
    "l10n.performanceModeDescription": "Game- of app-prestaties optimaliseren",
    "l10n.toastPerfModeIsEnabled": "Prestatiemodus is ingeschakeld. Optimaliseer alle games en apps, waaronder die met aangepaste instellingen.",
    "l10n.toastBalanceModeIsEnabled": "De gebalanceerde modus is ingeschakeld. Optimaliseer alle games en apps, waaronder die met aangepaste instellingen.",
    "l10n.quiteMode2Description": "Breng de laptopprestaties en het geluid van de ventilator in balans terwijl je gamet met AC-stroom",
    "l10n.baseFrameRate": "Minimale framesnelheidsdoel",
    "l10n.fanVolume": "Volume ventilator",
    "l10n.quiet": "Stil",
    "l10n.quieter": "Stiller",
    "l10n.quietMode2": "WhisperMode 2.0",
    "l10n.nis": "Beeldschaling",
    "l10n.optimizedResolution": "Renderingresolutie",
    "l10n.sharpen": "Scherpstellen",
    "l10n.toastNISStateIsEnabled": "Beeldschaling is ingeschakeld. Alle games en apps optimaliseren, waaronder die met aangepaste instellingen?",
    "l10n.toastNISIsDisabled": "Beeldschaling is uitgeschakeld. Alle games en apps optimaliseren, waaronder die met aangepaste instellingen?",
    "l10n.nisDescription": "Framesnelheden boosten voor geoptimaliseerde games en apps met GPU-schaling en scherpstellen",
    "l10n.batteryBoost2": "Battery Boost 2.0",
    "l10n.batteryBoostDescription2": "Verleng tijdens het gamen automatisch de levensduur van je batterij"
}
