{
    "l10n.general": "Ogólne",
    "l10n.friendsAndGroups": "Znajomi i grupy",
    "l10n.driverUpdates": "Aktualizacje sterownika",
    "l10n.clientBetaUpdate": "Włącz eksperymentalne funkcje. Może być wymagana aktualizacja programu GeForce Experience.",
    "l10n.automaticallyDownloadDriver": "Automatycznie pobierz aktualizacje sterowników i pozwól mi zdecydować, kiedy je zainstalować",
    "l10n.notifyMe": "Powiadom mnie, gdy:",
    "l10n.faqPolicy": "Często zadawane pytania (FAQ) i polityka gromadzenia danych",
    "l10n.supportedGames": "Obsługiwane gry i aplikacje",
    "l10n.licenseAggrement": "Umowa licencyjna",
    "l10n.releaseHighlights": "Informacje o wersji",
    "l10n.nvidiaRightReserved": "© 2016-2022 NVIDIA Corporation, Wszystkie prawa zastrzeżone.",
    "l10n.about": "Informacje",
    "l10n.betaUpdates": "Aktualizacje beta",
    "l10n.getAccessToGeforceSoftware": "Uzyskaj dostęp do oprogramowania GeForce przed publicznym wydaniem. Cenimy Twoją opinię.",
    "l10n.geforceExperience": "GeForce Experience",
    "l10n.geforceDriver": "Sterownik GeForce",
    "l10n.language": "Język",
    "l10n.nvidiaGeforceExperience": "NVIDIA® GeForce® Experience™",
    "l10n.switchToGfeClassic": "Przełącz na tryb klasyczny GFE",
    "l10n.beta": "Beta",
    "l10n.nvidiaNewsletter": "Biuletyn Nvidia",
    "l10n.licenseTitle": "LICENCJA DLA KLIENTA NA UŻYTKOWANIE OPROGRAMOWANIA NVIDIA",
    "l10n.profile": "Profil",
    "l10n.avatar": "Awatar",
    "l10n.driverVersion": "Wersja sterownika",
    "l10n.RAM": "RAM",
    "l10n.hz": "Hz",
    "l10n.myRig": "MÓJ SPRZĘT",
    "l10n.securityAndPrivacy": "Ochrona i prywatność",
    "l10n.passwordChangedDate": "Ostatnio zmienione w dniu {{passwordChangedDate | date:'dd MMMM yyyy'}}",
    "l10n.rememberUser": "Pamiętaj mnie na tym komputerze",
    "l10n.linkedAccounts": "Powiązane konta ({{linkedAccountsCount}})",
    "l10n.link": "powiąż",
    "l10n.deviceManagement": "Zarządzanie urządzeniami",
    "l10n.removeAllDevices": "Usuń wszystkie urządzenia",
    "l10n.features": "Funkcje",
    "l10n.viewSystemRequirements": "Wyświetl pełne wymagania systemowe",
    "l10n.gameScan": "Wyszukiwanie gier lub aplikacji",
    "l10n.scanNow": "Skanuj teraz",
    "l10n.gamesFound": "ZNALEZIONO GRY I APLIKACJE",
    "l10n.viewSupportedGames": "Wyświetl obsługiwane gry i aplikacje",
    "l10n.lastChecked": "Ostatnie sprawdzenie",
    "l10n.shareDescription": "Umożliwia natychmiastową powtórkę, ręczne nagrywanie, współpracę podczas strumieniowego Gamestream przesyłania gier i nadawanie",
    "l10n.changePassword": "Zmień hasło",
    "l10n.newPassword": "Nowe hasło",
    "l10n.passwordDoesNotMatch": "Hasła nie pasują do siebie",
    "l10n.personalInformation": "Dane osobowe",
    "l10n.changePersonalInformation": "Zmień dane osobowe",
    "l10n.email": "Adres e-mail",
    "l10n.useThisEmailToLogin": "Użyj tego adresu e-mail do logowania",
    "l10n.birthday": "Data urodzenia",
    "l10n.birthdayFormat": "{{birthdayFormat | date:'dd MMMM yyyy'}}",
    "l10n.memberSinceFormat": "{{memberSinceFormat | date:'MMMM yyyy'}} ",
    "l10n.phone": "Telefon",
    "l10n.gamestreamDescription": "Zezwala temu komputerowi na strumieniowe przesyłanie gier do urządzeń SHIELD",
    "l10n.gamesApps": "Gry i aplikacje:",
    "l10n.optimalPlayableSettings": "Ustawienia optymalne gry",
    "l10n.gameLocation": "Lokalizacja skanowania",
    "l10n.remove": "Usuń",
    "l10n.add": "Dodaj",
    "l10n.somethingWentWrong": "Nie udało się. Uruchom ponownie GeForce Experience.",
    "l10n.receiveUpdates": "Otrzymuj aktualizacje produktów i wiadomości od firmy NVIDIA",
    "l10n.batteryBoost": "Battery Boost",
    "l10n.batteryBoostDescription": "Wydłuż czas działania baterii podczas grania",
    "l10n.maximumFramerate": "Maksymalna częstotliwość wyświetlania klatek:",
    "l10n.fps": "FPS",
    "l10n.updateAvatar": "Aktualizuj awatar",
    "l10n.chooseAvatarFromGallery": "Wybierz z galerii awatarów",
    "l10n.update": "Aktualizuj",
    "l10n.changeEmailAddress": "Zmień adres e-mail",
    "l10n.thanksEmailUpdated": "Dziękujemy za zweryfikowanie adresu e-mail",
    "l10n.emailUpdatedSuccessfully": "Pomyślnie zaktualizowano adres e-mail",
    "l10n.viewAllGameStreamSupportedGames": "Wyświetl wszystkie gry, które można przesyłać strumieniowo Gamestream",
    "l10n.shieldDevices": "URZĄDZENIA SHIELD",
    "l10n.unableToUpdateSettings": "Nie można zaktualizować ustawień",
    "l10n.shieldDevicesRemoved": "Urządzenia SHIELD usunięte",
    "l10n.shieldDevicesRemoveFailed": "Nie można usunąć urządzeń SHIELD",
    "l10n.yourPasswordChanged": "Twoje hasło zostało zmienione",
    "l10n.addAdditionalGamesForStreaming": "Dodaj kolejne gry do transmisji strumieniowej",
    "l10n.name": "Nazwa",
    "l10n.target": "Miejsce docelowe",
    "l10n.startIn": "Rozpocznij w",
    "l10n.unsupportedFileType": "Nieobsługiwany typ pliku",
    "l10n.fileNotFound": "Nie znaleziono pliku",
    "l10n.checkInternetConnectivity": "Nie udało się. Sprawdź połączenie z Internetem i uruchom ponownie GeForce Experience.",
    "l10n.tryRestartSystem": "Nie udało się. Uruchom ponownie system.",
    "l10n.boxArt": "Grafika opakowania",
    "l10n.ready": "Gotowe",
    "l10n.notReady": "Niegotowe",
    "l10n.addScanPathFailed": "Nie dodano lokalizacji, spróbuj ponownie.",
    "l10n.downloads": "Pobrane",
    "l10n.desktopNotifications": "Powiadomienia na pulpicie",
    "l10n.driverUpdateAvailable": "Dostępna jest aktualizacja sterownika GeForce",
    "l10n.rewardAvailable": "Nagroda jest dostępna",
    "l10n.optimalSettingsUpdated": "Optymalne ustawienia zostały zaktualizowane",
    "l10n.highlightDescription": "Wybierz najciekawsze punkty, które mają być automatycznie przechwytywane w tej grze.",
    "l10n.quietMode": "Whisper Mode",
    "l10n.quietModeDescription": "Sprawia, że ​​podłączony laptop działa ciszej podczas gry",
    "l10n.changeGameFrameRate": "Maksymalną częstotliwość wyświetlania klatek gry lub aplikacji w trybie WhisperMode można zmienić w Panelu sterowania NVIDIA na stronie „Zarządzanie ustawieniami 3D” i karcie „Ustawienia programu”.",
    "l10n.toastQuietModeIsEnabled": "Tryb WhisperMode jest włączony. Optymalizować wszystkie gry i aplikacje, także te z ustawieniami niestandardowymi?",
    "l10n.toastQuietModeIsDisabled": "Tryb WhisperMode jest wyłączony. Optymalizować wszystkie gry i aplikacje, także te z ustawieniami niestandardowymi?",
    "l10n.downloadCompleteRestartGfe": "Uruchom ponownie program GeForce Experience, aby korzystać z eksperymentalnych funkcji.",
    "l10n.ExpFeatureUpdatesEnabled": "Aktualizacje eksperymentalnych funkcji zostały włączone.",
    "l10n.updateIsAvailable": "Dostępna jest aktualizacja.",
    "l10n.noUpdatesAreAvailable": "Masz najnowsze aktualizacje eksperymentalnych funkcji.",
    "l10n.downloadFailed": "Pobieranie nie powiodło się",
    "l10n.ExpFeatureUpdatesDisabled": "Aktualizacje eksperymentalnych funkcji zostały wyłączone.",
    "l10n.highlightTitle": "Najciekawsze punkty w ShadowPlay",
    "l10n.weChatQrCode": "Zeskanuj koc QR za pomocą aplikacji WeChat, aby dołączyć do {{clubName}}",
    "l10n.qrCodeScan": "Zeskanuj, aby śledzić {{clubName}}",
    "l10n.downloadInstallBetaUpdates": "Program GeForce Experience może pobrać i zainstalować eksperymentalne funkcje.",
    "l10n.successfullySubscribed": "Pomyślnie rozpoczęto subskrypcję {{clubName}}",
    "l10n.qrCodeCouldNotBeLoaded": "Nie można załadować kodu QR. Spróbuj ponownie później.",
    "l10n.qrCodeScanningError": "Skanowanie nie powiodło się.",
    "l10n.fetchingQrCode": "Pobieranie kodu QR...",
    "l10n.nFanDescription": "Witamy w prawdopodobnie jednej z najfajniejszych społeczności dla graczy: „英伟达GeForce”!  Mamy mnóstwo wskazówek dotyczących gier, narzędzi i nowości dotyczących najnowszych tytułów z ekscytującymi atrakcjami i nagrodami. Bądźcie z nami na bieżąco, NFani!",
    "l10n.troubleshootingTips": "Wskazówki dotyczące rozwiązywania problemów",
    "l10n.agreeAndContinue": "ZGADZAM SIĘ, KONTYNUUJ",
    "l10n.exit": "ZAKOŃCZ",
    "l10n.dataProtectPromise": "Obiecujemy chronić Twoją prywatność i Twoje dane.",
    "l10n.eulaAgreement": "Instalując GeForce Experience, akceptujesz <a ng-click=\"preferencesFunctionalDataConsent.showEula()\">Umowę licencyjną użytkownika</a> i <a ng-click=\"preferencesFunctionalDataConsent.showPrivacyPolicy()\">Politykę prywatności NVIDIA</a>.",
    "l10n.ledOn": "Wł.",
    "l10n.ledOff": "Wył.",
    "l10n.ledOngpuProperty": "Włączony (alarm właściwości procesora graficznego)",
    "l10n.ledVisualizer": "DIODA LED",
    "l10n.ledNoAnimation": "Brak animacji",
    "l10n.ledBreathing": "Pulsowanie",
    "l10n.ledFlashing": "Miganie",
    "l10n.ledDualFlashing": "Podwójne miganie",
    "l10n.wave": "Fala",
    "l10n.ripple": "Fale",
    "l10n.ledRandom": "Losowe",
    "l10n.ledAudioFlashing": "Miganie audio",
    "l10n.ledAnimationElectric": "Elektryczność",
    "l10n.flowIn": "Wpływanie",
    "l10n.flowOut": "Wypływanie",
    "l10n.reverseBreathing": "Odwrócone pulsowanie",
    "l10n.multiColor": "Wielokolorowe",
    "l10n.colorCycle": "Cykl kolorów",
    "l10n.ledVariableBrighness": "Zmienna jasność",
    "l10n.ledFixedBrightness": "Stała jasność",
    "l10n.ledStyleBased": "Na podstawie stylu",
    "l10n.gpuTemparature": "Temperatura procesora graficznego",
    "l10n.gpuUtilization": "Użycie procesora graficznego",
    "l10n.gpuClock": "Zegar procesora graficznego",
    "l10n.gpuFanSpeed": "Szybkość wentylatora procesora graficznego",
    "l10n.gpuVoltage": "Napięcie procesora graficznego",
    "l10n.brightness": "Jasność",
    "l10n.maxBrightness": "Maks. jasność",
    "l10n.brightnessRange": "Zakres jasności",
    "l10n.range": "Zakres",
    "l10n.onSliIsEnabled": "Włączony (technologia SLI jest włączona)",
    "l10n.speed": "szybkość",
    "l10n.animationSpeed": "Szybkość animacji",
    "l10n.hertzSign": "MHz",
    "l10n.rpmSign": "obr./min",
    "l10n.percentageSign": "%",
    "l10n.volateSign": "mV",
    "l10n.centigrateSign": "°C",
    "l10n.effect": "Efekt",
    "l10n.style": "Styl",
    "l10n.variation": "Zmienność",
    "l10n.faq": "Często zadawane pytania",
    "l10n.syncAll": "Synchronizuj wszystkie",
    "l10n.syncZones": "Strefy synchronizacji",
    "l10n.allLed": "Wszystkie diody LED",
    "l10n.eachLed": "Każda dioda LED",
    "l10n.turnLedOn": "LED Visualizer jest włączony",
    "l10n.turnLedOff": "Efekt LED jest wyłączony. Włącz Efekt LED, aby zastosować ustawienia.",
    "l10n.ledLighting": "Oświetlenie LED",
    "l10n.zone": "Strefa {{zoneLocation}}",
    "l10n.mediaFeaturePack": "Pakiet funkcji multimedialnych dla systemu Windows 10",
    "l10n.balancedMode": "Zrównoważony",
    "l10n.balancedModeDescription": "Równowaga pomiędzy wydajnością i hałasem.",
    "l10n.perfModeDescription": "Tryb największej wydajności przeznaczony do gier, powodujący zwiększenie hałasu wentylatora.",
    "l10n.whisperModeDescription": "Mniejszy szum wentylatora z dobrą wydajnością grania.",
    "l10n.performanceModeDescription": "Optymalizuj wydajność gier i aplikacji",
    "l10n.toastPerfModeIsEnabled": "Tryb wydajności jest włączony. Optymalizuj wszystkie gry i aplikacje, także te z ustawieniami niestandardowymi.",
    "l10n.toastBalanceModeIsEnabled": "Tryb zrównoważony jest włączony. Optymalizuj wszystkie gry i aplikacje, także te z ustawieniami niestandardowymi.",
    "l10n.quiteMode2Description": "Zrównoważ wydajność notebooka i głośność wentylatora przy grze z zasilaniem z sieci elektrycznej.",
    "l10n.baseFrameRate": "Minimalna docelowa częstotliwość wyświetlania klatek:",
    "l10n.fanVolume": "Głośność wentylatora",
    "l10n.quiet": "Cichy",
    "l10n.quieter": "Cichszy",
    "l10n.quietMode2": "WhisperMode 2.0",
    "l10n.nis": "Skalowanie obrazu",
    "l10n.optimizedResolution": "Rozdzielczość renderowania",
    "l10n.sharpen": "Wyostrzenie",
    "l10n.toastNISStateIsEnabled": "Skalowanie obrazu jest włączone. Optymalizować wszystkie gry i aplikacje, także te z ustawieniami niestandardowymi?",
    "l10n.toastNISIsDisabled": "Skalowanie obrazu jest wyłączone. Optymalizować wszystkie gry i aplikacje, także te z ustawieniami niestandardowymi?",
    "l10n.nisDescription": "Przyspiesz częstotliwość wyświetlania ramek w zoptymalizowanych grach i aplikacjach za pomocą funkcji skalowania i wyostrzania karty graficznej",
    "l10n.batteryBoost2": "Battery Boost 2.0",
    "l10n.batteryBoostDescription2": "Przedłuż automatycznie czas pracy baterii podczas grania"
}
