{
    "l10n.general": "Geral",
    "l10n.friendsAndGroups": "Amigos e grupos",
    "l10n.driverUpdates": "Atualizações de driver",
    "l10n.clientBetaUpdate": "Permitir recursos experimentais. Poderá ser preciso atualizar o GeForce Experience.",
    "l10n.automaticallyDownloadDriver": "Fazer download automaticamente das atualizações de driver e deixar que eu decida quando instalar",
    "l10n.notifyMe": "Notificar-me quando:",
    "l10n.faqPolicy": "Perguntas frequentes e política de coleta de dados",
    "l10n.supportedGames": "Jogos e aplicativos compatíveis",
    "l10n.licenseAggrement": "Acordo de licenciamento",
    "l10n.releaseHighlights": "Destaques da versão",
    "l10n.nvidiaRightReserved": "© 2016-2022 NVIDIA Corporation. Todos os direitos reservados.",
    "l10n.about": "Sobre",
    "l10n.betaUpdates": "Atualizações beta",
    "l10n.getAccessToGeforceSoftware": "Ganhe acesso ao software GeForce antes do lançamento público. Agradecemos seu feedback.",
    "l10n.geforceExperience": "GeForce Experience",
    "l10n.geforceDriver": "Driver GeForce",
    "l10n.language": "Idioma",
    "l10n.nvidiaGeforceExperience": "NVIDIA® GeForce® Experience™",
    "l10n.switchToGfeClassic": "Alternar para GFE Clássico",
    "l10n.beta": "Beta",
    "l10n.nvidiaNewsletter": "Newsletter da Nvidia",
    "l10n.licenseTitle": "LICENÇA PARA CLIENTE DO SOFTWARE NVIDIA",
    "l10n.profile": "Perfil",
    "l10n.avatar": "Avatar",
    "l10n.driverVersion": "Versão do driver",
    "l10n.RAM": "Memória RAM",
    "l10n.hz": "Hz",
    "l10n.myRig": "MINHA TUNAÇÃO",
    "l10n.securityAndPrivacy": "Segurança e Privacidade",
    "l10n.passwordChangedDate": "Última alteração em {{passwordChangedDate | date:'dd MMMM yyyy'}}",
    "l10n.rememberUser": "Lembrar-me neste PC",
    "l10n.linkedAccounts": "Contas conectadas ({{linkedAccountsCount}})",
    "l10n.link": "link",
    "l10n.deviceManagement": "Gestão de dispositivos",
    "l10n.removeAllDevices": "Remover todos os dispositivos",
    "l10n.features": "Recursos",
    "l10n.viewSystemRequirements": "Visualize os requisitos completos do sistema",
    "l10n.gameScan": "Procurar jogo ou aplicativo",
    "l10n.scanNow": "Verificar agora",
    "l10n.gamesFound": "JOGOS E APLICATIVOS ENCONTRADOS",
    "l10n.viewSupportedGames": "Visualizar jogos e aplicativos compatíveis",
    "l10n.lastChecked": "Última verificação",
    "l10n.shareDescription": "Permite Repetição instantânea, Gravação manual, GameStream Co-op e Transmissão",
    "l10n.changePassword": "Alterar senha",
    "l10n.newPassword": "Nova senha",
    "l10n.passwordDoesNotMatch": "As senhas não coincidem",
    "l10n.personalInformation": "Informações pessoais",
    "l10n.changePersonalInformation": "Alterar informações pessoais",
    "l10n.email": "E-mail",
    "l10n.useThisEmailToLogin": "Use este endereço de e-mail para fazer login",
    "l10n.birthday": "Aniversário",
    "l10n.birthdayFormat": "{{birthdayFormat | date:'dd MMMM yyyy'}}",
    "l10n.memberSinceFormat": "{{memberSinceFormat | date:'MMMM yyyy'}} ",
    "l10n.phone": "Telefone",
    "l10n.gamestreamDescription": "Permite que o seu PC faça transmissão contínua de jogos para dispositivos SHIELD",
    "l10n.gamesApps": "Jogos e aplicativos:",
    "l10n.optimalPlayableSettings": "Configurações ideais de jogos",
    "l10n.gameLocation": "Verificar localização",
    "l10n.remove": "Remover",
    "l10n.add": "Adicionar",
    "l10n.somethingWentWrong": "Isso não funcionou. Tente reiniciar o GeForce Experience.",
    "l10n.receiveUpdates": "Receber atualizações de produtos e novidades da NVIDIA",
    "l10n.batteryBoost": "Battery Boost",
    "l10n.batteryBoostDescription": "Prolongar a vida útil da bateria durante o jogo",
    "l10n.maximumFramerate": "Taxa máxima de quadros:",
    "l10n.fps": "FPS",
    "l10n.updateAvatar": "Atualizar avatar",
    "l10n.chooseAvatarFromGallery": "Escolher a partir da galeria do avatar",
    "l10n.update": "Atualizar",
    "l10n.changeEmailAddress": "Alterar endereço de e-mail",
    "l10n.thanksEmailUpdated": "Obrigado por verificar seu endereço de e-mail",
    "l10n.emailUpdatedSuccessfully": "E-mail atualizado com êxito",
    "l10n.viewAllGameStreamSupportedGames": "Visualizar todos os jogos prontos para GameStream",
    "l10n.shieldDevices": "DISPOSITIVOS SHIELD",
    "l10n.unableToUpdateSettings": "Não foi possível atualizar as configurações",
    "l10n.shieldDevicesRemoved": "Dispositivos SHIELD removidos",
    "l10n.shieldDevicesRemoveFailed": "Não foi possível remover dispositivos SHIELD",
    "l10n.yourPasswordChanged": "Sua senha foi alterada",
    "l10n.addAdditionalGamesForStreaming": "Adicionar mais jogos para transmissão",
    "l10n.name": "Nome",
    "l10n.target": "Destino",
    "l10n.startIn": "Iniciar em",
    "l10n.unsupportedFileType": "Tipo de arquivo não compatível",
    "l10n.fileNotFound": "Arquivo não encontrado",
    "l10n.checkInternetConnectivity": "Isso não funcionou. Verifique sua conexão de Internet e tente reiniciar o GeForce Experience.",
    "l10n.tryRestartSystem": "Isso não funcionou. Tente reiniciar o sistema.",
    "l10n.boxArt": "Arte da caixa",
    "l10n.ready": "Pronto",
    "l10n.notReady": "Não pronto",
    "l10n.addScanPathFailed": "Falha ao adicionar local, tente novamente.",
    "l10n.downloads": "Transferências",
    "l10n.desktopNotifications": "Notificações da área de trabalho",
    "l10n.driverUpdateAvailable": "A atualização do driver GeForce está disponível",
    "l10n.rewardAvailable": "Recompensa disponível",
    "l10n.optimalSettingsUpdated": "As configurações ideais estão atualizadas",
    "l10n.highlightDescription": "Selecione os destaques que devem ser capturados automaticamente neste jogo.",
    "l10n.quietMode": "Whisper Mode",
    "l10n.quietModeDescription": "Faz com que seu laptop conectado funcione de modo mais silencioso durante os jogos",
    "l10n.changeGameFrameRate": "A taxa de quadros máxima de um jogo ou aplicativo em WhisperMode pode ser alterada a partir da guia “Configurações do programa” na página “Gerenciar configurações 3D” do Painel de Controle da NVIDIA",
    "l10n.toastQuietModeIsEnabled": "O WhisperMode está ativado. Otimizar todos os jogos e aplicativos, inclusive aqueles com configurações personalizadas.",
    "l10n.toastQuietModeIsDisabled": "O WhisperMode está desativado. Otimizar todos os jogos e aplicativos, inclusive aqueles com configurações personalizadas.",
    "l10n.downloadCompleteRestartGfe": "Reinicie o GeForce Experience para usar recursos experimentais.",
    "l10n.ExpFeatureUpdatesEnabled": "As atualizações dos recursos experimentais estão ativadas.",
    "l10n.updateIsAvailable": "Atualização disponível.",
    "l10n.noUpdatesAreAvailable": "Você tem as últimas atualizações dos recursos experimentais.",
    "l10n.downloadFailed": "Falha no download",
    "l10n.ExpFeatureUpdatesDisabled": "As atualizações dos recursos experimentais estão desativadas.",
    "l10n.highlightTitle": "Destaques do ShadowPlay",
    "l10n.weChatQrCode": "Digitalize o código QR usando WeChat para entrar no {{clubName}}",
    "l10n.qrCodeScan": "Digitalize para seguir {{clubName}}",
    "l10n.downloadInstallBetaUpdates": "O GeForce Experience pode fazer download e instalar atualizações de recursos experimentais.",
    "l10n.successfullySubscribed": "Assinou com sucesso o {{clubName}}",
    "l10n.qrCodeCouldNotBeLoaded": "O código QR não pôde ser carregado. Tente novamente mais tarde.",
    "l10n.qrCodeScanningError": "Falha de varredura",
    "l10n.fetchingQrCode": "Trazendo o código QR...",
    "l10n.nFanDescription": "Bem-vindo a possivelmente uma das comunidades de gamers mais bacanas: o “英伟达GeForce”!  Temos milhares de dicas de jogos, ferramentas e notícias sobre os títulos mais recentes com benefícios e recompensas incríveis. Fique ligado com a gente, NFans!",
    "l10n.troubleshootingTips": "Sugestões de resolução de problemas",
    "l10n.agreeAndContinue": "CONCORDAR E CONTINUAR",
    "l10n.exit": "SAIR",
    "l10n.dataProtectPromise": "Prometemos proteger sua privacidade e seus dados",
    "l10n.eulaAgreement": "Ao usar o GeForce Experience você concorda com o <a ng-click=\"preferencesFunctionalDataConsent.showEula()\">Contrato de Licença do Usuário Final</a> e com a <a ng-click=\"preferencesFunctionalDataConsent.showPrivacyPolicy()\">Política de Privacidade da NVIDIA.</a>",
    "l10n.ledOn": "Ligado",
    "l10n.ledOff": "Desligado",
    "l10n.ledOngpuProperty": "Ligado (alarme de propriedade da GPU)",
    "l10n.ledVisualizer": "LED",
    "l10n.ledNoAnimation": "Sem animação",
    "l10n.ledBreathing": "Respiração",
    "l10n.ledFlashing": "Intermitência",
    "l10n.ledDualFlashing": "Intermitência dupla",
    "l10n.wave": "Onda",
    "l10n.ripple": "Ondulação",
    "l10n.ledRandom": "Aleatório",
    "l10n.ledAudioFlashing": "Áudio piscando",
    "l10n.ledAnimationElectric": "Elétrico",
    "l10n.flowIn": "Convergir",
    "l10n.flowOut": "Divergir",
    "l10n.reverseBreathing": "Respiração inversa",
    "l10n.multiColor": "Multicor",
    "l10n.colorCycle": "Ciclo de cor",
    "l10n.ledVariableBrighness": "Brilho variável",
    "l10n.ledFixedBrightness": "Brilho fixo",
    "l10n.ledStyleBased": "Baseado em estilo",
    "l10n.gpuTemparature": "Temperatura da GPU",
    "l10n.gpuUtilization": "Utilização da GPU",
    "l10n.gpuClock": "Clock da GPU",
    "l10n.gpuFanSpeed": "Velocidade do ventilador da GPU",
    "l10n.gpuVoltage": "Tensão da GPU",
    "l10n.brightness": "Brilho",
    "l10n.maxBrightness": "Brilho máx.",
    "l10n.brightnessRange": "Faixa do brilho",
    "l10n.range": "Faixa",
    "l10n.onSliIsEnabled": "Ligada (SLI está habilitada)",
    "l10n.speed": "velocidade",
    "l10n.animationSpeed": "Velocidade da animação",
    "l10n.hertzSign": "MHz",
    "l10n.rpmSign": "rpm",
    "l10n.percentageSign": "%",
    "l10n.volateSign": "mV",
    "l10n.centigrateSign": "°C",
    "l10n.effect": "Efeito",
    "l10n.style": "Estilo",
    "l10n.variation": "Variação",
    "l10n.faq": "Perguntas frequentes",
    "l10n.syncAll": "Sincronizar tudo",
    "l10n.syncZones": "Zonas de sinc.",
    "l10n.allLed": "Todos os LED",
    "l10n.eachLed": "Cada LED",
    "l10n.turnLedOn": "LED Visualizer está ligado",
    "l10n.turnLedOff": "LED desligado Ligar efeito LED para aplicar as configurações.",
    "l10n.ledLighting": "Iluminação LED",
    "l10n.zone": "Zona {{zoneLocation}}",
    "l10n.mediaFeaturePack": "Pacote de funcionalidade de multimédia para Windows 10",
    "l10n.balancedMode": "Equilibrado",
    "l10n.balancedModeDescription": "Equilíbrio entre desempenho e barulho.",
    "l10n.perfModeDescription": "Modo de desempenho mais alto para uma melhor experiência de jogo, com um aumento do nível de barulho do ventilador.",
    "l10n.whisperModeDescription": "Menor barulho do ventilador com um bom desempenho de jogo",
    "l10n.performanceModeDescription": "Otimizar desempenho do jogo ou aplicativo",
    "l10n.toastPerfModeIsEnabled": "O modo Desempenho está habilitado. Otimizar todos os jogos e aplicativos, inclusive aqueles com configurações personalizadas.",
    "l10n.toastBalanceModeIsEnabled": "O modo Equilibrado está habilitado. Otimizar todos os jogos e aplicativos, inclusive aqueles com configurações personalizadas.",
    "l10n.quiteMode2Description": "Equilibre o desempenho do laptop e o volume do ventilador enquanto jogar com energia CA",
    "l10n.baseFrameRate": "Taxa mínima de quadros esperada",
    "l10n.fanVolume": "Volume do ventilador",
    "l10n.quiet": "Silencioso",
    "l10n.quieter": "Mais silencioso",
    "l10n.quietMode2": "WhisperMode 2.0",
    "l10n.nis": "Dimensionamento de imagem",
    "l10n.optimizedResolution": "Resolução de renderização",
    "l10n.sharpen": "Nitidez",
    "l10n.toastNISStateIsEnabled": "O dimensionamento de imagem está ativado. Deseja otimizar todos os jogos e aplicativos, inclusive aqueles com configurações personalizadas?",
    "l10n.toastNISIsDisabled": "O dimensionamento de imagem está desativado. Deseja otimizar todos os jogos e aplicativos, inclusive aqueles com configurações personalizadas?",
    "l10n.nisDescription": "Aumente as taxas de quadros para jogos e aplicativos otimizados usando a escala e a nitidez da GPU",
    "l10n.batteryBoost2": "Battery Boost 2.0",
    "l10n.batteryBoostDescription2": "Estende automaticamente a duração da bateria ao jogar"
}
