{
    "l10n.general": "Geral",
    "l10n.friendsAndGroups": "Amigos e grupos",
    "l10n.driverUpdates": "Actualizações do controlador",
    "l10n.clientBetaUpdate": "Activar funcionalidades experimentais. Poderá ser necessário actualizar o GeForce Experience.",
    "l10n.automaticallyDownloadDriver": "Transferir automaticamente actualizações de controlador e deixar-me decidir quando devem ser instaladas",
    "l10n.notifyMe": "Notificar-me quando:",
    "l10n.faqPolicy": "Perguntas frequentes e Política de recolha de dados",
    "l10n.supportedGames": "Jogos e aplicações suportados",
    "l10n.licenseAggrement": "Acordo de Licença",
    "l10n.releaseHighlights": "Destaques do lançamento",
    "l10n.nvidiaRightReserved": "© 2016-2022 NVIDIA Corporation, Todos os direitos reservados.",
    "l10n.about": "Acerca de",
    "l10n.betaUpdates": "Actualizações beta",
    "l10n.getAccessToGeforceSoftware": "Obtenha acesso ao software do GeForce antes do lançamento público. Agradecemos os seus comentários.",
    "l10n.geforceExperience": "GeForce Experience",
    "l10n.geforceDriver": "Controlador GeForce",
    "l10n.language": "Língua",
    "l10n.nvidiaGeforceExperience": "NVIDIA® GeForce® Experience™",
    "l10n.switchToGfeClassic": "Mudar para o GFE Classic",
    "l10n.beta": "Beta",
    "l10n.nvidiaNewsletter": "Boletim informativo Nvidia",
    "l10n.licenseTitle": "LICENÇA DE UTILIZAÇÃO PARA CLIENTES DE SOFTWARE DA NVIDIA",
    "l10n.profile": "Perfil",
    "l10n.avatar": "Avatar",
    "l10n.driverVersion": "Versão do controlador",
    "l10n.RAM": "RAM",
    "l10n.hz": "Hz",
    "l10n.myRig": "O MEU EQUIPAMENTO",
    "l10n.securityAndPrivacy": "Segurança e Privacidade",
    "l10n.passwordChangedDate": "Última alteração a {{passwordChangedDate | date:'dd MMMM yyyy'}}",
    "l10n.rememberUser": "Memorizar neste PC",
    "l10n.linkedAccounts": "Contas associadas ({{linkedAccountsCount}})",
    "l10n.link": "ligação",
    "l10n.deviceManagement": "Gestão de dispositivos",
    "l10n.removeAllDevices": "Remover todos os dispositivos",
    "l10n.features": "Funções",
    "l10n.viewSystemRequirements": "Ver os requisitos de sistema completos",
    "l10n.gameScan": "Procurar jogo ou aplicação",
    "l10n.scanNow": "Procurar agora",
    "l10n.gamesFound": "JOGOS E APLICAÇÕES ENCONTRADOS",
    "l10n.viewSupportedGames": "Ver jogos e aplicações suportados",
    "l10n.lastChecked": "Última verificação",
    "l10n.shareDescription": "Permite a Repetição instantânea, a Gravação manual, o Gamestream Cooperativo e a Difusão",
    "l10n.changePassword": "Alterar palavra-passe",
    "l10n.newPassword": "Nova palavra-passe",
    "l10n.passwordDoesNotMatch": "As palavras-passe não correspondem",
    "l10n.personalInformation": "Informações pessoais",
    "l10n.changePersonalInformation": "Alterar informações pessoais",
    "l10n.email": "Correio electrónico",
    "l10n.useThisEmailToLogin": "Utilizar este endereço de correio electrónico para iniciar sessão",
    "l10n.birthday": "Data de nascimento",
    "l10n.birthdayFormat": "{{birthdayFormat | date:'dd MMMM yyyy'}}",
    "l10n.memberSinceFormat": "{{memberSinceFormat | date:'MMMM yyyy'}} ",
    "l10n.phone": "Número de telefone",
    "l10n.gamestreamDescription": "Permite que o seu PC transmita jogos para dispositivos SHIELD",
    "l10n.gamesApps": "Jogos e aplicações:",
    "l10n.optimalPlayableSettings": "Definições de jogo óptimas",
    "l10n.gameLocation": "Local de procura",
    "l10n.remove": "Remover",
    "l10n.add": "Adicionar",
    "l10n.somethingWentWrong": "Ocorreu um erro. Tente reiniciar o GeForce Experience.",
    "l10n.receiveUpdates": "Receber actualizações de produtos e notícias da NVIDIA",
    "l10n.batteryBoost": "Battery Boost",
    "l10n.batteryBoostDescription": "Prolongar a duração da bateria durante o jogo",
    "l10n.maximumFramerate": "Taxa de videogramas máxima:",
    "l10n.fps": "FPS",
    "l10n.updateAvatar": "Actualizar Avatar",
    "l10n.chooseAvatarFromGallery": "Seleccionar um Avatar na galeria",
    "l10n.update": "Actualizar",
    "l10n.changeEmailAddress": "Alterar o endereço de correio electrónico",
    "l10n.thanksEmailUpdated": "Obrigado por verificar o seu endereço de correio electrónico",
    "l10n.emailUpdatedSuccessfully": "Endereço de correio electrónico actualizado com sucesso",
    "l10n.viewAllGameStreamSupportedGames": "Ver todos os jogos preparados para GameStream",
    "l10n.shieldDevices": "DISPOSITIVOS SHIELD",
    "l10n.unableToUpdateSettings": "Não é possível actualizar as definições",
    "l10n.shieldDevicesRemoved": "Dispositivos SHIELD removidos",
    "l10n.shieldDevicesRemoveFailed": "Não é possível remover os dispositivos SHIELD",
    "l10n.yourPasswordChanged": "A sua palavra-passe foi alterada",
    "l10n.addAdditionalGamesForStreaming": "Adicionar jogos adicionais para transmissão de dados",
    "l10n.name": "Nome",
    "l10n.target": "Destino",
    "l10n.startIn": "Início",
    "l10n.unsupportedFileType": "Tipo de ficheiro não suportado",
    "l10n.fileNotFound": "Ficheiro não encontrado",
    "l10n.checkInternetConnectivity": "Ocorreu um erro. Verifique a ligação à Internet e tente reiniciar o GeForce Experience.",
    "l10n.tryRestartSystem": "Ocorreu um erro. Tente reiniciar o sistema.",
    "l10n.boxArt": "Imagem",
    "l10n.ready": "Preparado",
    "l10n.notReady": "Não preparado",
    "l10n.addScanPathFailed": "Falha ao adicionar localização, tente novamente.",
    "l10n.downloads": "Transferências",
    "l10n.desktopNotifications": "Notificações de área de trabalho",
    "l10n.driverUpdateAvailable": "Atualização do controlador GeForce está disponível",
    "l10n.rewardAvailable": "Recompensa está disponível",
    "l10n.optimalSettingsUpdated": "Definições otimizadas estão atualizadas",
    "l10n.highlightDescription": "Selecione que destaques deve capturar automaticamente para este jogo.",
    "l10n.quietMode": "Whisper Mode",
    "l10n.quietModeDescription": "Torna o funcionamento do portátil ao jogar mais silencioso",
    "l10n.changeGameFrameRate": "A taxa de videogramas máxima de um jogo ou aplicação em WhisperMode pode ser alterada no separador \"Definições do programa\" na página \"Gerir definições de 3D\" do painel de controlo da NVIDIA",
    "l10n.toastQuietModeIsEnabled": "O WhisperMode está activado. Pretende optimizar todos os jogos e aplicações, incluindo os que têm definições personalizadas?",
    "l10n.toastQuietModeIsDisabled": "O WhisperMode está desactivado. Pretende optimizar todos os jogos e aplicações, incluindo os que têm definições personalizadas?",
    "l10n.downloadCompleteRestartGfe": "Reinicie o GeForce Experience para utilizar as funções experimentais.",
    "l10n.ExpFeatureUpdatesEnabled": "As actualizações da funcionalidade EXPERIMENTAL estão activadas.",
    "l10n.updateIsAvailable": "Actualização disponível.",
    "l10n.noUpdatesAreAvailable": "Tem a actualização mais recente da funcionalidade EXPERIMENTAL.",
    "l10n.downloadFailed": "Falha na transferência",
    "l10n.ExpFeatureUpdatesDisabled": "As actualizações da funcionalidade EXPERIMENTAL estão desactivadas.",
    "l10n.highlightTitle": "Destaques do ShadowPlay",
    "l10n.weChatQrCode": "Leia o código QR utilizando o WeChat para participar em {{clubName}}",
    "l10n.qrCodeScan": "Procurar para seguir {{clubName}}",
    "l10n.downloadInstallBetaUpdates": "O GeForce Experience poderá transferir e instalar actualizações de funções experimentais.",
    "l10n.successfullySubscribed": "Subscrito com êxito em {{clubName}}",
    "l10n.qrCodeCouldNotBeLoaded": "Não foi possível carregar o código QR. Tente novamente mais tarde.",
    "l10n.qrCodeScanningError": "A procura falhou.",
    "l10n.fetchingQrCode": "A obter código QR...",
    "l10n.nFanDescription": "Bem-vindo a, possivelmente, uma das melhores comunidades gamer: A ‘英伟达GeForce’!  Temos montes de sugestões de jogo, ferramentas e novidades sobre os títulos mais recentes juntamente com benefícios e prémios sensacionais. Mantenham-se a par, NFans!",
    "l10n.troubleshootingTips": "Sugestões de resolução de problemas",
    "l10n.agreeAndContinue": "ACEITAR E CONTINUAR",
    "l10n.exit": "SAIR",
    "l10n.dataProtectPromise": "A NVIDIA compromete-se a proteger a sua privacidade e os seus dados",
    "l10n.eulaAgreement": "Ao utilizar o GeForce Experience está a aceitar o <a ng-click=\"preferencesFunctionalDataConsent.showEula()\">Contrato de Licença para Utilizadores Finais</a> e a <a ng-click=\"preferencesFunctionalDataConsent.showPrivacyPolicy()\">Política de Privacidade da NVIDIA.</a>",
    "l10n.ledOn": "Activar",
    "l10n.ledOff": "Desactivar",
    "l10n.ledOngpuProperty": "Ligado (alarme de propriedade da GPU)",
    "l10n.ledVisualizer": "LED",
    "l10n.ledNoAnimation": "Sem animação",
    "l10n.ledBreathing": "Respiração",
    "l10n.ledFlashing": "Intermitência",
    "l10n.ledDualFlashing": "Intermitência dupla",
    "l10n.wave": "Onda",
    "l10n.ripple": "Ondulação",
    "l10n.ledRandom": "Aleatório",
    "l10n.ledAudioFlashing": "Áudio intermitente",
    "l10n.ledAnimationElectric": "Eléctrico",
    "l10n.flowIn": "Fluir para o centro",
    "l10n.flowOut": "Fluir para fora",
    "l10n.reverseBreathing": "Respiração invertida",
    "l10n.multiColor": "Multicor",
    "l10n.colorCycle": "Ciclo de cor",
    "l10n.ledVariableBrighness": "Brilho variável",
    "l10n.ledFixedBrightness": "Brilho fixo",
    "l10n.ledStyleBased": "Com base no estilo",
    "l10n.gpuTemparature": "Temperatura da GPU",
    "l10n.gpuUtilization": "Utilização da GPU",
    "l10n.gpuClock": "Relógio da GPU",
    "l10n.gpuFanSpeed": "Velocidade da ventoinha da GPU",
    "l10n.gpuVoltage": "Tensão da GPU",
    "l10n.brightness": "Luminosidade",
    "l10n.maxBrightness": "Brilho Máx.",
    "l10n.brightnessRange": "Gama de brilhos",
    "l10n.range": "Intervalo",
    "l10n.onSliIsEnabled": "Ligado (SLI activada)",
    "l10n.speed": "velocidade",
    "l10n.animationSpeed": "Velocidade da animação",
    "l10n.hertzSign": "MHz",
    "l10n.rpmSign": "RPM",
    "l10n.percentageSign": "%",
    "l10n.volateSign": "mV",
    "l10n.centigrateSign": "° C",
    "l10n.effect": "Efeito",
    "l10n.style": "Estilo",
    "l10n.variation": "Variação",
    "l10n.faq": "Perguntas frequentes",
    "l10n.syncAll": "Sincronizar tudo",
    "l10n.syncZones": "Sincronizar zonas",
    "l10n.allLed": "Todos os LED",
    "l10n.eachLed": "Cada LED",
    "l10n.turnLedOn": "LED Visualizer está LIGADO",
    "l10n.turnLedOff": "LED está DESLIGADO. Ligue o Efeito LED para aplicar as definições.",
    "l10n.ledLighting": "Iluminação LED",
    "l10n.zone": "Zona {{zoneLocation}}",
    "l10n.mediaFeaturePack": "Pacote de funcionalidade de multimédia para Windows 10",
    "l10n.balancedMode": "Equilibrado",
    "l10n.balancedModeDescription": "Equilíbrio entre desempenho e ruído.",
    "l10n.perfModeDescription": "Modo de desempenho mais elevado para uma melhor experiência de jogo com aumento de ruído da ventoinha.",
    "l10n.whisperModeDescription": "Ruído da ventoinha reduzido com bom desempenho de jogo.",
    "l10n.performanceModeDescription": "Optimizar desempenho do jogo ou aplicação",
    "l10n.toastPerfModeIsEnabled": "O modo Desempenho está activado. Optimizar todos os jogos e aplicações, incluindo os que têm definições personalizadas.",
    "l10n.toastBalanceModeIsEnabled": "O modo Equilibrado está activado. Optimizar todos os jogos e aplicações, incluindo os que têm definições personalizadas.",
    "l10n.quiteMode2Description": "Enquanto joga com o portátil a funcionar com alimentação por CA, equilibre o desempenho do portátil com o volume da ventoinha",
    "l10n.baseFrameRate": "Objectivo da taxa de videogramas mínima",
    "l10n.fanVolume": "Volume da ventoinha",
    "l10n.quiet": "Silencioso",
    "l10n.quieter": "Muito silencioso",
    "l10n.quietMode2": "WhisperMode 2.0",
    "l10n.nis": "Dimensionamento da imagem",
    "l10n.optimizedResolution": "Resolução de apresentação",
    "l10n.sharpen": "Acentuar",
    "l10n.toastNISStateIsEnabled": "A funcionalidade Dimensionamento da imagem está ativada. Pretende otimizar todos os jogos e aplicações, incluindo aqueles com definições personalizadas?",
    "l10n.toastNISIsDisabled": "A funcionalidade Dimensionamento da imagem está desativada. Pretende otimizar todos os jogos e aplicações, incluindo aqueles com definições personalizadas?",
    "l10n.nisDescription": "Aumenta as taxas de videogramas dos jogos e aplicações otimizados utilizando o dimensionamento e a acentuação da GPU",
    "l10n.batteryBoost2": "Battery Boost 2.0",
    "l10n.batteryBoostDescription2": "Prolongue automaticamente a duração da bateria ao jogar"
}
