{
    "l10n.general": "Общие",
    "l10n.friendsAndGroups": "Друзья и группы",
    "l10n.driverUpdates": "Обновления драйверов",
    "l10n.clientBetaUpdate": "Включите экспериментальные функции. Может потребоваться обновление GeForce Experience.",
    "l10n.automaticallyDownloadDriver": "Загружать обновления драйверов автоматически и устанавливать их по решению пользователя",
    "l10n.notifyMe": "Уведомлять о наличии:",
    "l10n.faqPolicy": "Часто задаваемые вопросы и политика сбора данных",
    "l10n.supportedGames": "Поддерживаемые игры и приложения",
    "l10n.licenseAggrement": "Лицензионное соглашение",
    "l10n.releaseHighlights": "Сведения о версии",
    "l10n.nvidiaRightReserved": "© 2016-2022 NVIDIA Corporation. Все права защищены.",
    "l10n.about": "О программе",
    "l10n.betaUpdates": "Бета-версии обновлений",
    "l10n.getAccessToGeforceSoftware": "Получите доступ к ПО GeForce до публичного выпуска. Мы ценим ваши отзывы.",
    "l10n.geforceExperience": "GeForce Experience",
    "l10n.geforceDriver": "Драйвер GeForce",
    "l10n.language": "Язык",
    "l10n.nvidiaGeforceExperience": "NVIDIA® GeForce® Experience™",
    "l10n.switchToGfeClassic": "Переключиться на GFE Classic",
    "l10n.beta": "Beta",
    "l10n.nvidiaNewsletter": "Информационный бюллетень NVIDIA",
    "l10n.licenseTitle": "ЛИЦЕНЗИЯ НА ИСПОЛЬЗОВАНИЕ ПРОГРАММНОГО ОБЕСПЕЧЕНИЯ NVIDIA",
    "l10n.profile": "Профиль",
    "l10n.avatar": "Аватар",
    "l10n.driverVersion": "Версия драйвера",
    "l10n.RAM": "Объем ОЗУ",
    "l10n.hz": "Гц",
    "l10n.myRig": "МОЯ СИСТЕМА",
    "l10n.securityAndPrivacy": "Безопасность и конфиденциальность",
    "l10n.passwordChangedDate": "Последнее изменение: {{passwordChangedDate | date:'dd MMMM yyyy'}}",
    "l10n.rememberUser": "Запомнить меня на этом ПК",
    "l10n.linkedAccounts": "Привязанные учетные записи ({{linkedAccountsCount}})",
    "l10n.link": "привязать",
    "l10n.deviceManagement": "Управление устройствами",
    "l10n.removeAllDevices": "Удалить все устройства",
    "l10n.features": "Функции",
    "l10n.viewSystemRequirements": "Посмотреть все системные требования",
    "l10n.gameScan": "Поиск приложений или приложений",
    "l10n.scanNow": "Сканировать сейчас",
    "l10n.gamesFound": "НАЙДЕНЫ ИГРЫ И ПРИЛОЖЕНИЯ",
    "l10n.viewSupportedGames": "Просмотр поддерживаемых игр и приложений",
    "l10n.lastChecked": "Последняя проверка",
    "l10n.shareDescription": "Поддерживает мгновенный повтор, запись вручную, кооперативный мультиплеер и трансляцию Gamestream",
    "l10n.changePassword": "Изменить пароль",
    "l10n.newPassword": "Новый пароль",
    "l10n.passwordDoesNotMatch": "Пароли не совпадают",
    "l10n.personalInformation": "Персональные данные",
    "l10n.changePersonalInformation": "Изменить персональные данные",
    "l10n.email": "Адрес эл. почты",
    "l10n.useThisEmailToLogin": "Использовать этот адрес эл. почты для входа",
    "l10n.birthday": "Дата рождения",
    "l10n.birthdayFormat": "{{birthdayFormat | date:'dd MMMM yyyy'}}",
    "l10n.memberSinceFormat": "{{memberSinceFormat | date:'MMMM yyyy'}} ",
    "l10n.phone": "Телефон",
    "l10n.gamestreamDescription": "Позволяет осуществлять потоковую передачу игр с этого ПК на устройства SHIELD",
    "l10n.gamesApps": "Игры и приложения:",
    "l10n.optimalPlayableSettings": "Оптимальные настройки для игр",
    "l10n.gameLocation": "Сканировать местоположение",
    "l10n.remove": "Удалить",
    "l10n.add": "Добавить",
    "l10n.somethingWentWrong": "Что-то пошло не так. Попробуйте перезапустить GeForce Experience.",
    "l10n.receiveUpdates": "Получать обновления продуктов и новости от NVIDIA",
    "l10n.batteryBoost": "Battery Boost",
    "l10n.batteryBoostDescription": "Увеличить время автономной работы во время игры",
    "l10n.maximumFramerate": "Максимальная частота кадров:",
    "l10n.fps": "Кадров/с",
    "l10n.updateAvatar": "Обновить аватар",
    "l10n.chooseAvatarFromGallery": "Выбрать из галереи аватаров",
    "l10n.update": "Обновить",
    "l10n.changeEmailAddress": "Изменить адрес электронной почты",
    "l10n.thanksEmailUpdated": "Благодарим за подтверждение адреса электронной почты",
    "l10n.emailUpdatedSuccessfully": "Адрес электронной почты успешно обновлен",
    "l10n.viewAllGameStreamSupportedGames": "Просмотреть все игры с поддержкой GameStream",
    "l10n.shieldDevices": "УСТРОЙСТВА SHIELD",
    "l10n.unableToUpdateSettings": "Не удалось обновить настройки",
    "l10n.shieldDevicesRemoved": "Устройства SHIELD удалены",
    "l10n.shieldDevicesRemoveFailed": "Не удалось удалить устройства SHIELD",
    "l10n.yourPasswordChanged": "Ваш пароль был изменен",
    "l10n.addAdditionalGamesForStreaming": "Добавить дополнительные игры для трансляции",
    "l10n.name": "Название",
    "l10n.target": "Объект",
    "l10n.startIn": "Рабочая папка",
    "l10n.unsupportedFileType": "Неподдерживаемый тип файла",
    "l10n.fileNotFound": "Файл не найден",
    "l10n.checkInternetConnectivity": "Что-то пошло не так. Проверьте подключение к Интернету и попробуйте перезапустить GeForce Experience.",
    "l10n.tryRestartSystem": "Что-то пошло не так. Попробуйте перезагрузить систему.",
    "l10n.boxArt": "Обложка",
    "l10n.ready": "Готово",
    "l10n.notReady": "Не готово",
    "l10n.addScanPathFailed": "Не удалось добавить местоположение, повторите попытку.",
    "l10n.downloads": "Загрузок",
    "l10n.desktopNotifications": "Уведомлений для рабочего стола",
    "l10n.driverUpdateAvailable": "Обновлений драйверов GeForce",
    "l10n.rewardAvailable": "Награды",
    "l10n.optimalSettingsUpdated": "Обновлений оптимальных настроек",
    "l10n.highlightDescription": "Выберите, какие моменты следует автоматически записывать для данной игры.",
    "l10n.quietMode": "Whisper Mode",
    "l10n.quietModeDescription": "Позволяет ноутбуку работать тише во время игры при подключении к электросети",
    "l10n.changeGameFrameRate": "Максимальную частоту кадров в игре или приложении в режиме WhisperMode можно изменить на вкладке «Программные настройки» страницы «Управление параметрами 3D» Панели управления NVIDIA",
    "l10n.toastQuietModeIsEnabled": "Режим WhisperMode включен. Оптимизировать все игры и приложения, в том числе настроенные пользователем?",
    "l10n.toastQuietModeIsDisabled": "Режим WhisperMode выключен. Оптимизировать все игры и приложения, в том числе настроенные пользователем?",
    "l10n.downloadCompleteRestartGfe": "Перезапустите GeForce Experience, чтобы использовать экспериментальные функции.",
    "l10n.ExpFeatureUpdatesEnabled": "Обновления экспериментальных функций включены.",
    "l10n.updateIsAvailable": "Доступно обновление.",
    "l10n.noUpdatesAreAvailable": "У вас установлены последние обновления экспериментальных функций.",
    "l10n.downloadFailed": "Ошибка загрузки",
    "l10n.ExpFeatureUpdatesDisabled": "Обновления экспериментальных функций выключены.",
    "l10n.highlightTitle": "Лучшие моменты ShadowPlay",
    "l10n.weChatQrCode": "Считайте код с помощью приложения WeChat, чтобы присоединиться к {{clubName}}",
    "l10n.qrCodeScan": "Считайте код, чтобы подписаться на {{clubName}}",
    "l10n.downloadInstallBetaUpdates": "GeForce Experience может загрузить и установить обновления с экспериментальными функциями.",
    "l10n.successfullySubscribed": "Вы успешно подписаны на {{clubName}}",
    "l10n.qrCodeCouldNotBeLoaded": "Не удалось загрузить QR-код. Повторите попытку позже.",
    "l10n.qrCodeScanningError": "Ошибка сканирования.",
    "l10n.fetchingQrCode": "Получение QR-кода...",
    "l10n.nFanDescription": "Добро пожаловать в одно из самых крутых сообществ геймеров — «Клуб фанатов 英伟达GeForce»!  Здесь вы найдете кучу советов, программ и новостей о свежих играх, а также отличные бонусы. Будьте всегда в курсе, ФаНы!",
    "l10n.troubleshootingTips": "Советы по устранению неполадок",
    "l10n.agreeAndContinue": "ПРИНИМАЮ. ПРОДОЛЖИТЬ",
    "l10n.exit": "ВЫХОД",
    "l10n.dataProtectPromise": "Мы обещаем защищать вашу конфиденциальность и данные",
    "l10n.eulaAgreement": "Устанавливая GeForce Experience, вы соглашаетесь с условиями <a ng-click=\"preferencesFunctionalDataConsent.showEula()\">лицензионного соглашения с конечным пользователем</a> и <a ng-click=\"preferencesFunctionalDataConsent.showPrivacyPolicy()\">политики конфиденциальности NVIDIA.</a>",
    "l10n.ledOn": "Вкл.",
    "l10n.ledOff": "Выкл.",
    "l10n.ledOngpuProperty": "Вкл. (предупреждение о свойствах ГП)",
    "l10n.ledVisualizer": "Индикатор",
    "l10n.ledNoAnimation": "Без анимации",
    "l10n.ledBreathing": "Дыхание",
    "l10n.ledFlashing": "Вспышка",
    "l10n.ledDualFlashing": "Двойная вспышка",
    "l10n.wave": "Волна",
    "l10n.ripple": "Зыбь",
    "l10n.ledRandom": "Случайный",
    "l10n.ledAudioFlashing": "Визуализация аудио",
    "l10n.ledAnimationElectric": "Электричество",
    "l10n.flowIn": "Втекание",
    "l10n.flowOut": "Вытекание",
    "l10n.reverseBreathing": "Обратное дыхание",
    "l10n.multiColor": "Многоцветная",
    "l10n.colorCycle": "Цветовой цикл",
    "l10n.ledVariableBrighness": "Переменная яркость",
    "l10n.ledFixedBrightness": "Фиксированная яркость",
    "l10n.ledStyleBased": "Используемый стиль",
    "l10n.gpuTemparature": "Температура ГП",
    "l10n.gpuUtilization": "Степень загрузки ГП",
    "l10n.gpuClock": "Частота синхронизации ГП",
    "l10n.gpuFanSpeed": "Обороты вентилятора ГП",
    "l10n.gpuVoltage": "Напряжение ГП",
    "l10n.brightness": "Яркость",
    "l10n.maxBrightness": "Максимальная яркость",
    "l10n.brightnessRange": "Диапазон яркости",
    "l10n.range": "Диапазон",
    "l10n.onSliIsEnabled": "Вкл. (Режим SLI включен)",
    "l10n.speed": "скорость",
    "l10n.animationSpeed": "Скорость анимации",
    "l10n.hertzSign": "МГц",
    "l10n.rpmSign": "об/мин",
    "l10n.percentageSign": "%",
    "l10n.volateSign": "мВ",
    "l10n.centigrateSign": "°C",
    "l10n.effect": "Эффекты",
    "l10n.style": "Стиль",
    "l10n.variation": "Изменение",
    "l10n.faq": "Часто задаваемые вопросы",
    "l10n.syncAll": "Синх. все",
    "l10n.syncZones": "Синх. зоны",
    "l10n.allLed": "Все индикаторы",
    "l10n.eachLed": "Каждый индикатор",
    "l10n.turnLedOn": "LED Visualizer вкл.",
    "l10n.turnLedOff": "Индикатор выкл. Включите LED-эффекты, чтобы применить параметры.",
    "l10n.ledLighting": "LED-подсветка",
    "l10n.zone": "Зона {{zoneLocation}}",
    "l10n.mediaFeaturePack": "Пакет мультимедийных функций для Windows 10",
    "l10n.balancedMode": "Сбалансированный",
    "l10n.balancedModeDescription": "Баланс между производительностью и уровнем шума.",
    "l10n.perfModeDescription": "Режим высокой производительности рекомендуется для игр, но увеличивает уровень шума от вентилятора.",
    "l10n.whisperModeDescription": "Сочетает пониженный уровень шума с хорошей производительностью в играх.",
    "l10n.performanceModeDescription": "Оптимизировать производительность в играх или приложениях",
    "l10n.toastPerfModeIsEnabled": "Режим производительности включен. Оптимизировать все игры и приложения, в том числе настроенные пользователем.",
    "l10n.toastBalanceModeIsEnabled": "Сбалансированный режим включен. Оптимизировать все игры и приложения, в том числе настроенные пользователем.",
    "l10n.quiteMode2Description": "Найдите баланс между производительностью ноутбука и громкостью вентиляторов во время работы от электросети",
    "l10n.baseFrameRate": "Мин. желаемая частота кадров",
    "l10n.fanVolume": "Громкость вентиляторов",
    "l10n.quiet": "Тихо",
    "l10n.quieter": "Еще тише",
    "l10n.quietMode2": "WhisperMode 2.0",
    "l10n.nis": "Масштабирование изображения",
    "l10n.optimizedResolution": "Разрешение рендеринга",
    "l10n.sharpen": "Увеличение резкости",
    "l10n.toastNISStateIsEnabled": "Масштабирование изображения включено. Оптимизировать все игры и приложения, в том числе настроенные пользователем?",
    "l10n.toastNISIsDisabled": "Масштабирование изображения выключено. Оптимизировать все игры и приложения, в том числе настроенные пользователем?",
    "l10n.nisDescription": "Повышает частоту кадров для оптимизированных игр и приложений с помощью функций масштабирования и увеличения резкости ГП",
    "l10n.batteryBoost2": "Battery Boost 2.0",
    "l10n.batteryBoostDescription2": "Автоматически продлевает время автономной работы во время игры"
}
