{
    "l10n.general": "Všeobecné",
    "l10n.friendsAndGroups": "Priatelia a skupiny",
    "l10n.driverUpdates": "Aktualizácie ovládačov",
    "l10n.clientBetaUpdate": "Povoľte experimentálne funkcie. Môže sa vyžadovať aktualizácia programu GeForce Experience.",
    "l10n.automaticallyDownloadDriver": "Automaticky prevziať aktualizácie ovládača s možnosťou výberu času inštalácie",
    "l10n.notifyMe": "Upozorniť, keď:",
    "l10n.faqPolicy": "Najčastejšie otázky a politika zhromažďovania údajov",
    "l10n.supportedGames": "Podporované hry a aplikácie",
    "l10n.licenseAggrement": "Licenčná zmluva",
    "l10n.releaseHighlights": "Najnovšie verzie",
    "l10n.nvidiaRightReserved": "© 2016-2022 NVIDIA Corporation, Všetky práva vyhradené.",
    "l10n.about": "Informácie",
    "l10n.betaUpdates": "Aktualizácie verzií beta",
    "l10n.getAccessToGeforceSoftware": "Získajte prístup k softvéru GeForce ešte pred jeho verejným vydaním. Ceníme si vašu odozvu.",
    "l10n.geforceExperience": "GeForce Experience",
    "l10n.geforceDriver": "Ovládač GeForce",
    "l10n.language": "Jazyk",
    "l10n.nvidiaGeforceExperience": "NVIDIA® GeForce® Experience™",
    "l10n.switchToGfeClassic": "Prepnúť na GFE Classic",
    "l10n.beta": "Beta",
    "l10n.nvidiaNewsletter": "Bulletin o produktoch Nvidia",
    "l10n.licenseTitle": "LICENCIA NA POUŽÍVANIE SOFTVÉRU NVIDIA ZÁKAZNÍKMI",
    "l10n.profile": "Profil",
    "l10n.avatar": "Avatar",
    "l10n.driverVersion": "Verzia ovládača",
    "l10n.RAM": "RAM",
    "l10n.hz": "Hz",
    "l10n.myRig": "MOJA ZOSTAVA",
    "l10n.securityAndPrivacy": "Zabezpečenie a ochrana osobných údajov",
    "l10n.passwordChangedDate": "Naposledy zmenené {{passwordChangedDate | date:'dd MMMM yyyy'}}",
    "l10n.rememberUser": "Zapamätať si ma v tomto PC",
    "l10n.linkedAccounts": "Prepojené účty ({{linkedAccountsCount}})",
    "l10n.link": "prepojiť",
    "l10n.deviceManagement": "Správa zariadenia",
    "l10n.removeAllDevices": "Odstrániť všetky zariadenia",
    "l10n.features": "Funkcie",
    "l10n.viewSystemRequirements": "Zobraziť úplné systémové požiadavky",
    "l10n.gameScan": "Hľadanie hier alebo aplikácií",
    "l10n.scanNow": "Vyhľadávať",
    "l10n.gamesFound": "NÁJDENÉ HRY A APLIKÁCIE",
    "l10n.viewSupportedGames": "Zobraziť podporované hry a aplikácie",
    "l10n.lastChecked": "Posledná kontrola",
    "l10n.shareDescription": "Povoľuje funkcie Okamžité opakované prehrávanie, Manuálne nahrávanie, Spolupráca s technológiou GameStream a Vysielanie",
    "l10n.changePassword": "Zmeniť heslo",
    "l10n.newPassword": "Nové heslo",
    "l10n.passwordDoesNotMatch": "Heslá sa nezhodujú",
    "l10n.personalInformation": "Osobné informácie",
    "l10n.changePersonalInformation": "Zmeniť osobné informácie",
    "l10n.email": "E-mail",
    "l10n.useThisEmailToLogin": "Použiť na prihlásenie túto e-mailovú adresu",
    "l10n.birthday": "Narodeniny",
    "l10n.birthdayFormat": "{{birthdayFormat | date:'dd MMMM yyyy'}}",
    "l10n.memberSinceFormat": "{{memberSinceFormat | date:'MMMM yyyy'}} ",
    "l10n.phone": "Telefón",
    "l10n.gamestreamDescription": "Povolí PC streamovať hry do zariadení SHIELD",
    "l10n.gamesApps": "Hry a aplikácie:",
    "l10n.optimalPlayableSettings": "Nastavenie optimálneho hrania",
    "l10n.gameLocation": "Umiestnenie vyhľadávania",
    "l10n.remove": "Odstrániť",
    "l10n.add": "Pridať",
    "l10n.somethingWentWrong": "Nefungovalo to. Skúste reštartovať GeForce Experience.",
    "l10n.receiveUpdates": "Prijímať aktualizácie produktov a novinky od spoločnosti NVIDIA",
    "l10n.batteryBoost": "Battery Boost",
    "l10n.batteryBoostDescription": "Predĺžiť výdrž batérie počas hrania",
    "l10n.maximumFramerate": "Maximálna snímková frekvencia:",
    "l10n.fps": "Snímky/s",
    "l10n.updateAvatar": "Aktualizovať avatar",
    "l10n.chooseAvatarFromGallery": "Vybrať z galérie avatarov",
    "l10n.update": "Aktualizovať",
    "l10n.changeEmailAddress": "Zmeniť e-mailovú adresu",
    "l10n.thanksEmailUpdated": "Ďakujeme, že ste overili svoju e-mailovú adresu",
    "l10n.emailUpdatedSuccessfully": "E-mail bol úspešne aktualizovaný",
    "l10n.viewAllGameStreamSupportedGames": "Zobraziť všetky hry pripravené na technológiu GameStream",
    "l10n.shieldDevices": "ZARIADENIA SHIELD",
    "l10n.unableToUpdateSettings": "Nepodarilo sa aktualizovať nastavenia",
    "l10n.shieldDevicesRemoved": "Zariadenia SHIELD sa odstránili",
    "l10n.shieldDevicesRemoveFailed": "Nepodarilo sa odstrániť zariadenia SHIELD",
    "l10n.yourPasswordChanged": "Vaše heslo sa zmenilo",
    "l10n.addAdditionalGamesForStreaming": "Pridať ďalšie hry na streamovanie",
    "l10n.name": "Názov",
    "l10n.target": "Cieľ:",
    "l10n.startIn": "Začať v priečinku:",
    "l10n.unsupportedFileType": "Nepodporovaný typ súboru",
    "l10n.fileNotFound": "Súbor sa nenašiel",
    "l10n.checkInternetConnectivity": "Nefungovalo to. Skontrolujte internetové pripojenie a skúste reštartovať GeForce Experience.",
    "l10n.tryRestartSystem": "Nefungovalo to. Skúste reštartovať systém.",
    "l10n.boxArt": "Obrázok poľa",
    "l10n.ready": "Pripravené",
    "l10n.notReady": "Nie je pripravené",
    "l10n.addScanPathFailed": "Nepodarilo sa pridať umiestnenie, skúste to znova.",
    "l10n.downloads": "Stiahnutia",
    "l10n.desktopNotifications": "Upozornenia na ploche",
    "l10n.driverUpdateAvailable": "Nová aktualizácia ovládača GeForce je k dispozícii",
    "l10n.rewardAvailable": "Odmena je k dispozícii",
    "l10n.optimalSettingsUpdated": "Optimálne nastavenia sú aktualizované",
    "l10n.highlightDescription": "Vyberte najlepšie momenty tejto hry, ktoré sa majú automaticky zachytiť.",
    "l10n.quietMode": "Whisper Mode",
    "l10n.quietModeDescription": "Zapojený prenosný počítač bude počas hry bežať tichšie",
    "l10n.changeGameFrameRate": "Maximálna snímková frekvencia hry alebo aplikácie v režime WhisperMode sa dá zmeniť v ovládacom paneli NVIDIA na karte Nastavenia programu na stránke Spravovanie nastavení 3D",
    "l10n.toastQuietModeIsEnabled": "Režim WhisperMode je povolený.Chcete optimalizovať všetky hry a aplikácie vrátane tých s prispôsobenými nastaveniami?",
    "l10n.toastQuietModeIsDisabled": "Režim WhisperMode je zakázaný. Chcete optimalizovať všetky hry a aplikácie vrátane tých s prispôsobenými nastaveniami?",
    "l10n.downloadCompleteRestartGfe": "Ak chcete používať experimentálne funkcie, reštartujte program GeForce Experience.",
    "l10n.ExpFeatureUpdatesEnabled": "Aktualizácie experimentálnych funkcií sú povolené.",
    "l10n.updateIsAvailable": "K dispozícii je aktualizácia.",
    "l10n.noUpdatesAreAvailable": "Máte najnovšie aktualizácie experimentálnych funkcií.",
    "l10n.downloadFailed": "Sťahovanie zlyhalo",
    "l10n.ExpFeatureUpdatesDisabled": "Aktualizácie experimentálnych funkcií sú zakázané.",
    "l10n.highlightTitle": "Najlepšie momenty funkcie ShadowPlay",
    "l10n.weChatQrCode": "Naskenujte QR kód pomocou služby WeChat a pridajte sa do klubu {{clubName}}",
    "l10n.qrCodeScan": "Ak chcete sledovať klub {{clubName}}, naskenujte kód",
    "l10n.downloadInstallBetaUpdates": "Program GeForce Experience môže stiahnuť a nainštalovať aktualizácie experimentálnej funkcie.",
    "l10n.successfullySubscribed": "Úspešne ste sa prihlásili na odber klubu {{clubName}}",
    "l10n.qrCodeCouldNotBeLoaded": "QR kód sa nepodarilo načítať. Skúste to znova neskôr.",
    "l10n.qrCodeScanningError": "Skenovanie zlyhalo.",
    "l10n.fetchingQrCode": "Načítava sa QR kód...",
    "l10n.nFanDescription": "Víta vás jedna z najlepších hráčskych komunít. ‘英伟达GeForce’!  Máme množstvo herných tipov, nástrojov a noviniek o najnovších tituloch so zaujímavými benefitmi a odmenami. Sledujte nás aj naďalej, NFanúšikovia!",
    "l10n.troubleshootingTips": "Tipy na riešenie problémov",
    "l10n.agreeAndContinue": "ODSÚHLASIŤ A POKRAČOVAŤ",
    "l10n.exit": "UKONČIŤ",
    "l10n.dataProtectPromise": "Sľubujeme, že vaše údaje aj súkromie ochránime",
    "l10n.eulaAgreement": "Používaním programu GeForce Experience vyjadruje súhlas s <a ng-click=\"preferencesFunctionalDataConsent.showEula()\">licenčnou zmluvou koncového používateľa </a> a <a ng-click=\"preferencesFunctionalDataConsent.showPrivacyPolicy()\">zásadami ochrany osobných údajov spoločnosti NVIDIA.</a>",
    "l10n.ledOn": "Zapnuté",
    "l10n.ledOff": "Vypnuté",
    "l10n.ledOngpuProperty": "Zapnuté (výstraha vlastnosti procesora GPU)",
    "l10n.ledVisualizer": "LED",
    "l10n.ledNoAnimation": "Bez animácie",
    "l10n.ledBreathing": "Pulzovanie",
    "l10n.ledFlashing": "Blikanie",
    "l10n.ledDualFlashing": "Dvojité blikanie",
    "l10n.wave": "Vlna",
    "l10n.ripple": "Vlnenie",
    "l10n.ledRandom": "Náhodné",
    "l10n.ledAudioFlashing": "Blikanie synchronizované so zvukom",
    "l10n.ledAnimationElectric": "Elektrické",
    "l10n.flowIn": "Smerom dnu",
    "l10n.flowOut": "Smerom von",
    "l10n.reverseBreathing": "Spätné pulzovanie",
    "l10n.multiColor": "Viacfarebné",
    "l10n.colorCycle": "Farebný cyklus",
    "l10n.ledVariableBrighness": "Premenlivý jas",
    "l10n.ledFixedBrightness": "Stály jas",
    "l10n.ledStyleBased": "Podľa štýlu",
    "l10n.gpuTemparature": "Teplota procesora GPU",
    "l10n.gpuUtilization": "Využívanie procesora GPU",
    "l10n.gpuClock": "Časovanie procesora GPU",
    "l10n.gpuFanSpeed": "Rýchlosť ventilátora procesora GPU",
    "l10n.gpuVoltage": "Napätie procesora GPU",
    "l10n.brightness": "Jas",
    "l10n.maxBrightness": "Maximálny jas",
    "l10n.brightnessRange": "Rozsah jasu",
    "l10n.range": "Rozsah",
    "l10n.onSliIsEnabled": "Zapnuté (technológia SLI je spustená)",
    "l10n.speed": "rýchlosť",
    "l10n.animationSpeed": "Rýchlosť animácie",
    "l10n.hertzSign": "MHz",
    "l10n.rpmSign": "ot./min",
    "l10n.percentageSign": "%",
    "l10n.volateSign": "mV",
    "l10n.centigrateSign": "°C",
    "l10n.effect": "Efekt",
    "l10n.style": "Štýl",
    "l10n.variation": "Variácia",
    "l10n.faq": "Najčastejšie otázky",
    "l10n.syncAll": "Synchronizovať všetko",
    "l10n.syncZones": "Synchronizovať zóny",
    "l10n.allLed": "Všetky indikátory LED",
    "l10n.eachLed": "Jednotlivé indikátory LED",
    "l10n.turnLedOn": "Služba LED Visualizer je ZAPNUTÁ",
    "l10n.turnLedOff": "Indikátor LED je VYPNUTÝ. Ak chcete použiť nastavenia, zapnite efekt indikátora LED.",
    "l10n.ledLighting": "LED osvetlenie",
    "l10n.zone": "Zóna {{zoneLocation}}",
    "l10n.mediaFeaturePack": "Balík mediálnych funkcií pre Windows 10",
    "l10n.balancedMode": "Vyvážený",
    "l10n.balancedModeDescription": "Vyváženie výkonu a hlučnosti.",
    "l10n.perfModeDescription": "Režim najvyššieho výkonu na najlepší herný zážitok a zvýšená hlučnosť ventilátora.",
    "l10n.whisperModeDescription": "Znížená hlučnosť ventilátora a slušný herný zážitok.",
    "l10n.performanceModeDescription": "Optimalizácia výkonu hier a aplikácií",
    "l10n.toastPerfModeIsEnabled": "Režim výkonu je zapnutý. Optimalizuje všetky hry a aplikácie vrátane tých s prispôsobenými nastaveniami.",
    "l10n.toastBalanceModeIsEnabled": "Vyvážený režim je zapnutý. Optimalizuje všetky hry a aplikácie vrátane tých s prispôsobenými nastaveniami.",
    "l10n.quiteMode2Description": "Vyvážte výkon laptopu a hlasitosť ventilátora, keď hráte pri pripojení k elektrickej sieti.",
    "l10n.baseFrameRate": "Minimálna cieľová snímková frekvencia",
    "l10n.fanVolume": "Hlasitosť ventilátora",
    "l10n.quiet": "Tichý",
    "l10n.quieter": "Tichší",
    "l10n.quietMode2": "WhisperMode 2.0",
    "l10n.nis": "Zmena mierky obrázka",
    "l10n.optimizedResolution": "Rozlíšenie vykresľovania",
    "l10n.sharpen": "Zaostrenie",
    "l10n.toastNISStateIsEnabled": "Zmena mierky obrázka je zapnutá. Chcete optimalizovať všetky hry a aplikácie vrátane tých s prispôsobenými nastaveniami?",
    "l10n.toastNISIsDisabled": "Zmena mierky obrázka je vypnutá. Chcete optimalizovať všetky hry a aplikácie vrátane tých s prispôsobenými nastaveniami?",
    "l10n.nisDescription": "Zvýšte optimalizovaným hrám a aplikáciám počet snímok za sekundu pomocou zmeny mierky procesora GPU a zaostrovaním",
    "l10n.batteryBoost2": "Battery Boost 2.0",
    "l10n.batteryBoostDescription2": "Automaticky predĺži výdrž batérie počas hrania"
}
