{
    "l10n.general": "Allmänt",
    "l10n.friendsAndGroups": "Vänner och grupper",
    "l10n.driverUpdates": "Uppdateringar av drivrutiner",
    "l10n.clientBetaUpdate": "Aktivera experimentella funktionsuppdateringar. En GeForce Experience-uppdatering kan krävas.",
    "l10n.automaticallyDownloadDriver": "Hämta automatiskt drivrutinsuppdateringar och låt mig välja när de ska installeras",
    "l10n.notifyMe": "Meddela mig när:",
    "l10n.faqPolicy": "Vanliga frågor och svar samt policy för datainsamling",
    "l10n.supportedGames": "Spel och program som stöds",
    "l10n.licenseAggrement": "Licensavtal",
    "l10n.releaseHighlights": "Nytt i denna version",
    "l10n.nvidiaRightReserved": "© 2016-2022 NVIDIA Corporation, Alla rättigheter förbehålles.",
    "l10n.about": "Om",
    "l10n.betaUpdates": "Betauppdateringar",
    "l10n.getAccessToGeforceSoftware": "Få tillgång till GeForce-program innan de släpps till allmänheten. Vi är tacksamma över att du hör av dig.",
    "l10n.geforceExperience": "GeForce Experience",
    "l10n.geforceDriver": "GeForce-drivrutin",
    "l10n.language": "Språk",
    "l10n.nvidiaGeforceExperience": "NVIDIA® GeForce® Experience™",
    "l10n.switchToGfeClassic": "Byt till GFE Classic",
    "l10n.beta": "Beta",
    "l10n.nvidiaNewsletter": "Nvidias Nyhetsbrev",
    "l10n.licenseTitle": "LICENS FÖR KUNDS ANVÄNDNING AV NVIDIA-PROGRAMVARA",
    "l10n.profile": "Profil",
    "l10n.avatar": "Avatar",
    "l10n.driverVersion": "Drivrutinsversion",
    "l10n.RAM": "RAM",
    "l10n.hz": "Hz",
    "l10n.myRig": "MIN UTRUSTNING",
    "l10n.securityAndPrivacy": "Säkerhet och integritet",
    "l10n.passwordChangedDate": "Ändrades senast {{passwordChangedDate | date:'dd MMMM yyyy'}}",
    "l10n.rememberUser": "Kom ihåg mig på den här datorn",
    "l10n.linkedAccounts": "Länkade konton ({{linkedAccountsCount}})",
    "l10n.link": "länk",
    "l10n.deviceManagement": "Enhetshantering",
    "l10n.removeAllDevices": "Ta bort alla enheter",
    "l10n.features": "Funktioner",
    "l10n.viewSystemRequirements": "Visa fullständiga systemkrav",
    "l10n.gameScan": "Sök efter spel eller program",
    "l10n.scanNow": "Sök nu",
    "l10n.gamesFound": "SPEL OCH PROGRAM SOM HITTADES",
    "l10n.viewSupportedGames": "Visa spel och program som stöds",
    "l10n.lastChecked": "Kontrollerade senast",
    "l10n.shareDescription": "Tillåter Repris, Manuell inspelning, GameStream Co-op och Sändning",
    "l10n.changePassword": "Ändra lösenord",
    "l10n.newPassword": "Nytt lösenord",
    "l10n.passwordDoesNotMatch": "Lösenorden stämmer inte överens",
    "l10n.personalInformation": "Personlig information",
    "l10n.changePersonalInformation": "Ändra personlig information",
    "l10n.email": "E-post",
    "l10n.useThisEmailToLogin": "Använd den här e-postadressen för att logga in",
    "l10n.birthday": "Födelsedag",
    "l10n.birthdayFormat": "{{birthdayFormat | date:'dd MMMM yyyy'}}",
    "l10n.memberSinceFormat": "{{memberSinceFormat | date:'MMMM yyyy'}} ",
    "l10n.phone": "Telefon",
    "l10n.gamestreamDescription": "Gör att datorn kan strömma spel till SHIELD-konsoler",
    "l10n.gamesApps": "Spel och program:",
    "l10n.optimalPlayableSettings": "Optimala spelbara inställningar",
    "l10n.gameLocation": "Sökningsplats",
    "l10n.remove": "Ta bort",
    "l10n.add": "Lägg till",
    "l10n.somethingWentWrong": "Det där fungerade inte. Försök med att starta om GeForce Experience.",
    "l10n.receiveUpdates": "Ta emot produktuppdateringar och nyheter från NVIDIA",
    "l10n.batteryBoost": "Battery Boost",
    "l10n.batteryBoostDescription": "Längre batteriliv när du spelar",
    "l10n.maximumFramerate": "Högsta bildfrekvens:",
    "l10n.fps": "Bps",
    "l10n.updateAvatar": "Uppdatera avatar",
    "l10n.chooseAvatarFromGallery": "Välj från avatargalleriet",
    "l10n.update": "Uppdatera",
    "l10n.changeEmailAddress": "Byt e-postadress",
    "l10n.thanksEmailUpdated": "Tack för att du verifierar din e-postadress",
    "l10n.emailUpdatedSuccessfully": "E-postadressen har uppdaterats",
    "l10n.viewAllGameStreamSupportedGames": "Visa alla GameStream-spel",
    "l10n.shieldDevices": "SHIELD-ENHETER",
    "l10n.unableToUpdateSettings": "Det går inte att uppdatera inställningarna",
    "l10n.shieldDevicesRemoved": "SHIELD-enheter har tagits bort",
    "l10n.shieldDevicesRemoveFailed": "Det går inte att ta bort SHIELD-enheter",
    "l10n.yourPasswordChanged": "Ditt lösenord har ändrats",
    "l10n.addAdditionalGamesForStreaming": "Lägg till spel som ska strömmas",
    "l10n.name": "Namn",
    "l10n.target": "Mål",
    "l10n.startIn": "Starta i",
    "l10n.unsupportedFileType": "Filtypen stöds inte",
    "l10n.fileNotFound": "Filen gick inte att hitta",
    "l10n.checkInternetConnectivity": "Det där fungerade inte. Kontrollera din internetanslutning och försök med att starta om GeForce Experience.",
    "l10n.tryRestartSystem": "Det där fungerade inte. Försök med att starta om datorn.",
    "l10n.boxArt": "Lådans omslag",
    "l10n.ready": "Klar",
    "l10n.notReady": "Inte klar",
    "l10n.addScanPathFailed": "Kude inte lägga till plats, försök igen.",
    "l10n.downloads": "Nedladdningar",
    "l10n.desktopNotifications": "Desktop meddelanden",
    "l10n.driverUpdateAvailable": "En uppdatering av GeForce är tillgänglig.",
    "l10n.rewardAvailable": "Reward är tillgänglig.",
    "l10n.optimalSettingsUpdated": "Optimala inställningar är uppdaterade.",
    "l10n.highlightDescription": "Välj vilka höjdpunkter som automatiskt ska fångas in för det här spelet.",
    "l10n.quietMode": "Whisper Mode",
    "l10n.quietModeDescription": "Gör att din inkopplade bärbara dator kör tystare medan du spelar",
    "l10n.changeGameFrameRate": "Maximal bildhastighet för ett spel eller program i WhisperMode kan ändras på fliken Programinställningar på sidan Hantera 3D-inställningar på NVIDIA:s kontrollpanel",
    "l10n.toastQuietModeIsEnabled": "WhisperMode är aktiverat. Optimera alla spel och program, inklusive spel och program med anpassade inställningar?",
    "l10n.toastQuietModeIsDisabled": "WhisperMode är inaktiverat. Optimera alla spel och program, inklusive spel och program med anpassade inställningar?",
    "l10n.downloadCompleteRestartGfe": "Starta om GeForce Experience för att använda experimentella funktioner.",
    "l10n.ExpFeatureUpdatesEnabled": "Experimentella funktionsuppdateringar är aktiverade.",
    "l10n.updateIsAvailable": "Uppdatering tillgänglig.",
    "l10n.noUpdatesAreAvailable": "Du har de senaste experimentella funktionsuppdateringarna.",
    "l10n.downloadFailed": "Det gick inte att ladda ned",
    "l10n.ExpFeatureUpdatesDisabled": "Experimentella funktionsuppdateringar är inaktiverade.",
    "l10n.highlightTitle": "ShadowPlay höjdpunkter",
    "l10n.weChatQrCode": "Skanna QR-kod med WeChat för att följa {{clubName}}",
    "l10n.qrCodeScan": "Skanna för att följa {{clubName}}",
    "l10n.downloadInstallBetaUpdates": "Tillåt GeForce Experience att hämta och installera uppdateringar till experimentella funktioner.",
    "l10n.successfullySubscribed": "Prenumererar på {{clubName}}",
    "l10n.qrCodeCouldNotBeLoaded": "QR-koden kunde inte laddas. Försök igen senare.",
    "l10n.qrCodeScanningError": "Skanning misslyckades.",
    "l10n.fetchingQrCode": "Hämtar QR-kod ...",
    "l10n.nFanDescription": "Välkomna till en av de coolaste spelgemenskaperna: \"英伟达GeForce\"!  Vi har en uppsjö av tips, verktyg, och nyheter på de senaste titlarna med spännande förmåner och belöningar. Håll dig uppdaterad, NFans!",
    "l10n.troubleshootingTips": "Felsökningstips",
    "l10n.agreeAndContinue": "GODKÄNN OCH FORTSÄTT",
    "l10n.exit": "AVSLUTA",
    "l10n.dataProtectPromise": "Vi lovar att skydda din integritet och dina data.",
    "l10n.eulaAgreement": "Genom att använda GeForce Experience godkänner du <a ng-click=\"preferencesFunctionalDataConsent.showEula()\">Licensavtal för slutanvändare</a> och <a ng-click=\"preferencesFunctionalDataConsent.showPrivacyPolicy()\">NVIDIA Integritetspolicy.</a>",
    "l10n.ledOn": "På",
    "l10n.ledOff": "Av",
    "l10n.ledOngpuProperty": "På (GPU-enhetens larm för egenskap)",
    "l10n.ledVisualizer": "LED",
    "l10n.ledNoAnimation": "Ingen animering",
    "l10n.ledBreathing": "Rytmiskt starkare/svagare",
    "l10n.ledFlashing": "Blinkar",
    "l10n.ledDualFlashing": "Dubbel blinkning",
    "l10n.wave": "Våg",
    "l10n.ripple": "Pulserande",
    "l10n.ledRandom": "Slumpmässig",
    "l10n.ledAudioFlashing": "Ljudblinkning",
    "l10n.ledAnimationElectric": "Elektrisk",
    "l10n.flowIn": "Flöde in",
    "l10n.flowOut": "Flöde ut",
    "l10n.reverseBreathing": "Rytmiskt svagare/starkare",
    "l10n.multiColor": "Flerfärgad",
    "l10n.colorCycle": "Färgdjup",
    "l10n.ledVariableBrighness": "Variabel ljusstyrka",
    "l10n.ledFixedBrightness": "Fast ljusstyrka",
    "l10n.ledStyleBased": "Stilbaserad",
    "l10n.gpuTemparature": "GPU-temperatur",
    "l10n.gpuUtilization": "GPU-enhetens användning",
    "l10n.gpuClock": "GPU-enhetens klocka",
    "l10n.gpuFanSpeed": "GPU-fläktens hastighet",
    "l10n.gpuVoltage": "GPU-enhetens spänning",
    "l10n.brightness": "Ljusstyrka",
    "l10n.maxBrightness": "Maximal ljusstyrka",
    "l10n.brightnessRange": "Ljusstyrkans intervall",
    "l10n.range": "Område",
    "l10n.onSliIsEnabled": "På (SLI har aktiverats)",
    "l10n.speed": "hastighet",
    "l10n.animationSpeed": "Animeringsastighet",
    "l10n.hertzSign": "MHz",
    "l10n.rpmSign": "RPM",
    "l10n.percentageSign": "%",
    "l10n.volateSign": "mV",
    "l10n.centigrateSign": "°C",
    "l10n.effect": "Effekt",
    "l10n.style": "Stil",
    "l10n.variation": "Variation",
    "l10n.faq": "Vanliga frågor",
    "l10n.syncAll": "Synkronisera allt",
    "l10n.syncZones": "Synkroniseringszoner",
    "l10n.allLed": "Alla LED",
    "l10n.eachLed": "Varje LED",
    "l10n.turnLedOn": "LED Visualizer är PÅ",
    "l10n.turnLedOff": "LED är AV. Slå på LED-effekten för att tillämpa inställningar",
    "l10n.ledLighting": "LED-ljus",
    "l10n.zone": "Zon {{zoneLocation}}",
    "l10n.mediaFeaturePack": "Mediafunktionspaket för Windows 10",
    "l10n.balancedMode": "Balanserad",
    "l10n.balancedModeDescription": "Balans mellan prestanda och akustik.",
    "l10n.perfModeDescription": "Högsta prestanda-läge för bästa spel, med ökat fläktljud.",
    "l10n.whisperModeDescription": "Minskat fläktljud med god spelprestanda.",
    "l10n.performanceModeDescription": "Optimera spel- eller programprestanda",
    "l10n.toastPerfModeIsEnabled": "Prestanda-läge är aktiverat. Optimera alla spel och program, inklusive spel och program med anpassade inställningar.",
    "l10n.toastBalanceModeIsEnabled": "Balanserat läge är aktiverat. Optimera alla spel och program, inklusive spel och program med anpassade inställningar.",
    "l10n.quiteMode2Description": "Balansera laptopprestanda och fläktvolym under nätanslutet spel",
    "l10n.baseFrameRate": "Minsta bildfrekvens",
    "l10n.fanVolume": "Fläktvolym",
    "l10n.quiet": "Tyst",
    "l10n.quieter": "Tystare",
    "l10n.quietMode2": "WhisperMode 2.0",
    "l10n.nis": "Bildskalning",
    "l10n.optimizedResolution": "Renderingsupplösning",
    "l10n.sharpen": "Skärp",
    "l10n.toastNISStateIsEnabled": "Bildskalning är aktiverad. Optimera alla spel och appar, inklusive spel och appar med anpassade inställningar?",
    "l10n.toastNISIsDisabled": "Bildskalning är inaktiverad. Optimera alla spel och appar, inklusive sådana med anpassade inställningar?",
    "l10n.nisDescription": "Öka bildfrekvensen för optimerade spel och appar med GPU -skalning och skärpning",
    "l10n.batteryBoost2": "Battery Boost 2.0",
    "l10n.batteryBoostDescription2": "Förläng automatiskt batteriets livslängd medan du spelar"
}
