{
    "l10n.general": "ทั่วไป",
    "l10n.friendsAndGroups": "เพื่อนและกลุ่ม",
    "l10n.driverUpdates": "อัปเดตไดรฟ์เวอร์",
    "l10n.clientBetaUpdate": "เปิดใช้งานคุณลักษณะทดลอง อาจต้องอัปเดต GeForce Experience",
    "l10n.automaticallyDownloadDriver": "ดาวน์โหลดการอัปเดตไดรฟ์เวอร์โดยอัตโนมัติแล้วให้ฉันเลือกว่าจะติดตั้งเมื่อใด",
    "l10n.notifyMe": "แจ้งให้ฉันทราบเมื่อ",
    "l10n.faqPolicy": "คำถามที่พบบ่อยและนโยบายการเก็บข้อมูล",
    "l10n.supportedGames": "เกมและแอปพลิเคชันที่รองรับ",
    "l10n.licenseAggrement": "ข้อตกลงสิทธิ์การใช้งาน",
    "l10n.releaseHighlights": "จุดเด่นของรุ่นนี้",
    "l10n.nvidiaRightReserved": "© 2016-2022 NVIDIA Corporation สงวนสิทธิ์ทั้งหมด",
    "l10n.about": "เกี่ยวกับ",
    "l10n.betaUpdates": "โปรแกรมอัปเดตรุ่น Beta",
    "l10n.getAccessToGeforceSoftware": "ขอรับการเข้าถึงซอฟต์แวร์ GeForce ก่อนการเผยแพร่สู่สาธารณะ เรายินดีรับข้อติชมของคุณ",
    "l10n.geforceExperience": "GeForce Experience",
    "l10n.geforceDriver": "ไดรเวอร์ GeForce",
    "l10n.language": "ภาษา",
    "l10n.nvidiaGeforceExperience": "NVIDIA® GeForce® Experience™",
    "l10n.switchToGfeClassic": "สลับไปยัง GFE Classic",
    "l10n.beta": "Beta",
    "l10n.nvidiaNewsletter": "จดหมายข่าว Nvidia",
    "l10n.licenseTitle": "การให้อนุญาตแก่ลูกค้าสำหรับการใช้ซอฟต์แวร์ NVIDIA",
    "l10n.profile": "ส่วนกำหนดค่า",
    "l10n.avatar": "รูปอวาตาร์",
    "l10n.driverVersion": "รุ่นของโปรแกรมควบคุม",
    "l10n.RAM": "RAM",
    "l10n.hz": "Hz",
    "l10n.myRig": "MY RIG",
    "l10n.securityAndPrivacy": "ความปลอดภัยและความเป็นส่วนตัว",
    "l10n.passwordChangedDate": "เปลี่ยนล่าสุดเมื่อ {{passwordChangedDate | date:'dd MMMM yyyy'}}",
    "l10n.rememberUser": "จดจำฉันบนคอมพิวเตอร์เครื่องนี้",
    "l10n.linkedAccounts": "บัญชีที่เชื่อมโยง ({{linkedAccountsCount}})",
    "l10n.link": "ลิงก์",
    "l10n.deviceManagement": "การจัดการอุปกรณ์",
    "l10n.removeAllDevices": "ลบอุปกรณ์ทั้งหมด",
    "l10n.features": "คุณลักษณะ",
    "l10n.viewSystemRequirements": "ดูข้อกำหนดของระบบแบบสมบูรณ์",
    "l10n.gameScan": "การสแกนเกมและแอปพลิเคชัน",
    "l10n.scanNow": "สแกนตอนนี้",
    "l10n.gamesFound": "พบเกมและแอป",
    "l10n.viewSupportedGames": "ดูเกมและแอปพลิเคชันที่รองรับ",
    "l10n.lastChecked": "ตรวจสอบครั้งล่าสุด",
    "l10n.shareDescription": "อนุญาตให้เล่นทันที บันทึกด้วยตัวเอง ทำงานร่วมกับ Gamestream และออกอากาศ",
    "l10n.changePassword": "เปลี่ยนรหัสผ่าน",
    "l10n.newPassword": "รหัสผ่านใหม่",
    "l10n.passwordDoesNotMatch": "รหัสผ่านไม่ตรงกัน",
    "l10n.personalInformation": "ข้อมูลส่วนบุคคล",
    "l10n.changePersonalInformation": "เปลี่ยนข้อมูลส่วนบุคคล",
    "l10n.email": "อีเมล",
    "l10n.useThisEmailToLogin": "ใช้ที่อยู่อีเมลนี้เพื่อเข้าสู่ระบบ",
    "l10n.birthday": "วันเกิด",
    "l10n.birthdayFormat": "{{birthdayFormat | date:'dd MMMM yyyy'}}",
    "l10n.memberSinceFormat": "{{memberSinceFormat | date:'MMMM yyyy'}} ",
    "l10n.phone": "โทรศัพท์",
    "l10n.gamestreamDescription": "อนุญาตให้คอมพิวเตอร์เครื่องนี้สตรีมเกมไปยังอุปกรณ์ SHIELD",
    "l10n.gamesApps": "เกมและแอป:",
    "l10n.optimalPlayableSettings": "การตั้งค่าการเล่นที่เหมาะสมที่สุด",
    "l10n.gameLocation": "ตำแหน่งที่สแกน",
    "l10n.remove": "เอาออก",
    "l10n.add": "เพิ่ม",
    "l10n.somethingWentWrong": "ไม่สามารถทำงานได้ กรุณาเริ่มการทำงานของ GeForce Experience ใหม่",
    "l10n.receiveUpdates": "รับโปรแกรมอัปเดตผลิตภัณฑ์และข่าวจาก NVIDIA",
    "l10n.batteryBoost": "Battery Boost",
    "l10n.batteryBoostDescription": "ยืดเวลาการใช้งานแบตเตอรี่ขณะเล่นเกม",
    "l10n.maximumFramerate": "อัตราเฟรมสูงสุด:",
    "l10n.fps": "FPS",
    "l10n.updateAvatar": "อัปเดตรูปอวาตาร์",
    "l10n.chooseAvatarFromGallery": "เลือกจากแกลเลอรีอวาตาร์",
    "l10n.update": "ปรับใหม่",
    "l10n.changeEmailAddress": "เปลี่ยนที่อยู่อีเมล",
    "l10n.thanksEmailUpdated": "ขอบคุณสำหรับการทวนสอบที่อยู่อีเมลของคุณ",
    "l10n.emailUpdatedSuccessfully": "อัปเดตอีเมลสำเร็จ",
    "l10n.viewAllGameStreamSupportedGames": "ดูเกมที่พร้อมใช้ GameStream ทั้งหมด",
    "l10n.shieldDevices": "อุปกรณ์ SHIELD",
    "l10n.unableToUpdateSettings": "ไม่สามารถอัปเดตการตั้งค่า",
    "l10n.shieldDevicesRemoved": "อุปกรณ์ SHIELD ถูกลบออก",
    "l10n.shieldDevicesRemoveFailed": "ไม่สามารถลบอุปกรณ์ SHIELD",
    "l10n.yourPasswordChanged": "รหัสผ่านของคุณมีการเปลี่ยนแปลง",
    "l10n.addAdditionalGamesForStreaming": "เพิ่มเกมเพิ่มเติมสำหรับการสตรีม",
    "l10n.name": "ชื่อ",
    "l10n.target": "เป้าหมาย",
    "l10n.startIn": "เริ่มใน",
    "l10n.unsupportedFileType": "ประเภทไฟล์ที่ไม่รองรับ",
    "l10n.fileNotFound": "ไม่พบไฟล์",
    "l10n.checkInternetConnectivity": "ไม่สามารถทำงานได้ ตรวจสอบการเชื่อมต่ออินเทอร์เน็ตของคุณและลองเริ่มการทำงานของ GeForce Experience ใหม่",
    "l10n.tryRestartSystem": "ไม่สามารถทำงานได้ ลองรีสตาร์ทระบบของคุณ",
    "l10n.boxArt": "ลายกล่อง",
    "l10n.ready": "พร้อม",
    "l10n.notReady": "ไม่พร้อม",
    "l10n.addScanPathFailed": "ไม่สามารถเพิ่มสถานที่ได้ ลองใหม่อีกครั้ง",
    "l10n.downloads": "ดาวน์โหลด",
    "l10n.desktopNotifications": "การแจ้งเตือนสำหรับเดสก์ท็อป",
    "l10n.driverUpdateAvailable": "อัปเดตสำหรับไดรฟ์เวอร์ GeForce พร้อมใช้งาน",
    "l10n.rewardAvailable": "รางวัลพร้อมใช้งาน",
    "l10n.optimalSettingsUpdated": "การตั้งค่าที่เหมาะสมได้รับการอัปเดตแล้ว",
    "l10n.highlightDescription": "เลือกรายการที่ไฮไลท์เพื่อบันทึกภาพอัตโนมัติสำหรับเกมนี้",
    "l10n.quietMode": "Whisper Mode",
    "l10n.quietModeDescription": "ทำให้แล็ปทอปที่เชื่อมต่อของคุณทำงานเงียบมากขึ้นในขณะเล่นเกม",
    "l10n.changeGameFrameRate": "อัตราเฟรมสูงสุดของเกมหรือแอปพลิเคชันใน WhisperMode สามารถเปลี่ยนแปลงจากแท็บ 'การตั้งค่าโปรแกรม' ในหน้า 'การตั้งค่าจัดการ 3D' ของแผงควบคุม NVIDIA",
    "l10n.toastQuietModeIsEnabled": "เปิดใช้งาน WhisperMode แล้ว ปรับสมรรถนะเกมและแอปพลิเคชันทั้งหมด รวมถึงเกมที่มีการตั้งค่าแบบกำหนดเองหรือไม่",
    "l10n.toastQuietModeIsDisabled": "ปิดใช้งาน WhisperMode แล้ว ปรับสมรรถนะเกมและแอปพลิเคชันทั้งหมด รวมถึงเกมที่มีการตั้งค่าแบบกำหนดเองหรือไม่",
    "l10n.downloadCompleteRestartGfe": "รีสตาร์ท GeForce Experience เพื่อใช้คุณลักษณะเชิงการทดลอง",
    "l10n.ExpFeatureUpdatesEnabled": "การอัปเดตคุณลักษณะเชิงการทดลองถูกเปิดใช้งาน",
    "l10n.updateIsAvailable": "การอัปเดตพร้อมให้บริการ",
    "l10n.noUpdatesAreAvailable": "คุณมีอัปเดตคุณลักษณะเชิงการทดลองล่าสุด",
    "l10n.downloadFailed": "ดาวน์โหลดล้มเหลว",
    "l10n.ExpFeatureUpdatesDisabled": "ปิดใช้งานการอัปเดตคุณลักษณะเชิงการทดลองแล้ว",
    "l10n.highlightTitle": "ไฮไลท์ ShadowPlay",
    "l10n.weChatQrCode": "สแกนรหัส QR โดยใช้ WeChat เพื่อเข้าร่วม {{clubName}}",
    "l10n.qrCodeScan": "สแกนเพื่อติดตาม {{clubName}}",
    "l10n.downloadInstallBetaUpdates": "GeForce Experience อาจดาวน์โหลดและติดตั้งการอัปเดตคุณลักษณะเชิงการทดลอง",
    "l10n.successfullySubscribed": "สมัครใช้บริการ {{clubName}} สำเร็จ",
    "l10n.qrCodeCouldNotBeLoaded": "ไม่สามารถโหลดรหัส QR ลองอีกครั้งในภายหลัง",
    "l10n.qrCodeScanningError": "สแกนล้มเหลว",
    "l10n.fetchingQrCode": "กำลังดึงรหัส QR...",
    "l10n.nFanDescription": "ยินดีต้อนรับสู่หนึ่งในชุมชนเกมที่ยอดเยี่ยมที่สุด: ‘英伟达GeForce’!  เรามีเคล็ดลับการเล่นเกม เครื่องมือ และสิ่งใหม่ๆ ในเกมล่าสุดมากมายพร้อมกับสิทธิประโยชน์และรางวัลที่น่าตื่นเต้น โปรดติดตามข่าวสารกับเรา NFans!",
    "l10n.troubleshootingTips": "เคล็ดลับในการแก้ไขปัญหา",
    "l10n.agreeAndContinue": "ตกลงและทำต่อ",
    "l10n.exit": "ออก",
    "l10n.dataProtectPromise": "เราสัญญาที่จะปกป้องความเป็นส่วนตัวและข้อมูลของคุณ",
    "l10n.eulaAgreement": "เมื่อใช้ GeForce Experience แสดงว่าคุณยอมรับ <a ng-click=\"preferencesFunctionalDataConsent.showEula()\">ข้อตกลงการอนุญาตให้ใช้สิทธิสำหรับผู้ใช้</a> และ <a ng-click=\"preferencesFunctionalDataConsent.showPrivacyPolicy()\">นโยบายความเป็นส่วนตัวของ NVIDIA</a>",
    "l10n.ledOn": "เปิด",
    "l10n.ledOff": "ปิด",
    "l10n.ledOngpuProperty": "เปิด (การแจ้งเตือนคุณสมบัติ GPU)",
    "l10n.ledVisualizer": "LED",
    "l10n.ledNoAnimation": "ไม่มีภาพเคลื่อนไหว",
    "l10n.ledBreathing": "การหายใจ",
    "l10n.ledFlashing": "แฟลช",
    "l10n.ledDualFlashing": "แฟลชแบบสองระดับ",
    "l10n.wave": "คลื่น",
    "l10n.ripple": "การกระเพื่อม",
    "l10n.ledRandom": "สุ่ม",
    "l10n.ledAudioFlashing": "ไฟกระพริบระหว่างการเล่นเสียง",
    "l10n.ledAnimationElectric": "ไฟฟ้า",
    "l10n.flowIn": "การไหลเข้า",
    "l10n.flowOut": "การไหลออก",
    "l10n.reverseBreathing": "หายใจย้อนหลัง",
    "l10n.multiColor": "หลายสี",
    "l10n.colorCycle": "หมุนสี",
    "l10n.ledVariableBrighness": "ความสว่างที่เปลี่ยนแปลงได้",
    "l10n.ledFixedBrightness": "ความสว่างแบบคงที่",
    "l10n.ledStyleBased": "ตามรูปแบบ",
    "l10n.gpuTemparature": "อุณหภูมิของ GPU",
    "l10n.gpuUtilization": "การใช้งาน GPU",
    "l10n.gpuClock": "นาฬิกา GPU",
    "l10n.gpuFanSpeed": "ความเร็วพัดลม GPU",
    "l10n.gpuVoltage": "แรงดันไฟฟ้า GPU",
    "l10n.brightness": "ความสว่าง",
    "l10n.maxBrightness": "ความสว่างสูงสุด",
    "l10n.brightnessRange": "ช่วงความสว่าง",
    "l10n.range": "ช่วง",
    "l10n.onSliIsEnabled": "เปิด (เปิดใช้งาน SLI)",
    "l10n.speed": "ความเร็ว",
    "l10n.animationSpeed": "ความเร็วภาพเคลื่อนไหว",
    "l10n.hertzSign": "MHz",
    "l10n.rpmSign": "RPM",
    "l10n.percentageSign": "%",
    "l10n.volateSign": "mV",
    "l10n.centigrateSign": "°C",
    "l10n.effect": "เอฟเฟกต์",
    "l10n.style": "รูปแบบ",
    "l10n.variation": "การผันแปร",
    "l10n.faq": "คำถามที่พบบ่อย",
    "l10n.syncAll": "ซิงโครไนซ์ทั้งหมด",
    "l10n.syncZones": "ซิงโครไนซ์บางพื้นที่",
    "l10n.allLed": "LED ทั้งหมด",
    "l10n.eachLed": "แต่ละ LED",
    "l10n.turnLedOn": "เปิดใช้งาน LED Visualizer",
    "l10n.turnLedOff": "ปิดใช้งาน LED เปิด LED เอฟเฟกต์เพื่อใช้งานการตั้งค่า",
    "l10n.ledLighting": "แสง LED",
    "l10n.zone": "พื้นที่ {{zoneLocation}}",
    "l10n.mediaFeaturePack": "แพ็คเกจสื่อที่แนะนำสำหรับ Windows 10",
    "l10n.balancedMode": "ความสมดุล",
    "l10n.balancedModeDescription": "ความสมดุลของประสิทธิภาพและเสียง",
    "l10n.perfModeDescription": "โหมดประสิทธิภาพสูงสุดสำหรับการเล่นเกม พร้อมเสียงพัดลมที่ดังขึ้น",
    "l10n.whisperModeDescription": "เสียงพัดลมที่ลดลงพร้อมประสิทธิภาพการเล่นเกมที่ดี",
    "l10n.performanceModeDescription": "ปรับประสิทธิภาพเกมและแอปพลิเคชันให้ดีที่สุด",
    "l10n.toastPerfModeIsEnabled": "โหมดประสิทธิภาพถูกเปิดใช้งาน ปรับสมรรถนะเกมและแอปพลิเคชันทั้งหมด รวมถึงเกมที่มีการตั้งค่าแบบกำหนดเองหรือไม่",
    "l10n.toastBalanceModeIsEnabled": "โหมดความสมดุลถูกเปิดใช้งาน ปรับสมรรถนะเกมและแอปพลิเคชันทั้งหมด รวมถึงเกมที่มีการตั้งค่าแบบกำหนดเองหรือไม่",
    "l10n.quiteMode2Description": "ปรับสมดุลประสิทธิภาพของแล็ปท็อปและระดับเสียงของพัดลมขณะเล่นเกมโดยใช้แหล่งจ่ายไฟ AC",
    "l10n.baseFrameRate": "เป้าหมายอัตราเฟรมสูงสุด",
    "l10n.fanVolume": "ระดับพัดลม",
    "l10n.quiet": "เงียบ",
    "l10n.quieter": "เงียบกว่า",
    "l10n.quietMode2": "WhisperMode 2.0",
    "l10n.nis": "การปรับมาตราส่วนของภาพ",
    "l10n.optimizedResolution": "ความละเอียดของการแสดง",
    "l10n.sharpen": "ทำให้คมชัด",
    "l10n.toastNISStateIsEnabled": "เปิดใช้งานการปรับมาตราส่วนของภาพแล้ว ปรับสมรรถนะเกมและแอปพลิเคชันทั้งหมด รวมถึงเกมที่มีการตั้งค่าแบบกำหนดเองหรือไม่",
    "l10n.toastNISIsDisabled": "ปิดใช้งานการปรับมาตราส่วนของภาพแล้ว ปรับสมรรถนะเกมและแอปพลิเคชันทั้งหมด รวมถึงเกมที่มีการตั้งค่าแบบกำหนดเองหรือไม่",
    "l10n.nisDescription": "เพิ่มอัตราเฟรมสำหรับเกมและแอพพลิเคชันที่ปรับให้เหมาะสมโดยใช้การปรับสเกลและความคมชัดของ GPU",
    "l10n.batteryBoost2": "Battery Boost 2.0",
    "l10n.batteryBoostDescription2": "ยืดอายุการใช้งานแบตเตอรี่ของคุณโดยอัตโนมัติขณะเล่นเกม"
}
