{
    "l10n.general": "Genel",
    "l10n.friendsAndGroups": "Arkadaşlar ve Gruplar",
    "l10n.driverUpdates": "Sürücü Güncelleştirmeleri",
    "l10n.clientBetaUpdate": "Deneysel özellik güncelleştirmelerini etkinleştir. Bir GeForce Experience güncelleştirmesi yapılması gerekebilir.",
    "l10n.automaticallyDownloadDriver": "Sürücü güncelleştirmelerini otomatik olarak indir ve ne zaman kurulacağını bana sor",
    "l10n.notifyMe": "Şu durumda beni bilgilendir:",
    "l10n.faqPolicy": "SSS ve veri toplama ilkesi",
    "l10n.supportedGames": "Desteklenen oyunlar ve uygulamalar",
    "l10n.licenseAggrement": "Lisans sözleşmesi",
    "l10n.releaseHighlights": "Sürümün başlıca özellikleri",
    "l10n.nvidiaRightReserved": "© 2016-2022 NVIDIA Corporation, tüm hakları saklıdır.",
    "l10n.about": "Hakkında",
    "l10n.betaUpdates": "Beta Güncelleştirmeler",
    "l10n.getAccessToGeforceSoftware": "Resmi sürüm yayınlanmadan önce GeForce yazılımına erişin. Görüşünüzü öğrenmekten mutluluk duyarız.",
    "l10n.geforceExperience": "GeForce Experience",
    "l10n.geforceDriver": "GeForce sürücüsü",
    "l10n.language": "Dil",
    "l10n.nvidiaGeforceExperience": "NVIDIA® GeForce® Experience™",
    "l10n.switchToGfeClassic": "Klasik GFE Görünümüne Geç",
    "l10n.beta": "Beta",
    "l10n.nvidiaNewsletter": "Nvidia Bülteni",
    "l10n.licenseTitle": "NVIDIA YAZILIMININ MÜŞTERİ TARAFINDAN KULLANILMASI İÇİN LİSANS",
    "l10n.profile": "Profil",
    "l10n.avatar": "Avatar",
    "l10n.driverVersion": "Sürücü sürümü",
    "l10n.RAM": "RAM",
    "l10n.hz": "Hz",
    "l10n.myRig": "SİSTEMİM",
    "l10n.securityAndPrivacy": "Güvenlik ve Kişisel Gizlilik",
    "l10n.passwordChangedDate": "Son değişiklik tarihi: {{passwordChangedDate | date:'dd MMMM yyyy'}}",
    "l10n.rememberUser": "Bu PC'de beni hatırla",
    "l10n.linkedAccounts": "Bağlantılı hesaplar ({{linkedAccountsCount}})",
    "l10n.link": "Bağlantı Kur",
    "l10n.deviceManagement": "Aygıt Yönetimi",
    "l10n.removeAllDevices": "Tüm aygıtları kaldır",
    "l10n.features": "Özellikler",
    "l10n.viewSystemRequirements": "Tam sistem gereklerini görüntüle",
    "l10n.gameScan": "Oyun veya Uygulama Taraması",
    "l10n.scanNow": "Şimdi Tara",
    "l10n.gamesFound": "BULUNAN OYUNLAR VE UYGULAMALAR",
    "l10n.viewSupportedGames": "Desteklenen oyunları ve uygulamaları göster",
    "l10n.lastChecked": "Son kontrol",
    "l10n.shareDescription": "Anında Yeniden Oynatma, Manuel Kayıt, GameStream İşbirliği ve Yayın işlevlerine olanak verir",
    "l10n.changePassword": "Parolayı değiştir",
    "l10n.newPassword": "Yeni parola",
    "l10n.passwordDoesNotMatch": "Parolalar birbiriyle aynı değil",
    "l10n.personalInformation": "Kişisel bilgiler",
    "l10n.changePersonalInformation": "Kişisel bilgileri değiştir",
    "l10n.email": "E-posta",
    "l10n.useThisEmailToLogin": "Oturum açmak için bu e-posta adresini kullan",
    "l10n.birthday": "Doğum günü",
    "l10n.birthdayFormat": "{{birthdayFormat | date:'dd MMMM yyyy'}}",
    "l10n.memberSinceFormat": "{{memberSinceFormat | date:'MMMM yyyy'}} ",
    "l10n.phone": "Telefon",
    "l10n.gamestreamDescription": "PC'nizin SHIELD aygıtlarına oyun akışı yapmasına izin verir",
    "l10n.gamesApps": "Oyunlar ve Uygulamalar:",
    "l10n.optimalPlayableSettings": "Optimum oynanabilirlik ayarları",
    "l10n.gameLocation": "Tarama Konumu",
    "l10n.remove": "Kaldır",
    "l10n.add": "Ekle",
    "l10n.somethingWentWrong": "Olmadı. GeForce Experience'ı yeniden başlatmayı deneyin.",
    "l10n.receiveUpdates": "NVIDIA, ürün güncelleştirmelerini ve haberleri size bildirsin",
    "l10n.batteryBoost": "Battery Boost",
    "l10n.batteryBoostDescription": "Oyun sırasında pil ömrünü uzat",
    "l10n.maximumFramerate": "Maksimum kare hızı:",
    "l10n.fps": "FPS",
    "l10n.updateAvatar": "Avatarı Güncelleştir",
    "l10n.chooseAvatarFromGallery": "Avatar galerisinden seç",
    "l10n.update": "Güncelleştir",
    "l10n.changeEmailAddress": "E-posta adresini değiştir",
    "l10n.thanksEmailUpdated": "E-posta adresinizi doğruladığınız için teşekkürler",
    "l10n.emailUpdatedSuccessfully": "E-posta adresi başarılı şekilde güncelleştirildi",
    "l10n.viewAllGameStreamSupportedGames": "GameStream için hazır olan tüm oyunları görüntüle",
    "l10n.shieldDevices": "SHIELD AYGITLARI",
    "l10n.unableToUpdateSettings": "Ayarlar güncelleştirilemedi",
    "l10n.shieldDevicesRemoved": "SHIELD aygıtları kaldırıldı",
    "l10n.shieldDevicesRemoveFailed": "SHIELD aygıtları kaldırılamadı",
    "l10n.yourPasswordChanged": "Parolanız değişti",
    "l10n.addAdditionalGamesForStreaming": "Akış için daha fazla oyun ekle",
    "l10n.name": "Adı",
    "l10n.target": "Hedef",
    "l10n.startIn": "Başlama yeri",
    "l10n.unsupportedFileType": "Desteklenmeyen dosya türü",
    "l10n.fileNotFound": "Dosya bulunamadı",
    "l10n.checkInternetConnectivity": "Olmadı. Internet bağlantınızı kontrol edip GeForce Experience'ı yeniden başlatmayı deneyin.",
    "l10n.tryRestartSystem": "Olmadı. Sisteminizi yeniden başlatmayı deneyin.",
    "l10n.boxArt": "Kutu Kapak Resmi",
    "l10n.ready": "Hazır",
    "l10n.notReady": "Hazır Değil",
    "l10n.addScanPathFailed": "Konum eklenemedi, tekrar deneyin.",
    "l10n.downloads": "İndirmeler",
    "l10n.desktopNotifications": "Masaüstü bildirimleri",
    "l10n.driverUpdateAvailable": "GeForce sürücü güncellemesi mevcut",
    "l10n.rewardAvailable": "Ödül mevcut",
    "l10n.optimalSettingsUpdated": "Optimum ayarlar güncellendi",
    "l10n.highlightDescription": "Bu oyun için, dikkati çeken hangi öğelerin otomatik olarak yakalanacağını seçin.",
    "l10n.quietMode": "Whisper Mode",
    "l10n.quietModeDescription": "Oyun sırasında prize takılı dizüstü bilgisayarınızın daha sessiz çalışmasını sağlar.",
    "l10n.changeGameFrameRate": "WhisperMode modunda bir oyunun veya uygulamanın maksimum kare hızı, NVIDIA Denetim Masası'nın '3D Ayarlarını Yönet' sayfasındaki 'Program Ayarları' sekmesinden değiştirilebilir",
    "l10n.toastQuietModeIsEnabled": "WhisperMode etkinleştirildi. Özelleştirilmiş ayarları olanlar dâhil olmak üzere bütün oyunlar ve uygulamalar optimize edilsin mi?",
    "l10n.toastQuietModeIsDisabled": "WhisperMode devre dışı bırakıldı. Özelleştirilmiş ayarları olanlar dâhil olmak üzere bütün oyunlar ve uygulamalar optimize edilsin mi?",
    "l10n.downloadCompleteRestartGfe": "Deneysel özellikleri kullanmak için GeForce Experience'ı yeniden başlatın.",
    "l10n.ExpFeatureUpdatesEnabled": "Deneysel özellik güncelleştirmeleri etkinleştirildi.",
    "l10n.updateIsAvailable": "Güncelleştirme var.",
    "l10n.noUpdatesAreAvailable": "Sizde en son deneysel özellik güncelleştirmeleri kurulu",
    "l10n.downloadFailed": "İndirme işlemi başarısız",
    "l10n.ExpFeatureUpdatesDisabled": "Deneysel özellik güncelleştirmeleri devre dışı bırakıldı.",
    "l10n.highlightTitle": "ShadowPlay'de Dikkati Çekenler",
    "l10n.weChatQrCode": "{{clubName}} kulübüne üye olmak için QR kodunu WeChat ile tarayın.",
    "l10n.qrCodeScan": "{{clubName}} takipçisi olmak için tarayın",
    "l10n.downloadInstallBetaUpdates": "GeForce Experience deneysel özellik güncelleştirmelerini indirip kurabilir.",
    "l10n.successfullySubscribed": "{{clubName}} kulübüne başarıyla abone oldunuz.",
    "l10n.qrCodeCouldNotBeLoaded": "QR kodu yüklenemedi. Sonradan tekrar deneyin.",
    "l10n.qrCodeScanningError": "Tarama işlemi başarısız.",
    "l10n.fetchingQrCode": "QR kodu alınıyor...",
    "l10n.nFanDescription": "Belki de en güzel oyuncu topluluklarından birine hoş geldiniz: '英伟达GeForce'!  En son yayınlanan oyunlar hakkında bir sürü ipucumuz, aracımız ve haberimiz, ayrıca heyecan verici avantajlar ve ödüller var. Bizi izlemeye devam edin, NFan'lar!",
    "l10n.troubleshootingTips": "Sorun giderme ipuçları",
    "l10n.agreeAndContinue": "KABUL ET VE DEVAM",
    "l10n.exit": "ÇIK",
    "l10n.dataProtectPromise": "Kişisel gizliliğinizi ve verilerinizi korumaya söz veriyoruz.",
    "l10n.eulaAgreement": "GeForce Experience'ı kullanmakla <a ng-click=\"preferencesFunctionalDataConsent.showEula()\">Son Kullanıcı Lisans Sözleşmesi</a>'ni ve <a ng-click=\"preferencesFunctionalDataConsent.showPrivacyPolicy()\">NVIDIA Gizlilik İlkesi</a>'ni kabul etmiş olursunuz.",
    "l10n.ledOn": "Açık",
    "l10n.ledOff": "Kapalı",
    "l10n.ledOngpuProperty": "Açık (GPU özellik alarmı)",
    "l10n.ledVisualizer": "LED",
    "l10n.ledNoAnimation": "Animasyon yok",
    "l10n.ledBreathing": "Soluma",
    "l10n.ledFlashing": "Yanıp sönme",
    "l10n.ledDualFlashing": "Çifte yanıp sönme",
    "l10n.wave": "Dalgalanma",
    "l10n.ripple": "Titrek dalgalanma",
    "l10n.ledRandom": "Rastgele",
    "l10n.ledAudioFlashing": "Sese göre yanıp sönme",
    "l10n.ledAnimationElectric": "Elektrikli",
    "l10n.flowIn": "İçeri akma",
    "l10n.flowOut": "Dışarı akma",
    "l10n.reverseBreathing": "Ters soluma",
    "l10n.multiColor": "Birden çok renkte",
    "l10n.colorCycle": "Renk çevrimi",
    "l10n.ledVariableBrighness": "Değişken aydınlık düzeyi",
    "l10n.ledFixedBrightness": "Sabit aydınlık düzeyi",
    "l10n.ledStyleBased": "Stile dayalı",
    "l10n.gpuTemparature": "GPU sıcaklığı",
    "l10n.gpuUtilization": "GPU kullanımı",
    "l10n.gpuClock": "GPU saati",
    "l10n.gpuFanSpeed": "GPU fan hızı",
    "l10n.gpuVoltage": "GPU voltajı",
    "l10n.brightness": "Aydınlık düzeyi",
    "l10n.maxBrightness": "Maksimum Aydınlık Düzeyi",
    "l10n.brightnessRange": "Aydınlık aralığı",
    "l10n.range": "Aralık",
    "l10n.onSliIsEnabled": "Açık (SLI etkin)",
    "l10n.speed": "hız",
    "l10n.animationSpeed": "Animasyon hızı",
    "l10n.hertzSign": "MHz",
    "l10n.rpmSign": "RPM (devir/dakika)",
    "l10n.percentageSign": "%",
    "l10n.volateSign": "mV",
    "l10n.centigrateSign": "°C",
    "l10n.effect": "Efekt",
    "l10n.style": "Stil",
    "l10n.variation": "Değişkenlik",
    "l10n.faq": "Sık sorulan sorular",
    "l10n.syncAll": "Tümünü Senkronize Et",
    "l10n.syncZones": "Bölgeleri Senkronize Et",
    "l10n.allLed": "Bütün LED'ler",
    "l10n.eachLed": "Her LED",
    "l10n.turnLedOn": "LED Visualizer AÇIK",
    "l10n.turnLedOff": "LED KAPALI. Ayarları uygulamak için LED Efekti seçeneğini açın.",
    "l10n.ledLighting": "LED Aydınlatma",
    "l10n.zone": "{{zoneLocation}} Bölgesi",
    "l10n.mediaFeaturePack": "Windows 10 için medya özellik paketi",
    "l10n.balancedMode": "Dengeli",
    "l10n.balancedModeDescription": "Gürültüyle performans arasında denge.",
    "l10n.perfModeDescription": "Fan gürültüsünü artırmakla birlikte en iyi oyun performansını sağlayan, en yüksek performans modu.",
    "l10n.whisperModeDescription": "Daha düşük fan gürültüsüyle, yeterli oyun performansı.",
    "l10n.performanceModeDescription": "Oyun veya uygulama performansını optimize et",
    "l10n.toastPerfModeIsEnabled": "Performans Modu etkin durumda. Özelleştirilmiş ayarları olanlar dâhil olmak üzere bütün oyunları ve uygulamaları optimize et.",
    "l10n.toastBalanceModeIsEnabled": "Dengeli Mod etkin durumda. Özelleştirilmiş ayarları olanlar dâhil olmak üzere bütün oyunları ve uygulamaları optimize et.",
    "l10n.quiteMode2Description": "AC güç kullanımında oyun oynarken dizüstü bilgisayarın performansını ve fan sesini dengeleyin",
    "l10n.baseFrameRate": "Minimum kare hızı hedefi",
    "l10n.fanVolume": "Fan sesi",
    "l10n.quiet": "Sessiz",
    "l10n.quieter": "Daha sessiz",
    "l10n.quietMode2": "WhisperMode 2.0",
    "l10n.nis": "Görüntü Ölçeklendirme",
    "l10n.optimizedResolution": "Görüntü Oluşturma Çözünürlüğü",
    "l10n.sharpen": "Keskinleştirme",
    "l10n.toastNISStateIsEnabled": "Görüntü Ölçeklendirme etkinleştirildi. Özelleştirilmiş ayarları olanlar dâhil olmak üzere bütün oyunlar ve uygulamalar optimize edilsin mi?",
    "l10n.toastNISIsDisabled": "Görüntü Ölçeklendirme devre dışı bırakıldı. Özelleştirilmiş ayarları olanlar dâhil olmak üzere bütün oyunlar ve uygulamalar optimize edilsin mi?",
    "l10n.nisDescription": "GPU ölçekleme ve keskinleştirme kullanarak oyunların ve uygulamaların optinize edilmesi için kare hızını artır",
    "l10n.batteryBoost2": "Battery Boost 2.0",
    "l10n.batteryBoostDescription2": "Oyun oynarken pil ömrünüzü otomatik olarak uzatın"
}
