{
    "l10n.general": "一般",
    "l10n.friendsAndGroups": "好友和群組",
    "l10n.driverUpdates": "驅動程式更新",
    "l10n.clientBetaUpdate": "啟用試驗性功能。可能需要安裝 GeForce Experience 更新。",
    "l10n.automaticallyDownloadDriver": "自動下載驅動程式更新並且讓我選擇何時安裝",
    "l10n.notifyMe": "在下列情形時，請通知我:",
    "l10n.faqPolicy": "常見問題集與資料收集政策",
    "l10n.supportedGames": "受支援的遊戲和應用程式",
    "l10n.licenseAggrement": "授權協議書",
    "l10n.releaseHighlights": "發行版本重點提示",
    "l10n.nvidiaRightReserved": "© 2016-2022 NVIDIA Corporation 版權所有。保留一切權利。",
    "l10n.about": "關於",
    "l10n.betaUpdates": "Beta 版更新",
    "l10n.getAccessToGeforceSoftware": "在公開發佈之前即使用 GeForce 軟體。感謝您的意見。",
    "l10n.geforceExperience": "GeForce Experience",
    "l10n.geforceDriver": "GeForce 驅動程式",
    "l10n.language": "語言",
    "l10n.nvidiaGeforceExperience": "NVIDIA® GeForce® Experience™",
    "l10n.switchToGfeClassic": "切換為 GFE Classic",
    "l10n.beta": "Beta",
    "l10n.nvidiaNewsletter": "Nvidia 電子報",
    "l10n.licenseTitle": "NVIDIA 軟體客戶使用授權書",
    "l10n.profile": "設定檔",
    "l10n.avatar": "虛擬人偶",
    "l10n.driverVersion": "驅動程式版本",
    "l10n.RAM": "RAM",
    "l10n.hz": "赫茲",
    "l10n.myRig": "我的 RIG",
    "l10n.securityAndPrivacy": "安全性與隱私",
    "l10n.passwordChangedDate": "最後變更日期 {{passwordChangedDate | date:'dd MMMM yyyy'}}",
    "l10n.rememberUser": "在這台電腦上記住我的帳戶",
    "l10n.linkedAccounts": "連結的帳戶 ({{linkedAccountsCount}})",
    "l10n.link": "連結",
    "l10n.deviceManagement": "裝置管理",
    "l10n.removeAllDevices": "移除所有裝置",
    "l10n.features": "功能",
    "l10n.viewSystemRequirements": "檢視完整的系統需求",
    "l10n.gameScan": "遊戲或應用程式掃描",
    "l10n.scanNow": "立即掃描",
    "l10n.gamesFound": "找到遊戲和應用程式",
    "l10n.viewSupportedGames": "檢視受支援的遊戲和應用程式",
    "l10n.lastChecked": "上次檢查",
    "l10n.shareDescription": "允許「立即重複播放」、「手動錄製」、「Gamestream 合作玩家」以及「廣播」",
    "l10n.changePassword": "變更密碼",
    "l10n.newPassword": "新密碼﹕",
    "l10n.passwordDoesNotMatch": "密碼不相符",
    "l10n.personalInformation": "個人資訊",
    "l10n.changePersonalInformation": "變更個人資訊",
    "l10n.email": "電子郵件",
    "l10n.useThisEmailToLogin": "使用電子郵件地址以登入",
    "l10n.birthday": "出生日期",
    "l10n.birthdayFormat": "{{birthdayFormat | date:'dd MMMM yyyy'}}",
    "l10n.memberSinceFormat": "{{memberSinceFormat | date:'MMMM yyyy'}} ",
    "l10n.phone": "電話",
    "l10n.gamestreamDescription": "允許您的電腦將遊戲串流至 SHIELD 裝置",
    "l10n.gamesApps": "遊戲和應用程式：",
    "l10n.optimalPlayableSettings": "最佳玩遊戲設定",
    "l10n.gameLocation": "掃描位置",
    "l10n.remove": "移除",
    "l10n.add": "新增",
    "l10n.somethingWentWrong": "無法使用。請試著重新啟動 GeForce Experience。",
    "l10n.receiveUpdates": "接收來自 NVIDIA 的產品更新和新聞",
    "l10n.batteryBoost": "Battery Boost",
    "l10n.batteryBoostDescription": "玩遊戲時延長電池壽命",
    "l10n.maximumFramerate": "最大畫面播放速率﹕",
    "l10n.fps": "FPS",
    "l10n.updateAvatar": "更新虛擬人偶",
    "l10n.chooseAvatarFromGallery": "從虛擬人偶庫中選擇",
    "l10n.update": "更新",
    "l10n.changeEmailAddress": "變更電子郵件地址",
    "l10n.thanksEmailUpdated": "謝謝您確認您的電子郵件地址",
    "l10n.emailUpdatedSuccessfully": "電子郵件已成功更新",
    "l10n.viewAllGameStreamSupportedGames": "檢視所有具 GameStream 功能的遊戲",
    "l10n.shieldDevices": "SHIELD 裝置",
    "l10n.unableToUpdateSettings": "無法更新設定",
    "l10n.shieldDevicesRemoved": "SHIELD 裝置已移除",
    "l10n.shieldDevicesRemoveFailed": "無法移除 SHIELD 裝置",
    "l10n.yourPasswordChanged": "您的密碼已經變更",
    "l10n.addAdditionalGamesForStreaming": "新增其他遊戲以進行串流",
    "l10n.name": "名稱",
    "l10n.target": "目標",
    "l10n.startIn": "開始於",
    "l10n.unsupportedFileType": "不受支援的檔案類型",
    "l10n.fileNotFound": "找不到檔案",
    "l10n.checkInternetConnectivity": "無法使用。請檢查您的網際網路連線並且試著重新啟動 GeForce Experience。",
    "l10n.tryRestartSystem": "無法使用。請試著重新啟動您的系統。",
    "l10n.boxArt": "盒子圖片",
    "l10n.ready": "就緒",
    "l10n.notReady": "未就緒",
    "l10n.addScanPathFailed": "未能新增地點，請再試一次。",
    "l10n.downloads": "下載",
    "l10n.desktopNotifications": "桌面通知",
    "l10n.driverUpdateAvailable": "有可更新的 GeForce 驅動程式",
    "l10n.rewardAvailable": "有獎勵可以使用",
    "l10n.optimalSettingsUpdated": "最佳化設定已更新",
    "l10n.highlightDescription": "選取要為這個遊戲自動擷取哪一個集錦。",
    "l10n.quietMode": "Whisper Mode",
    "l10n.quietModeDescription": "使您的一般電源膝上型電腦在玩遊戲時更安靜地執行",
    "l10n.changeGameFrameRate": "WhisperMode 中遊戲或應用程式的最大畫面播放速率可以從「NVIDIA 控制面板」的「管理 3D 設定」頁面上的「程式設定」標籤中進行變更",
    "l10n.toastQuietModeIsEnabled": "已啟用 WhisperMode。要最佳化所有遊戲和應用程式，包括具有自訂設定的遊戲和應用程式嗎？",
    "l10n.toastQuietModeIsDisabled": "已停用 WhisperMode。要最佳化所有遊戲和應用程式，包括具有自訂設定的遊戲和應用程式嗎？",
    "l10n.downloadCompleteRestartGfe": "重新啟動 GeForce Experience 以使用試驗性功能。",
    "l10n.ExpFeatureUpdatesEnabled": "試驗性功能更新已啟用。",
    "l10n.updateIsAvailable": "有更新可用。",
    "l10n.noUpdatesAreAvailable": "您有最新的試驗性功能更新。",
    "l10n.downloadFailed": "下載失敗",
    "l10n.ExpFeatureUpdatesDisabled": "試驗性功能更新已停用。",
    "l10n.highlightTitle": "ShadowPlay 集錦",
    "l10n.weChatQrCode": "使用微信掃描 QR 代碼以加入 {{clubName}}",
    "l10n.qrCodeScan": "掃描以跟隨 {{clubName}}",
    "l10n.downloadInstallBetaUpdates": "GeForce Experience 可下載與安裝試驗性功能更新。",
    "l10n.successfullySubscribed": "已成功訂閱 {{clubName}}",
    "l10n.qrCodeCouldNotBeLoaded": "無法載 QR 代碼。請稍後再試。",
    "l10n.qrCodeScanningError": "掃描失敗。",
    "l10n.fetchingQrCode": "正在擷取 QR 代碼......",
    "l10n.nFanDescription": "歡迎來到最酷的遊戲玩家社區之一：「英伟达GeForce」！我們有很多遊戲提示、工具和有關最新遊戲的新聞，以及令人興奮的優惠和獎勵。NFans，請繼續關注我們！",
    "l10n.troubleshootingTips": "疑難排解秘訣",
    "l10n.agreeAndContinue": "同意並繼續",
    "l10n.exit": "結束",
    "l10n.dataProtectPromise": "我們承諾要保護您的隱私和您的資料",
    "l10n.eulaAgreement": "一旦使用 GeForce Experience，即表示您同意接受<a ng-click=\"preferencesFunctionalDataConsent.showEula()\">終端使用者授權協議</a>以及 <a ng-click=\"preferencesFunctionalDataConsent.showPrivacyPolicy()\">NVIDIA 隱私權原則</a>。",
    "l10n.ledOn": "開啟",
    "l10n.ledOff": "關閉",
    "l10n.ledOngpuProperty": "開啟（GPU 內容警報）",
    "l10n.ledVisualizer": "LED",
    "l10n.ledNoAnimation": "沒有動畫",
    "l10n.ledBreathing": "呼吸",
    "l10n.ledFlashing": "閃爍",
    "l10n.ledDualFlashing": "雙重閃爍",
    "l10n.wave": "波動",
    "l10n.ripple": "漣漪",
    "l10n.ledRandom": "隨機",
    "l10n.ledAudioFlashing": "音訊閃爍",
    "l10n.ledAnimationElectric": "電動",
    "l10n.flowIn": "流入",
    "l10n.flowOut": "流出",
    "l10n.reverseBreathing": "反向呼吸",
    "l10n.multiColor": "彩色",
    "l10n.colorCycle": "色彩循環",
    "l10n.ledVariableBrighness": "可變亮度",
    "l10n.ledFixedBrightness": "固定亮度",
    "l10n.ledStyleBased": "根據樣式",
    "l10n.gpuTemparature": "GPU 溫度",
    "l10n.gpuUtilization": "GPU 使用率",
    "l10n.gpuClock": "GPU 時脈",
    "l10n.gpuFanSpeed": "GPU 風扇速度",
    "l10n.gpuVoltage": "GPU 電壓",
    "l10n.brightness": "亮度",
    "l10n.maxBrightness": "最大亮度",
    "l10n.brightnessRange": "亮度範圍",
    "l10n.range": "範圍",
    "l10n.onSliIsEnabled": "開啟（SLI 已啟用）",
    "l10n.speed": "速度",
    "l10n.animationSpeed": "動畫速度",
    "l10n.hertzSign": "MHz",
    "l10n.rpmSign": "RPM",
    "l10n.percentageSign": "%",
    "l10n.volateSign": "mV",
    "l10n.centigrateSign": "°C",
    "l10n.effect": "效果",
    "l10n.style": "樣式",
    "l10n.variation": "變化",
    "l10n.faq": "常見問答集",
    "l10n.syncAll": "全部同步化",
    "l10n.syncZones": "同步化區域",
    "l10n.allLed": "所有 LED",
    "l10n.eachLed": "每個 LED",
    "l10n.turnLedOn": "LED Visualizer 已開啟",
    "l10n.turnLedOff": "LED 已關閉。開啟「LED 效果」以套用設定。",
    "l10n.ledLighting": "LED 光源",
    "l10n.zone": "區域 {{zoneLocation}}",
    "l10n.mediaFeaturePack": "Windows 10 版媒體功能套件",
    "l10n.balancedMode": "均衡",
    "l10n.balancedModeDescription": "效能和噪音之間的平衡。",
    "l10n.perfModeDescription": "可以獲得最佳遊戲體驗的最高效能模式，但會增加風扇噪音。",
    "l10n.whisperModeDescription": "減少風扇噪音和良好的遊戲效能。",
    "l10n.performanceModeDescription": "最佳化遊戲或應用程式效能",
    "l10n.toastPerfModeIsEnabled": "已啟用「效能模式」。最佳化所有遊戲和應用程式，包括具有自訂設定的遊戲和應用程式。",
    "l10n.toastBalanceModeIsEnabled": "已啟用「平衡模式」。最佳化所有遊戲和應用程式，包括具有自訂設定的遊戲和應用程式。",
    "l10n.quiteMode2Description": "在使用 AC 電源玩遊戲時，平衡筆記型電腦的效能和風扇音量",
    "l10n.baseFrameRate": "最小畫面播放速率目標",
    "l10n.fanVolume": "風扇音量",
    "l10n.quiet": "安靜",
    "l10n.quieter": "更安靜",
    "l10n.quietMode2": "WhisperMode 2.0",
    "l10n.nis": "影像增強縮放",
    "l10n.optimizedResolution": "呈現解析度",
    "l10n.sharpen": "銳利化",
    "l10n.toastNISStateIsEnabled": "已啟用影像增強縮放。是否要將所有遊戲和應用程式，包括具有自訂設定的遊戲和應用程式最佳化？",
    "l10n.toastNISIsDisabled": "已停用影像增強縮放。是否要將所有遊戲和應用程式，包括具有自訂設定的遊戲和應用程式最佳化？",
    "l10n.nisDescription": "使用 GPU 縮放比例和銳利化來調高最佳化遊戲和應用程式的畫面播放速率",
    "l10n.batteryBoost2": "Battery Boost 2.0",
    "l10n.batteryBoostDescription2": "玩遊戲時自動延長電池壽命"
}
