{
	"brazilian": "Brazilian",
	"bulgarian": "English",
	"czech": "English",
	"danish": "English",
	"dutch": "English",
	"english": "English",
	"finnish": "English",
	"french": "French",
	"german": "German",
	"greek": "English",
	"hungarian": "English",
	"italian": "Italian",
	"japanese":"Japanese",
	"koreana": "Korean",
	"norwegian": "English",
	"polish": "Polish",
	"ukraine": "Ukraine",
	"portuguese": "English",
	"romanian": "English",
	"russian": "Russian",
	"schinese": "Chinese",
	"spanish": "Spanish",
	"swedish": "English",
	"tchinese": "Chinese",
	"thai": "English",
	"turkish": "English",
	"ukrainian": "English"
}