"Achilles","ID","ID","ID","","","","Line","","Notes by AR","Notes by DK"
"Integrated","Achilles_","0005","Achilles_0005","","","","Вiтаю, хлопче.","","",""
"Integrated","Achilles_","0006","Achilles_0006","","","","Ти знову тут.","","",""
"Integrated","Achilles_","0007","Achilles_0007","","","","Ти повернувся.","","",""
"Integrated","Achilles_","0008","Achilles_0008","","","","Хажди, хлопче.","","",""
"Integrated","Achilles_","0009","Achilles_0009","","","","Вiтаю.","","",""
"Darren","Achilles_","0042","Achilles_0042","","","","Так, хлопче?","","",""
"Darren","Achilles_","0043","Achilles_0043","","","","Що таке, хлопче?","","",""
"Darren","Achilles_","0044","Achilles_0044","","","","Загрей?","","",""
"Darren","Achilles_","0045","Achilles_0045","","","","Тобi щось потрiбно?","","",""
"Darren","Achilles_","0046","Achilles_0046","","","","Скажи, що я можу зробити.","","",""
"Darren","Achilles_","0047","Achilles_0047","","","","Що ти задумав?","","",""
"Darren","Achilles_","0048","Achilles_0048","","","","Що я можу для тебе зробити?","","",""
"Darren","Achilles_","0049","Achilles_0049","","","","Звичайно.","","",""
"Darren","Achilles_","0050","Achilles_0050","","","","Чудово.","","",""
"Darren","Achilles_","0051","Achilles_0051","","","","Вважай, вже зроблено.","","",""
"Darren","Achilles_","0052","Achilles_0052","","","","Дуже добре.","","",""
"Darren","Achilles_","0053","Achilles_0053","","","","Я теж про це думав.","","",""
"Darren","Achilles_","0054","Achilles_0054","","","","Я зроблю все, що в силах.","","",""
"Darren","Achilles_","0055","Achilles_0055","","","","Домовились.","","",""
"Darren","Achilles_","0056","Achilles_0056","","","","Звичайно.","","",""
"Darren","Achilles_","0057","Achilles_0057","","","","Це можна влаштувати.","","",""
"Darren","Achilles_","0058","Achilles_0058","","","","Дiйсно.","","",""
"Integrated","Achilles_","0059","Achilles_0059","","","","Хм-м-м.","","",""
"Integrated","Achilles_","0060","Achilles_0060","","","","Всього найкращого.","","",""
"Integrated","Achilles_","0061","Achilles_0061","","","","Будь сильним.","","",""
"Integrated","Achilles_","0062","Achilles_0062","","","","Принц.","","",""
"Integrated","Achilles_","0063","Achilles_0063","","","","Ваша Високiсть.","","",""
"Darren","Achilles_","0073","Achilles_0073","","","","Дякую за турботу, хлопче. Ось теж щось для тебе. Правда, це дрiбниця, але я подумав, що вона може стати в нагодi.","","",""
"Darren","Achilles_","0074","Achilles_0074","","","","Це честь для мене. I я повинен вiдповiсти тим же. Володар Загрей, бог кровi, прийми вiд мене це скромне пiдношення! I нехай наша дружба триватиме до кiнця вiкiв.","","",""
"Darren","Achilles_","0079","Achilles_0079","","","","Хм. Так, я був необережний... А ти, напевно, був славним воякою за життя, Скеллi.","","",""
"Integrated","Achilles_","0114","Achilles_0114","","","","Я гадаю, твiй батько не налаштований торгуватися. Ми з Патроклом були iмпульсивнi, тому й опинилися тут. Тож я прошу тебе бути терплячим. Дякую, що приносиш менi вести вiд нього. Продовжуй говорити з ним, коли буде можливiсть, добре?","","",""
"Integrated","Achilles_","0121","Achilles_0121","","","","О, це добре. Радий це чути.","","",""
"Integrated","Achilles_","0125","Achilles_0125","","","","Це справдi так, хлопче.","","",""
"Integrated","Achilles_","0129","Achilles_0129","","","","Якщо ти про це заговорив... Я не можу це уявити.","","",""
"Integrated","Achilles_","0162","Achilles_0162","","","","Пару слiв, Принц?","","",""
"Integrated","Achilles_","0163","Achilles_0163","","","","Сюди, Ваша Високiсть.","","",""
"Integrated","Achilles_","0164","Achilles_0164","","","","О, ось i ви, Ваша Високiсть.","","",""
"Darren","Achilles_","0165","Achilles_0165","","","","Давай трохи поговоримо, принце.","","",""
"Integrated","Achilles_","0184","Achilles_0184","","","","Мабуть, тобi час поспiшити туди, хлопче...","","",""
"Integrated","Achilles_","0187","Achilles_0187","","","","Я не можу впустити тебе туди, хлопче.","","",""
"Integrated","Achilles_","0188","Achilles_0188","","","","Боюся, входити заборонено.","","",""
"Integrated","Achilles_","0189","Achilles_0189","","","","Адже це правила твого батька.","","",""
"Integrated","Achilles_","0190","Achilles_0190","","","","Перестань, хлопче.","","",""
"Integrated","Achilles_","0191","Achilles_0191","","","","Там закрито не без причини, хлопець.","","",""
"Integrated","Achilles_","0192","Achilles_0192","","","","Туди не можна.","","",""
"Integrated","Achilles_","0193","Achilles_0193","","","","Правила Дому, хлопче.","","",""
"Integrated","Achilles_","0194","Achilles_0194","","","","Цi дверi повиннi залишатися закритими.","","",""
"Integrated","Achilles_","0195","Achilles_0195","","","","Можеш навiть не намагатися, хлопче.","","",""
"Integrated","Achilles_","0196","Achilles_0196","","","","Не вийде, хлопче.","","",""
"Integrated","Achilles_","0214","Achilles_0214","","","","Дякую тобi.","","",""
"Integrated","Achilles_","0222","Achilles_0222","","","","Подивися, хто прийшов.","","",""
"Integrated","Achilles_","0223","Achilles_0223","","","","Ха, ха-ха.","","",""
"Integrated","Achilles_","0224","Achilles_0224","","","","Привiт, хлопче.","","",""
"Integrated","Achilles_","0225","Achilles_0225","","","","Дивись, Пат.","","",""
"Integrated","Achilles_","0226","Achilles_0226","","","","У нас гiсть.","","",""
"Integrated","Achilles_","0227","Achilles_0227","","","","А, ось i ти.","","",""
"Integrated","Achilles_","0228","Achilles_0228","","","","Як справи, хлопче?","","",""
"Integrated","Achilles_","0229","Achilles_0229","","","","Ти пройшов весь цей шлях, ха.","","",""
"Integrated","Achilles_","0230","Achilles_0230","","","","Продовжуй боротися.","","",""
"Integrated","Achilles_","0231","Achilles_0231","","","","Прощавай.","","",""
"Integrated","Achilles_","0232","Achilles_0232","","","","Прощавай, хлопче.","","",""
"Integrated","Achilles_","0233","Achilles_0233","","","","До зустрiчi.","","",""
"Integrated","Achilles_","0234","Achilles_0234","","","","Бийся, як бився б я сам.","","",""
"Integrated","Achilles_","0235","Achilles_0235","","","","На вдачу подорожi.","","",""
"Integrated","Achilles_","0236","Achilles_0236","","","","Страх — доля слабких.","","",""
"Integrated","Achilles_","0237","Achilles_0237","","","","Ми з тобою ще зустрiнемося.","","",""
"Integrated","Achilles_","0238","Achilles_0238","","","","Перестань, хлопче.","","",""
"Integrated","Achilles_","0239","Achilles_0239","","","","Я не в гуморi для спарингу, хлопче.","","",""
"Integrated","Achilles_","0240","Achilles_0240","","","","Не зараз, хлопче.","","",""
"Integrated","Achilles_","0241","Achilles_0241","","","","З мене достатньо битв.","","",""
"Integrated","Achilles_","0242","Achilles_0242","","","","Вiдпочивай, доки можеш.","","",""
"Integrated","Achilles_","0243","Achilles_0243","","","","Я тут не для битв з тобою, хлопче.","","",""
"Integrated","Achilles_","0244","Achilles_0244","","","","Ха.","","",""
"Integrated","Achilles_","0245","Achilles_0245","","","","Ем-м.","","",""
"Integrated","Achilles_","0246","Achilles_0246","","","","Нi, дякую.","","",""
"Integrated","Achilles_","0251","Achilles_0251","","","","Так, Володарю. Дякую.","","",""
"Integrated","Achilles_","0253","Achilles_0253","","","","Звiсно, панi, так i зроблю. Як накажете.","","",""
"Integrated","Achilles_","0260","Achilles_0260","","","","...а потiм, коли цей упертий, як осел, хвалько вiддав менi наказ, клянусь...","","",""
"Integrated","Achilles_","0261","Achilles_0261","","","","Абсолютно впевнений, кажу тобi!","","",""
"Integrated","Achilles_","0262","Achilles_0262","","","","Мабуть, твоя правда.","","",""
"Integrated","Achilles_","0263","Achilles_0263","","","","Та припини, ти можеш битися ще краще.","","",""
"Integrated","Achilles_","0264","Achilles_0264","","","","Справдi, твоя правда.","","",""
"Integrated","Achilles_","0265","Achilles_0265","","","","Точно!","","",""
"Integrated","Achilles_","0266","Achilles_0266","","","","Так, це так.","","",""
"Integrated","Achilles_","0267","Achilles_0267","","","","Ах, так.","","",""
"Integrated","Achilles_","0268","Achilles_0268","","","","Дiйсно!","","",""
"Integrated","Achilles_","0269","Achilles_0269","","","","Це справдi вiн!","","",""
"Integrated","Achilles_","0272","Achilles_0272","","","","Ось!","","",""
"Integrated","Achilles_","0273","Achilles_0273","","","","Ми йдемо!","","",""
"Integrated","Achilles_","0274","Achilles_0274","","","","Ми готовi!","","",""
"Integrated","Achilles_","0275","Achilles_0275","","","","Ми тут!","","",""
"Integrated","Achilles_","0276","Achilles_0276","","","","Ми тут, хлопче!","","",""
"Integrated","Achilles_","0277","Achilles_0277","","","","Так, хлопче!","","",""
"Integrated","Achilles_","0278","Achilles_0278","","","","Ми вже йдемо!","","",""
"Integrated","Achilles_","0279","Achilles_0279","","","","Уже йдемо!","","",""
"Integrated","Achilles_","0280","Achilles_0280","","","","Тримайся, хлопче!","","",""
"Integrated","Achilles_","0281","Achilles_0281","","","","Це буде швидко.","","",""
"Integrated","Achilles_","0282","Achilles_0282","","","","Патрокл!","","",""
"Integrated","Achilles_","0283","Achilles_0283","","","","Давай, Патрокл!","","",""
"Integrated","Achilles_","0284","Achilles_0284","","","","Уперед, Пат!","","",""
"Integrated","Achilles_","0285","Achilles_0285","","","","Давай, Пат!","","",""
"Integrated","Achilles_","0286","Achilles_0286","","","","Уперед!","","",""
"Integrated","Achilles_","0287","Achilles_0287","","","","Зараз!","","",""
"Integrated","Achilles_","0288","Achilles_0288","","","","В атаку!","","",""
"Integrated","Achilles_","0289","Achilles_0289","","","","В бiй!","","",""
"Integrated","Achilles_","0290","Achilles_0290","","","","Почнемо?","","",""
"Integrated","Achilles_","0291","Achilles_0291","","","","Нумо, Пат!","","",""
"Integrated","Achilles_","0292","Achilles_0292","","","","Готовi!","","",""
"Integrated","Achilles_","0293","Achilles_0293","","","","Астерiй!","","",""
"Integrated","Achilles_","0294","Achilles_0294","","","","Бик Мiноса!","","",""
"Integrated","Achilles_","0295","Achilles_0295","","","","А ось i чемпiон!","","",""
"Integrated","Achilles_","0296","Achilles_0296","","","","Тесей приносить тобi клопоту, хлопче?","","",""
"Integrated","Achilles_","0297","Achilles_0297","","","","Час би вже скинути чемпiона.","","",""
"Integrated","Achilles_","0298","Achilles_0298","","","","Нам вже час.","","",""
"Integrated","Achilles_","0299","Achilles_0299","","","","Продовжуй битися!","","",""
"Integrated","Achilles_","0300","Achilles_0300","","","","Бийся, хлопче!","","",""
"Integrated","Achilles_","0301","Achilles_0301","","","","Не зупиняйся!","","",""
"Integrated","Achilles_","0302","Achilles_0302","","","","А тепер покiнчи з цим!","","",""
"Integrated","Achilles_","0303","Achilles_0303","","","","Ми повернулися!","","",""
"Integrated","Achilles_","0304","Achilles_0304","","","","Ми почули тебе, хлопче.","","",""
"Integrated","Achilles_","0305","Achilles_0305","","","","Ну, давай ще раз!","","",""
"Integrated","Achilles_","0325","Achilles_0325","","","","Знайшов, що шукав?","","",""
"Integrated","Achilles_","0332","Achilles_0332","","","","Нехай буде так.","","",""
"Integrated","Achilles_","0338","Achilles_0338","","","","Це так чудово, о Нiч.","","",""
"Integrated","Achilles_","0341","Achilles_0341","","","","Згоден, вiд тебе це звучить абсурдно, але це так.","","",""
"Integrated","Achilles_","0347","Achilles_0347","","","","Ха, гадаю, це так.","","",""
"Integrated","Achilles_","0348","Achilles_0348","","","","Вiтаю, принц.","","",""
"Integrated","Achilles_","0349","Achilles_0349","","","","Вiтаю.","","",""
"Integrated","Achilles_","0350","Achilles_0350","","","","Принц.","","",""
"Integrated","Achilles_","0351","Achilles_0351","","","","Як справи?","","",""
"Integrated","Achilles_","0352","Achilles_0352","","","","О.","","",""
"Integrated","Achilles_","0353","Achilles_0353","","","","...якби не ти, Пат, я й думати не хочу, щоб наробив. Тодi, мабуть, вiйна була б зовсiм iншою.","","",""
"Integrated","Achilles_","0359","Achilles_0359","","","","Дякую вам, о Нiч.","","",""
"Integrated","Achilles_","0364","Achilles_0364","","","","Ха-ха-ха, що ж... ти пiдловив мене.","","",""
"Integrated","Achilles_","0366","Achilles_0366","","","","Менi доведеться повiрити тобi.","","",""
"Integrated","Achilles_","0369","Achilles_0369","","","","Просто будь обережний.","","",""
"Integrated","Achilles_","0371","Achilles_0371","","","","Знаю таких. Обидва цi типажi.","","",""
"Integrated","Achilles_","0373","Achilles_0373","","","","Продовжуй в тому ж дусi.","","",""
"Integrated","Achilles_","0374","Achilles_0374","","","","Впевнений, друже?","","",""
"Integrated","Achilles_","0375","Achilles_0375","","","","Перепрошую, володарю...","","",""
"Integrated","Achilles_","0376","Achilles_0376","","","","Сподiваюся, твiй батько не проти...!","","",""
"Integrated","Achilles_","0377","Achilles_0377","","","","Володаря це точно розгнiва!","","",""
"Integrated","Achilles_","0379","Achilles_0379","","","","Може i так. Я зустрiчав подiбних до нього.","","",""
