"Alecto","ID","ID","ID","","","","Line","","Notes by AR","Notes by DK"
"Unused","Alecto_","0037","Alecto_0037","","","","Шкода, що ми не можемо інакше.","","",""
"Unused","Alecto_","0038","Alecto_0038","","","","Чому нам завжди доводиться боротися один з одним?","","",""
"Unused","Alecto_","0039","Alecto_0039","","","","Настав час для чергової сутички.","","",""
"Unused","Alecto_","0040","Alecto_0040","","","","Я так сподівалася, що ти прийдеш.","","",""
"Integrated","Alecto_","0079","Alecto_0079","","","","Отримуй!","","",""
"Integrated","Alecto_","0080","Alecto_0080","","","","Нра-а-агх!","","",""
"Integrated","Alecto_","0081","Alecto_0081","","","","Біль.","","",""
"Integrated","Alecto_","0082","Alecto_0082","","","","Ось, спробуй це!","","",""
"Integrated","Alecto_","0083","Alecto_0083","","","","Лови!","","",""
"Integrated","Alecto_","0084","Alecto_0084","","","","Помри ж нарешті!","","",""
"Integrated","Alecto_","0085","Alecto_0085","","","","Ось, покуштуй!","","",""
"Integrated","Alecto_","0086","Alecto_0086","","","","Ось!","","",""
"Integrated","Alecto_","0087","Alecto_0087","","","","Помри!","","",""
"Integrated","Alecto_","0088","Alecto_0088","","","","Вб'ю!","","",""
"Integrated","Alecto_","0089","Alecto_0089","","","","Пізнай страждання!","","",""
"Integrated","Alecto_","0090","Alecto_0090","","","","Лови!","","",""
"Integrated","Alecto_","0091","Alecto_0091","","","","Нехай проллється кров!","","",""
"Integrated","Alecto_","0092","Alecto_0092","","","","Ось так!","","",""
"Integrated","Alecto_","0093","Alecto_0093","","","","Я сказала, помри!","","",""
"Integrated","Alecto_","0094","Alecto_0094","","","","Лови, червонокровка!","","",""
"Integrated","Alecto_","0095","Alecto_0095","","","","Як тобі це?!","","",""
"Integrated","Alecto_","0096","Alecto_0096","","","","Біжи.","","",""
"Integrated","Alecto_","0097","Alecto_0097","","","","Біжи!","","",""
"Integrated","Alecto_","0098","Alecto_0098","","","","Давай, біжи!","","",""
"Integrated","Alecto_","0099","Alecto_0099","","","","Ти жалюгідний.","","",""
"Integrated","Alecto_","0100","Alecto_0100","","","","Я вб'ю тебе!","","",""
"Integrated","Alecto_","0101","Alecto_0101","","","","Досить!","","",""
"Integrated","Alecto_","0102","Alecto_0102","","","","Забирай ноги.","","",""
"Integrated","Alecto_","0103","Alecto_0103","","","","Виходу немає.","","",""
"Integrated","Alecto_","0104","Alecto_0104","","","","Стій.","","",""
"Integrated","Alecto_","0105","Alecto_0105","","","","Ти отримаєш своє.","","",""
"Integrated","Alecto_","0106","Alecto_0106","","","","Забирай ноги, поки не пізно.","","",""
"Integrated","Alecto_","0107","Alecto_0107","","","","Стій!","","",""
"Integrated","Alecto_","0108","Alecto_0108","","","","Дивись під ноги.","","",""
"Integrated","Alecto_","0109","Alecto_0109","","","","Я до тебе дістануся.","","",""
"Integrated","Alecto_","0110","Alecto_0110","","","","Біль...","","",""
"Integrated","Alecto_","0111","Alecto_0111","","","","Приготуйся...","","",""
"Integrated","Alecto_","0112","Alecto_0112","","","","Ось так.","","",""
"Integrated","Alecto_","0113","Alecto_0113","","","","Отримай.","","",""
"Integrated","Alecto_","0114","Alecto_0114","","","","Ось тобі ще.","","",""
"Integrated","Alecto_","0115","Alecto_0115","","","","Готовий?","","",""
"Integrated","Alecto_","0116","Alecto_0116","","","","Спробуй ухилися.","","",""
"Integrated","Alecto_","0117","Alecto_0117","","","","Підійди ближче.","","",""
"Integrated","Alecto_","0118","Alecto_0118","","","","Не рухайся.","","",""
"Integrated","Alecto_","0119","Alecto_0119","","","","Пам'ятаєш це?","","",""
"Integrated","Alecto_","0120","Alecto_0120","","","","Я завдаю тобі біль.","","",""
"Integrated","Alecto_","0121","Alecto_0121","","","","Ти все ще на ногах, хм.","","",""
"Integrated","Alecto_","0122","Alecto_0122","","","","Помри ж, нарешті.","","",""
"Integrated","Alecto_","0123","Alecto_0123","","","","Ти ще живий?","","",""
"Integrated","Alecto_","0124","Alecto_0124","","","","Та ти ще живий.","","",""
"Integrated","Alecto_","0125","Alecto_0125","","","","Все ще живий, хм.","","",""
"Integrated","Alecto_","0126","Alecto_0126","","","","Я сказала, помри!","","",""
"Integrated","Alecto_","0127","Alecto_0127","","","","О, та ти поранений.","","",""
"Integrated","Alecto_","0128","Alecto_0128","","","","Я збираюся вбити тебе.","","",""
"Integrated","Alecto_","0129","Alecto_0129","","","","Скоро я тебе прикінчу.","","",""
"Integrated","Alecto_","0130","Alecto_0130","","","","Ой, ти поранений.","","",""
"Integrated","Alecto_","0131","Alecto_0131","","","","Ще живий? Гаразд.","","",""
"Integrated","Alecto_","0132","Alecto_0132","","","","Вважай, ти вже небіжчик.","","",""
"Integrated","Alecto_","0133","Alecto_0133","","","","Хороший прийом.","","",""
"Integrated","Alecto_","0134","Alecto_0134","","","","Здавайся.","","",""
"Integrated","Alecto_","0135","Alecto_0135","","","","Ти небіжчик.","","",""
"Integrated","Alecto_","0136","Alecto_0136","","","","Ти мій.","","",""
"Integrated","Alecto_","0137","Alecto_0137","","","","Довго не протримаєшся.","","",""
"Integrated","Alecto_","0138","Alecto_0138","","","","На цей раз я потрапила.","","",""
"Integrated","Alecto_","0139","Alecto_0139","","","","Впевнена, це було боляче.","","",""
"Integrated","Alecto_","0140","Alecto_0140","","","","Це минулого разу.","","",""
"Integrated","Alecto_","0141","Alecto_0141","","","","Ха!","","",""
"Integrated","Alecto_","0142","Alecto_0142","","","","Я ще дістануся тебе.","","",""
"Integrated","Alecto_","0143","Alecto_0143","","","","Боляче, правда?","","",""
"Integrated","Alecto_","0144","Alecto_0144","","","","Цікаво!..","","",""
"Integrated","Alecto_","0145","Alecto_0145","","","","О-хо-хо!..","","",""
"Integrated","Alecto_","0146","Alecto_0146","","","","Розлютився?","","",""
"Integrated","Alecto_","0147","Alecto_0147","","","","Думаю, я зачепила тебе за живе.","","",""
"Integrated","Alecto_","0148","Alecto_0148","","","","В чому справа?","","",""
"Integrated","Alecto_","0149","Alecto_0149","","","","Так!..","","",""
"Integrated","Alecto_","0150","Alecto_0150","","","","Так...","","",""
"Integrated","Alecto_","0151","Alecto_0151","","","","Що за...","","",""
"Integrated","Alecto_","0152","Alecto_0152","","","","Що за?..","","",""
"Integrated","Alecto_","0153","Alecto_0153","","","","А?","","",""
"Integrated","Alecto_","0154","Alecto_0154","","","","Гей!","","",""
"Integrated","Alecto_","0155","Alecto_0155","","","","Легше, червонокровка.","","",""
"Integrated","Alecto_","0156","Alecto_0156","","","","О, та ти розлютився!","","",""
"Integrated","Alecto_","0157","Alecto_0157","","","","Розслабся, червонокровка.","","",""
"Integrated","Alecto_","0158","Alecto_0158","","","","Ой, було боляче?","","",""
"Integrated","Alecto_","0159","Alecto_0159","","","","А ось так?","","",""
"Integrated","Alecto_","0160","Alecto_0160","","","","Нічого особливого.","","",""
"Integrated","Alecto_","0161","Alecto_0161","","","","Ти спливаєш кров'ю.","","",""
"Integrated","Alecto_","0162","Alecto_0162","","","","Пам'ятай про це.","","",""
"Integrated","Alecto_","0163","Alecto_0163","","","","Я примушу тебе кричати.","","",""
"Integrated","Alecto_","0164","Alecto_0164","","","","Я завдаю тобі ще більших страждань.","","",""
"Integrated","Alecto_","0165","Alecto_0165","","","","Я відчуваю твій біль.","","",""
"Integrated","Alecto_","0166","Alecto_0166","","","","От і все!","","",""
"Integrated","Alecto_","0167","Alecto_0167","","","","Моя черга.","","",""
"Integrated","Alecto_","0168","Alecto_0168","","","","Ну все.","","",""
"Integrated","Alecto_","0169","Alecto_0169","","","","З тобою покінчено.","","",""
"Integrated","Alecto_","0170","Alecto_0170","","","","Гр-р-ра!","","",""
"Integrated","Alecto_","0171","Alecto_0171","","","","Р-р-ра-а!","","",""
"Integrated","Alecto_","0172","Alecto_0172","","","","Р-ра-а-а!","","",""
"Integrated","Alecto_","0173","Alecto_0173","","","","Досить!","","",""
"Integrated","Alecto_","0174","Alecto_0174","","","","Зараз!!!","","",""
"Integrated","Alecto_","0175","Alecto_0175","","","","Ах ти!","","",""
"Integrated","Alecto_","0176","Alecto_0176","","","","Досить!","","",""
"Integrated","Alecto_","0177","Alecto_0177","","","","Уф.","","",""
"Integrated","Alecto_","0178","Alecto_0178","","","","Уф!","","",""
"Integrated","Alecto_","0179","Alecto_0179","","","","Нр-р-р-рх!","","",""
"Integrated","Alecto_","0180","Alecto_0180","","","","М-м-м.","","",""
"Integrated","Alecto_","0181","Alecto_0181","","","","Пф-ф.","","",""
"Integrated","Alecto_","0182","Alecto_0182","","","","Брр...","","",""
"Integrated","Alecto_","0183","Alecto_0183","","","","Фу-у-у.","","",""
"Integrated","Alecto_","0184","Alecto_0184","","","","Ух.","","",""
"Integrated","Alecto_","0185","Alecto_0185","","","","Р-р-р.","","",""
"Integrated","Alecto_","0186","Alecto_0186","","","","А-ха-ха.","","",""
"Integrated","Alecto_","0187","Alecto_0187","","","","Ти нікчема.","","",""
"Integrated","Alecto_","0188","Alecto_0188","","","","Мерзотник.","","",""
"Integrated","Alecto_","0189","Alecto_0189","","","","Пф-ф.","","",""
"Integrated","Alecto_","0190","Alecto_0190","","","","Пф-ф, ха.","","",""
"Integrated","Alecto_","0191","Alecto_0191","","","","Ха.","","",""
"Integrated","Alecto_","0192","Alecto_0192","","","","Пф-ф.","","",""
"Integrated","Alecto_","0193","Alecto_0193","","","","Маленький негідник.","","",""
"Integrated","Alecto_","0194","Alecto_0194","","","","Серйозно.","","",""
"Integrated","Alecto_","0195","Alecto_0195","","","","Серйозно?","","",""
"Integrated","Alecto_","0196","Alecto_0196","","","","Прокляття.","","",""
"Integrated","Alecto_","0197","Alecto_0197","","","","Прокляття.","","",""
"Integrated","Alecto_","0198","Alecto_0198","","","","Ти мене зачепив.","","",""
"Integrated","Alecto_","0199","Alecto_0199","","","","Ой.","","",""
"Integrated","Alecto_","0200","Alecto_0200","","","","Не погано.","","",""
"Integrated","Alecto_","0201","Alecto_0201","","","","Як ти смієш?","","",""
"Integrated","Alecto_","0202","Alecto_0202","","","","Ух, ні.","","",""
"Integrated","Alecto_","0203","Alecto_0203","","","","Ах, прокляття!","","",""
"Integrated","Alecto_","0204","Alecto_0204","","","","Ах ти!","","",""
"Integrated","Alecto_","0205","Alecto_0205","","","","Х-ха!","","",""
"Integrated","Alecto_","0206","Alecto_0206","","","","А-а!","","",""
"Integrated","Alecto_","0207","Alecto_0207","","","","Я так не думаю.","","",""
"Integrated","Alecto_","0208","Alecto_0208","","","","Погано намагаєшся!","","",""
"Integrated","Alecto_","0209","Alecto_0209","","","","Слабак.","","",""
"Integrated","Alecto_","0210","Alecto_0210","","","","Без шансів.","","",""
"Integrated","Alecto_","0211","Alecto_0211","","","","Нізащо.","","",""
"Integrated","Alecto_","0212","Alecto_0212","","","","Хороша спроба.","","",""
"Integrated","Alecto_","0213","Alecto_0213","","","","Пф-ф.","","",""
"Integrated","Alecto_","0214","Alecto_0214","","","","Серйозно?","","",""
"Integrated","Alecto_","0215","Alecto_0215","","","","Забирайся звідси, червонокровка.","","",""
"Integrated","Alecto_","0216","Alecto_0216","","","","Ще побачимось, паршивець.","","",""
"Integrated","Alecto_","0217","Alecto_0217","","","","Ти прямо як Мегера.","","",""
"Integrated","Alecto_","0218","Alecto_0218","","","","Я попереджала тебе, що так буде.","","",""
"Integrated","Alecto_","0219","Alecto_0219","","","","Біжи назад до татка.","","",""
"Integrated","Alecto_","0220","Alecto_0220","","","","Прощай, ще побачимось!","","",""
"Integrated","Alecto_","0221","Alecto_0221","","","","О, але ж ми тільки почали.","","",""
"Integrated","Alecto_","0222","Alecto_0222","","","","Провалюй у пекло.","","",""
"Integrated","Alecto_","0223","Alecto_0223","","","","Що, вже йдеш?","","",""
"Integrated","Alecto_","0224","Alecto_0224","","","","Ще один паршивець повалений.","","",""
"Integrated","Alecto_","0225","Alecto_0225","","","","Переказуй привіт татку.","","",""
"Integrated","Alecto_","0226","Alecto_0226","","","","Нарешті.","","",""
"Integrated","Alecto_","0227","Alecto_0227","","","","Гаразд, гаразд, вистачить.","","",""
"Integrated","Alecto_","0228","Alecto_0228","","","","Задоволений? Я так.","","",""
"Integrated","Alecto_","0229","Alecto_0229","","","","<Сміється>","","",""
"Integrated","Alecto_","0230","Alecto_0230","","","","<Сміється>","","",""
"Integrated","Alecto_","0231","Alecto_0231","","","","<Сміється>","","",""
"Integrated","Alecto_","0232","Alecto_0232","","","","Якось повторимо!","","",""
"Integrated","Alecto_","0233","Alecto_0233","","","","До зустрічі, червонокровка.","","",""
"Integrated","Alecto_","0234","Alecto_0234","","","","Мені це ніколи не набридне, червонокровка.","","",""
"Integrated","Alecto_","0235","Alecto_0235","","","","А знаєш, адже я можу і звикнути!","","",""
"Integrated","Alecto_","0236","Alecto_0236","","","","Ти не здатний на це, червонокровка.","","",""
"Integrated","Alecto_","0237","Alecto_0237","","","","Не марнуй мій час дарма, гаразд?","","",""
"Integrated","Alecto_","0238","Alecto_0238","","","","Ох, нарешті!","","",""
"Integrated","Alecto_","0239","Alecto_0239","","","","Думаю, це було просто питання часу.","","",""
"Integrated","Alecto_","0240","Alecto_0240","","","","Ми, сестри-фурії, насолоджуємось помстою.","","",""
"Integrated","Alecto_","0241","Alecto_0241","","","","Настав час мені розправитися з тобою.","","",""
"Integrated","Alecto_","0242","Alecto_0242","","","","Тобі краще викластися на повну, червонокровка.","","",""
"Integrated","Alecto_","0243","Alecto_0243","","","","Це був нікчемний бій навіть тобі, червонокровка.","","",""
"Integrated","Alecto_","0244","Alecto_0244","","","","Не може бути!..","","",""
"Integrated","Alecto_","0245","Alecto_0245","","","","Прокляття, я!..","","",""
"Integrated","Alecto_","0246","Alecto_0246","","","","Як?..","","",""
"Integrated","Alecto_","0247","Alecto_0247","","","","Як?!","","",""
"Integrated","Alecto_","0248","Alecto_0248","","","","Що?!","","",""
"Integrated","Alecto_","0249","Alecto_0249","","","","А-а-а!","","",""
"Integrated","Alecto_","0250","Alecto_0250","","","","Не можу!..","","",""
"Integrated","Alecto_","0251","Alecto_0251","","","","Знову?!","","",""
"Integrated","Alecto_","0252","Alecto_0252","","","","Ах, ось!..","","",""
"Integrated","Alecto_","0253","Alecto_0253","","","","Ах ти!..","","",""
"Integrated","Alecto_","0254","Alecto_0254","","","","Ах, прокляття...","","",""
"Integrated","Alecto_","0255","Alecto_0255","","","","Будь ти проклятий...","","",""
"Integrated","Alecto_","0256","Alecto_0256","","","","Ар-р, як!..","","",""
"Integrated","Alecto_","0257","Alecto_0257","","","","Мегера!","","",""
"Integrated","Alecto_","0258","Alecto_0258","","","","Мегера!..","","",""
"Integrated","Alecto_","0259","Alecto_0259","","","","Сюди, Мегера!","","",""
"Integrated","Alecto_","0260","Alecto_0260","","","","Сюди, Мегера!..","","",""
"Integrated","Alecto_","0261","Alecto_0261","","","","Мегера, давай!","","",""
"Integrated","Alecto_","0262","Alecto_0262","","","","Мегера, давай!!!","","",""
"Integrated","Alecto_","0263","Alecto_0263","","","","Зараз, Мегера!","","",""
"Integrated","Alecto_","0264","Alecto_0264","","","","Зараз, Мегера!!!","","",""
"Integrated","Alecto_","0265","Alecto_0265","","","","Мегера, тримай його!","","",""
"Integrated","Alecto_","0267","Alecto_0267","","","","Мегера!!!","","",""
"Integrated","Alecto_","0268","Alecto_0268","","","","Прокляття, Мегера.","","",""
"Integrated","Alecto_","0269","Alecto_0269","","","","Мегера...","","",""
"Integrated","Alecto_","0270","Alecto_0270","","","","Готова, Мегера.","","",""
"Integrated","Alecto_","0271","Alecto_0271","","","","Готова, сестро!","","",""
"Integrated","Alecto_","0272","Alecto_0272","","","","Готова, сестро!","","",""
"Integrated","Alecto_","0273","Alecto_0273","","","","Тісіфона!","","",""
"Integrated","Alecto_","0274","Alecto_0274","","","","Тісіфона!..","","",""
"Integrated","Alecto_","0275","Alecto_0275","","","","Сюди, Тіс!","","",""
"Integrated","Alecto_","0276","Alecto_0276","","","","Сюди, Тіс!..","","",""
"Integrated","Alecto_","0277","Alecto_0277","","","","Тіс, ну ж бо!","","",""
"Integrated","Alecto_","0278","Alecto_0278","","","","Тісіфона, давай!!!","","",""
"Integrated","Alecto_","0279","Alecto_0279","","","","Зараз, Тіс!","","",""
"Integrated","Alecto_","0280","Alecto_0280","","","","Зараз, Тіс!!!","","",""
"Integrated","Alecto_","0281","Alecto_0281","","","","Тісіфона, убий його!","","",""
"Integrated","Alecto_","0282","Alecto_0282","","","","Тісіфона, убий його!","","",""
"Darren","Alecto_","0283","Alecto_0283","","","","Тісіфона!!!","","",""
"Darren","Alecto_","0284","Alecto_0284","","","","Тіс, ні...","","",""
"Darren","Alecto_","0285","Alecto_0285","","","","Тісіфона...","","",""
"Darren","Alecto_","0286","Alecto_0286","","","","Готова, Тіс.","","",""
"Darren","Alecto_","0287","Alecto_0287","","","","Я готова, сестра.","","",""
"Darren","Alecto_","0288","Alecto_0288","","","","Я готова, сестра.","","",""
"Integrated","Alecto_","0289","Alecto_0289","","","","Уперед, сестри!","","",""
"Integrated","Alecto_","0290","Alecto_0290","","","","Нумо, сестри!","","",""
"Integrated","Alecto_","0291","Alecto_0291","","","","Готуйтеся, сестри.","","",""
"Integrated","Alecto_","0292","Alecto_0292","","","","Приготуйтеся, сестри!","","",""
"Integrated","Alecto_","0293","Alecto_0293","","","","Готові, сестри?","","",""
"Integrated","Alecto_","0294","Alecto_0294","","","","Мегера, Тісіфона, уперед!!!","","",""
"Integrated","Alecto_","0296","Alecto_0296","","","","Єринії, приготуйтеся.","","",""
"Darren","Alecto_","0297","Alecto_0297","","","","Схоже, тепер все залежить від мене.","","",""
"Darren","Alecto_","0298","Alecto_0298","","","","Я з цим розберусь.","","",""
"Integrated","Alecto_","0299","Alecto_0299","","","","Ми — фурії!!!","","",""
"Integrated","Alecto_","0300","Alecto_0300","","","","Зараз!","","",""
"Integrated","Alecto_","0301","Alecto_0301","","","","В атаку!","","",""
"Integrated","Alecto_","0302","Alecto_0302","","","","Уб'ю!","","",""
"Integrated","Alecto_","0303","Alecto_0303","","","","Він наш.","","",""
"Integrated","Alecto_","0304","Alecto_0304","","","","Ми — фурії.","","",""
"Integrated","Alecto_","0305","Alecto_0305","","","","Гадаю, ми закінчили тут.","","",""
"Integrated","Alecto_","0306","Alecto_0306","","","","У нього не було жодного шансу.","","",""
"Integrated","Alecto_","0307","Alecto_0307","","","","<Сміється>","","",""
"Darren","Alecto_","0308","Alecto_0308","","","","<Сміється>","","",""
"Integrated","Alecto_","0309","Alecto_0309","","","","<Сміється>","","",""
"Integrated","Alecto_","0310","Alecto_0310","","","","<Сміється>","","",""
"Integrated","Alecto_","0311","Alecto_0311","","","","<Сміється>","","",""
"Darren","Alecto_","0312","Alecto_0312","","","","<Сміється>","","",""
"Integrated","Alecto_","0383","Alecto_0383","","","","Червонокровка!","","",""
"Integrated","Alecto_","0384","Alecto_0384","","","","Нарешті.","","",""
"Integrated","Alecto_","0385","Alecto_0385","","","","О, нарешті.","","",""
"Integrated","Alecto_","0386","Alecto_0386","","","","Ти!..","","",""
"Integrated","Alecto_","0387","Alecto_0387","","","","Пф-ф.","","",""
"Integrated","Alecto_","0388","Alecto_0388","","","","Нррггх...","","",""
"Integrated","Alecto_","0389","Alecto_0389","","","","Добре...","","",""
"Integrated","Alecto_","0390","Alecto_0390","","","","Гаразд!","","",""
"Integrated","Alecto_","0391","Alecto_0391","","","","Прекрасно, просто прекрасно!","","",""
"Integrated","Alecto_","0392","Alecto_0392","","","","О, добре.","","",""
"Integrated","Alecto_","0393","Alecto_0393","","","","Ох...","","",""
"Integrated","Alecto_","0394","Alecto_0394","","","","Паршивий бог...","","",""
"Integrated","Alecto_","0395","Alecto_0395","","","","Ось ти де.","","",""
"Darren","Alecto_","0396","Alecto_0396","","","","Ха-ха-ха-ха.","","",""
"Integrated","Alecto_","0397","Alecto_0397","","","","Стій на місці.","","",""
"Integrated","Alecto_","0398","Alecto_0398","","","","Ось!","","",""
"Integrated","Alecto_","0399","Alecto_0399","","","","Ах, ти!","","",""
"Integrated","Alecto_","0400","Alecto_0400","","","","Отримуй!","","",""
"Integrated","Alecto_","0401","Alecto_0401","","","","Готовий?!","","",""
"Integrated","Alecto_","0402","Alecto_0402","","","","Цього ти хочеш?!","","",""
"Integrated","Alecto_","0403","Alecto_0403","","","","Ти помреш!","","",""
"Integrated","Alecto_","0404","Alecto_0404","","","","Гра-а-а!","","",""
"Integrated","Alecto_","0405","Alecto_0405","","","","Гра-а-а, ха-ха!","","",""
"Integrated","Alecto_","0406","Alecto_0406","","","","Подобається?!","","",""
"Integrated","Alecto_","0407","Alecto_0407","","","","Як тобі таке!","","",""
"Integrated","Alecto_","0408","Alecto_0408","","","","Ось так!","","",""
"Integrated","Alecto_","0409","Alecto_0409","","","","Хочеш ще?!","","",""
"Integrated","Alecto_","0410","Alecto_0410","","","","Хай проллється кров!","","",""
"Integrated","Alecto_","0411","Alecto_0411","","","","Помри!","","",""
"Integrated","Alecto_","0412","Alecto_0412","","","","О, ми ще не закінчили!","","",""
"Integrated","Alecto_","0413","Alecto_0413","","","","Боляче?","","",""
"Integrated","Alecto_","0414","Alecto_0414","","","","Паршивець!","","",""
"Integrated","Alecto_","0415","Alecto_0415","","","","Що... Танатос?!","","",""
"Integrated","Alecto_","0416","Alecto_0416","","","","Ти мерзотник, Танатос!","","",""
"Integrated","Alecto_","0417","Alecto_0417","","","","Провалюй звідси, бог смерті!","","",""
"Integrated","Alecto_","0418","Alecto_0418","","","","Це не твій бій, Танатос!","","",""
"Integrated","Alecto_","0419","Alecto_0419","","","","Знову Танатос?","","",""
"Integrated","Alecto_","0420","Alecto_0420","","","","Танатос!","","",""
"Integrated","Alecto_","0421","Alecto_0421","","","","Танатос?!","","",""
"Integrated","Alecto_","0422","Alecto_0422","","","","Ми з тобою знайомі, мрець?!","","",""
"Integrated","Alecto_","0423","Alecto_0423","","","","Знову цей ідіот?!","","",""
"Integrated","Alecto_","0424","Alecto_0424","","","","Я не викликала тебе!","","",""
"Integrated","Alecto_","0425","Alecto_0425","","","","Як він сюди пробрався?!","","",""
"Integrated","Alecto_","0426","Alecto_0426","","","","Ось це дружок у тебе, червонокровка!","","",""
"Integrated","Alecto_","0427","Alecto_0427","","","","Знову цей скелет!","","",""
"Integrated","Alecto_","0428","Alecto_0428","","","","Що це взагалі було?!","","",""
"Integrated","Alecto_","0429","Alecto_0429","","","","Мені знайома ця проклята брила!","","",""
"Integrated","Alecto_","0430","Alecto_0430","","","","Звідки вона взялася взагалі?!","","",""
"Integrated","Alecto_","0431","Alecto_0431","","","","Один не впораєшся, червонокровка?!","","",""
"Integrated","Alecto_","0432","Alecto_0432","","","","Бийся зі мною самостійно, червонокровка!","","",""
"Integrated","Alecto_","0433","Alecto_0433","","","","Не можеш впоратися зі мною сам?","","",""
"Integrated","Alecto_","0434","Alecto_0434","","","","Знову ти?","","",""
"Integrated","Alecto_","0435","Alecto_0435","","","","Знову ти!","","",""
"Integrated","Alecto_","0436","Alecto_0436","","","","Провалюй!","","",""
"Integrated","Alecto_","0437","Alecto_0437","","","","Я сказала, не втручайся!","","",""
"Integrated","Alecto_","0438","Alecto_0438","","","","Забирайся звідси!!!","","",""
"Integrated","Alecto_","0439","Alecto_0439","","","","Досить грати в ці ігри!","","",""
"Integrated","Alecto_","0440","Alecto_0440","","","","Що ти тут робиш?","","",""
