"Aphrodite","ID","ID","ID","","","Line","","Notes by AR","Notes by DK"
"Darren","Aphrodite_","0038","Aphrodite_0038","","","Мене не підкорити матеріальними благами, любчику, але вони ніколи не завадять. Ось, якщо ми так щедрі сьогодні, я теж дещо тобі запропоную.","","",""
"Darren","Aphrodite_","0039","Aphrodite_0039","","","Це щирий дар від щирого серця, юний бог? Я із задоволенням вип'ю його за першої ж нагоди! І хочу, щоб ти прийняв дещо від мене.","","",""
"Darren","Aphrodite_","0043","Aphrodite_0043","","","Благородна володарка Афіна, ти гідна найтепліших і найщиріших побажань! Що тут ще скажеш?","","",""
"Integrated","Aphrodite_","0075","Aphrodite_0075","","","Тобі це сподобається!","","",""
"Integrated","Aphrodite_","0076","Aphrodite_0076","","","Хто насмілився погрожувати моєму юному богу?","","",""
"Integrated","Aphrodite_","0077","Aphrodite_0077","","","Залиш це мені, любчику!","","",""
"Darren","Aphrodite_","0080","Aphrodite_0080","","","Ну, привіт, юний бог!","","",""
"Integrated","Aphrodite_","0081","Aphrodite_0081","","","Я так рада тебе бачити, а ти?","","",""
"Darren","Aphrodite_","0082","Aphrodite_0082","","","А тепер, любчику, зберись із силами!","","",""
"Integrated","Aphrodite_","0083","Aphrodite_0083","","","Ви тільки подивіться на нього, м-м.","","",""
"Integrated","Aphrodite_","0084","Aphrodite_0084","","","О, ми знову зустрілися, чудово!","","",""
"Darren","Aphrodite_","0085","Aphrodite_0085","","","Сама досконалість, любчику.","","",""
"Darren","Aphrodite_","0086","Aphrodite_0086","","","Я із задоволенням.","","",""
"Integrated","Aphrodite_","0087","Aphrodite_0087","","","Із задоволенням!","","",""
"Integrated","Aphrodite_","0088","Aphrodite_0088","","","Мені подобається, як це звучить.","","",""
"Darren","Aphrodite_","0089","Aphrodite_0089","","","Чудово.","","",""
"Integrated","Aphrodite_","0090","Aphrodite_0090","","","Я вдячна тобі, любчику.","","",""
"Integrated","Aphrodite_","0091","Aphrodite_0091","","","Яка турбота.","","",""
"Integrated","Aphrodite_","0092","Aphrodite_0092","","","О, дякую, душа моя!","","",""
"Integrated","Aphrodite_","0093","Aphrodite_0093","","","Не варто, правда!","","",""
"Integrated","Aphrodite_","0094","Aphrodite_0094","","","Я ще не скоро це забуду!","","",""
"Integrated","Aphrodite_","0095","Aphrodite_0095","","","Я дуже ціную це.","","",""
"Integrated","Aphrodite_","0096","Aphrodite_0096","","","Я дуже зворушена!","","",""
"Darren","Aphrodite_","0097","Aphrodite_0097","","","Чекай, у мене є для тебе дещо!","","",""
"Darren","Aphrodite_","0098","Aphrodite_0098","","","У мене тобі дещо є, любчику.","","",""
"Darren","Aphrodite_","0099","Aphrodite_0099","","","На знак моєї любові.","","",""
"Darren","Aphrodite_","0100","Aphrodite_0100","","","Я б хотіла подарувати тобі дещо.","","",""
"Darren","Aphrodite_","0101","Aphrodite_0101","","","Ти це заслужив, любчику.","","",""
"Darren","Aphrodite_","0102","Aphrodite_0102","","","О-хо-хо, ні.","","",""
"Darren","Aphrodite_","0103","Aphrodite_0103","","","Правду кажучи, ти мене засмучуєш.","","",""
"Integrated","Aphrodite_","0104","Aphrodite_0104","","","Чому ніхто не вчиться на своїх помилках?","","",""
"Darren","Aphrodite_","0105","Aphrodite_0105","","","Мені не слід було розраховувати на більше.","","",""
"Darren","Aphrodite_","0106","Aphrodite_0106","","","Усі ми іноді помиляємось.","","",""
"Darren","Aphrodite_","0107","Aphrodite_0107","","","Що ж, не вийшло.","","",""
"Integrated","Aphrodite_","0108","Aphrodite_0108","","","Краще не зли мене.","","",""
"Darren","Aphrodite_","0109","Aphrodite_0109","","","Ах ти, маленький негідник!..","","",""
"Integrated","Aphrodite_","0110","Aphrodite_0110","","","Ти просто нестерпний!","","",""
"Integrated","Aphrodite_","0111","Aphrodite_0111","","","Що на тебе найшло?","","",""
"Integrated","Aphrodite_","0112","Aphrodite_0112","","","Ти справді посмієш?","","",""
"Integrated","Aphrodite_","0113","Aphrodite_0113","","","Вершина дурості.","","",""
"Integrated","Aphrodite_","0114","Aphrodite_0114","","","Ти ж не хочеш, щоб я розлютилася?","","",""
"Darren","Aphrodite_","0115","Aphrodite_0115","","","Не зараз, душа моя, я зайнята.","","",""
"Darren","Aphrodite_","0116","Aphrodite_0116","","","У мене немає на це часу.","","",""
"Darren","Aphrodite_","0117","Aphrodite_0117","","","Киш. Зараз мені не до тебе.","","",""
"Darren","Aphrodite_","0118","Aphrodite_0118","","","Серйозно?","","",""
"Darren","Aphrodite_","0119","Aphrodite_0119","","","Серйозно?..","","",""
"Darren","Aphrodite_","0120","Aphrodite_0120","","","Це дуже несподівано.","","",""
"Darren","Aphrodite_","0121","Aphrodite_0121","","","Не може бути!","","",""
"Integrated","Aphrodite_","0122","Aphrodite_0122","","","Що-о-о-о?","","",""
"Darren","Aphrodite_","0123","Aphrodite_0123","","","Що?..","","",""
"Darren","Aphrodite_","0124","Aphrodite_0124","","","Повірити не можу!.","","",""
"Darren","Aphrodite_","0125","Aphrodite_0125","","","Повірити не можу!..","","",""
"Darren","Aphrodite_","0126","Aphrodite_0126","","","Що за нісенітниця!","","",""
"Darren","Aphrodite_","0127","Aphrodite_0127","","","Що за нісенітниця!..","","",""
"Darren","Aphrodite_","0128","Aphrodite_0128","","","Це було прекрасно!","","",""
"Integrated","Aphrodite_","0129","Aphrodite_0129","","","Ти така милашка.","","",""
"Integrated","Aphrodite_","0130","Aphrodite_0130","","","Як мило.","","",""
"Darren","Aphrodite_","0131","Aphrodite_0131","","","Дуже вражає!","","",""
"Darren","Aphrodite_","0132","Aphrodite_0132","","","Це було неймовірно.","","",""
"Integrated","Aphrodite_","0160","Aphrodite_0160","","","Серце підказало тобі правильно!","","",""
"Integrated","Aphrodite_","0161","Aphrodite_0161","","","Я знала, що ти передумаєш.","","",""
"Integrated","Aphrodite_","0162","Aphrodite_0162","","","А чи був тут вибір?","","",""
"Integrated","Aphrodite_","0163","Aphrodite_0163","","","Завжди вір своєму серцю.","","",""
"Integrated","Aphrodite_","0164","Aphrodite_0164","","","Твоє серце допоможе не збитися зі шляху.","","",""
"Integrated","Aphrodite_","0165","Aphrodite_0165","","","Мудрий вибір, любчику.","","",""
"Integrated","Aphrodite_","0166","Aphrodite_0166","","","Я пронижу їх серця!","","",""
"Integrated","Aphrodite_","0167","Aphrodite_0167","","","Нумо все ускладнимо, м?","","",""
"Integrated","Aphrodite_","0168","Aphrodite_0168","","","О, із задоволенням!","","",""
"Integrated","Aphrodite_","0169","Aphrodite_0169","","","Чиста пристрасть, на підльоті!","","",""
"Integrated","Aphrodite_","0170","Aphrodite_0170","","","Яке нахабство, любчику!!!","","",""
"Integrated","Aphrodite_","0171","Aphrodite_0171","","","А тепер ти вкликаєш до мене?","","",""
"Integrated","Aphrodite_","0160","Aphrodite_0160","","","Серце підказало тобі правильно!","","",""
"Integrated","Aphrodite_","0161","Aphrodite_0161","","","Я знала, що ти передумаєш.","","",""
"Integrated","Aphrodite_","0162","Aphrodite_0162","","","А чи був тут вибір?","","",""
"Integrated","Aphrodite_","0163","Aphrodite_0163","","","Завжди вір своєму серцю.","","",""
"Integrated","Aphrodite_","0164","Aphrodite_0164","","","Твоє серце допоможе не збитися зі шляху.","","",""
"Integrated","Aphrodite_","0165","Aphrodite_0165","","","Мудрий вибір, любчику.","","",""
"Integrated","Aphrodite_","0166","Aphrodite_0166","","","Я пронижу їх серця!","","",""
"Integrated","Aphrodite_","0167","Aphrodite_0167","","","Нумо все ускладнимо, м?","","",""
"Integrated","Aphrodite_","0168","Aphrodite_0168","","","О, із задоволенням!","","",""
"Integrated","Aphrodite_","0169","Aphrodite_0169","","","Чиста пристрасть, на підльоті!","","",""
"Integrated","Aphrodite_","0170","Aphrodite_0170","","","Яке нахабство, любчику!!!","","",""
"Integrated","Aphrodite_","0171","Aphrodite_0171","","","А тепер ти вкликаєш до мене?","","",""
"Integrated","Aphrodite_","0172","Aphrodite_0172","","","А тепер я розіб'ю твоє серце!","","",""
"Integrated","Aphrodite_","0194","Aphrodite_0194","","","Якщо ти розіб'єш мені серце, я розкришу твоє тіло, юний бог.","","",""
"Integrated","Aphrodite_","0195","Aphrodite_0195","","","Тобі слід обожнювати мене, а не гнівити.","","",""
"Integrated","Aphrodite_","0196","Aphrodite_0196","","","Не смій надалі відмовлятися від моєї прихильності.","","",""
