"Ares","ID","ID","ID","","","Line","","Notes by AR","Notes by DK"
"Darren","Ares_","0057","Ares_0057","","","Який чудовий дар!.. Але я не можу прийняти його, не нагородивши тебе натомість. Я знаю, що тобі потрібно. Тримай.","","",""
"Integrated","Ares_","0059","Ares_0059","","","Такий чудовий дар не можна прийняти, не подарувавши натомість щось таке ж прекрасне. У мене є для тебе дещо, мій вірний друже.","","",""
"Integrated","Ares_","0060","Ares_0060","","","Хай вас спіткає біль і страждання!","","",""
"Integrated","Ares_","0061","Ares_0061","","","Кров та смерть, разом рука в руку!","","",""
"Integrated","Ares_","0062","Ares_0062","","","Смерть та руйнація!","","",""
"Integrated","Ares_","0068","Ares_0068","","","Вітаю, побратиме.","","",""
"Integrated","Ares_","0069","Ares_0069","","","Вітаю тебе, побратиме, що несе смерть та інше, та інше.","","",""
"Integrated","Ares_","0070","Ares_0070","","","Як справи у пеклі сьогодні?","","",""
"Integrated","Ares_","0071","Ares_0071","","","Як просувається твоя війна з мертвими?","","",""
"Integrated","Ares_","0072","Ares_0072","","","Привіт, це я.","","",""
"Darren","Ares_","0073","Ares_0073","","","Я згоден.","","",""
"Darren","Ares_","0074","Ares_0074","","","Я схвалюю.","","",""
"Darren","Ares_","0075","Ares_0075","","","Дуже добре.","","",""
"Darren","Ares_","0076","Ares_0076","","","Так тому і бути.","","",""
"Darren","Ares_","0077","Ares_0077","","","Я благословляю тебе.","","",""
"Integrated","Ares_","0078","Ares_0078","","","Як дбайливо з твого боку.","","",""
"Darren","Ares_","0079","Ares_0079","","","Як я розумію, це дарування?","","",""
"Integrated","Ares_","0080","Ares_0080","","","Вельми цікаво.","","",""
"Integrated","Ares_","0081","Ares_0081","","","О, дякую.","","",""
"Integrated","Ares_","0082","Ares_0082","","","Дуже люб'язно з твого боку.","","",""
"Integrated","Ares_","0083","Ares_0083","","","Я не забуду цього.","","",""
"Integrated","Ares_","0084","Ares_0084","","","Дбайливий жест.","","",""
"Darren","Ares_","0085","Ares_0085","","","Я завжди радий тобі.","","",""
"Darren","Ares_","0086","Ares_0086","","","Ні, я наполягаю.","","",""
"Integrated","Ares_","0087","Ares_0087","","","Це для тебе.","","",""
"Integrated","Ares_","0088","Ares_0088","","","На знак моєї подяки.","","",""
"Darren","Ares_","0089","Ares_0089","","","У мене є дещо для тебе.","","",""
"Integrated","Ares_","0090","Ares_0090","","","Це було нерозумно.","","",""
"Darren","Ares_","0091","Ares_0091","","","Ось це було необдумано.","","",""
"Darren","Ares_","0092","Ares_0092","","","Я думав, ми ближчі.","","",""
"Darren","Ares_","0093","Ares_0093","","","Яке розчарування.","","",""
"Darren","Ares_","0094","Ares_0094","","","На жаль.","","",""
"Darren","Ares_","0095","Ares_0095","","","Дуже недалекоглядно з твого боку.","","",""
"Integrated","Ares_","0096","Ares_0096","","","За кого ти мене маєш?","","",""
"Integrated","Ares_","0097","Ares_0097","","","Жахлива помилка.","","",""
"Integrated","Ares_","0098","Ares_0098","","","Ти випробовуєш мій терпець.","","",""
"Integrated","Ares_","0099","Ares_0099","","","Дурний хід.","","",""
"Integrated","Ares_","0100","Ares_0100","","","Огидно.","","",""
"Integrated","Ares_","0101","Ares_0101","","","Як ти смієш?","","",""
"Integrated","Ares_","0102","Ares_0102","","","Тепер я злий.","","",""
"Darren","Ares_","0103","Ares_0103","","","Забирайся з очей моїх.","","",""
"Darren","Ares_","0104","Ares_0104","","","Згинь.","","",""
"Darren","Ares_","0105","Ares_0105","","","Мені більше нічого сказати.","","",""
"Darren","Ares_","0106","Ares_0106","","","Чесне слово.","","",""
"Darren","Ares_","0107","Ares_0107","","","Дуже несподівано.","","",""
"Integrated","Ares_","0108","Ares_0108","","","Як цікаво.","","",""
"Darren","Ares_","0109","Ares_0109","","","Ось це було несподівано.","","",""
"Darren","Ares_","0110","Ares_0110","","","Наважусь сказати...!","","",""
"Darren","Ares_","0111","Ares_0111","","","Чудова робота.","","",""
"Darren","Ares_","0112","Ares_0112","","","Чудова робота, побратиме.","","",""
"Darren","Ares_","0113","Ares_0113","","","Майстерно виконано.","","",""
"Darren","Ares_","0114","Ares_0114","","","Ти син свого батька.","","",""
"Darren","Ares_","0115","Ares_0115","","","Непогану виставу ти влаштував.","","",""
"Integrated","Ares_","0119","Ares_0119","","","","","",""
"Integrated","Ares_","0120","Ares_0120","","","","","",""
"Integrated","Ares_","0154","Ares_0154","","","Кінець, усім вам!","","",""
"Integrated","Ares_","0155","Ares_0155","","","Побач насильство!","","",""
"Integrated","Ares_","0156","Ares_0156","","","Помри в муках!","","",""
"Integrated","Ares_","0157","Ares_0157","","","Війна неминуча!","","",""
"Integrated","Ares_","0183","Ares_0183","","","Ти мудрий, коли приєднався до мене.","","",""
"Integrated","Ares_","0184","Ares_0184","","","Тож нмо ж вести війну разом.","","",""
"Integrated","Ares_","0185","Ares_0185","","","Ти прийняв розважливе рішення.","","",""
"Integrated","Ares_","0186","Ares_0186","","","Нейтралітет навіть не розглядався.","","",""
"Integrated","Ares_","0187","Ares_0187","","","Що ж, нумо об'єднаємось.","","",""
"Integrated","Ares_","0188","Ares_0188","","","Я знав, що ти будеш розумний.","","",""
"Integrated","Ares_","0189","Ares_0189","","","Тобі слід знати, що милосердя не в моїй природі.","","",""
"Integrated","Ares_","0190","Ares_0190","","","Не буває війни без втрат.","","",""
"Integrated","Ares_","0191","Ares_0191","","","Нерозумно протистояти мені у війні.","","",""
"Integrated","Ares_","0221","Ares_0221","","","","","",""
