"Artemis","ID","ID","ID","","","Line","","Notes by AR","Notes by DK"
"Darren","Artemis_","0062","Artemis_0062","","","Це для мене? Ти хочеш обмінятися, га? Тоді нумо подивимося, що я маю... Тримай!","","",""
"Darren","Artemis_","0064","Artemis_0064","","","Я думала, ти принесеш мені щось інше, але цього разу ти мене не здивував. У мене теж є щось для тебе, так що тримай.","","",""
"Integrated","Artemis_","0067","Artemis_0067","","","Від мене ніде не сховатися!","","",""
"Integrated","Artemis_","0068","Artemis_0068","","","Я чую їхній запах!","","",""
"Integrated","Artemis_","0069","Artemis_0069","","","Я про це подбаю!","","",""
"Integrated","Artemis_","0073","Artemis_0073","","","Як справи, Загрей?","","",""
"Integrated","Artemis_","0074","Artemis_0074","","","Вітаю, це знову я.","","",""
"Integrated","Artemis_","0075","Artemis_0075","","","Хочеш полювати зі мною?","","",""
"Integrated","Artemis_","0076","Artemis_0076","","","Рада, що ти все ще живий.","","",""
"Integrated","Artemis_","0077","Artemis_0077","","","Привіт, пам'ятаєш мене?","","",""
"Integrated","Artemis_","0078","Artemis_0078","","","Домовилися.","","",""
"Integrated","Artemis_","0079","Artemis_0079","","","Гаразд.","","",""
"Darren","Artemis_","0080","Artemis_0080","","","Звичайно.","","",""
"Darren","Artemis_","0081","Artemis_0081","","","Я можу це зробити.","","",""
"Darren","Artemis_","0082","Artemis_0082","","","Чому б і ні.","","",""
"Integrated","Artemis_","0083","Artemis_0083","","","Ей, дякую!","","",""
"Integrated","Artemis_","0084","Artemis_0084","","","Ти такий добрий.","","",""
"Integrated","Artemis_","0085","Artemis_0085","","","Я вдячна тобі.","","",""
"Integrated","Artemis_","0086","Artemis_0086","","","спасибі тобі за це.","","",""
"Integrated","Artemis_","0087","Artemis_0087","","","Благословляю тебе, Загрей.","","",""
"Integrated","Artemis_","0088","Artemis_0088","","","Я цього не забуду.","","",""
"Integrated","Artemis_","0089","Artemis_0089","","","Як люб'язно з твого боку.","","",""
"Integrated","Artemis_","0090","Artemis_0090","","","А ось дещо для тебе.","","",""
"Darren","Artemis_","0091","Artemis_0091","","","Прийми дещо натомість.","","",""
"Darren","Artemis_","0092","Artemis_0092","","","Я хочу подарувати це тобі.","","",""
"Darren","Artemis_","0093","Artemis_0093","","","Маленький подарунок від мене.","","",""
"Darren","Artemis_","0094","Artemis_0094","","","Ти заслужив на моє благословіння.","","",""
"Darren","Artemis_","0095","Artemis_0095","","","Який сором.","","",""
"Darren","Artemis_","0096","Artemis_0096","","","Це сумно.","","",""
"Darren","Artemis_","0097","Artemis_0097","","","Як необережно.","","",""
"Darren","Artemis_","0098","Artemis_0098","","","Це була помилка.","","",""
"Darren","Artemis_","0099","Artemis_0099","","","Не варто цього робити.","","",""
"Darren","Artemis_","0100","Artemis_0100","","","Неправильний вибір.","","",""
"Integrated","Artemis_","0101","Artemis_0101","","","Як ти смієш?","","",""
"Darren","Artemis_","0102","Artemis_0102","","","Ах, ти!..","","",""
"Darren","Artemis_","0103","Artemis_0103","","","Ех, ти!..","","",""
"Integrated","Artemis_","0104","Artemis_0104","","","Та що з тобою таке?","","",""
"Integrated","Artemis_","0105","Artemis_0105","","","Що ти робиш?","","",""
"Integrated","Artemis_","0106","Artemis_0106","","","Повірити не можу.","","",""
"Integrated","Artemis_","0107","Artemis_0107","","","Це що, жарт такий?","","",""
"Darren","Artemis_","0108","Artemis_0108","","","Не турбуй мене зараз.","","",""
"Darren","Artemis_","0110","Artemis_0110","","","Я хочу побути насамоті.","","",""
"Darren","Artemis_","0111","Artemis_0111","","","Повірити не можу!..","","",""
"Darren","Artemis_","0112","Artemis_0112","","","Це насправді відбувається?","","",""
"Integrated","Artemis_","0113","Artemis_0113","","","Так, правда...","","",""
"Darren","Artemis_","0114","Artemis_0114","","","Це несподівано...","","",""
"Darren","Artemis_","0115","Artemis_0115","","","Що, я?..","","",""
"Darren","Artemis_","0116","Artemis_0116","","","Зовсім непогано.","","",""
"Darren","Artemis_","0117","Artemis_0117","","","Ей, чудова робота.","","",""
"Darren","Artemis_","0118","Artemis_0118","","","Добре.","","",""
"Darren","Artemis_","0119","Artemis_0119","","","Хм, вражає.","","",""
"Darren","Artemis_","0120","Artemis_0120","","","Ти знаєш, що робиш.","","",""
"Integrated","Artemis_","0172","Artemis_0172","","","Правильно вибрав, Загрей!","","",""
"Integrated","Artemis_","0173","Artemis_0173","","","Прямо в ціль!","","",""
"Integrated","Artemis_","0174","Artemis_0174","","","Не те, щоб тут був вибір!","","",""
"Integrated","Artemis_","0175","Artemis_0175","","","Я думаю, ти зробив правильне рішення!","","",""
"Integrated","Artemis_","0176","Artemis_0176","","","Ух, хтось буде незадоволений!","","",""
"Integrated","Artemis_","0177","Artemis_0177","","","Чудово, тепер ти вирішив мене не сердити!","","",""
"Integrated","Artemis_","0178","Artemis_0178","","","Вони у мене на прицілі!","","",""
"Integrated","Artemis_","0179","Artemis_0179","","","Чую тебе, стріляю!","","",""
"Integrated","Artemis_","0180","Artemis_0180","","","Вважай, що вони мертві!","","",""
"Integrated","Artemis_","0181","Artemis_0181","","","Прицілююсь і стріляю!","","",""
"Integrated","Artemis_","0182","Artemis_0182","","","Звичайно, чому б ні!","","",""
"Integrated","Artemis_","0183","Artemis_0183","","","Дозволь мені цим зайнятися, Загрею!","","",""
"Integrated","Artemis_","0184","Artemis_0184","","","Молись, щоб я не схибила!","","",""
"Integrated","Artemis_","0199","Artemis_0199","","","Можливо, ти й добре бігаєш, Загрей, але ти паршиво ховаєшся.","","",""
"Integrated","Artemis_","0200","Artemis_0200","","","Розлюти мене, і я зажену тебе як оленя. Чув про таких?","","",""
"Integrated","Artemis_","0201","Artemis_0201","","","Якщо не розлютиш мене наступного разу, я не пристрелю тебе, домовилися?","","",""
