"Athena","ID","ID","ID","","","Line","","","Notes by DK"
"Darren","Athena_","0063","Athena_0063","","","Ти балуєш мене дарма, любий кузен. Тобі не потрібно докладати зусиль, щоби завоювати моє схвалення. Але я теж маю дещо в подарунок для тебе.","","",""
"Darren","Athena_","0064","Athena_0064","","","Загрій, ти знову віддаєш мені почесті? Мені ніяк не вдається відучити тебе від цих зайвих знаків уваги. Однак я можу, принаймні, відплатити тобі тим же!","","",""
"Integrated","Athena_","0065","Athena_0065","","","Лють Олімпу!","","",""
"Integrated","Athena_","0066","Athena_0066","","","Побачте нашу силу!","","",""
"Integrated","Athena_","0067","Athena_0067","","","Я захищатиму тебе, кузен!","","",""
"Integrated","Athena_","0073","Athena_0073","","","Я вітаю тебе, кузен.","","",""
"Integrated","Athena_","0074","Athena_0074","","","Я прийшла запропонувати тобі допомогу.","","",""
"Darren","Athena_","0075","Athena_0075","","","Я тут заради тебе, кузен.","","",""
"Darren","Athena_","0076","Athena_0076","","","Борися та знай, що я поряд, двоюрідний брат.","","",""
"Integrated","Athena_","0077","Athena_0077","","","Хай буде з тобою мудрість, кузен.","","",""
"Integrated","Athena_","0078","Athena_0078","","","Як побажаєш.","","",""
"Darren","Athena_","0079","Athena_0079","","","Я розумію.","","",""
"Darren","Athena_","0080","Athena_0080","","","Це можна зробити.","","",""
"Darren","Athena_","0081","Athena_0081","","","Дуже добре.","","",""
"Darren","Athena_","0082","Athena_0082","","","Нехай буде так.","","",""
"Integrated","Athena_","0083","Athena_0083","","","Я дуже вдячна тобі.","","",""
"Integrated","Athena_","0084","Athena_0084","","","Дякую тобі, кузен.","","",""
"Integrated","Athena_","0085","Athena_0085","","","Як завбачливо, Загрей.","","",""
"Integrated","Athena_","0086","Athena_0086","","","Ти надто щедрий.","","",""
"Integrated","Athena_","0087","Athena_0087","","","Це честь для мене.","","",""
"Integrated","Athena_","0088","Athena_0088","","","Дякую, Загрей.","","",""
"Integrated","Athena_","0089","Athena_0089","","","Прийми моє благословіння.","","",""
"Darren","Athena_","0090","Athena_0090","","","Я хотіла б подарувати тобі це.","","",""
"Darren","Athena_","0091","Athena_0091","","","У мене є подарунок, двоюрідний брат.","","",""
"Darren","Athena_","0092","Athena_0092","","","На знак моєї віри в тебе, дорогий кузен.","","",""
"Darren","Athena_","0093","Athena_0093","","","Прошу, візьми це, двоюрідний брат.","","",""
"Darren","Athena_","0094","Athena_0094","","","З прихильністю та вдячністю.","","",""
"Darren","Athena_","0095","Athena_0095","","","Це був промах.","","",""
"Darren","Athena_","0096","Athena_0096","","","Передбачувана помилка.","","",""
"Darren","Athena_","0097","Athena_0097","","","Несприятливий результат.","","",""
"Darren","Athena_","0098","Athena_0098","","","Я не на це чекала.","","",""
"Darren","Athena_","0099","Athena_0099","","","Неправильне рішення.","","",""
"Darren","Athena_","0100","Athena_0100","","","Я думала, ти розумніший.","","",""
"Darren","Athena_","0101","Athena_0101","","","Спірний вибір.","","",""
"Darren","Athena_","0102","Athena_0102","","","Чому ти обираєш саме це?","","",""
"Integrated","Athena_","0103","Athena_0103","","","Я зовсім не схвалюю.","","",""
"Integrated","Athena_","0104","Athena_0104","","","Ти, мабуть, здурів, кузен?","","",""
"Integrated","Athena_","0105","Athena_0105","","","Що на тебе знайшло?","","",""
"Integrated","Athena_","0106","Athena_0106","","","Тобі не варто випробовувати моє терпіння.","","",""
"Integrated","Athena_","0107","Athena_0107","","","Ти правда хочеш мене роздратувати?","","",""
"Darren","Athena_","0108","Athena_0108","","","Дай мені спокій, кузен.","","",""
"Darren","Athena_","0109","Athena_0109","","","Прошу не порушувати моє усамітнення.","","",""
"Darren","Athena_","0110","Athena_0110","","","Зараз я не налаштована ділитися мудрістю.","","",""
"Darren","Athena_","0111","Athena_0111","","","Не можу в це повірити.","","",""
"Darren","Athena_","0112","Athena_0112","","","Цього не може бути.","","",""
"Darren","Athena_","0113","Athena_0113","","","Як таке можливо?","","",""
"Integrated","Athena_","0114","Athena_0114","","","Вкрай несподівано!..","","",""
"Darren","Athena_","0115","Athena_0115","","","Я не знаю, що сказати, двоюрідний брат.","","",""
"Darren","Athena_","0116","Athena_0116","","","Відмінна робота, двоюрідний брат!","","",""
"Darren","Athena_","0117","Athena_0117","","","Вражаючі успіхи.","","",""
"Darren","Athena_","0118","Athena_0118","","","Це велике досягнення.","","",""
"Darren","Athena_","0119","Athena_0119","","","О, я просто вражена.","","",""
"Integrated","Athena_","0120","Athena_0120","","","Я захоплююсь твоїми стараннями.","","",""
"Darren","Athena_","0127","Athena_0127","","","Віриться насилу.","","",""
"Darren","Athena_","0128","Athena_0128","","","Не можу в це повірити...","","",""
"Darren","Athena_","0129","Athena_0129","","","Як таке можливо?..","","",""
"Darren","Athena_","0130","Athena_0130","","","Що це все означає?","","",""
"Darren","Athena_","0131","Athena_0131","","","У мене немає слів!","","",""
"Darren","Athena_","0132","Athena_0132","","","Шляхетний кузен, ти виберешся звідси. Я простежу, щоб усі на Олімпі виконали свою частину договору, і сама почну першою.","","",""
"To Be Integrated","Athena_","0127","Athena_0127","","","Повірити не можу.","","",""
"To Be Integrated","Athena_","0128","Athena_0128","","","Не можу в це повірити...","","",""
"To Be Integrated","Athena_","0129","Athena_0129","","","Як таке можливо?..","","",""
"To Be Integrated","Athena_","0130","Athena_0130","","","Що це все означає?","","",""
"To Be Integrated","Athena_","0131","Athena_0131","","","У мене немає слів!","","",""
"Integrated","Athena_","0186","Athena_0186","","","Мудрий вибір, кузене.","","",""
"Integrated","Athena_","0187","Athena_0187","","","Стратегічний вибір.","","",""
"Integrated","Athena_","0188","Athena_0188","","","Правильне рішення, Загрей.","","",""
"Integrated","Athena_","0189","Athena_0189","","","Я вірила, що можу розраховувати на тебе.","","",""
"Integrated","Athena_","0190","Athena_0190","","","Вважаю, неможливо догодити всім олімпійцям.","","",""
"Integrated","Athena_","0191","Athena_0191","","","Чудово. Принаймні для мене.","","",""
"Integrated","Athena_","0192","Athena_0192","","","Можливо, наступного разу ми зможемо знову співпрацювати.","","",""
"Integrated","Athena_","0193","Athena_0193","","","Зачепив гордість олімпійця? Поплатись за це.","","",""
"Integrated","Athena_","0194","Athena_0194","","","Знай же, що цього можна було уникнути, Загрей.","","",""
"Integrated","Athena_","0195","Athena_0195","","","Ти під моїм захистом!","","",""
"Integrated","Athena_","0196","Athena_0196","","","Зараз до тебе ніхто не зможе торкнутися, двоюрідний брат!","","",""
"Integrated","Athena_","0197","Athena_0197","","","Нехай тільки спробують тебе зупинити!","","",""
"Integrated","Athena_","0198","Athena_0198","","","Стань незламним!","","",""
"Integrated","Athena_","0199","Athena_0199","","","Значить, я не допоможу тобі!","","",""
"Integrated","Athena_","0200","Athena_0200","","","І тепер ти просиш мене про допомогу, я не дочула?!","","",""
"Integrated","Athena_","0201","Athena_0201","","","Ти серйозно, Загрей?!","","",""
