"Dionysus","ID","ID","ID","","","Line","","Notes by AR","Notes by DK"
"Darren","Dionysus_","0060","Dionysus_0060","","","Ой, ой, Заг, у тебе справді ще один подарунок для мене? Я навіть не знаю, що сказати, хіба що… твоє здоров'я! А ось подарунок від мене!","","",""
"Darren","Dionysus_","0061","Dionysus_0061","","","Я вже казав тобі, друже, що ти маєш гарний смак? У мене теж гарний смак, тому я впевнений, що оціню твій подаруночок. Сподіваюся, і тобі сподобається мій!","","",""
"Integrated","Dionysus_","0062","Dionysus_0062","","","Не боїшся зв'язуватися з нами?!","","",""
"Integrated","Dionysus_","0063","Dionysus_0063","","","Ось, це за мій рахунок!!!","","",""
"Integrated","Dionysus_","0064","Dionysus_0064","","","Пийте до дна, хлопці!!!","","",""
"Darren","Dionysus_","0067","Dionysus_0067","","","Е-е-ей, Заг!","","",""
"Integrated","Dionysus_","0068","Dionysus_0068","","","О, привіт, друже, що нового?","","",""
"Integrated","Dionysus_","0069","Dionysus_0069","","","Гей, ти вже тут, так?","","",""
"Integrated","Dionysus_","0070","Dionysus_0070","","","Руки-ноги цілі, друже?","","",""
"Darren","Dionysus_","0071","Dionysus_0071","","","Це я, Заг! Як ти?!","","",""
"Darren","Dionysus_","0072","Dionysus_0072","","","Звичайно, друже, чому ні?","","",""
"Darren","Dionysus_","0073","Dionysus_0073","","","Звучить непогано, Заг.","","",""
"Integrated","Dionysus_","0074","Dionysus_0074","","","Не питання, друже!","","",""
"Integrated","Dionysus_","0075","Dionysus_0075","","","О, звичайно!","","",""
"Integrated","Dionysus_","0076","Dionysus_0076","","","Ха, ага, я в справі!","","",""
"Integrated","Dionysus_","0077","Dionysus_0077","","","Гей, за тебе, друже!","","",""
"Integrated","Dionysus_","0078","Dionysus_0078","","","Це що, мені, Заг? Ого!..","","",""
"Integrated","Dionysus_","0079","Dionysus_0079","","","Гей, це багато значить для мене, правда!","","",""
"Integrated","Dionysus_","0080","Dionysus_0080","","","Як я можу від такого відмовитись?","","",""
"Integrated","Dionysus_","0081","Dionysus_0081","","","Я твій боржник, друже!","","",""
"Integrated","Dionysus_","0082","Dionysus_0082","","","Дякую, друже! Я приму це!","","",""
"Integrated","Dionysus_","0083","Dionysus_0083","","","О, так, крута штука, друже!","","",""
"Integrated","Dionysus_","0084","Dionysus_0084","","","Ось, це тобі!","","",""
"Darren","Dionysus_","0085","Dionysus_0085","","","Ну, не соромся!","","",""
"Integrated","Dionysus_","0086","Dionysus_0086","","","У мене якраз є те, що тобі потрібно!","","",""
"Darren","Dionysus_","0087","Dionysus_0087","","","Дивись сюди, друже!","","",""
"Darren","Dionysus_","0088","Dionysus_0088","","","Я тобі дещо приніс, друже!","","",""
"Darren","Dionysus_","0089","Dionysus_0089","","","Е-е, не зовсім те, на що я розраховував.","","",""
"Integrated","Dionysus_","0090","Dionysus_0090","","","Що я можу сказати, друже, це просто ганьба.","","",""
"Integrated","Dionysus_","0091","Dionysus_0091","","","Я повністю розчарований, друже.","","",""
"Darren","Dionysus_","0092","Dionysus_0092","","","Непогано, Заг.","","",""
"Integrated","Dionysus_","0093","Dionysus_0093","","","Ну, це просто провал.","","",""
"Darren","Dionysus_","0094","Dionysus_0094","","","Що там сталося, друже?","","",""
"Darren","Dionysus_","0095","Dionysus_0095","","","Ой годі тобі, Заг.","","",""
"Darren","Dionysus_","0096","Dionysus_0096","","","Не варто так, друже.","","",""
"Integrated","Dionysus_","0097","Dionysus_0097","","","Ну ж бо, друже, ти чого?","","",""
"Darren","Dionysus_","0098","Dionysus_0098","","","Це було раптово, Заг.","","",""
"Integrated","Dionysus_","0099","Dionysus_0099","","","Ти зараз серйозно?","","",""
"Integrated","Dionysus_","0100","Dionysus_0100","","","Ти вирішив пожартувати?","","",""
"Integrated","Dionysus_","0101","Dionysus_0101","","","Повірити не можу, друже.","","",""
"Darren","Dionysus_","0102","Dionysus_0102","","","Я хочу побути один, друже.","","",""
"Darren","Dionysus_","0103","Dionysus_0103","","","Відвали, друже.","","",""
"Darren","Dionysus_","0104","Dionysus_0104","","","Ти псуєш мені веселощі, друже.","","",""
"Darren","Dionysus_","0105","Dionysus_0105","","","Повірити не можу, друже!","","",""
"Darren","Dionysus_","0106","Dionysus_0106","","","Що-о-о?","","",""
"Darren","Dionysus_","0107","Dionysus_0107","","","Нічого собі, друже!..","","",""
"Darren","Dionysus_","0108","Dionysus_0108","","","Що, правда, друже?","","",""
"Integrated","Dionysus_","0109","Dionysus_0109","","","Не може бути! Це правда?","","",""
"Darren","Dionysus_","0110","Dionysus_0110","","","Відмінна робота, Заг!","","",""
"Darren","Dionysus_","0111","Dionysus_0111","","","Я знав, що ти впораєшся, друже!","","",""
"Darren","Dionysus_","0112","Dionysus_0112","","","А ось це було непогано!","","",""
"Darren","Dionysus_","0113","Dionysus_0113","","","Залік, Заг!","","",""
"Darren","Dionysus_","0114","Dionysus_0114","","","Відмінно спрацьовано!","","",""
"Integrated","Dionysus_","0118","Dionysus_0118","","","","","",""
"Integrated","Dionysus_","0119","Dionysus_0119","","","","","",""
"Integrated","Dionysus_","0120","Dionysus_0120","","","","","",""
"Integrated","Dionysus_","0121","Dionysus_0121","","","","","",""
"Integrated","Dionysus_","0122","Dionysus_0122","","","","","",""
"Integrated","Dionysus_","0123","Dionysus_0123","","","","","",""
"Integrated","Dionysus_","0124","Dionysus_0124","","","","","",""
"Integrated","Dionysus_","0125","Dionysus_0125","","","","","",""
"Integrated","Dionysus_","0126","Dionysus_0126","","","","","",""
"Integrated","Dionysus_","0127","Dionysus_0127","","","","","",""
"Integrated","Dionysus_","0128","Dionysus_0128","","","","","",""
"Integrated","Dionysus_","0129","Dionysus_0129","","","","","",""
"Integrated","Dionysus_","0130","Dionysus_0130","","","","","",""
"Integrated","Dionysus_","0131","Dionysus_0131","","","","","",""
"Integrated","Dionysus_","0132","Dionysus_0132","","","","","",""
"Integrated","Dionysus_","0148","Dionysus_0148","","","Час для справжнього бенкету!","","",""
"Integrated","Dionysus_","0149","Dionysus_0149","","","Дещо для кожного!","","",""
"Integrated","Dionysus_","0150","Dionysus_0150","","","Ти зможеш, друже!","","",""
"Integrated","Dionysus_","0171","Dionysus_0171","","","Ха-ха-ха тобі чи не знати, друже!","","",""
"Integrated","Dionysus_","0172","Dionysus_0172","","","Ох, ми сьогодні таку гулянку закотимо!","","",""
"Integrated","Dionysus_","0173","Dionysus_0173","","","О-ох, та ти по вуха в неприємності, Заг!","","",""
"Integrated","Dionysus_","0174","Dionysus_0174","","","Та-а-ак, друже, ти знаєш, до чого все це!","","",""
"Integrated","Dionysus_","0175","Dionysus_0175","","","Ха, за тебе, друже!","","",""
"Integrated","Dionysus_","0176","Dionysus_0176","","","Це і справді було чудове рішення, друже!","","",""
"Integrated","Dionysus_","0177","Dionysus_0177","","","Все могло б бути зовсім інакше, друже! Адже ми так добре проводили час!","","",""
"Integrated","Dionysus_","0178","Dionysus_0178","","","Терпіти не можу так все псувати, Заг. Але що я міг вдіяти?","","",""
"Integrated","Dionysus_","0179","Dionysus_0179","","","О-ох, я раптово відчув себе недобре, друже, я хочу сказати, що тільки-но сталося?","","",""
