"Dusa","ID","ID","ID","","","","Line","","","Notes by DK"
"Darren","Dusa_","0024","Dusa_0024","","","","Ч-чи можу я вам чимось допомогти?","","",""
"Darren","Dusa_","0025","Dusa_0025","","","","Ч-чим я можу допомогти?","","",""
"Darren","Dusa_","0026","Dusa_0026","","","","В-вашому Високість, що це?","","",""
"Darren","Dusa_","0027","Dusa_0027","","","","Я м-можу вам допомогти, Принце?","","",""
"Darren","Dusa_","0028","Dusa_0028","","","","Ем, ем, Принц, привіт!","","",""
"Darren","Dusa_","0029","Dusa_0029","","","","Ох, ем, так, звичайно!","","",""
"Darren","Dusa_","0031","Dusa_0031","","","","П-прямо зараз!","","",""
"Darren","Dusa_","0032","Dusa_0032","","","","Звісно, я можу це зробити!","","",""
"Darren","Dusa_","0033","Dusa_0033","","","","Що? О, так, звісно!","","",""
"Darren","Dusa_","0034","Dusa_0034","","","","В-ви можете на мене розраховувати!","","",""
"Darren","Dusa_","0035","Dusa_0035","","","","Я займуся цим, Принц!!!","","",""
"Darren","Dusa_","0036","Dusa_0036","","","","Ем, нехай буде виконано?","","",""
"Darren","Dusa_","0037","Dusa_0037","","","","Безумовно, так!","","",""
"Darren","Dusa_","0038","Dusa_0038","","","","Я займуся цим, Принце!..","","",""
"Unused","Dusa_","0047","Dusa_0047","","","","Ах, ем, Принц, це чудово, правда, і я подумала, може, я теж можу вам щось подарувати?..","","",""
"Unused","Dusa_","0048","Dusa_0048","","","","Ого, В-ваша Величність, я вражена, справді, і я хочу подарувати вам це натомість...","","",""
"Integrated","Dusa_","0049","Dusa_0049","","","","Ой!","","",""
"Integrated","Dusa_","0050","Dusa_0050","","","","Ах!","","",""
"Integrated","Dusa_","0051","Dusa_0051","","","","Це він!","","",""
"Integrated","Dusa_","0052","Dusa_0052","","","","В-ваша Високість!","","",""
"Integrated","Dusa_","0053","Dusa_0053","","","","<Різко зітхає>","","",""
"Integrated","Dusa_","0054","Dusa_0054","","","","Ой-йой!","","",""
"Integrated","Dusa_","0055","Dusa_0055","","","","О!","","",""
"Integrated","Dusa_","0056","Dusa_0056","","","","Що-о?..","","",""
"Integrated","Dusa_","0057","Dusa_0057","","","","В-вітаю!","","",""
"Integrated","Dusa_","0058","Dusa_0058","","","","Д-до побачення!","","",""
"Integrated","Dusa_","0059","Dusa_0059","","","","Ха, ха-ха!","","",""
"Integrated","Dusa_","0060","Dusa_0060","","","","Ха, ха-ха!..","","",""
"Integrated","Dusa_","0061","Dusa_0061","","","","Ха, ха-ха...","","",""
"Integrated","Dusa_","0106","Dusa_0106","","","","О, вітаю!","","",""
"Integrated","Dusa_","0107","Dusa_0107","","","","Вітаю!","","",""
"Integrated","Dusa_","0108","Dusa_0108","","","","Вітаю!","","",""
"Integrated","Dusa_","0109","Dusa_0109","","","","Ось ви де!","","",""
"Integrated","Dusa_","0110","Dusa_0110","","","","Ви знову тут!","","",""
"Integrated","Dusa_","0111","Dusa_0111","","","","Це ви!","","",""
"Integrated","Dusa_","0112","Dusa_0112","","","","Вітаю!","","",""
"Integrated","Dusa_","0113","Dusa_0113","","","","Ваша високість!","","",""
"Integrated","Dusa_","0114","Dusa_0114","","","","Дивіться, хто тут!","","",""
"Integrated","Dusa_","0115","Dusa_0115","","","","Сам Принц!","","",""
"Integrated","Dusa_","0116","Dusa_0116","","","","Вау!","","",""
"Integrated","Dusa_","0117","Dusa_0117","","","","Гей!","","",""
"Integrated","Dusa_","0106","Dusa_0106","","","","О, вітаю!","","",""
"Integrated","Dusa_","0107","Dusa_0107","","","","Вітаю!","","",""
"Integrated","Dusa_","0108","Dusa_0108","","","","Вітаю!","","",""
"Integrated","Dusa_","0109","Dusa_0109","","","","Ось ви де!","","",""
"Integrated","Dusa_","0110","Dusa_0110","","","","Ви знову тут!","","",""
"Integrated","Dusa_","0111","Dusa_0111","","","","Це ви!","","",""
"Integrated","Dusa_","0112","Dusa_0112","","","","Вітаю!","","",""
"Integrated","Dusa_","0113","Dusa_0113","","","","Ваша високість!","","",""
"Integrated","Dusa_","0114","Dusa_0114","","","","Дивіться, хто тут!","","",""
"Integrated","Dusa_","0115","Dusa_0115","","","","Сам Принц!","","",""
"Integrated","Dusa_","0116","Dusa_0116","","","","Вау!","","",""
"Integrated","Dusa_","0134","Dusa_0164","","","","О, так, звісно! Дякую, що спитали, Принц!","","",""
"Integrated","Dusa_","0166","Dusa_0166","","","","Може бути!","","",""
"Integrated","Dusa_","0179","Dusa_0179","","","","Ви, мабуть, жартуєте? Немає за що!","","",""
"Integrated","Dusa_","0181","Dusa_0181","","","","Слухайте, я розумію. Правда розумію.","","",""
"Integrated","Dusa_","0191","Dusa_0191","","","","Я відразу ж примчала!","","",""
"Integrated","Dusa_","0192","Dusa_0192","","","","Чи потрібно щось прибрати?","","",""
"Integrated","Dusa_","0193","Dusa_0193","","","","Ви звали мене, Принц Загрей?","","",""
"Integrated","Dusa_","0194","Dusa_0194","","","","О, вітаю, я тут, я тут!","","",""
"Integrated","Dusa_","0195","Dusa_0195","","","","Настав час мені попрацювати!","","",""
"Integrated","Dusa_","0196","Dusa_0196","","","","Час вигнати цих паршивців!","","",""
"Integrated","Dusa_","0197","Dusa_0197","","","","Ваша подружка вже тут!","","",""
"Integrated","Dusa_","0198","Dusa_0198","","","","Горгона не завадить, Принце?","","",""
"Integrated","Dusa_","0199","Dusa_0199","","","","Горгона вже в дорозі!!!","","",""
"Integrated","Dusa_","0200","Dusa_0200","","","","Пора перетворити їх на статуї!","","",""
"Integrated","Dusa_","0201","Dusa_0201","","","","Що, хоче перетворитись на камінь?!","","",""
"Integrated","Dusa_","0202","Dusa_0202","","","","Я лечу-у-у!","","",""
"Integrated","Dusa_","0203","Dusa_0203","","","","Хто хоче битися, га?!","","",""
"Integrated","Dusa_","0204","Dusa_0204","","","","Примчала щойно змогла!","","",""
"Integrated","Dusa_","0205","Dusa_0205","","","","Ви можете розраховувати на мене!","","",""
"Integrated","Dusa_","0206","Dusa_0206","","","","Я тут, я... Ось і я!","","",""
"Integrated","Dusa_","0207","Dusa_0207","","","","Не турбуйтеся, я врятую вас!","","",""
"Integrated","Dusa_","0208","Dusa_0208","","","","Я тут, щоб врятувати вас!","","",""
"Integrated","Dusa_","0209","Dusa_0209","","","","Звичайно, це крутіше миття підлог!","","",""
"Integrated","Dusa_","0210","Dusa_0210","","","","Це чудовий шанс для мене!","","",""
"Integrated","Dusa_","0211","Dusa_0211","","","","Настала моя зоряна година!","","",""
"Integrated","Dusa_","0212","Dusa_0212","","","","Я стійкіша, ніж вам здається!","","",""
"Integrated","Dusa_","0213","Dusa_0213","","","","Буде виконано негайно!","","",""
"Integrated","Dusa_","0214","Dusa_0214","","","","Я займуся цим, Принц!!!","","",""
"Integrated","Dusa_","0215","Dusa_0215","","","","Ви можете розраховувати на мене!","","",""
"Integrated","Dusa_","0216","Dusa_0216","","","","О, вітаю, вибачте, пані Мег!","","",""
"Integrated","Dusa_","0217","Dusa_0217","","","","Я просто ненавиджу цю частину роботи, пані Мег!","","",""
"Integrated","Dusa_","0218","Dusa_0218","","","","Пані Мег, мені так шкода!","","",""
"Integrated","Dusa_","0219","Dusa_0219","","","","Ем, і знову привіт, пані Мег!","","",""
"Integrated","Dusa_","0220","Dusa_0220","","","","Принц, це так несправедливо!!!","","",""
"Integrated","Dusa_","0221","Dusa_0221","","","","Розійдіться, ви обоє!","","",""
"Integrated","Dusa_","0222","Dusa_0222","","","","Не можу дивитися, як ви б'єтеся!","","",""
"Integrated","Dusa_","0223","Dusa_0223","","","","Не може бути, пані Мег?!","","",""
"Integrated","Dusa_","0224","Dusa_0224","","","","О, привіт, велика змійка!","","",""
"Integrated","Dusa_","0225","Dusa_0225","","","","Подивіться на цю велику стару змійку!","","",""
"Integrated","Dusa_","0226","Dusa_0226","","","","Ох, ого, ця штука справді величезна!","","",""
"Integrated","Dusa_","0227","Dusa_0227","","","","Ця велика змійка завдає вам незручностей, Принце?","","",""
"Integrated","Dusa_","0228","Dusa_0228","","","","Я не боюся змій!","","",""
"Integrated","Dusa_","0229","Dusa_0229","","","","Я не боюся змій! Це було б дивно.","","",""
"Integrated","Dusa_","0230","Dusa_0230","","","","Ох, ого, цей хлопець і справді великий!","","",""
"Integrated","Dusa_","0231","Dusa_0231","","","","Ого, та це ж Мінотавр!","","",""
"Integrated","Dusa_","0232","Dusa_0232","","","","Тільки подивіться, який цей хлопець здоровий!","","",""
"Integrated","Dusa_","0233","Dusa_0233","","","","Схоже, у нас неприємності, Принце!","","",""
"Integrated","Dusa_","0234","Dusa_0234","","","","Давайте втихомиримо цього громилу!","","",""
"Integrated","Dusa_","0235","Dusa_0235","","","","Гей, здороване, сюди!","","",""
"Integrated","Dusa_","0236","Dusa_0236","","","","Ого, ну і натовп!","","",""
"Integrated","Dusa_","0237","Dusa_0237","","","","Гей, дивіться, у нас з'явилися глядачі!","","",""
"Integrated","Dusa_","0238","Dusa_0238","","","","Ви тільки подивіться на цей натовп!","","",""
"Integrated","Dusa_","0239","Dusa_0239","","","","Це головна подія?!","","",""
"Integrated","Dusa_","0240","Dusa_0240","","","","Ого, тільки гляньте на все це!","","",""
"Integrated","Dusa_","0241","Dusa_0241","","","","Ого, це місце приголомшливе, Принце!","","",""
"Integrated","Dusa_","0242","Dusa_0242","","","","О-ох, Танатос!","","",""
"Integrated","Dusa_","0243","Dusa_0243","","","","Танатос вже тут, я вам навіщо?","","",""
"Integrated","Dusa_","0244","Dusa_0244","","","","Ого-о, це Танатос!","","",""
"Integrated","Dusa_","0245","Dusa_0245","","","","Гей, це що, Танатос?","","",""
"Integrated","Dusa_","0246","Dusa_0246","","","","Ах, це Танатос!","","",""
"Integrated","Dusa_","0247","Dusa_0247","","","","Почекайте, та це ж Танатос!","","",""
"Integrated","Dusa_","0248","Dusa_0248","","","","Ах, це ваш батько, Принц!!!","","",""
"Integrated","Dusa_","0249","Dusa_0249","","","","Хіба я маю бути тут, Принц?!","","",""
"Integrated","Dusa_","0250","Dusa_0250","","","","Ем, у мене можуть виникнути серйозні неприємності!","","",""
"Integrated","Dusa_","0251","Dusa_0251","","","","Ох, ого, повелитель Аїд !!!","","",""
"Integrated","Dusa_","0252","Dusa_0252","","","","Ах, ні, це він!","","",""
"Integrated","Dusa_","0253","Dusa_0253","","","","Ах, це ж головний начальник!!!","","",""
"Integrated","Dusa_","0254","Dusa_0254","","","","Не турбуйтеся, Принце, я повернулася!","","",""
"Integrated","Dusa_","0255","Dusa_0255","","","","Я рада повернутися!!!","","",""
"Integrated","Dusa_","0256","Dusa_0256","","","","Вам ще потрібна допомога?","","",""
"Integrated","Dusa_","0257","Dusa_0257","","","","Чи можу я ще чимось вам допомогти?","","",""
"Integrated","Dusa_","0258","Dusa_0258","","","","Що ще потрібно зробити, Принце?","","",""
"Integrated","Dusa_","0259","Dusa_0259","","","","Вам знову потрібна допомога, Принце?","","",""
"Integrated","Dusa_","0260","Dusa_0260","","","","О, ви знову покликали мене!","","",""
"Integrated","Dusa_","0261","Dusa_0261","","","","Здрастуйте, пам'ятаєте мене?!","","",""
"Integrated","Dusa_","0262","Dusa_0262","","","","Яка юрба лицемірів!","","",""
"Integrated","Dusa_","0263","Dusa_0263","","","","Ви ганьбите горгон!","","",""
"Integrated","Dusa_","0264","Dusa_0264","","","","Непридатні горгони!","","",""
"Integrated","Dusa_","0265","Dusa_0265","","","","Приготуйтеся до справжньої битви, голови горгона!","","",""
"Integrated","Dusa_","0266","Dusa_0266","","","","Пані, ви готові?!","","",""
"Integrated","Dusa_","0267","Dusa_0267","","","","Підходьте та скуштуйте своєї отрути!","","",""
"Integrated","Dusa_","0268","Dusa_0268","","","","Підходьте, дамочки!!!","","",""
"Integrated","Dusa_","0269","Dusa_0269","","","","Горгони створюють вам проблеми, Принце?","","",""
"Integrated","Dusa_","0270","Dusa_0270","","","","Ого, яка ж ти велика!","","",""
"Integrated","Dusa_","0271","Dusa_0271","","","","Дозвольте нагадати, Принц, що ми з нею не родичі.","","",""
"Integrated","Dusa_","0272","Dusa_0272","","","","Гей, сестричко, подивимося, на що ти здатна!","","",""
"Integrated","Dusa_","0273","Dusa_0273","","","","З цією дамочкою одні проблеми, Принце!","","",""
"Integrated","Dusa_","0274","Dusa_0274","","","","Я тебе не боюся!!!","","",""
"Integrated","Dusa_","0275","Dusa_0275","","","","Ти не така вже й сильна!","","",""
"Integrated","Dusa_","0276","Dusa_0276","","","","Підловила одного!","","",""
"Integrated","Dusa_","0277","Dusa_0277","","","","Одного підловила!","","",""
"Integrated","Dusa_","0278","Dusa_0278","","","","Ось тобі!","","",""
"Integrated","Dusa_","0279","Dusa_0279","","","","Попалися!","","",""
"Integrated","Dusa_","0280","Dusa_0280","","","","Провалюй!","","",""
"Integrated","Dusa_","0281","Dusa_0281","","","","Провалюй!","","",""
"Integrated","Dusa_","0282","Dusa_0282","","","","Ох, одного підловила!","","",""
"Integrated","Dusa_","0283","Dusa_0283","","","","Попалися!","","",""
"Integrated","Dusa_","0284","Dusa_0284","","","","Ха-ха!","","",""
"Integrated","Dusa_","0285","Dusa_0285","","","","Знатимете!","","",""
"Integrated","Dusa_","0286","Dusa_0286","","","","Цей скам'янів!","","",""
"Integrated","Dusa_","0287","Dusa_0287","","","","Ох, непогано!","","",""
"Integrated","Dusa_","0288","Dusa_0288","","","","Ого!","","",""
"Integrated","Dusa_","0289","Dusa_0289","","","","Ого-о!","","",""
"Integrated","Dusa_","0290","Dusa_0290","","","","Хо, ого!","","",""
"Integrated","Dusa_","0291","Dusa_0291","","","","О-о, ого!","","",""
"Integrated","Dusa_","0292","Dusa_0292","","","","Оце так!","","",""
"Integrated","Dusa_","0293","Dusa_0293","","","","Ох, ай!","","",""
"Integrated","Dusa_","0294","Dusa_0294","","","","Гей!","","",""
"Integrated","Dusa_","0295","Dusa_0295","","","","О-о!","","",""
"Integrated","Dusa_","0296","Dusa_0296","","","","Ай!","","",""
"Integrated","Dusa_","0297","Dusa_0297","","","","Не погано!","","",""
"Integrated","Dusa_","0298","Dusa_0298","","","","Ого, ви тільки подивіться на себе!","","",""
"Integrated","Dusa_","0299","Dusa_0299","","","","О ні, ви впорядку?","","",""
"Integrated","Dusa_","0300","Dusa_0300","","","","Принц, ні!","","",""
"Integrated","Dusa_","0301","Dusa_0301","","","","Ах, обережно!","","",""
"Integrated","Dusa_","0302","Dusa_0302","","","","О ні!!!","","",""
"Integrated","Dusa_","0303","Dusa_0303","","","","Ви в порядку?","","",""
"Integrated","Dusa_","0304","Dusa_0304","","","","Ах, ви поранені!","","",""
"Integrated","Dusa_","0305","Dusa_0305","","","","Ні, продовжуйте боротися!","","",""
"Integrated","Dusa_","0306","Dusa_0306","","","","Продовжуйте битися, Принце!","","",""
"Integrated","Dusa_","0307","Dusa_0307","","","","Ох, ой!!!","","",""
"Integrated","Dusa_","0308","Dusa_0308","","","","Ні я...!","","",""
"Integrated","Dusa_","0309","Dusa_0309","","","","Не можу дивитися на це!..","","",""
"Integrated","Dusa_","0310","Dusa_0310","","","","Принц!","","",""
"Integrated","Dusa_","0311","Dusa_0311","","","","Загрей!","","",""
"Integrated","Dusa_","0312","Dusa_0312","","","","Продовжуйте битися!","","",""
"Integrated","Dusa_","0313","Dusa_0313","","","","Ох, ого, ви добре справляєтеся!","","",""
"Integrated","Dusa_","0314","Dusa_0314","","","","Ого, просто чудово, Принц!","","",""
"Integrated","Dusa_","0315","Dusa_0315","","","","Ух, ви їм поставили, Принце!","","",""
"Integrated","Dusa_","0316","Dusa_0316","","","","Ого, ви тільки подивіться це!","","",""
"Integrated","Dusa_","0317","Dusa_0317","","","","Вам знову потрібна допомога, Принце?","","",""
"Integrated","Dusa_","0318","Dusa_0318","","","","Нехай знають!","","",""
"Integrated","Dusa_","0319","Dusa_0319","","","","Ох, це Афіна, ха...","","",""
"Integrated","Dusa_","0320","Dusa_0320","","","","Афіна допомагає вам?","","",""
"Integrated","Dusa_","0321","Dusa_0321","","","","Обережніше, Принц.","","",""
"Integrated","Dusa_","0322","Dusa_0322","","","","Допомога від Афіни, так?","","",""
"Integrated","Dusa_","0323","Dusa_0323","","","","Егей!","","",""
"Integrated","Dusa_","0324","Dusa_0324","","","","Гей!","","",""
"Integrated","Dusa_","0325","Dusa_0325","","","","Ем, гей!","","",""
"Integrated","Dusa_","0326","Dusa_0326","","","","Ох, годі!","","",""
"Integrated","Dusa_","0327","Dusa_0327","","","","Не в мене, Принце!","","",""
"Integrated","Dusa_","0328","Dusa_0328","","","","Не-а!","","",""
"Integrated","Dusa_","0329","Dusa_0329","","","","Ні!","","",""
"Integrated","Dusa_","0330","Dusa_0330","","","","Е-е, Принц?","","",""
"Integrated","Dusa_","0331","Dusa_0331","","","","Ваша високість!","","",""
"Integrated","Dusa_","0332","Dusa_0332","","","","Це просто помилка!","","",""
"Integrated","Dusa_","0333","Dusa_0333","","","","Не турбуйтесь за мене!","","",""
"Integrated","Dusa_","0334","Dusa_0334","","","","Ой! Я жартую.","","",""
"Integrated","Dusa_","0335","Dusa_0335","","","","Я тут тільки для того, щоб допомогти вам!","","",""
"Integrated","Dusa_","0336","Dusa_0336","","","","Гей, що відбувається?","","",""
"Integrated","Dusa_","0337","Dusa_0337","","","","Добре, що нас з вами пов'язують такі пута!","","",""
"Integrated","Dusa_","0338","Dusa_0338","","","","Ух, я непереможна!!!","","",""
"Integrated","Dusa_","0339","Dusa_0339","","","","Ви зробили це!!!","","",""
"Integrated","Dusa_","0340","Dusa_0340","","","","Ура, ви це зробили!","","",""
"Integrated","Dusa_","0341","Dusa_0341","","","","Ура-а-а!","","",""
"Integrated","Dusa_","0342","Dusa_0342","","","","Я знала, що ви впораєтеся!","","",""
"Integrated","Dusa_","0343","Dusa_0343","","","","Чудова робота, Принц!","","",""
"Integrated","Dusa_","0344","Dusa_0344","","","","Це було просто вражаюче!","","",""
"Integrated","Dusa_","0345","Dusa_0345","","","","Уф, ви зробили це!","","",""
"Integrated","Dusa_","0346","Dusa_0346","","","","Гаразд, тепер тут чисто!","","",""
"Integrated","Dusa_","0347","Dusa_0347","","","","Однією проблемою менше, так?","","",""
"Integrated","Dusa_","0348","Dusa_0348","","","","Ви показали їм, Принце!","","",""
"Integrated","Dusa_","0349","Dusa_0349","","","","Ось вам!!!","","",""
"Integrated","Dusa_","0350","Dusa_0350","","","","Не зв'язуйтесь із Загреєм!!!","","",""
"Integrated","Dusa_","0351","Dusa_0351","","","","Ха, отримуйте!","","",""
"Integrated","Dusa_","0352","Dusa_0352","","","","Бережіть себе, гаразд?!","","",""
"Integrated","Dusa_","0353","Dusa_0353","","","","Мені пора йти!","","",""
"Integrated","Dusa_","0354","Dusa_0354","","","","Ах, мені час іти!","","",""
"Integrated","Dusa_","0355","Dusa_0355","","","","До побачення, Принце!","","",""
"Integrated","Dusa_","0356","Dusa_0356","","","","Продовжуйте свій шлях!","","",""
"Integrated","Dusa_","0357","Dusa_0357","","","","Сподіваюся, я зможу допомогти!","","",""
"Integrated","Dusa_","0358","Dusa_0358","","","","Бережіть себе!","","",""
"Integrated","Dusa_","0359","Dusa_0359","","","","Мені треба повертатись!","","",""
"Integrated","Dusa_","0360","Dusa_0360","","","","О ні, я спізнюся!","","",""
"Integrated","Dusa_","0361","Dusa_0361","","","","Продовжуйте битися, Загрій!","","",""
"Integrated","Dusa_","0362","Dusa_0362","","","","Гаразд, до побаче-е-ення!","","",""
"Integrated","Dusa_","0363","Dusa_0363","","","","Продовжуйте свій шлях без мене, Принце!","","",""
"Integrated","Dusa_","0364","Dusa_0364","","","","Сподіваюся, я допомогла вам!","","",""
"Integrated","Dusa_","0365","Dusa_0365","","","","А потім я сказала...","","",""
"Integrated","Dusa_","0366","Dusa_0366","","","","І потім я сказала...","","",""
"Integrated","Dusa_","0367","Dusa_0367","","","","Але знаєте, що ще?","","",""
"Integrated","Dusa_","0368","Dusa_0368","","","","О, це не все.","","",""
"Integrated","Dusa_","0369","Dusa_0369","","","","О, є ще щось.","","",""
"Integrated","Dusa_","0370","Dusa_0370","","","","Є ще щось.","","",""
"Integrated","Dusa_","0371","Dusa_0371","","","","Ну, є ще щось.","","",""
"Integrated","Dusa_","0372","Dusa_0372","","","","Але ви тільки послухайте.","","",""
"Integrated","Dusa_","0373","Dusa_0373","","","","Ну, ви тільки послухайте.","","",""
"Integrated","Dusa_","0374","Dusa_0374","","","","Слухайте.","","",""
"Integrated","Dusa_","0375","Dusa_0375","","","","Далі — гірше!","","",""
"Integrated","Dusa_","0376","Dusa_0376","","","","Знаєте, що я чула?","","",""
"Integrated","Dusa_","0377","Dusa_0377","","","","Я чула...","","",""
"Integrated","Dusa_","0378","Dusa_0378","","","","Знаєте що?","","",""
"Integrated","Dusa_","0379","Dusa_0379","","","","Знаєте, що ще?","","",""
"Integrated","Dusa_","0380","Dusa_0380","","","","Слухайте.","","",""
"Integrated","Dusa_","0381","Dusa_0381","","","","Ось і я так думаю!","","",""
"Integrated","Dusa_","0382","Dusa_0382","","","","Правильно?","","",""
"Integrated","Dusa_","0383","Dusa_0383","","","","Правильно!","","",""
"Integrated","Dusa_","0384","Dusa_0384","","","","Я знаю!!!","","",""
"Integrated","Dusa_","0385","Dusa_0385","","","","Я знаю.","","",""
"Integrated","Dusa_","0386","Dusa_0386","","","","Серйозно.","","",""
"Integrated","Dusa_","0387","Dusa_0387","","","","Серйозно!","","",""
"Integrated","Dusa_","0388","Dusa_0388","","","","Повірте!","","",""
"Integrated","Dusa_","0389","Dusa_0389","","","","А-ха.","","",""
"Integrated","Dusa_","0390","Dusa_0390","","","","Ви уявляєте?","","",""
"Integrated","Dusa_","0391","Dusa_0391","","","","Ви можете повірити в це?","","",""
"Integrated","Dusa_","0392","Dusa_0392","","","","Я присягаюсь.","","",""
"Integrated","Dusa_","0393","Dusa_0393","","","","Я не шуткую.","","",""
"Integrated","Dusa_","0394","Dusa_0394","","","","Так.","","",""
"Integrated","Dusa_","0395","Dusa_0395","","","","Серйозно?","","",""
"Integrated","Dusa_","0396","Dusa_0396","","","","Серйозно!","","",""
"Integrated","Dusa_","0397","Dusa_0397","","","","Звичайно.","","",""
"Integrated","Dusa_","0410","Dusa_0410","","","","...Ох!","","",""
"Integrated","Dusa_","0411","Dusa_0411","","","","О! Вітаю, Принц.","","",""
"Integrated","Dusa_","0412","Dusa_0412","","","","Як би там не було...","","",""
"Integrated","Dusa_","0413","Dusa_0413","","","","<Зітхає> Як би там не було...","","",""
"Integrated","Dusa_","0414","Dusa_0414","","","","В будь-якому випадку...","","",""
"Integrated","Dusa_","0415","Dusa_0415","","","","...Розкажу вам пізніше.","","",""
"Integrated","Dusa_","0416","Dusa_0416","","","","...Ви ж знаєте, як це буває.","","",""
"Integrated","Dusa_","0417","Dusa_0417","","","","...Інше можете уявити самі.","","",""
"Integrated","Dusa_","0418","Dusa_0418","","","","Вітаю!","","",""
"Integrated","Dusa_","0419","Dusa_0419","","","","Ну, розумієте...","","",""
"Integrated","Dusa_","0420","Dusa_0420","","","","Ех, що вдієш.","","",""
"Integrated","Dusa_","0421","Dusa_0421","","","","Ви зрозуміли суть.","","",""
"Integrated","Dusa_","0422","Dusa_0422","","","","...Говорила ж.","","",""
"Integrated","Dusa_","0423","Dusa_0423","","","","Бачите?","","",""
"Integrated","Dusa_","0424","Dusa_0424","","","","Що я вам казала?","","",""
"Darren","Dusa_","0425","Dusa_0425","","","","","","",""
"Darren","Dusa_","0426","Dusa_0426","","","","","","",""
"Darren","Dusa_","0427","Dusa_0427","","","","","","",""
"Darren","Dusa_","0428","Dusa_0428","","","","","","",""
"Darren","Dusa_","0429","Dusa_0429","","","","","","",""
"Darren","Dusa_","0430","Dusa_0430","","","","","","",""
"Integrated","Dusa_","0431","Dusa_0431","","","","Пфо-о! Ох! Пфо-о! О-о!","","",""
"Darren","Dusa_","0432","Dusa_0432","","","","Пфа! Хэй! І-йя! Ха!","","",""
"Integrated","Dusa_","0433","Dusa_0433","","","","Хс-с! Хрс-с! С-с-с! С-с-с! С-са!","","",""
"Integrated","Dusa_","0434","Dusa_0434","","","","","","",""
"Integrated","Dusa_","0435","Dusa_0435","","","","","","",""
"Integrated","Dusa_","0436","Dusa_0436","","","","","","",""
"Integrated","Dusa_","0437","Dusa_0437","","","","Дякую!","","",""
"Integrated","Dusa_","0438","Dusa_0438","","","","","","",""
"Integrated","Dusa_","0439","Dusa_0439","","","","","","",""
"Integrated","Dusa_","0502","Dusa_0502","","","","Ох, ого, це Харон, Принц!","","",""
"Integrated","Dusa_","0503","Dusa_0503","","","","Прошу, пане Хароне, тримайтеся від нього подалі!","","",""
"Integrated","Dusa_","0504","Dusa_0504","","","","Ви ж пробачите нас, правда, пане Хароне?","","",""
"Integrated","Dusa_","0505","Dusa_0505","","","","Ем, без образ, добре, пане Хароне?","","",""
"Integrated","Dusa_","0509","Dusa_0509","","","","Ох...","","",""
