"Eurydice","ID","ID","ID","","","","Line","","Notes by AR","Notes by DK"
"Darren","Eurydice_","0004","Eurydice_0004","","","","То він тебе підіслав? Послухай-но, любий, чому б тобі не податися у своїх справах. Але не з порожніми руками це моє правило. Тож вибирай, я пригощаю! Тільки з ним не ділися.","","",""
"Integrated","Eurydice_","0033","Eurydice_0033","","","","","","",""
"Integrated","Eurydice_","0034","Eurydice_0034","","","","","","",""
"Integrated","Eurydice_","0035","Eurydice_0035","","","","","","",""
"Integrated","Eurydice_","0036","Eurydice_0036","","","","","","",""
"Integrated","Eurydice_","0037","Eurydice_0037","","","","","","",""
"Integrated","Eurydice_","0038","Eurydice_0038","","","","","","",""
"Integrated","Eurydice_","0039","Eurydice_0039","","","","","","",""
"Integrated","Eurydice_","0040","Eurydice_0040","","","","","","",""
"Integrated","Eurydice_","0041","Eurydice_0041","","","","","","",""
"Darren","Eurydice_","0050","Eurydice_0050","","","","Знаєш, ти набагато щедріший, ніж про тебе говорять, Твоя Величність! Та й мені хотілося б з тобою поділитися, тож ось! Я хочу, щоб ти взяв це.","","",""
"Integrated","Eurydice_","0051","Eurydice_0051","","","","Хто тут?","","",""
"Integrated","Eurydice_","0052","Eurydice_0052","","","","Так чого ти хочеш? Ох!","","",""
"Integrated","Eurydice_","0053","Eurydice_0053","","","","Тут хтось є?","","",""
"Integrated","Eurydice_","0054","Eurydice_0054","","","","О, привіт!","","",""
"Integrated","Eurydice_","0055","Eurydice_0055","","","","Привіт, милий!","","",""
"Integrated","Eurydice_","0056","Eurydice_0056","","","","Привіт, любий!","","",""
"Integrated","Eurydice_","0057","Eurydice_0057","","","","Гей, привіт!","","",""
"Integrated","Eurydice_","0058","Eurydice_0058","","","","Гей!","","",""
"Integrated","Eurydice_","0059","Eurydice_0059","","","","Твоя Величність!","","",""
"Integrated","Eurydice_","0060","Eurydice_0060","","","","Твоя Величність.","","",""
"Integrated","Eurydice_","0061","Eurydice_0061","","","","Дивіться-но, хто тут.","","",""
"Integrated","Eurydice_","0062","Eurydice_0062","","","","Вітаю!","","",""
"Integrated","Eurydice_","0063","Eurydice_0063","","","","Ласкаво просимо!","","",""
"Integrated","Eurydice_","0064","Eurydice_0064","","","","Заходь!","","",""
"Integrated","Eurydice_","0065","Eurydice_0065","","","","Почувайся як удома.","","",""
"Darren","Eurydice_","0066","Eurydice_0066","","","","Усе!","","",""
"Darren","Eurydice_","0067","Eurydice_0067","","","","Нумо!","","",""
"Darren","Eurydice_","0068","Eurydice_0068","","","","Заспівай разом зі мною!","","",""
"Darren","Eurydice_","0069","Eurydice_0069","","","","Співай!","","",""
"Darren","Eurydice_","0070","Eurydice_0070","","","","Так!","","",""
"Darren","Eurydice_","0071","Eurydice_0071","","","","Ось так!","","",""
"Darren","Eurydice_","0072","Eurydice_0072","","","","Не соромся!","","",""
"Darren","Eurydice_","0073","Eurydice_0073","","","","Та в тебе талант!","","",""
"Integrated","Eurydice_","0094","Eurydice_0094","","","","","","",""
"Integrated","Eurydice_","0095","Eurydice_0095","","","","","","",""
"Integrated","Eurydice_","0096","Eurydice_0096","","","","","","",""
"Integrated","Eurydice_","0097","Eurydice_0097","","","","","","",""
"Integrated","Eurydice_","0098","Eurydice_0098","","","","","","",""
"Integrated","Eurydice_","0111","Eurydice_0111","","","","Побачимося!","","",""
"Integrated","Eurydice_","0112","Eurydice_0112","","","","Обережніше, любий!","","",""
"Integrated","Eurydice_","0113","Eurydice_0113","","","","Бережи себе, добре?","","",""
"Integrated","Eurydice_","0114","Eurydice_0114","","","","Прощай, Твоя Величність!","","",""
"Integrated","Eurydice_","0115","Eurydice_0115","","","","До зустрічі!!!","","",""
"Integrated","Eurydice_","0116","Eurydice_0116","","","","Ага, бувай!","","",""
"Integrated","Eurydice_","0117","Eurydice_0117","","","","Ще побачимось, так?","","",""
"Integrated","Eurydice_","0118","Eurydice_0118","","","","Приємного плавання!","","",""
"Integrated","Eurydice_","0119","Eurydice_0119","","","","Не гарячкуй!","","",""
"Integrated","Eurydice_","0120","Eurydice_0120","","","","До нової зустрічі!","","",""
"Integrated","Eurydice_","0121","Eurydice_0121","","","","Приходь ще!","","",""
"Integrated","Eurydice_","0122","Eurydice_0122","","","","Ти зможеш!","","",""
"Integrated","Eurydice_","0123","Eurydice_0123","","","","Насолоджуйся!","","",""
"Integrated","Eurydice_","0124","Eurydice_0124","","","","Я пригощаю!","","",""
"Integrated","Eurydice_","0125","Eurydice_0125","","","","Ось так!","","",""
"Integrated","Eurydice_","0126","Eurydice_0126","","","","Все для тебе!","","",""
"Integrated","Eurydice_","0127","Eurydice_0127","","","","Щойно приготувала!","","",""
"Integrated","Eurydice_","0128","Eurydice_0128","","","","Домовилися!","","",""
"Integrated","Eurydice_","0129","Eurydice_0129","","","","Звичайно!","","",""
"Integrated","Eurydice_","0130","Eurydice_0130","","","","Звучить непогано!","","",""
"Integrated","Eurydice_","0131","Eurydice_0131","","","","Це для тебе!","","",""
"Darren","Eurydice_","0132","Eurydice_0132","","","","Чим можу допомогти, любий?","","",""
"Darren","Eurydice_","0133","Eurydice_0133","","","","Чого ти хочеш, любий?","","",""
"Darren","Eurydice_","0137","Eurydice_0137","","","","Та що таке?","","",""
"Darren","Eurydice_","0139","Eurydice_0139","","","","Гей, Твоя Царська Величність, чим зобов'язана візиту?","","",""
"Integrated","Eurydice_","0140","Eurydice_0140","","","","Спробуй, любий!","","",""
"Integrated","Eurydice_","0141","Eurydice_0141","","","","Зараз буде готове!","","",""
"Integrated","Eurydice_","0142","Eurydice_0142","","","","Звичайно милий.","","",""
"Integrated","Eurydice_","0143","Eurydice_0143","","","","Із задоволенням.","","",""
"Integrated","Eurydice_","0144","Eurydice_0144","","","","Ха-ха, я так і знала!","","",""
"Integrated","Eurydice_","0145","Eurydice_0145","","","","Відмінний вибір, милий.","","",""
"Integrated","Eurydice_","0146","Eurydice_0146","","","","Звертайся ще!","","",""
"Integrated","Eurydice_","0147","Eurydice_0147","","","","Як забажаєш, Твоя Царська Величність.","","",""
"Integrated","Eurydice_","0148","Eurydice_0148","","","","Це можна зробити.","","",""
"Integrated","Eurydice_","0149","Eurydice_0149","","","","Звучить непогано, запросто!","","",""
"Integrated","Eurydice_","0166","Eurydice_0166","","","","<Задоволено сміється>","","",""
"Integrated","Eurydice_","0167","Eurydice_0167","","","","<Задоволено сміється>","","",""
"Darren","Eurydice_","0168","Eurydice_0168","","","","<Сміється>","","",""
"Darren","Eurydice_","0169","Eurydice_0169","","","","<Сміється>","","",""
"Darren","Eurydice_","0170","Eurydice_0170","","","","<Усміхаєтся>","","",""
"Darren","Eurydice_","0171","Eurydice_0171","","","","<Усміхаєтся>","","",""
"Integrated","Eurydice_","0184","Eurydice_0184","","","","Ну припини.","","",""
"Integrated","Eurydice_","0185","Eurydice_0185","","","","Не зараз.","","",""
"Integrated","Eurydice_","0186","Eurydice_0186","","","","Гей!","","",""
"Integrated","Eurydice_","0187","Eurydice_0187","","","","Перестань.","","",""
"Integrated","Eurydice_","0188","Eurydice_0188","","","","Дай мені спокійно співати.","","",""
"Integrated","Eurydice_","0189","Eurydice_0189","","","","Обережніше!","","",""
"Integrated","Eurydice_","0190","Eurydice_0190","","","","Е!","","",""
"Integrated","Eurydice_","0191","Eurydice_0191","","","","Ну і добре!","","",""
"Integrated","Eurydice_","0192","Eurydice_0192","","","","Вибач, я співаю!","","",""
"Integrated","Eurydice_","0193","Eurydice_0193","","","","Серйозно, любий?","","",""
"Integrated","Eurydice_","0194","Eurydice_0194","","","","Розважаєшся?","","",""
"Integrated","Eurydice_","0183","Eurydice_0183","","","","Припини.","","",""
"Integrated","Eurydice_","0184","Eurydice_0184","","","","Ну припини.","","",""
"Integrated","Eurydice_","0185","Eurydice_0185","","","","Не зараз.","","",""
"Integrated","Eurydice_","0186","Eurydice_0186","","","","Гей!","","",""
"Integrated","Eurydice_","0187","Eurydice_0187","","","","Перестань.","","",""
"Integrated","Eurydice_","0188","Eurydice_0188","","","","Дай мені спокійно співати.","","",""
"Integrated","Eurydice_","0189","Eurydice_0189","","","","Обережніше!","","",""
"Integrated","Eurydice_","0190","Eurydice_0190","","","","Е!","","",""
"Integrated","Eurydice_","0191","Eurydice_0191","","","","Ну і добре!","","",""
"Integrated","Eurydice_","0192","Eurydice_0192","","","","Вибач, я співаю!","","",""
"Integrated","Eurydice_","0193","Eurydice_0193","","","","Серйозно, любий?","","",""
"Integrated","Eurydice_","0194","Eurydice_0194","","","","Розважаєшся?","","",""
"Integrated","Eurydice_","0219","Eurydice_0219","","","","Побачимося!","","",""
"Integrated","Eurydice_","0220","Eurydice_0220","","","","Розслабся!","","",""
"Integrated","Eurydice_","0221","Eurydice_0221","","","","Бережи себе!","","",""
"Integrated","Eurydice_","0222","Eurydice_0222","","","","Поки що, любий!","","",""
"Integrated","Eurydice_","0223","Eurydice_0223","","","","Будь обережний!","","",""
"Integrated","Eurydice_","0224","Eurydice_0224","","","","Безпечного шляху!","","",""
"Integrated","Eurydice_","0225","Eurydice_0225","","","","Гарний вибір!","","",""
"Integrated","Eurydice_","0226","Eurydice_0226","","","","Чудово.","","",""
"Integrated","Eurydice_","0227","Eurydice_0227","","","","Зараз буде готове!","","",""
"Integrated","Eurydice_","0228","Eurydice_0228","","","","Спробуй це!","","",""
"Integrated","Eurydice_","0229","Eurydice_0229","","","","Ось, візьми!","","",""
"Integrated","Eurydice_","0230","Eurydice_0230","","","","Обережно, гаряче!","","",""
"Integrated","Eurydice_","0231","Eurydice_0231","","","","Ось, насолоджуйся!","","",""
"Integrated","Eurydice_","0232","Eurydice_0232","","","","Сподіваюся тобі сподобається!","","",""
"Integrated","Eurydice_","0256","Eurydice_0256","","","","Синок Аїда!","","",""
"Integrated","Eurydice_","0257","Eurydice_0257","","","","Вітаю!","","",""
"Integrated","Eurydice_","0258","Eurydice_0258","","","","З поверненням!","","",""
"Integrated","Eurydice_","0259","Eurydice_0259","","","","Заходь!","","",""
"Integrated","Eurydice_","0260","Eurydice_0260","","","","Як справи?","","",""
"Integrated","Eurydice_","0261","Eurydice_0261","","","","Дивись, Орфі!","","",""
"Integrated","Eurydice_","0262","Eurydice_0262","","","","Подивися, хто прийшов, Орфі!","","",""
