"ZagreusField","ID","ID","ID","Context","Sentiment/Notes","Reference Line (Comes First)","Line","Notes by GK","Notes by AR","Notes by DK"
"Integrated","ZagreusField_","0002","ZagreusField_0101b","","","","Куди ж тепер?..","These are alt lines that may not end in number values so that they still get subtitles.","",""
"Integrated","ZagreusField_","0003","Nyx_0067ALT","","","","Не впадай у відчай і не відступай від прийнятого рішення, дитя. Скажи мені: богиня Афіна дотримала свого слова і запропонувала тобі підтримку?","","",""
"Integrated","ZagreusField_","0004","ZagreusScratch_0008_ALT","","","","Дякую тобі, богиня.","","",""
"Integrated","ZagreusField_","0005","ZagreusField_0340b","","","","Привіт друже.","","",""
"Integrated","ZagreusField_","0006","ZagreusExtra_0002","","","","Іменем Аїда!","","",""
"Integrated","ZagreusField_","0007","ZagreusExtra_0003","","","","Олімп! Я приймою це послання!","","",""
"Integrated","ZagreusField_","0008","ZagreusExtra_0004","","","","Іменем Аїда!","","",""
"Integrated","ZagreusField_","0009","ZagreusExtra_0005","","","","Олімп! Я приймою це послання!","","",""
"Integrated","ZagreusField_","0010","ZagreusExtra_0006","","","","Іменем Аїда!","","",""
"Integrated","ZagreusField_","0011","ZagreusExtra_0007","","","","Олімп! Я приймою це послання!","","",""
"Integrated","ZagreusField_","0012","ZagreusExtra_0008","","","","Іменем Аїда!","","",""
"Integrated","ZagreusField_","0013","ZagreusExtra_0009","","","","Олімп! Я приймою це послання!","","",""
"Integrated","ZagreusField_","0014","ZagreusExtra_0010","","","","Олімп!","","",""
"Integrated","ZagreusField_","0016","ZagreusHome_0042a","","","","Кімнато, я повернувся.","","",""
"Integrated","ZagreusField_","0017","ZagreusHome_0042b","","","","Гей кімнато, я повернувся.","","",""
"Integrated","ZagreusField_","0018","Scratch_0002_A","","","","Про Аїда, якого саме ім’я вселяє страх і покаяння, розповідається мало казок, нагадуючи нам про неминучу долю, яку ми всі поділяємо.","","",""
"Integrated","ZagreusField_","0019","Scratch_0002_B","","","","Однак я хочу сказати вам таку казку. Уважно слухайте...","","",""
"Integrated","ZagreusField_","0022","ZagreusScratch_0013","","","","Деякі з нас частіше за інших.","","",""
"Greg","ZagreusField_","0023","","","","","","","",""
"Greg","ZagreusField_","0024","","","","","","","",""
"Greg","ZagreusField_","0025","","","","","","","",""
"Greg","ZagreusField_","0026","","","","","","","",""
"Greg","ZagreusField_","0027","","","","","","","",""
"Greg","ZagreusField_","0028","","","","","","","",""
"Greg","ZagreusField_","0029","","","","","","","",""
"Greg","ZagreusField_","0030","","","","","","","",""
"Greg","ZagreusField_","0031","","","","","","","",""
"Greg","ZagreusField_","0032","","","","","","","",""
"Greg","ZagreusField_","0033","","","","","","","",""
"Greg","ZagreusField_","0034","","","","","","","",""
"Greg","ZagreusField_","0035","","","","","","","",""
"Greg","ZagreusField_","0036","","","","","","","",""
"Greg","ZagreusField_","0037","","","","","","","",""
"Greg","ZagreusField_","0038","","","","","","","",""
"Greg","ZagreusField_","0039","","","","","","","",""
"Greg","ZagreusField_","0040","","","","","","","",""
