"HadesField","ID","ID","ID","","","","Line","","Notes by AR","Notes by DK"
"Darren","HadesField_","0002","HadesField_0002","","","","...Я ніколи не звикну до цього повітрі тут, нагорі.","","",""
"Darren","HadesField_","0003","HadesField_0003","","","","Зухвалий шмаркач! Ну, добре. Хоча, ми могли б цього уникнути.","","",""
"Unused","HadesField_","0007","HadesField_0007","","","","","","",""
"Integrated","HadesField_","0009","HadesField_0009","","","","Мабуть, тобі ненависний навіть мій вигляд. А значить, ти зрозумієш, чому на мені Шолом Пітьми.","","",""
"Unused","HadesField_","0013","HadesField_0013","","","","...Я знаю, про що ти хочеш спитати, Загрей. Кажи ж свій питання.","","",""
"Integrated","HadesField_","0036","HadesField_0036","","","","Шолом Пітьми.","","",""
"Integrated","HadesField_","0037","HadesField_0037","","","","Шолом Пітьми!","","",""
"Integrated","HadesField_","0038","HadesField_0038","","","","Шолом Пітьми!..","","",""
"Integrated","HadesField_","0039","HadesField_0039","","","","Ти сліпий навіть до очевидної правди.","","",""
"Integrated","HadesField_","0040","HadesField_0040","","","","Твої очі обдурюють тебе, хлопче.","","",""
"Integrated","HadesField_","0041","HadesField_0041","","","","Дозволь мені відійти на хвилинку.","","",""
"Integrated","HadesField_","0042","HadesField_0042","","","","Я скоро повернусь.","","",""
"Integrated","HadesField_","0043","HadesField_0043","","","","Уперед, прокляті! Позбудьтеся цього нешанобливого олуха.","","",""
"Integrated","HadesField_","0044","HadesField_0044","","","","Прокляті Підземний світ! Почуйте мене і повстаньте з землі, підкоряючись моїй волі!","","",""
"Integrated","HadesField_","0045","HadesField_0045","","","","Слухайте мене, прокляті! Підніміться з мого царства і бийтеся знову!","","",""
"Integrated","HadesField_","0046","HadesField_0046","","","","Даною мені владою, наказую як Володар смерті! Прокиньтесь, прокляті, і захищайте свого царя!","","",""
"Integrated","HadesField_","0047","HadesField_0047","","","","Ім'ям своїм я закликаю вас, прокляті Підземний світ!","","",""
"Integrated","HadesField_","0048","HadesField_0048","","","","Зараз.","","",""
"Integrated","HadesField_","0049","HadesField_0049","","","","Зараз!","","",""
"Integrated","HadesField_","0050","HadesField_0050","","","","Ось!","","",""
"Integrated","HadesField_","0051","HadesField_0051","","","","Ось, хлопчисько!","","",""
"Integrated","HadesField_","0052","HadesField_0052","","","","Дивись!","","",""
"Integrated","HadesField_","0053","HadesField_0053","","","","Досить!","","",""
"Integrated","HadesField_","0054","HadesField_0054","","","","Не випробовуй моє терпіння!","","",""
"Integrated","HadesField_","0055","HadesField_0055","","","","Сам напросився!","","",""
"Integrated","HadesField_","0056","HadesField_0056","","","","У тебе був шанс!","","",""
"Integrated","HadesField_","0057","HadesField_0057","","","","Досить!!","","",""
"Integrated","HadesField_","0058","HadesField_0058","","","","Хрраааххх!","","",""
"Integrated","HadesField_","0059","HadesField_0059","","","","Гррааааггггхххх!","","",""
"Integrated","HadesField_","0060","HadesField_0060","","","","Ти хочеш мене роздратувати?!","","",""
"Integrated","HadesField_","0061","HadesField_0061","","","","У мене є дещо для тебе!!","","",""
"Integrated","HadesField_","0062","HadesField_0062","","","","Загрей!","","",""
"Integrated","HadesField_","0063","HadesField_0063","","","","Ти, бісів паршивець!..","","",""
"Integrated","HadesField_","0064","HadesField_0064","","","","Достатньо!","","",""
"Integrated","HadesField_","0065","HadesField_0065","","","","З мене вистачить!","","",""
"Integrated","HadesField_","0066","HadesField_0066","","","","Геть з очей моїх!","","",""
"Integrated","HadesField_","0067","HadesField_0067","","","","Ти повернешся додому!","","",""
"Integrated","HadesField_","0068","HadesField_0068","","","","Ти не зможеш обдурити смерть!","","",""
"Integrated","HadesField_","0069","HadesField_0069","","","","Звідси не втекти.","","",""
"Integrated","HadesField_","0070","HadesField_0070","","","","Вирушай додому, хлопчик.","","",""
"Integrated","HadesField_","0071","HadesField_0071","","","","Можеш кричати та брикатися скільки завгодно.","","",""
"Integrated","HadesField_","0072","HadesField_0072","","","","Тобі зі мною не впоратися.","","",""
"Integrated","HadesField_","0073","HadesField_0073","","","","Мій дурень-брат не допоможе тобі зараз.","","",""
"Integrated","HadesField_","0074","HadesField_0074","","","","До біса цього підлого Зевса!","","",""
"Integrated","HadesField_","0075","HadesField_0075","","","","Посейдону не слідує втручатися у чужі справи!","","",""
"Integrated","HadesField_","0076","HadesField_0076","","","","Я не потерплю цього, брате Посейдоне!","","",""
"Integrated","HadesField_","0077","HadesField_0077","","","","Ти боягузливо ховаєшся за щитом Афіни?","","",""
"Integrated","HadesField_","0078","HadesField_0078","","","","Афіна не зможе захистити тебе від мого гніву, хлопчик.","","",""
"Integrated","HadesField_","0079","HadesField_0079","","","","Афродіта тут не владна!","","",""
"Integrated","HadesField_","0080","HadesField_0080","","","","Ха, ця настирлива богиня кохання!","","",""
"Integrated","HadesField_","0081","HadesField_0081","","","","Богині полювання варто вибрати більше легку здобич.","","",""
"Integrated","HadesField_","0082","HadesField_0082","","","","Артеміда! Ця здобич тобі не по зубах!","","",""
"Integrated","HadesField_","0083","HadesField_0083","","","","Варто було припускати, що бог війни виявиться тут!","","",""
"Integrated","HadesField_","0084","HadesField_0084","","","","Тобі краще триматися подалі від мене, Аресе!","","",""
"Integrated","HadesField_","0085","HadesField_0085","","","","Сила цього цальотника навіть не зачепить мене!","","",""
"Integrated","HadesField_","0086","HadesField_0086","","","","Навіщо ти брудниш вином мій одяг?!","","",""
"Integrated","HadesField_","0087","HadesField_0087","","","","Я не потерплю таких витівок, хлопче!","","",""
"Integrated","HadesField_","0088","HadesField_0088","","","","Ти нацькував проти мене мою сім'ю?","","",""
"Integrated","HadesField_","0089","HadesField_0089","","","","Як підло з твого боку втягнути в це олімпійців!","","",""
"Integrated","HadesField_","0090","HadesField_0090","","","","Бачиш?","","",""
"Integrated","HadesField_","0091","HadesField_0091","","","","Вирушай додому.","","",""
"Integrated","HadesField_","0092","HadesField_0092","","","","Вирушай додому!","","",""
"Integrated","HadesField_","0093","HadesField_0093","","","","Я сказав, вирушай додому!","","",""
"Integrated","HadesField_","0094","HadesField_0094","","","","Ти сам навів це на себе.","","",""
"Integrated","HadesField_","0095","HadesField_0095","","","","Ось так.","","",""
"Integrated","HadesField_","0096","HadesField_0096","","","","Ось!","","",""
"Integrated","HadesField_","0097","HadesField_0097","","","","А тобі все мало?","","",""
"Integrated","HadesField_","0098","HadesField_0098","","","","Ще?","","",""
"Integrated","HadesField_","0099","HadesField_0099","","","","Так?","","",""
"Integrated","HadesField_","0100","HadesField_0100","","","","Ще раз?","","",""
"Integrated","HadesField_","0101","HadesField_0101","","","","Ще раз!","","",""
"Integrated","HadesField_","0102","HadesField_0102","","","","Ти...","","",""
"Integrated","HadesField_","0103","HadesField_0103","","","","Хм.","","",""
"Integrated","HadesField_","0104","HadesField_0104","","","","Пф-ф.","","",""
"Integrated","HadesField_","0105","HadesField_0105","","","","Кх-х.","","",""
"Integrated","HadesField_","0106","HadesField_0106","","","","Пф-ф.","","",""
"Integrated","HadesField_","0107","HadesField_0107","","","","Щоправда.","","",""
"Integrated","HadesField_","0108","HadesField_0108","","","","Бр-р-р!","","",""
"Integrated","HadesField_","0109","HadesField_0109","","","","Сильніше.","","",""
"Integrated","HadesField_","0110","HadesField_0110","","","","Сильніше!","","",""
"Integrated","HadesField_","0111","HadesField_0111","","","","Справді.","","",""
"Integrated","HadesField_","0112","HadesField_0112","","","","Ні.","","",""
"Integrated","HadesField_","0113","HadesField_0113","","","","Марно.","","",""
"Integrated","HadesField_","0114","HadesField_0114","","","","Ти марно витрачаєш сили.","","",""
"Integrated","HadesField_","0115","HadesField_0115","","","","Ідіот.","","",""
"Integrated","HadesField_","0116","HadesField_0116","","","","Краще б ти направив свої сили на щось корисне.","","",""
"Integrated","HadesField_","0117","HadesField_0117","","","","Зараз я відправлю тебе додому, і ти нічого не доб'єшся.","","",""
"Integrated","HadesField_","0118","HadesField_0118","","","","Ти нічого не вартий, як і вся твоя рідня на Олімпі.","","",""
"Integrated","HadesField_","0119","HadesField_0119","","","","Я ж сказав тобі, хлопче, що звідси не втекти.","","",""
"Integrated","HadesField_","0120","HadesField_0120","","","","В один прекрасний день, або ніч, ти згадаєш про це і подякуєш мене, хлопчисько.","","",""
"Integrated","HadesField_","0121","HadesField_0121","","","","Якщо це єдиний спосіб навчити тебе слухняності, так тому і бути.","","",""
"Integrated","HadesField_","0122","HadesField_0122","","","","Стеж за манерами, коли повернешся до мої покої.","","",""
"Integrated","HadesField_","0123","HadesField_0123","","","","Який невтішно передбачуваний результат.","","",""
"Integrated","HadesField_","0124","HadesField_0124","","","","Такого результату цілком можна, можливо було очікувати.","","",""
"Integrated","HadesField_","0125","HadesField_0125","","","","Слабок! Пам'ятай, що я вбив титанів, хлопчик.","","",""
"Integrated","HadesField_","0126","HadesField_0126","","","","Скільки разів я винен робити це?","","",""
"Integrated","HadesField_","0127","HadesField_0127","","","","Продовжуй свої марні спроби скільки тобі заманеться.","","",""
"Integrated","HadesField_","0128","HadesField_0128","","","","Мені соромно за твої жалюгідні спроби уразити мене.","","",""
"Integrated","HadesField_","0129","HadesField_0129","","","","Вважай це компенсацією минулого разу.","","",""
"Integrated","HadesField_","0130","HadesField_0130","","","","Ти трохи сильніше, ніж я очікував, хлопчисько.","","",""
"Integrated","HadesField_","0131","HadesField_0131","","","","Ти настільки зарозумілий, що вважаєш себе могутнішим, ніж я.","","",""
"Integrated","HadesField_","0132","HadesField_0132","","","","Ох... чорт...","","",""
"Integrated","HadesField_","0133","HadesField_0133","","","","Пф... як...","","",""
"Integrated","HadesField_","0134","HadesField_0134","","","","Ргхх... ти...","","",""
"Integrated","HadesField_","0135","HadesField_0135","","","","Кх -х... хе-хе...","","",""
"Integrated","HadesField_","0136","HadesField_0136","","","","М-м-м... кхм, кхм.","","",""
"Integrated","HadesField_","0137","HadesField_0137","","","","До... зустрічі... вдома...","","",""
"Integrated","HadesField_","0138","HadesField_0138","","","","Харон... Відвези мене додому.","","",""
"Integrated","HadesField_","0139","HadesField_0139","","","","Звідси... не... втекти...","","",""
"Integrated","HadesField_","0140","HadesField_0140","","","","На все... добре.","","",""
"Integrated","HadesField_","0141","HadesField_0141","","","","Невелика... втрата...","","",""
"Integrated","HadesField_","0142","HadesField_0142","","","","Ах... ні...","","",""
"Integrated","HadesField_","0152","HadesField_0152","","","","Пітьма!","","",""
"Integrated","HadesField_","0153","HadesField_0153","","","","Пітьма!","","",""
"Integrated","HadesField_","0154","HadesField_0154","","","","Пітьма.","","",""
"Integrated","HadesField_","0155","HadesField_0155","","","","Ти смієш накидатися на мене ось так, хлопчисько?","","",""
"Integrated","HadesField_","0156","HadesField_0156","","","","Я думаю, що ти невдячний паршивець!","","",""
"Integrated","HadesField_","0157","HadesField_0157","","","","Повір мені, ти даремно витрачаєш свій час.","","",""
"Integrated","HadesField_","0158","HadesField_0158","","","","Чому ти ніяк не кинеш цю дурну затію?","","",""
"Integrated","HadesField_","0159","HadesField_0159","","","","Хотілося би мені, щоб від тебе була хоч якась користь!","","",""
"Integrated","HadesField_","0160","HadesField_0160","","","","Ти ніколи не знайдеш її! Вона пішла!","","",""
"Integrated","HadesField_","0161","HadesField_0161","","","","Ти просто дурень!","","",""
"Integrated","HadesField_","0162","HadesField_0162","","","","Все, що я розповідав тобі, - це для твого ж добра.","","",""
"Integrated","HadesField_","0163","HadesField_0163","","","","Кажу тобі, вона пішла!","","",""
"Integrated","HadesField_","0164","HadesField_0164","","","","Ти нічого не знаєш!","","",""
"Integrated","HadesField_","0165","HadesField_0165","","","","Згинути без сліду, цього ти хочеш?!","","",""
"Integrated","HadesField_","0166","HadesField_0166","","","","Так що ти про це знаєш!","","",""
"Integrated","HadesField_","0167","HadesField_0167","","","","О, з цим я тобі допоможу.","","",""
"Integrated","HadesField_","0168","HadesField_0168","","","","З радістю зроблю тобі таку послугу.","","",""
"Integrated","HadesField_","0169","HadesField_0169","","","","Згинь!","","",""
"Integrated","HadesField_","0170","HadesField_0170","","","","Від смерті не втекти.","","",""
"Integrated","HadesField_","0171","HadesField_0171","","","","На коліна!","","",""
"Integrated","HadesField_","0172","HadesField_0172","","","","Вирушай додому!","","",""
"Integrated","HadesField_","0173","HadesField_0173","","","","Ти все ще намагаєшся пручатися?","","",""
"Integrated","HadesField_","0174","HadesField_0174","","","","У тебе йде кров, хлопчик.","","",""
"Integrated","HadesField_","0175","HadesField_0175","","","","Нікчемність.","","",""
"Integrated","HadesField_","0176","HadesField_0176","","","","Відкрився.","","",""
"Integrated","HadesField_","0177","HadesField_0177","","","","Я думав, що Ахілес навчив тебе ворушитися швидше.","","",""
"Integrated","HadesField_","0183","HadesField_0183","","","","Ти не виберешся звідси.","","",""
"Integrated","HadesField_","0184","HadesField_0184","","","","Ти нікуди не підеш.","","",""
"Integrated","HadesField_","0185","HadesField_0185","","","","Я так не думаю.","","",""
"Integrated","HadesField_","0186","HadesField_0186","","","","Думаю, що ні.","","",""
"Integrated","HadesField_","0187","HadesField_0187","","","","Ти нікуди не підеш.","","",""
"Integrated","HadesField_","0188","HadesField_0188","","","","Ти справді думав, що зможеш просто піти?","","",""
"Integrated","HadesField_","0189","HadesField_0189","","","","Готуйся!..","","",""
"Integrated","HadesField_","0190","HadesField_0190","","","","Відчуваєш, як твоя кров починає закипати?","","",""
"Integrated","HadesField_","0191","HadesField_0191","","","","Занадто повільно.","","",""
"Integrated","HadesField_","0192","HadesField_0192","","","","Остерігайся, хлопче.","","",""
"Integrated","HadesField_","0193","HadesField_0193","","","","Я примушу твою кров кипіти.","","",""
"Integrated","HadesField_","0194","HadesField_0194","","","","Тобі варто було ухилитися.","","",""
"Integrated","HadesField_","0195","HadesField_0195","","","","Отримай.","","",""
"Integrated","HadesField_","0196","HadesField_0196","","","","Що сталося, хлопчисько?","","",""
"Integrated","HadesField_","0197","HadesField_0197","","","","Прокинься, хлопчисько!","","",""
"Integrated","HadesField_","0198","HadesField_0198","","","","Хіба ти не міг ухилитися?","","",""
"Integrated","HadesField_","0199","HadesField_0199","","","","У чому справа, хлопчисько?","","",""
"Integrated","HadesField_","0200","HadesField_0200","","","","Ти застряг.","","",""
"Integrated","HadesField_","0201","HadesField_0201","","","","Ти в пастці.","","",""
"Integrated","HadesField_","0202","HadesField_0202","","","","Стій!..","","",""
"Integrated","HadesField_","0203","HadesField_0203","","","","Тобі не вибратися.","","",""
"Integrated","HadesField_","0204","HadesField_0204","","","","Дивись, куди ступаєш.","","",""
"Integrated","HadesField_","0205","HadesField_0205","","","","Ти в щось настав, хлопче. _","","",""
"Integrated","HadesField_","0206","HadesField_0206","","","","Навіть мої прокляті не хочуть, щоб ти залишав нас.","","",""
"Integrated","HadesField_","0207","HadesField_0207","","","","Чекай тут.","","",""
"Integrated","HadesField_","0216","HadesField_0216","","","","Ти не вмієш контролювати свою грубу силу!","","",""
"Integrated","HadesField_","0217","HadesField_0217","","","","Що змусить тебе припинити це божевілля?","","",""
"Integrated","HadesField_","0218","HadesField_0218","","","","Зараз ти побачиш міць, яка розтрощила титанів.","","",""
"Integrated","HadesField_","0219","HadesField_0219","","","","Ні! Ти як завжди стримуєш себе.","","",""
"Integrated","HadesField_","0220","HadesField_0220","","","","Ти не маєш ні найменшого уявлення про те, що тобі потрібно.","","",""
"Integrated","HadesField_","0221","HadesField_0221","","","","О, гадаю, це ідеальний момент.","","",""
"Integrated","HadesField_","0222","HadesField_0222","","","","Впертий осел!","","",""
"Integrated","HadesField_","0223","HadesField_0223","","","","Ти бажаєш неможливого!","","",""
"Integrated","HadesField_","0224","HadesField_0224","","","","Не смій так зі мною розмовляти!","","",""
"Integrated","HadesField_","0225","HadesField_0225","","","","Ні, так ти нічого не доб'єшся.","","",""
"Integrated","HadesField_","0226","HadesField_0226","","","","А слід було б.","","",""
"Integrated","HadesField_","0227","HadesField_0227","","","","Ти нахабний..!","","",""
"Integrated","HadesField_","0228","HadesField_0228","","","","Я примушу тебе пошкодувати про це.","","",""
"Integrated","HadesField_","0229","HadesField_0229","","","","Чудово!","","",""
"Integrated","HadesField_","0230","HadesField_0230","","","","Яке неповага!","","",""
"Integrated","HadesField_","0231","HadesField_0231","","","","З радістю.","","",""
"Integrated","HadesField_","0232","HadesField_0232","","","","Я чекав цього!","","",""
"Integrated","HadesField_","0233","HadesField_0233","","","","Ти б усе одно не став слухати!","","",""
"Integrated","HadesField_","0234","HadesField_0234","","","","Так що ти знаєш про страждання?!","","",""
"Integrated","HadesField_","0235","HadesField_0235","","","","Нешанобливий олух!","","",""
"Integrated","HadesField_","0236","HadesField_0236","","","","Безперечно, так і вчинимо!","","",""
"Integrated","HadesField_","0237","HadesField_0237","","","","Так, ідіот!","","",""
"Integrated","HadesField_","0238","HadesField_0238","","","","Більше ти цього не зробиш.","","",""
"Integrated","HadesField_","0239","HadesField_0239","","","","Я вчиню з тобою так, як ти цього заслуговуєш.","","",""
"Unused","HadesField_","0240","HadesField_0240","","","","Варата… Тепер я впізнаю його. Ти тримаєш у руках не простий двозубець. Я не міг більше дивитися на нього після того, як мої брати, і сестри, і я сам... після того, як нашу брудну справа було зроблено.","","",""
"Integrated","HadesField_","0255","HadesField_0255","","","","Тут це не спрацює.","","",""
"Integrated","HadesField_","0256","HadesField_0256","","","","Тут тобі ніхто не допоможе.","","",""
"Integrated","HadesField_","0257","HadesField_0257","","","","Бийся зі мною самостійно!","","",""
"Integrated","HadesField_","0258","HadesField_0258","","","","У чому справа, хлопчисько?","","",""
"Integrated","HadesField_","0259","HadesField_0259","","","","Тобі ніхто не допоможе, хлопче!","","",""
"Integrated","HadesField_","0260","HadesField_0260","","","","Я так не думаю.","","",""
"Integrated","HadesField_","0261","HadesField_0261","","","","Думаєш, Мегера зможе допомогти тобі тут?!","","",""
"Integrated","HadesField_","0262","HadesField_0262","","","","Ти справді думаєш, що Танатос кине мені виклик?!","","",""
"Integrated","HadesField_","0263","HadesField_0263","","","","А ти як думав, що станеться, хлопчисько?","","",""
"Integrated","HadesField_","0264","HadesField_0264","","","","Я не примушував тебе!","","",""
"Integrated","HadesField_","0265","HadesField_0265","","","","Негайно повертайся на свій пост, проклятий!","","",""
"Integrated","HadesField_","0266","HadesField_0266","","","","Ти, назви себе!!!","","",""
"Integrated","HadesField_","0267","HadesField_0267","","","","Хто цей негідник?!","","",""
"Integrated","HadesField_","0268","HadesField_0268","","","","Що це за жалюгідний проклятий?!","","",""
"Integrated","HadesField_","0269","HadesField_0269","","","","Цей нестерпний проклятий повернувся?","","",""
"Integrated","HadesField_","0270","HadesField_0270","","","","Та будь ти проклятий, зникни!","","",""
"Integrated","HadesField_","0271","HadesField_0271","","","","Незабаром ти про це пошкодуєш, проклятий!","","",""
"Integrated","HadesField_","0272","HadesField_0272","","","","Це що, валун впав із проклятих небес?","","",""
"Integrated","HadesField_","0273","HadesField_0273","","","","Думаю, це твоїх рук справа, брате Зевс?!","","",""
"Integrated","HadesField_","0274","HadesField_0274","","","","Це твої дурні витівки, Посейдон?!","","",""
"Integrated","HadesField_","0275","HadesField_0275","","","","Знову твої прокляті валуни, хлопчисько?!","","",""
"Integrated","HadesField_","0276","HadesField_0276","","","","Обвал у Храмі, не більше!","","",""
"Integrated","HadesField_","0277","HadesField_0277","","","","Це що, знову той проклятий валун?!","","",""
"Integrated","HadesField_","0278","HadesField_0278","","","","Ти намагаєшся принизити мене своїми витівками?","","",""
"Integrated","HadesField_","0279","HadesField_0279","","","","Смішна пародія на напад.","","",""
"Integrated","HadesField_","0280","HadesField_0280","","","","Тут завжди негода погода!","","",""
"Integrated","HadesField_","0281","HadesField_0281","","","","Здавайся!","","",""
"Integrated","HadesField_","0282","HadesField_0282","","","","Здавайся, будь ти проклятий!","","",""
"Integrated","HadesField_","0283","HadesField_0283","","","","Здавайся, кому кажу!","","",""
"Integrated","HadesField_","0284","HadesField_0284","","","","Ти..!","","",""
"Integrated","HadesField_","0285","HadesField_0285","","","","Помри!","","",""
"Integrated","HadesField_","0286","HadesField_0286","","","","Досить, хлопчик!!!","","",""
"Integrated","HadesField_","0287","HadesField_0287","","","","Давай же покінчимо з цим, хлопчик!!!","","",""
"Integrated","HadesField_","0288","HadesField_0288","","","","Я не маю намір вислуховувати твої образи!","","",""
"Integrated","HadesField_","0289","HadesField_0289","","","","Ти хочеш мене роздратувати?!","","",""
"Integrated","HadesField_","0290","HadesField_0290","","","","Ти сам навів це на себе!!!","","",""
"Integrated","HadesField_","0291","HadesField_0291","","","","Я не потерплю такого ставлення до себе!","","",""
"Integrated","HadesField_","0292","HadesField_0292","","","","Р-р-ра-ау-у-уг-гх-х-х!!!","","",""
"Integrated","HadesField_","0293","HadesField_0293","","","","Нр-р-ра-а-агх-х!","","",""
"Integrated","HadesField_","0294","HadesField_0294","","","","Ідіот!","","",""
"Integrated","HadesField_","0295","HadesField_0295","","","","Ти ще згинеш.","","",""
"Integrated","HadesField_","0296","HadesField_0296","","","","Думаєш, ти зможеш витримати це?","","",""
"Integrated","HadesField_","0297","HadesField_0297","","","","Ти лише відтягуєш час, хлопчик!","","",""
"Integrated","HadesField_","0298","HadesField_0298","","","","Бачу, ти ще не готовий повернутись назад?","","",""
"Integrated","HadesField_","0299","HadesField_0299","","","","Бачу, тобі хочеться ще?","","",""
"Integrated","HadesField_","0300","HadesField_0300","","","","Отримуй!","","",""
"Integrated","HadesField_","0301","HadesField_0301","","","","Це для твого блага!","","",""
"Integrated","HadesField_","0302","HadesField_0302","","","","Подивимося, як ти від цього ухилишся!","","",""
"Integrated","HadesField_","0303","HadesField_0303","","","","Ти згориш!","","",""
"Integrated","HadesField_","0304","HadesField_0304","","","","Побач!","","",""
"Integrated","HadesField_","0305","HadesField_0305","","","","Вогонь!","","",""
"Integrated","HadesField_","0306","HadesField_0306","","","","Хрнгх... гррр...","","",""
"Integrated","HadesField_","0307","HadesField_0307","","","","Агх... <Посміхається>","","",""
"Integrated","HadesField_","0308","HadesField_0308","","","","Нгх... ти..!","","",""
"Integrated","HadesField_","0309","HadesField_0309","","","","Гха... шмаркач...","","",""
"Integrated","HadesField_","0310","HadesField_0310","","","","Як... аргх...","","",""
"Integrated","HadesField_","0311","HadesField_0311","","","","Будь ти... проклятий...","","",""
"Integrated","HadesField_","0312","HadesField_0312","","","","Не... вдяч... ний...","","",""
"Integrated","HadesField_","0313","HadesField_0313","","","","Як... ти... смієш...","","",""
"Integrated","HadesField_","0314","HadesField_0314","","","","Ти... поплатишся... за це...","","",""
"Integrated","HadesField_","0315","HadesField_0315","","","","Ти... не... зможеш...","","",""
"Integrated","HadesField_","0316","HadesField_0316","","","","Чому… ти… як…?","","",""
"Integrated","HadesField_","0317","HadesField_0317","","","","Ти нічому не вчишся.","","",""
"Integrated","HadesField_","0318","HadesField_0318","","","","Ти впертий, хлопчик. Однак і я теж.","","",""
"Integrated","HadesField_","0319","HadesField_0319","","","","Ахіллес не так вже й погано тебе навчив.","","",""
"Integrated","HadesField_","0320","HadesField_0320","","","","Гадаю, я ще побачу тебе тут іншим вечором.","","",""
"Integrated","HadesField_","0321","HadesField_0321","","","","А тепер, коли ми з цим покінчили, я можу повернутися до роботи.","","",""
"Integrated","HadesField_","0327","HadesField_0327","","","","Деметрі слід було б триматися подалі від моїх справ!","","",""
"Integrated","HadesField_","0328","HadesField_0328","","","","Ця крижана відьма, як і раніше погіршує погоду?","","",""
"Integrated","HadesField_","0359","HadesField_0359","","","","Ти справді думаєш, що зможеш просто піти?","","",""
"Integrated","HadesField_","0360","HadesField_0360","","","","Ти смієш знову намагатися перемогти мене?","","",""
"Integrated","HadesField_","0361","HadesField_0361","","","","Ти дійсно думаєш, що твоє місце на поверхні?","","",""
"Integrated","HadesField_","0362","HadesField_0362","","","","Ти взагалі розумієш, що твориш, хлопчисько?","","",""
"Integrated","HadesField_","0363","HadesField_0363","","","","Чому ти продовжуєш так чинити, раз за проклятим разом?","","",""
"Integrated","HadesField_","0364","HadesField_0364","","","","Навіщо ти знову намагаєшся змусити мене битися з тобою тут?","","",""
"Integrated","HadesField_","0365","HadesField_0365","","","","Чому ти хочеш щоразу вмирати ось так?","","",""
"Integrated","HadesField_","0366","HadesField_0366","","","","Навіщо ти знову пройшов увесь цей шлях?","","",""
"Integrated","HadesField_","0367","HadesField_0367","","","","Ця груба сила! Як же ти схожий на свою рідню!","","",""
"Integrated","HadesField_","0368","HadesField_0368","","","","Тобі не вистачає підходящою техніки! Невиразна груба сила!","","",""
"Integrated","HadesField_","0369","HadesField_0369","","","","Знову ти бажаєш показати свою грубу силу?","","",""
"Integrated","HadesField_","0370","HadesField_0370","","","","Коли це вже все припиниться?","","",""
"Integrated","HadesField_","0371","HadesField_0371","","","","Коли ти вже припиниш змушувати мене битися з тобою тут?","","",""
"Integrated","HadesField_","0372","HadesField_0372","","","","Що змусить тебе припинити це дурощі?","","",""
"Integrated","HadesField_","0373","HadesField_0373","","","","Що змусить тебе опритомніти?","","",""
"Integrated","HadesField_","0374","HadesField_0374","","","","Я... не можу... залишитися.","","",""
"Integrated","HadesField_","0375","HadesField_0375","","","","Сили... залишають... мене...","","",""
"Integrated","HadesField_","0376","HadesField_0376","","","","Прокляття... я... ар-р...","","",""
"Integrated","HadesField_","0377","HadesField_0377","","","","І знову, я... ти...","","",""
"Integrated","HadesField_","0378","HadesField_0378","","","","Ти ніколи... не виграєш... по-справжньому...","","",""
"Integrated","HadesField_","0379","HadesField_0379","","","","Я... цього... не забуду...","","",""
"Integrated","HadesField_","0380","HadesField_0380","","","","Тобі... ще... мало...","","",""
"Integrated","HadesField_","0381","HadesField_0381","","","","Незабаром... ти підеш... за мною...","","",""
"Integrated","HadesField_","0392","HadesField_0392","","","","До мене, прокляті! Знищте мою дитину. Вас чекають вічні тортури, якщо коли-небудь заговорите про це!","","",""
"Integrated","HadesField_","0393","HadesField_0393","","","","Повстаньте, прокляті, і бийтеся з люттю, з якою ви колись чіплялися за свої мізерні життя!","","",""
"Integrated","HadesField_","0394","HadesField_0394","","","","Прокляті Підземного світу, я наказую вам повстати і битися на моїй остороні!","","",""
"Integrated","HadesField_","0395","HadesField_0395","","","","Прокиньтесь, прокляті, і знову бийтеся на поверхні, де ви колись загинули!","","",""
"Integrated","HadesField_","0396","HadesField_0396","","","","Почуйте мій поклик, прокляті, і стягніть мого блудного сина у свою безодню!","","",""
"Integrated","HadesField_","0397","HadesField_0397","","","","","","",""
"Integrated","HadesField_","0398","HadesField_0398","","","","","","",""
"Integrated","HadesField_","0399","HadesField_0399","","","","","","",""
"Integrated","HadesField_","0400","HadesField_0400","","","","","","",""
"Integrated","HadesField_","0401","HadesField_0401","","","","","","",""
"Integrated","HadesField_","0402","HadesField_0402","","","","","","",""
"Integrated","HadesField_","0403","HadesField_0403","","","","","","",""
"Integrated","HadesField_","0404","HadesField_0404","","","","","","",""
"Integrated","HadesField_","0405","HadesField_0405","","","","","","",""
"Integrated","HadesField_","0406","HadesField_0406","","","","","","",""
"Integrated","HadesField_","0407","HadesField_0407","","","","","","",""
"Integrated","HadesField_","0408","HadesField_0408","","","","","","",""
"Integrated","HadesField_","0409","HadesField_0409","","","","","","",""
"Integrated","HadesField_","0410","HadesField_0410","","","","","","",""
"Integrated","HadesField_","0411","HadesField_0411","","","","","","",""
"Integrated","HadesField_","0412","HadesField_0412","","","","","","",""
"Integrated","HadesField_","0413","HadesField_0413","","","","","","",""
"Integrated","HadesField_","0414","HadesField_0414","","","","","","",""
"Integrated","HadesField_","0415","HadesField_0415","","","","Іди. Доки я не передумав.","","",""
"Integrated","HadesField_","0416","HadesField_0416","","","","Не цього разу.","","",""
"Integrated","HadesField_","0417","HadesField_0417","","","","На цей раз тобі не вдасться мене спровокувати.","","",""
"Integrated","HadesField_","0418","HadesField_0418","","","","Не змушуй її чекати.","","",""
"Integrated","HadesField_","0419","HadesField_0419","","","","Я сказав, іди до неї.","","",""
"Integrated","HadesField_","0420","HadesField_0420","","","","Годі вже.","","",""
"Integrated","HadesField_","0433","HadesField_0433","Ending - Victory Against the Player","This is after Hades grudgingly accepts Zag.","","Здається, в мені ще залишилося щось від моєї колишній сили.","","",""
"Integrated","HadesField_","0433","HadesField_0433","","","","Здається, в мені ще залишилося щось від моєї колишній сили.","","",""
"Integrated","HadesField_","0434","HadesField_0434","","","","Наступного разу тобі пощастить більше, Загрей.","","",""
"Integrated","HadesField_","0435","HadesField_0435","","","","Принаймні ти зміг зайти так далеко.","","",""
"Integrated","HadesField_","0436","HadesField_0436","","","","Доглядай Дім, поки мене нема.","","",""
"Integrated","HadesField_","0437","HadesField_0437","","","","До наступної зустрічі.","","",""
"Integrated","HadesField_","0438","HadesField_0438","","","","Може, наступного разу твої справи підуть інакше.","","",""
"Integrated","HadesField_","0439","HadesField_0439","","","","Іноді навіть всіх твоїх сил може опинитися недостатньо, хлопчик.","","",""
"Integrated","HadesField_","0440","HadesField_0440","","","","Сподіваюся, наступного разу ти впораєшся краще.","","",""
"Integrated","HadesField_","0441","HadesField_0441","","","","Тобі не допомогла навіть об'єднана міць Олімпу.","","",""
"Integrated","HadesField_","0442","HadesField_0442","","","","Наступного разу тобі краще попросити більше допомоги у всіх своїх родичів.","","",""
"Integrated","HadesField_","0443","HadesField_0443","","","","Мегера, що ти тут робиш?","","",""
"Integrated","HadesField_","0444","HadesField_0444","","","","Чому ти кидаєшся йому на допомогу Мегера?","","",""
"Integrated","HadesField_","0445","HadesField_0445","","","","Впевнений, у тебе є справи важливіше, Мегера!","","",""
"Integrated","HadesField_","0446","HadesField_0446","","","","Не варто допомагати йому, Мегера!","","",""
"Integrated","HadesField_","0447","HadesField_0447","","","","Ти марно витрачаєш дорогоцінне час Мегери!","","",""
"Integrated","HadesField_","0448","HadesField_0448","","","","Повертайся до своїх завданням, Танатос!","","",""
"Integrated","HadesField_","0449","HadesField_0449","","","","Тобі хіба не час зайнятися смертними, Танатос?","","",""
"Integrated","HadesField_","0450","HadesField_0450","","","","Тобі не слід його слухати, Танатосе!","","",""
"Integrated","HadesField_","0451","HadesField_0451","","","","Дивлюся, ти відволікаєш Танатоса від його обов'язків?!","","",""
"Integrated","HadesField_","0452","HadesField_0452","","","","Не варто втягувати в це бідного Танатоса!","","",""
"Integrated","HadesField_","0453","HadesField_0453","","","","Повертайся на свою посаду, тінь!","","",""
"Integrated","HadesField_","0454","HadesField_0454","","","","Мені це не подобається, тінь!","","",""
"Integrated","HadesField_","0455","HadesField_0455","","","","Забирайся геть! Назад в Елізіум!","","",""
"Integrated","HadesField_","0456","HadesField_0456","","","","Знаменита майстерність мірмідонців у поводженні із списом!","","",""
"Integrated","HadesField_","0457","HadesField_0457","","","","У тобі ще залишилася колишня іскра, тінь?","","",""
"Integrated","HadesField_","0458","HadesField_0458","","","","Ми платимо горгоні не за це!","","",""
"Integrated","HadesField_","0459","HadesField_0459","","","","Негайно повертайся на свій пост, горгоне!","","",""
"Integrated","HadesField_","0460","HadesField_0460","","","","Ти охоронець, а не воїн, горгона!","","",""
"Integrated","HadesField_","0461","HadesField_0461","","","","Що ця горгона знову тут робить?","","",""
"Integrated","HadesField_","0462","HadesField_0462","","","","Ти покликав нашого охоронця на допомогу?","","",""
"Integrated","HadesField_","0463","HadesField_0463","","","","Бийся зі мною самостійно!","","",""
"Integrated","HadesField_","0464","HadesField_0464","","","","Чому би тобі не покликати ще більше друзів, хлопчик?","","",""
"Integrated","HadesField_","0465","HadesField_0465","","","","Не втягуй у це інших!","","",""
"Integrated","HadesField_","0466","HadesField_0466","","","","Тобі й зараз не впоратися самому?","","",""
"Integrated","HadesField_","0467","HadesField_0467","","","","Кого ще ти в це втягнеш?","","",""
"Integrated","HadesField_","0468","HadesField_0468","","","","Мій брат Зевс знову посприяв!","","",""
"Integrated","HadesField_","0469","HadesField_0469","","","","Будь вдячний за те, що мій брат благоволить тобі!","","",""
"Integrated","HadesField_","0470","HadesField_0470","","","","Мій брат Посейдон знайшов час, щоб втрутитися?","","",""
"Integrated","HadesField_","0471","HadesField_0471","","","","Посейдон не втрачає ні однієї можливості самоствердитись!","","",""
"Integrated","HadesField_","0472","HadesField_0472","","","","Як добре, що мудра Афіна вирішила приєднатися!","","",""
"Integrated","HadesField_","0473","HadesField_0473","","","","Де б ти був без допомоги Афіни?","","",""
"Integrated","HadesField_","0474","HadesField_0474","","","","Обов'язково потрібно втягувати у все Афродіту?","","",""
"Integrated","HadesField_","0475","HadesField_0475","","","","Повинно бути, для Афродіти це просто якась забава!","","",""
"Integrated","HadesField_","0476","HadesField_0476","","","","Хлопчисько, ти — єдиний, на кого тут ведеться полювання!","","",""
"Integrated","HadesField_","0477","HadesField_0477","","","","Богині полювання слід знати, коли відступити.","","",""
"Integrated","HadesField_","0478","HadesField_0478","","","","Для твого дорогого кузена Ареса це, мабуть, на задоволення, хлопчику!","","",""
"Integrated","HadesField_","0479","HadesField_0479","","","","Цей Арес може будь-яку суперечку перетворити на війну!","","",""
"Integrated","HadesField_","0480","HadesField_0480","","","","Це битва, а не бенкет!","","",""
"Integrated","HadesField_","0481","HadesField_0481","","","","Ти що, проситимеш допомоги у п'яниці _ Діоніса?","","",""
"Integrated","HadesField_","0482","HadesField_0482","","","","У моєї прийомної сестри є справи важливіше!","","",""
"Integrated","HadesField_","0483","HadesField_0483","","","","Цій Деметрі слід було б подбати про іншу ділянку землі!","","",""
"Integrated","HadesField_","0484","HadesField_0484","","","","Здається, тобі знадобиться допомога всіх, кого ти зможеш закликати!","","",""
"Integrated","HadesField_","0485","HadesField_0485","","","","Ах, так, моя люба сім'я так допомагає!","","",""
"Integrated","HadesField_","0486","HadesField_0486","","","","Ось, значить, як Олімп допомагає нашим володінням?!","","",""
"Integrated","HadesField_","0487","HadesField_0487","","","","Як люб'язно, що боги Олімпу зволили з'явитися!","","",""
"Integrated","HadesField_","0488","HadesField_0488","","","","Ти... переміг... хлопчику...","","",""
"Integrated","HadesField_","0489","HadesField_0489","","","","Хороша... робота... хлопчик...","","",""
"Integrated","HadesField_","0490","HadesField_0490","","","","А ти... досить... сильний...","","",""
"Integrated","HadesField_","0491","HadesField_0491","","","","Ти... чудово... бився...","","",""
"Integrated","HadesField_","0492","HadesField_0492","","","","Колись... таки... повторимо...","","",""
"Integrated","HadesField_","0493","HadesField_0493","","","","Я... ще... тебе... дістану...","","",""
"Integrated","HadesField_","0494","HadesField_0494","","","","Ти знову... мене... переміг...","","",""
"Integrated","HadesField_","0495","HadesField_0495","","","","Я... міг... перемогти... тебе...","","",""
"Integrated","HadesField_","0496","HadesField_0496","","","","Ти такий... сильний... хлопчик...","","",""
"Integrated","HadesField_","0497","HadesField_0497","","","","Мені... час... йти...","","",""
"Integrated","HadesField_","0506","HadesField_0506","Ending - Father-Son Argument Alts
They are still going at it but now their arguments are less vicious in nature, more domestic. Ones that sound kind and polite should have a biting, sarcastic quality. Like they're having tea-time except they're fighting to the death.","Eyes wide, ferocious. Remember this is in the middle of the fight, them cutting brutally into one another and so on.","","Думаєш, тепер я даватиму тобі потурання, хлопче?","","",""
"Integrated","HadesField_","0506","HadesField_0506","","","","Думаєш, тепер я даватиму тобі потурання, хлопче?","","",""
"Integrated","HadesField_","0507","HadesField_0507","","","","Думаєш, через твою _ матері я тепер буду з тобою м'якше, так?","","",""
"Integrated","HadesField_","0508","HadesField_0508","","","","Чому б тобі не направити цю лють на прибирання своїх покоїв?","","",""
"Integrated","HadesField_","0509","HadesField_0509","","","","Ти б не впорався без допомоги Олімпу, хлопчику!","","",""
"Integrated","HadesField_","0510","HadesField_0510","","","","Хто з наших родичів допоміг тобі цього разу, хлопче?","","",""
"Integrated","HadesField_","0511","HadesField_0511","","","","Твоя мати вже починає балувати тебе!","","",""
"Integrated","HadesField_","0512","HadesField_0512","","","","Сподіваюся, ти чудово проводиш вечір, хлопчисько?","","",""
"Integrated","HadesField_","0513","HadesField_0513","","","","Загрей! Це все, на що ти здатний?","","",""
"Integrated","HadesField_","0514","HadesField_0514","","","","Загрей! Покажи, чому ти навчився!","","",""
"Integrated","HadesField_","0515","HadesField_0515","","","","Загрей! Сподіваюся, ти добре провів час по дорозі сюди?","","",""
"Integrated","HadesField_","0516","HadesField_0516","","","","Загрей! Як просувається мародерство в моїх володіннях?","","",""
"Integrated","HadesField_","0517","HadesField_0517","","","","Подумати тільки, як ти сприйнятливий до цієї форми виховання!","","",""
"Integrated","HadesField_","0518","HadesField_0518","","","","Знаєш, я думаю, ти маєш рацію!","","",""
"Integrated","HadesField_","0519","HadesField_0519","","","","Тебе легко відволікти, ти знаєш?","","",""
"Integrated","HadesField_","0520","HadesField_0520","","","","Звісно, знаємо.","","",""
"Integrated","HadesField_","0521","HadesField_0521","","","","Некорисні роздуми, ось і все!","","",""
"Integrated","HadesField_","0522","HadesField_0522","","","","Думаю так!","","",""
"Integrated","HadesField_","0523","HadesField_0523","","","","Стався до неї з повагою!","","",""
"Integrated","HadesField_","0524","HadesField_0524","","","","Не стався до неї так, як ти дозволяєш собі ставитись до мене!","","",""
"Integrated","HadesField_","0525","HadesField_0525","","","","Ах, як же я міг забути?","","",""
"Integrated","HadesField_","0526","HadesField_0526","","","","Візьми свої слова про мої покої назад!","","",""
"Integrated","HadesField_","0527","HadesField_0527","","","","Так що ти знаєш про справжню роботу?","","",""
"Integrated","HadesField_","0528","HadesField_0528","","","","Запитання тут ставлю я!","","",""
"Integrated","HadesField_","0529","HadesField_0529","","","","Пф, будь ти проклятий, хлопчисько!","","",""
"Integrated","HadesField_","0530","HadesField_0530","","","","я роблю більше, ніж тобі здається!","","",""
"Integrated","HadesField_","0531","HadesField_0531","","","","О, я вдячний, хлопчику!","","",""
"Integrated","HadesField_","0532","HadesField_0532","","","","Якось ти зрозумієш!","","",""
"Integrated","HadesField_","0533","HadesField_0533","","","","Думаю, тобі час померти!","","",""
"Integrated","HadesField_","0534","HadesField_0534","","","","Не вдавати, що тебе це хвилює!","","",""
"Integrated","HadesField_","0535","HadesField_0535","","","","Ах, ну дякую за інформацію!","","",""
"Integrated","HadesField_","0536","HadesField_0536","","","","Може, ще чомусь мене навчиш?","","",""
"Integrated","HadesField_","0537","HadesField_0537","","","","У тебе завжди до мене якісь претензії!","","",""
"Integrated","HadesField_","0538","HadesField_0538","","","","Ох, знаєш, у мене всі як завжди!","","",""
"Integrated","HadesField_","0539","HadesField_0539","","","","Так я й думав!","","",""
"Integrated","HadesField_","0540","HadesField_0540","","","","Який ганьба!","","",""
"Integrated","HadesField_","0541","HadesField_0541","","","","Нема за що, хлопче!","","",""
"Integrated","HadesField_","0542","HadesField_0542","","","","Як дбайливо з твоєї сторони, в самому ділі!","","",""
"Integrated","HadesField_","0543","HadesField_0543","","","","так радий чути.","","",""
"Integrated","HadesField_","0544","HadesField_0544","","","","я можу зробити ось це!","","",""
"Integrated","HadesField_","0545","HadesField_0545","","","","Знову сумуєш, як зазвичай!","","",""
"Integrated","HadesField_","0546","HadesField_0546","","","","Ах, так, ти маєш рацію!","","",""
"Integrated","HadesField_","0547","HadesField_0547","","","","Думаю, нам усім ще багато чому належить навчитися!","","",""
"Integrated","HadesField_","0548","HadesField_0548","","","","Невиправний паршивець!","","",""
"Integrated","HadesField_","0549","HadesField_0549","","","","Ти нахабний..!","","",""
"Integrated","HadesField_","0550","HadesField_0550","","","","Ти нахабний..!","","",""
"Integrated","HadesField_","0551","HadesField_0551","","","","Досить!","","",""
"Integrated","HadesField_","0552","HadesField_0552","","","","Замовчи!","","",""
"Integrated","HadesField_","0553","HadesField_0553","","","","Гаразд!","","",""
"Integrated","HadesField_","0554","HadesField_0554","","","","Розмову закінчено, хлопчик!","","",""
"Integrated","HadesField_","0555","HadesField_0555","","","","Уф..!","","",""
"Integrated","HadesField_","0556","HadesField_0556","","","","А ти думаєш, що ти тут найрозумніший?","","",""
"Integrated","HadesField_","0563","HadesField_0563","PreAttackVoiceLines Variety","","","Здавайся, будь ти проклятий!","","",""
"Integrated","HadesField_","0563","HadesField_0563","","","","Здавайся, будь ти проклятий!","","",""
"Integrated","HadesField_","0564","HadesField_0564","","","","Помри ж, нарешті!","","",""
"Integrated","HadesField_","0565","HadesField_0565","","","","Повертайся назад!","","",""
"Integrated","HadesField_","0566","HadesField_0566","","","","Повертайся назад!","","",""
"Integrated","HadesField_","0567","HadesField_0567","","","","Ах, ти!","","",""
"Integrated","HadesField_","0568","HadesField_0568","","","","Готуйся!","","",""
"Integrated","HadesField_","0569","HadesField_0569","","","","Хлопчик!..","","",""
"Integrated","HadesField_","0570","HadesField_0570","","","","Загрей!","","",""
"Integrated","HadesField_","0571","HadesField_0571","","","","Ми ще не закінчили!","","",""
"Integrated","HadesField_","0572","HadesField_0572","","","","Будь ти проклятий!","","",""
"Integrated","HadesField_","0573","HadesField_0573","","","","Ну ось і все!","","",""
"Integrated","HadesField_","0574","HadesField_0574","","","","Ти й справді посмієш?","","",""
"Integrated","HadesField_","0575","HadesField_0575","","","","Не стримуйся!","","",""
"Integrated","HadesField_","0576","HadesField_0576","","","","Не стримуйся!","","",""
"Integrated","HadesField_","0577","HadesField_0577","","","","Гаразд!","","",""
"Integrated","HadesField_","0578","HadesField_0578","","","","Спробуй ще раз!","","",""
"Integrated","HadesField_","0579","HadesField_0579","","","","Я чекав від тебе більшого.","","",""
"Integrated","HadesField_","0580","HadesField_0580","","","","Ну, ти ж мене вже перемагав!","","",""
"Integrated","HadesField_","0581","HadesField_0581","","","","Куди ж цього разу поділася твоя люта сила?","","",""
"Integrated","HadesField_","0582","HadesField_0582","","","","Я чекав від тебе більшої постійності.","","",""
"Integrated","HadesField_","0583","HadesField_0583","","","","У мене ще з лишком вистачить сил перемогти тебе.","","",""
"Integrated","HadesField_","0584","HadesField_0584","","","","Не будь зі мною занадто гордовитим, хлопчик.","","",""
"Integrated","HadesField_","0585","HadesField_0585","","","","Ти можеш краще.","","",""
"Integrated","HadesField_","0586","HadesField_0586","","","","Ти знову попався, хлопчику.","","",""
"Integrated","HadesField_","0587","HadesField_0587","","","","Це краще, ніж слухати нескінченні скарги тіней.","","",""
"Integrated","HadesField_","0588","HadesField_0588","","","","Марна спроба.","","",""
"Integrated","HadesField_","0589","HadesField_0589","","","","Як безрозсудно.","","",""
"Integrated","HadesField_","0590","HadesField_0590","","","","Не тут-то було.","","",""
"Integrated","HadesField_","0591","HadesField_0591","","","","Боюся, що ні.","","",""
"Integrated","HadesField_","0592","HadesField_0592","","","","Ух...","","",""
"Integrated","HadesField_","0593","HadesField_0593","","","","Як...","","",""
"Integrated","HadesField_","0594","HadesField_0594","","","","Ні...","","",""
"Integrated","HadesField_","0595","HadesField_0595","","","","Хм...","","",""
"Integrated","HadesField_","0596","HadesField_0596","","","","Так...","","",""
"Integrated","HadesField_","0597","HadesField_0597","","","","Зрозуміло...","","",""
"Integrated","HadesField_","0598","HadesField_0598","","","","Гаразд...","","",""
"Integrated","HadesField_","0617","HadesField_0617","","","","<Зітхає>","","",""
"Integrated","HadesField_","0625","HadesField_0625","","","","Цербер!","","",""
"Integrated","HadesField_","0626","HadesField_0626","","","","Цербер!","","",""
"Integrated","HadesField_","0627","HadesField_0627","","","","Цербер?!","","",""
"Integrated","HadesField_","0628","HadesField_0628","","","","Зараз, Цербер!","","",""
"Integrated","HadesField_","0629","HadesField_0629","","","","Я прямо тут!","","",""
"Integrated","HadesField_","0630","HadesField_0630","","","","Так, я чудово чую тебе!","","",""
"Integrated","HadesField_","0631","HadesField_0631","","","","Що?!","","",""
"Integrated","HadesField_","0632","HadesField_0632","","","","Хлопчик!","","",""
"Integrated","HadesField_","0633","HadesField_0633","","","","Син!","","",""
"Integrated","HadesField_","0634","HadesField_0634","","","","Ох, замовкни!","","",""
"Integrated","HadesField_","0635","HadesField_0635","","","","Зникни, мені все однаково!","","",""
"Integrated","HadesField_","0636","HadesField_0636","","","","Мертві душі, відновіть мою силу!","","",""
"Integrated","HadesField_","0637","HadesField_0637","","","","Через смерть я знову знаходжу життя!","","",""
"Integrated","HadesField_","0638","HadesField_0638","","","","Душі мертвих, до мене!","","",""
"Integrated","HadesField_","0639","HadesField_0639","","","","Ці мертві душі мої!","","",""
"Integrated","HadesField_","0640","HadesField_0640","","","","Тобі не зламати мене, хлопчисько!","","",""
"Integrated","HadesField_","0641","HadesField_0641","","","","Усі прокляті душі, вперед!","","",""
"Integrated","HadesField_","0642","HadesField_0642","","","","Усі ваші прокляті душі мої!","","",""
"Integrated","HadesField_","0643","HadesField_0643","","","","я знову знаходжу свої сили!","","",""
"Integrated","HadesField_","0644","HadesField_0644","","","","Стати подібними темряві, прокляті, і знищіть його, зараз же!","","",""
"Integrated","HadesField_","0645","HadesField_0645","","","","Сюди, прокляті! Я примушу тебе забратися з наших очей!","","",""
"Integrated","HadesField_","0646","HadesField_0646","","","","Повстаньте, прокляті, і бийтесь, не залишаючи слідів!","","",""
"Integrated","HadesField_","0647","HadesField_0647","","","","Безсмертні прокляті, я наказую вам боротися!","","",""
"Integrated","HadesField_","0648","HadesField_0648","","","","Прислухайтеся до мене, прокляті, даної мені владою!","","",""
"Integrated","HadesField_","0649","HadesField_0649","","","","Я не програю тобі знову!","","",""
"Integrated","HadesField_","0650","HadesField_0650","","","","Я... ще... можу... битися!","","",""
"Integrated","HadesField_","0651","HadesField_0651","","","","Ми ще... не... закінчили!","","",""
"Integrated","HadesField_","0652","HadesField_0652","","","","Подивимося, як ти з цим впораєшся!","","",""
"Integrated","HadesField_","0653","HadesField_0653","","","","Ти... не можеш... убити... мене!","","",""
"Integrated","HadesField_","0654","HadesField_0654","","","","Підходь та помри!","","",""
"Integrated","HadesField_","0655","HadesField_0655","","","","Ну ось і все!","","",""
"Integrated","HadesField_","0656","HadesField_0656","","","","Бийся зі мною по-справжньому, чорт візьми!","","",""
"Integrated","HadesField_","0663","HadesField_0663","","","","Зевс!","","",""
"Integrated","HadesField_","0664","HadesField_0664","","","","Брате? Прокляття!","","",""
"Integrated","HadesField_","0665","HadesField_0665","","","","Посейдон!","","",""
"Integrated","HadesField_","0666","HadesField_0666","","","","Прокляття, брате!","","",""
"Integrated","HadesField_","0667","HadesField_0667","","","","Коли її щит розвалиться, тобі від мене не втекти.","","",""
"Integrated","HadesField_","0668","HadesField_0668","","","","На місці Афіни було б мудріше не втручатися!","","",""
"Integrated","HadesField_","0669","HadesField_0669","","","","Ти думаєш про неї в такий момент?","","",""
"Integrated","HadesField_","0670","HadesField_0670","","","","Тобі не вдасться зачепити моє серце, хлопчик!","","",""
"Integrated","HadesField_","0671","HadesField_0671","","","","Мисливець не ти, а я.","","",""
"Integrated","HadesField_","0672","HadesField_0672","","","","Тобі знадобиться більше стріл!","","",""
"Integrated","HadesField_","0673","HadesField_0673","","","","Зараз же перетвориться назад, хлопчик!","","",""
"Integrated","HadesField_","0674","HadesField_0674","","","","Твоїх перетворень надовго не вистачить.","","",""
"Integrated","HadesField_","0675","HadesField_0675","","","","Думаєш, це привід для свята, хлопчик?!","","",""
"Integrated","HadesField_","0676","HadesField_0676","","","","Твоя нерозсудливість заглушує твої інстинкти!","","",""
"Integrated","HadesField_","0677","HadesField_0677","","","","Холод, мені байдуже!","","",""
"Integrated","HadesField_","0678","HadesField_0678","","","","Деметро, ти!..","","",""
"Integrated","HadesField_","0679","HadesField_0679","","","","Гр-р-р!","","",""
"Integrated","HadesField_","0680","HadesField_0680","","","","Ти й твої родичі!","","",""
"Integrated","HadesField_","0681","HadesField_0681","","","","Ці прокляті..!","","",""
"Integrated","HadesField_","0682","HadesField_0682","","","","Та як ти смієш?!..","","",""
"Integrated","HadesField_","0683","HadesField_0683","","","","Нргх, ну і настирливість!","","",""
"Integrated","HadesField_","0684","HadesField_0684","","","","Кричи скільки завгодно!","","",""
"Integrated","HadesField_","0685","HadesField_0685","","","","Бийся зі мною самостійно!","","",""
"Integrated","HadesField_","0686","HadesField_0686","","","","Не втягуй сюди Олімп!","","",""
