"Hypnos","ID","ID","ID","","","","Line","","Notes by AR","Notes by DK","",""
"Integrated","Hypnos_","0017","Hypnos_0017","","","","Я не сплю! Не сплю.","","","","",""
"Integrated","Hypnos_","0018","Hypnos_0018","","","","Оу...","","","","",""
"Integrated","Hypnos_","0019","Hypnos_0019","","","","Привіт!","","","","",""
"Integrated","Hypnos_","0020","Hypnos_0020","","","","А ось і він!","","","","",""
"Integrated","Hypnos_","0021","Hypnos_0021","","","","Ласкаво просимо!","","","","",""
"Integrated","Hypnos_","0022","Hypnos_0022","","","","Ласкаво просимо знову!","","","","",""
"Integrated","Hypnos_","0023","Hypnos_0023","","","","Заходь!","","","","",""
"Darren","Hypnos_","0046","Hypnos_0046","","","","Чим можу допомогти?","","","","",""
"Integrated","Hypnos_","0059","Hypnos_0059","","","","Я спробую!","","","","",""
"Integrated","Hypnos_","0183","Hypnos_0183","","","","Буде зроблено!","","","","",""
"Integrated","Hypnos_","0186","Hypnos_0186","","","","До побачення!!","","","","",""
"Integrated","Hypnos_","0189","Hypnos_0189","","","","Так звичайно!","","","","",""
"Integrated","Hypnos_","0192","Hypnos_0192","","","","Можеш викреслити її зі свого списку!","","","","",""
"Integrated","Hypnos_","0198","Hypnos_0198","","","","Не хвилюйся, не скажу!","","","","",""
"Integrated","Hypnos_","0200","Hypnos_0200","","","","О-о-о, дякую!","","","","",""
"Integrated","Hypnos_","0202","Hypnos_0202","","","","Так, всё так!","","","","",""
"Integrated","Hypnos_","0204","Hypnos_0204","","","","Так точно!","","","","",""
"Integrated","Hypnos_","0211","Hypnos_0211","","","","О, це вже точно!","","","","",""
"Integrated","Hypnos_","0215","Hypnos_0215","","","","Ва-а-а-а-а-у.","","","","",""
"Integrated","Hypnos_","0217","Hypnos_0217","","","","Ем, можна мені..?","","","","",""
"Integrated","Hypnos_","0219","Hypnos_0219","","","","Добре!","","","","",""
"Integrated","Hypnos_","0223","Hypnos_0223","","","","","","","","",""
"Integrated","Hypnos_","0224","Hypnos_0224","","","","Да, мам. Тобто... мамо!","","","","",""
"Integrated","Hypnos_","0227","Hypnos_0227","","","","Чудесно! Я постараюсь!","","","","",""
"Integrated","Hypnos_","0229","Hypnos_0229","","","","Ласкаво просимо до Дому Аїда!","","","","",""
"Integrated","Hypnos_","0230","Hypnos_0230","","","","Ласкаво просимо до Дому Аїда!","","","","",""
"Integrated","Hypnos_","0231","Hypnos_0231","","","","Прошу, поводся як у дома!","","","","",""
"Integrated","Hypnos_","0232","Hypnos_0232","","","","Ти вдома!","","","","",""
"Integrated","Hypnos_","0233","Hypnos_0233","","","","Ласкаво просимо в Дім Аїда?","","","","",""
"Integrated","Hypnos_","0234","Hypnos_0234","","","","Ласкаво просимо!","","","","",""
"Integrated","Hypnos_","0235","Hypnos_0235","","","","Дякую, що завітали!","","","","",""
"Integrated","Hypnos_","0236","Hypnos_0236","","","","Дякую, що завітали!","","","","",""
"Integrated","Hypnos_","0237","Hypnos_0237","","","","Ха, як все прошйло там зверху?","","","","",""
"Integrated","Hypnos_","0238","Hypnos_0238","","","","Ти повернувся, ха?","","","","",""
"Integrated","Hypnos_","0239","Hypnos_0239","","","","Привітики, друже!","","","","",""
"Integrated","Hypnos_","0240","Hypnos_0240","","","","Привіт-привіт!","","","","",""
"Integrated","Hypnos_","0241","Hypnos_0241","","","","Ей, так це ж ти!","","","","",""
"Integrated","Hypnos_","0242","Hypnos_0242","","","","Привіт!","","","","",""
"Integrated","Hypnos_","0243","Hypnos_0243","","","","Привіт!","","","","",""
"Integrated","Hypnos_","0244","Hypnos_0244","","","","О, привіт!","","","","",""
"Integrated","Hypnos_","0245","Hypnos_0245","","","","Дякую, що помер!","","","","",""
"Integrated","Hypnos_","0246","Hypnos_0246","","","","Хтось злиться...","","","","",""
"Integrated","Hypnos_","0247","Hypnos_0247","","","","Ах, як шкода!","","","","",""
"Integrated","Hypnos_","0248","Hypnos_0248","","","","Уф, мені шкода!","","","","",""
"Integrated","Hypnos_","0249","Hypnos_0249","","","","Нелегко було, ха?","","","","",""
"Integrated","Hypnos_","0250","Hypnos_0250","","","","Блін...","","","","",""
"Integrated","Hypnos_","0251","Hypnos_0251","","","","Привіт, мені шкода!","","","","",""
"Integrated","Hypnos_","0252","Hypnos_0252","","","","Привіт, ти знову вмер, ха?","","","","",""
"Integrated","Hypnos_","0253","Hypnos_0253","","","","Ой, буває!","","","","",""
"Integrated","Hypnos_","0254","Hypnos_0254","","","","Це жорстоко...","","","","",""
"Integrated","Hypnos_","0255","Hypnos_0255","","","","Надсекретно..?","","","","",""
"Integrated","Hypnos_","0256","Hypnos_0256","","","","Надсекретно, ха.","","","","",""
"Integrated","Hypnos_","0257","Hypnos_0257","","","","У тебе вийшло!","","","","",""
"Integrated","Hypnos_","0258","Hypnos_0258","","","","Ура!","","","","",""
"Integrated","Hypnos_","0259","Hypnos_0259","","","","Ей, всі, він повернувся!","","","","",""
"Integrated","Hypnos_","0260","Hypnos_0260","","","","Він повернувся!","","","","",""
"Integrated","Hypnos_","0261","Hypnos_0261","","","","Приві-і-іт!","","","","",""
"Integrated","Hypnos_","0262","Hypnos_0262","","","","Непоганий результат!","","","","",""
"Integrated","Hypnos_","0263","Hypnos_0263","","","","Чудова робота!","","","","",""
"Integrated","Hypnos_","0264","Hypnos_0264","","","","Ой, вау!","","","","",""
"Integrated","Hypnos_","0266","Hypnos_0266","","","","Ой! Я... я, ем, привіт!","","","","",""
"Integrated","Hypnos_","0269","Hypnos_0269","","","","Ах, я, ем, вітаю!","","","","",""
"Integrated","Hypnos_","0270","Hypnos_0270","","","","Бувай!!!","","","","",""
"Integrated","Hypnos_","0271","Hypnos_0271","","","","До зустрічі!","","","","",""
"Integrated","Hypnos_","0272","Hypnos_0272","","","","Побочимось!","","","","",""
"Integrated","Hypnos_","0273","Hypnos_0273","","","","Бувай!","","","","",""
"Integrated","Hypnos_","0274","Hypnos_0274","","","","Гаразд!","","","","",""
"Integrated","Hypnos_","0275","Hypnos_0275","","","","Чудово!","","","","",""
"Integrated","Hypnos_","0276","Hypnos_0276","","","","Так!","","","","",""
"Integrated","Hypnos_","0277","Hypnos_0277","","","","Ха-ха, так!","","","","",""
"Integrated","Hypnos_","0283","Hypnos_0283","","","","А які ще можуть бути причини?","","","","",""
"Integrated","Hypnos_","0287","Hypnos_0287","","","","Ха?","","","","",""
