"MegaeraHome","ID","ID","ID","","","","Line","","","Notes by DK"
"Integrated","MegaeraHome_","0020","MegaeraHome_0020","","","","Нам більше нема чого сказати один одному, Загрей.","","",""
"Unused","MegaeraHome_","0050","MegaeraHome_0050","","","","Дякую тобі за цю контрабанду. Ось, візьми... невелику винагороду за працю.","","",""
"Unused","MegaeraHome_","0052","MegaeraHome_0052","","","","Дякую, я заберу це. А ти забери ось це. Нумо, бери та йди.","","",""
"Integrated","MegaeraHome_","0053","MegaeraHome_0053","","","","Пф-ф...","","",""
"Integrated","MegaeraHome_","0054","MegaeraHome_0054","","","","Ти...","","",""
"Integrated","MegaeraHome_","0055","MegaeraHome_0055","","","","Р-р-х...","","",""
"Integrated","MegaeraHome_","0056","MegaeraHome_0056","","","","Йди.","","",""
"Integrated","MegaeraHome_","0057","MegaeraHome_0057","","","","Хм.","","",""
"Integrated","MegaeraHome_","0058","MegaeraHome_0058","","","","Загрей.","","",""
"Integrated","MegaeraHome_","0059","MegaeraHome_0059","","","","Ти знову тут.","","",""
"Integrated","MegaeraHome_","0060","MegaeraHome_0060","","","","Ти знову тут?","","",""
"Integrated","MegaeraHome_","0061","MegaeraHome_0061","","","","Хм-м-м.","","",""
"To Be Integrated","MegaeraHome_","0063","MegaeraHome_0063","","","","Я ж сказала дати мені спокій.","","",""
"To Be Integrated","MegaeraHome_","0064","MegaeraHome_0064","","","","Я сказала забиратися.","","",""
"Integrated","MegaeraHome_","0066","MegaeraHome_0066","","","","Хм-м-м.","","",""
"Integrated","MegaeraHome_","0067","MegaeraHome_0067","","","","Так?","","",""
"Integrated","MegaeraHome_","0068","MegaeraHome_0068","","","","Чим можу допомогти?","","",""
"Integrated","MegaeraHome_","0069","MegaeraHome_0069","","","","Ех.","","",""
"Integrated","MegaeraHome_","0070","MegaeraHome_0070","","","","Кх-х.","","",""
"Integrated","MegaeraHome_","0071","MegaeraHome_0071","","","","Що?","","",""
"Integrated","MegaeraHome_","0072","MegaeraHome_0072","","","","Ох.","","",""
"Integrated","MegaeraHome_","0073","MegaeraHome_0073","","","","Так?..","","",""
"Integrated","MegaeraHome_","0074","MegaeraHome_0074","","","","Ох.","","",""
"Integrated","MegaeraHome_","0075","MegaeraHome_0075","","","","Не найкращий час.","","",""
"Integrated","MegaeraHome_","0076","MegaeraHome_0076","","","","Знову вдома.","","",""
"Integrated","MegaeraHome_","0122","MegaeraHome_0122","","","","...мене шалено дратує поведінка цієї проклятої тіні. Скільки разів мені доведеться відшмагати його батогом, щоб змусити виконати просту роботу? Деколи мені здається, що, може, це мені треба закочувати цей проклятий валун замість нього. Ну що за нісенітниця? Але мені хоча б нарешті не доведеться мати з ним жодної справи всю наступну вічність. Останнім часом робота стала ще складнішою, чи не так? Однак я завжди намагаюся виділити час для наших невеликих зустрічей. Я просто... хотіла б, щоб ця жалюгідна тінь усвідомила своє місце...","","",""
"Integrated","MegaeraHome_","0123","MegaeraHome_0123","","","","...навіть не знаю, хто з них гірший, кажу тобі. Одна з них вічно знущається - її просто неможливо терпіти. У нас у Домі теж є любителі поглузувати, але їм з нею не зрівнятися. Інша вперта, як мул, і це я тобі кажу. Мені так і не вдалося достукатися до неї. Я не раз намагалася забути про наші розбіжності, але це неможливо. І тому той факт, що мені часто доводиться бачитися з ними... нелегко прийняти. На щастя, ми можемо подумати, як розібратися з цими проблемами...","","",""
"Integrated","MegaeraHome_","0124","MegaeraHome_0124","","","","...Визнаю, він і справді ідіот. Не знаю, чому повелитель Аїд взагалі терпить його. Можливо, він просто надто зайнятий, щоби звертати увагу. Не знаю навіть, що гірше — повертатися сюди не з власної волі чи вислуховувати його безглузді поради... Думаєш, я йому подобаюся? Це неможливо. Йому подобається слухати свій голос, ось що я скажу тобі. Якось мені доведеться сказати його матері, що я про це думаю... Ех, може, я надто строга до нього, він начебто досить необразливий, хіба ні? Хоча...","","",""
"Integrated","MegaeraHome_","0125","MegaeraHome_0125","","","","Кхм.","","",""
"Integrated","MegaeraHome_","0126","MegaeraHome_0126","","","","Хм-м-м.","","",""
"Integrated","MegaeraHome_","0127","MegaeraHome_0127","","","","Мм-м-м-м.","","",""
"Integrated","MegaeraHome_","0128","MegaeraHome_0128","","","","Як би там не було...","","",""
"Integrated","MegaeraHome_","0129","MegaeraHome_0129","","","","А.","","",""
"Integrated","MegaeraHome_","0130","MegaeraHome_0130","","","","...Неважливо.","","",""
"Integrated","MegaeraHome_","0131","MegaeraHome_0131","","","","Що ж...","","",""
"Integrated","MegaeraHome_","0188","MegaeraHome_0188","","","","Ласкаво просимо знову.","","",""
"Integrated","MegaeraHome_","0189","MegaeraHome_0189","","","","Загрей.","","",""
"Integrated","MegaeraHome_","0190","MegaeraHome_0190","","","","Ей, привіт.","","",""
"Integrated","MegaeraHome_","0191","MegaeraHome_0191","","","","Принц.","","",""
"Integrated","MegaeraHome_","0192","MegaeraHome_0192","","","","Ти знову тут?","","",""
"Integrated","MegaeraHome_","0193","MegaeraHome_0193","","","","Хм-м.","","",""
"Integrated","MegaeraHome_","0194","MegaeraHome_0194","","","","О, привіт.","","",""
"Integrated","MegaeraHome_","0195","MegaeraHome_0195","","","","Іди сюди.","","",""
"Integrated","MegaeraHome_","0196","MegaeraHome_0196","","","","Іди сюди, Заг.","","",""
"Integrated","MegaeraHome_","0197","MegaeraHome_0197","","","","Я тут.","","",""
"Integrated","MegaeraHome_","0198","MegaeraHome_0198","","","","Підійдеш поговорити зі мною?","","",""
"Darren","MegaeraHome_","0214","MegaeraHome_0214","","","","Я саме збиралася вирушати назад, але твоєї заслуги в цьому немає.","","",""
"Integrated","MegaeraHome_","0227","MegaeraHome_0227","","","","<Сміється>","","",""
"Darren","MegaeraHome_","0228","MegaeraHome_0228","","","","<Сміється>","","",""
"Integrated","MegaeraHome_","0229","MegaeraHome_0229","","","","<Сміється>","","",""
"Integrated","MegaeraHome_","0230","MegaeraHome_0230","","","","<Сміється>","","",""
"Darren","MegaeraHome_","0231","MegaeraHome_0231","","","","<Сміється>","","",""
"Integrated","MegaeraHome_","0232","MegaeraHome_0232","","","","Нумо подивимося...","","",""
"Integrated","MegaeraHome_","0233","MegaeraHome_0233","","","","Що ж ми робитимемо.","","",""
"Integrated","MegaeraHome_","0234","MegaeraHome_0234","","","","Що ж мені робити з тобою.","","",""
"Integrated","MegaeraHome_","0235","MegaeraHome_0235","","","","Іди сюди, негайно.","","",""
"Integrated","MegaeraHome_","0236","MegaeraHome_0236","","","","О, маю ідею.","","",""
"Integrated","MegaeraHome_","0237","MegaeraHome_0237","","","","Ах, я знаю щось підходяще.","","",""
"Darren","MegaeraHome_","0238","MegaeraHome_0238","","","","Твоя наступна втеча зачекає.","","",""
"Integrated","MegaeraHome_","0239","MegaeraHome_0239","","","","Ти сумував за мною, Загреє?","","",""
"Integrated","MegaeraHome_","0240","MegaeraHome_0240","","","","Чому ж ти повернувся, м?","","",""
"Integrated","MegaeraHome_","0241","MegaeraHome_0241","","","","Що таке, Загрей?","","",""
"Integrated","MegaeraHome_","0242","MegaeraHome_0242","","","","Тобі щось від мене потрібно?","","",""
"Integrated","MegaeraHome_","0243","MegaeraHome_0243","","","","Чи можу я тобі допомогти, Загрей?","","",""
"Integrated","MegaeraHome_","0244","MegaeraHome_0244","","","","Чим можу допомогти?","","",""
"Darren","MegaeraHome_","0251","MegaeraHome_0251","","","","Гаразд.","","",""
"Integrated","MegaeraHome_","0252","MegaeraHome_0252","","","","Я розумію.","","",""
"Darren","MegaeraHome_","0253","MegaeraHome_0253","","","","Гаразд.","","",""
"Darren","MegaeraHome_","0254","MegaeraHome_0254","","","","Буде зроблено.","","",""
"Integrated","MegaeraHome_","0255","MegaeraHome_0255","","","","Так.","","",""
"Darren","MegaeraHome_","0256","MegaeraHome_0256","","","","Я ціную це.","","",""
"Integrated","MegaeraHome_","0257","MegaeraHome_0257","","","","Вельми вдячна.","","",""
"Darren","MegaeraHome_","0258","MegaeraHome_0258","","","","Дякую тобі.","","",""
"Integrated","MegaeraHome_","0259","MegaeraHome_0259","","","","Дякую.","","",""
"Integrated","MegaeraHome_","0260","MegaeraHome_0260","","","","Дякую.","","",""
"Darren","MegaeraHome_","0261","MegaeraHome_0261","","","","Я твій боржник.","","",""
"Darren","MegaeraHome_","0262","MegaeraHome_0262","","","","Я придумаю, як відплатити тобі.","","",""
"Darren","MegaeraHome_","0263","MegaeraHome_0263","","","","У мене є для тебе щось.","","",""
"Darren","MegaeraHome_","0264","MegaeraHome_0264","","","","Так сталося, що я отримала це.","","",""
"Darren","MegaeraHome_","0265","MegaeraHome_0265","","","","Тобі це знадобиться?","","",""
"Darren","MegaeraHome_","0266","MegaeraHome_0266","","","","Ось, я подумала, що тобі це знадобиться.","","",""
"Darren","MegaeraHome_","0267","MegaeraHome_0267","","","","Нічого особливого, але, ось.","","",""
"Darren","MegaeraHome_","0268","MegaeraHome_0268","","","","От невдача.","","",""
"Darren","MegaeraHome_","0269","MegaeraHome_0269","","","","Це розчаровує.","","",""
"Darren","MegaeraHome_","0270","MegaeraHome_0270","","","","Я мала знати.","","",""
"Darren","MegaeraHome_","0271","MegaeraHome_0271","","","","Який сором.","","",""
"Darren","MegaeraHome_","0272","MegaeraHome_0272","","","","Агх, не може бути.","","",""
"Darren","MegaeraHome_","0273","MegaeraHome_0273","","","","Що..?","","",""
"Darren","MegaeraHome_","0274","MegaeraHome_0274","","","","Рн-нгх-х...","","",""
"Darren","MegaeraHome_","0275","MegaeraHome_0275","","","","Це... ох..!","","",""
"Darren","MegaeraHome_","0276","MegaeraHome_0276","","","","Агх... ах, ти...","","",""
"Darren","MegaeraHome_","0277","MegaeraHome_0277","","","","Та що з тобою таке?","","",""
"Darren","MegaeraHome_","0278","MegaeraHome_0278","","","","Ти розумієш, що ти накоїв?","","",""
"Darren","MegaeraHome_","0279","MegaeraHome_0279","","","","Неймовірно.","","",""
"Darren","MegaeraHome_","0280","MegaeraHome_0280","","","","Повірити не можу.","","",""
"Integrated","MegaeraHome_","0281","MegaeraHome_0281","","","","Провалюй від мене.","","",""
"Integrated","MegaeraHome_","0282","MegaeraHome_0282","","","","Залиш мене в спокої.","","",""
"Integrated","MegaeraHome_","0283","MegaeraHome_0283","","","","Забирайся звідси.","","",""
"Darren","MegaeraHome_","0284","MegaeraHome_0284","","","","Що?..","","",""
"Darren","MegaeraHome_","0285","MegaeraHome_0285","","","","Ти впевнений?..","","",""
"Darren","MegaeraHome_","0286","MegaeraHome_0286","","","","Стривай, правда..?","","",""
"Darren","MegaeraHome_","0287","MegaeraHome_0287","","","","Повірити не можу...","","",""
"Darren","MegaeraHome_","0288","MegaeraHome_0288","","","","Ти впевнений?","","",""
"Integrated","MegaeraHome_","0289","MegaeraHome_0289","","","","Ти зробив це, Заг.","","",""
"Darren","MegaeraHome_","0290","MegaeraHome_0290","","","","Не так вже й погано, мушу визнати.","","",""
"Darren","MegaeraHome_","0291","MegaeraHome_0291","","","","Не думала, що ти на таке здатний, Заг.","","",""
"Darren","MegaeraHome_","0292","MegaeraHome_0292","","","","Ти добре попрацював там.","","",""
"Darren","MegaeraHome_","0293","MegaeraHome_0293","","","","Відмінно спрацьовано.","","",""
"Integrated","MegaeraHome_","0294","MegaeraHome_0294","","","","Правда..?","","",""
"Integrated","MegaeraHome_","0295","MegaeraHome_0295","","","","Правда.","","",""
"Integrated","MegaeraHome_","0296","MegaeraHome_0296","","","","Правда чи що...","","",""
"Integrated","MegaeraHome_","0297","MegaeraHome_0297","","","","Що за нісенітниця.","","",""
"Integrated","MegaeraHome_","0298","MegaeraHome_0298","","","","Та не може бути.","","",""
"Integrated","MegaeraHome_","0299","MegaeraHome_0299","","","","Ти зараз серйозно?","","",""
"Integrated","MegaeraHome_","0300","MegaeraHome_0300","","","","Ось ідіот.","","",""
"Integrated","MegaeraHome_","0301","MegaeraHome_0301","","","","Ось дурень.","","",""
"Integrated","MegaeraHome_","0302","MegaeraHome_0302","","","","Продовжуй.","","",""
"Integrated","MegaeraHome_","0303","MegaeraHome_0303","","","","І?..","","",""
"Integrated","MegaeraHome_","0304","MegaeraHome_0304","","","","Ні...","","",""
"Integrated","MegaeraHome_","0305","MegaeraHome_0305","","","","Ні!..","","",""
"Integrated","MegaeraHome_","0306","MegaeraHome_0306","","","","Ти це серйозно.","","",""
"Integrated","MegaeraHome_","0307","MegaeraHome_0307","","","","Він це сказав?","","",""
"Integrated","MegaeraHome_","0308","MegaeraHome_0308","","","","Що він сказав?","","",""
"Integrated","MegaeraHome_","0309","MegaeraHome_0309","","","","Ти це зробила?","","",""
"Integrated","MegaeraHome_","0310","MegaeraHome_0310","","","","Неймовірно.","","",""
"Integrated","MegaeraHome_","0311","MegaeraHome_0311","","","","Ти не хочеш знати мою думку.","","",""
"Integrated","MegaeraHome_","0312","MegaeraHome_0312","","","","Ох, кров та пітьма.","","",""
"Integrated","MegaeraHome_","0313","MegaeraHome_0313","","","","Так я і думала.","","",""
"Integrated","MegaeraHome_","0314","MegaeraHome_0314","","","","Так я й думала!","","",""
"Integrated","MegaeraHome_","0315","MegaeraHome_0315","","","","Я знаю!","","",""
"Integrated","MegaeraHome_","0316","MegaeraHome_0316","","","","Уф, серйозно.","","",""
"Integrated","MegaeraHome_","0317","MegaeraHome_0317","","","","Та ну...","","",""
"Integrated","MegaeraHome_","0318","MegaeraHome_0318","","","","Що вдієш...","","",""
"Integrated","MegaeraHome_","0319","MegaeraHome_0319","","","","Ой, це не добре.","","",""
"Integrated","MegaeraHome_","0320","MegaeraHome_0320","","","","Тц, ох...","","",""
"Integrated","MegaeraHome_","0321","MegaeraHome_0321","","","","Ось невдача.","","",""
"Integrated","MegaeraHome_","0322","MegaeraHome_0322","","","","Вау.","","",""
"Integrated","MegaeraHome_","0323","MegaeraHome_0323","","","","Що?","","",""
"Integrated","MegaeraHome_","0324","MegaeraHome_0324","","","","Що?!","","",""
"Integrated","MegaeraHome_","0325","MegaeraHome_0325","","","","<Усміхається>","","",""
"Integrated","MegaeraHome_","0326","MegaeraHome_0326","","","","Ти це зробила?","","",""
"Integrated","MegaeraHome_","0327","MegaeraHome_0327","","","","Ти й справді це сказала?","","",""
"Integrated","MegaeraHome_","0328","MegaeraHome_0328","","","","Ох, я не знаю.","","",""
"Integrated","MegaeraHome_","0329","MegaeraHome_0329","","","","Ну напевно.","","",""
"Integrated","MegaeraHome_","0330","MegaeraHome_0330","","","","Знаю я, знаю.","","",""
"Integrated","MegaeraHome_","0331","MegaeraHome_0331","","","","Послухай, я...","","",""
"Integrated","MegaeraHome_","0332","MegaeraHome_0332","","","","Все у повному порядку.","","",""
"Integrated","MegaeraHome_","0333","MegaeraHome_0333","","","","Я розумію, нічого страшного.","","",""
"Unused","MegaeraHome_","0334","MegaeraHome_0334","","","","Що таке, Загрей?","","",""
"Integrated","MegaeraHome_","0335","MegaeraHome_0335","","","","Думаю, це дуже дбайливо з твого боку?","","",""
"Unused","MegaeraHome_","0336","MegaeraHome_0336","","","","Що це взагалі означає?","","",""
"Unused","MegaeraHome_","0337","MegaeraHome_0337","","","","Ох, Загрей, за кого ти мене маєш?","","",""
"Unused","MegaeraHome_","0338","MegaeraHome_0338","","","","Я не знаю, навіщо ти вручаєш це мені.","","",""
"Unused","MegaeraHome_","0339","MegaeraHome_0339","","","","Якщо ти цього дійсно хочеш.","","",""
"Unused","MegaeraHome_","0340","MegaeraHome_0340","","","","Я не можу це прийняти, Загрей.","","",""
"Unused","MegaeraHome_","0341","MegaeraHome_0341","","","","Знаєш, мабуть, я відмовлюся.","","",""
"Unused","MegaeraHome_","0342","MegaeraHome_0342","","","","Щось підказує, що мені не слід це робити.","","",""
"Unused","MegaeraHome_","0343","MegaeraHome_0343","","","","Мені нелегко, але я хочу попросити тебе про дещо.","","",""
"Integrated","MegaeraHome_","0344","MegaeraHome_0344","","","","Я хочу дещо попросити тебе, Заг.","","",""
"Integrated","MegaeraHome_","0345","MegaeraHome_0345","","","","","","",""
"Integrated","MegaeraHome_","0346","MegaeraHome_0346","","","","","","",""
"Darren","MegaeraHome_","0347","MegaeraHome_0347","","","","","","",""
"Darren","MegaeraHome_","0348","MegaeraHome_0348","","","","","","",""
"Darren","MegaeraHome_","0349","MegaeraHome_0349","","","","","","",""
"Integrated","MegaeraHome_","0350","MegaeraHome_0350","","","","","","",""
"Integrated","MegaeraHome_","0351","MegaeraHome_0351","","","","","","",""
"Integrated","MegaeraHome_","0355","MegaeraHome_0355","","","","","","",""
"Integrated","MegaeraHome_","0356","MegaeraHome_0356","","","","","","",""
"Integrated","MegaeraHome_","0357","MegaeraHome_0357","","","","","","",""
"Integrated","MegaeraHome_","0358","MegaeraHome_0358","","","","","","",""
"Integrated","MegaeraHome_","0359","MegaeraHome_0359","","","","","","",""
"Integrated","MegaeraHome_","0360","MegaeraHome_0360","","","","Ти права. Навзаєм.","","",""
"Integrated","MegaeraHome_","0368","MegaeraHome_0368","","","","Сподіваюся, ти змінишся.","","",""
"Integrated","MegaeraHome_","0378","MegaeraHome_0378","","","","Цього ніколи не мало статися, Загрей.","","",""
"Integrated","MegaeraHome_","0395","MegaeraHome_0395","","","","Ха. Думаю, ти це ще з'ясуєш.","","",""
"Integrated","MegaeraHome_","0403","MegaeraHome_0403","","","","Так, знаєш, можна і так сказати.","","",""
"Integrated","MegaeraHome_","0408","MegaeraHome_0408","","","","Я ж сказала, що це не моя справа.","","",""
"Integrated","MegaeraHome_","0416","MegaeraHome_0416","","","","Як вам буде завгодно.","","",""
"Integrated","MegaeraHome_","0421","MegaeraHome_0421","","","","Як і завжди.","","",""
