"MegaeraField","ID","ID","ID","","","","Line"
"Integrated","MegaeraField_","0064","MegaeraField_0064","","","","Отримуй!"
"Integrated","MegaeraField_","0065","MegaeraField_0065","","","","Ось, спробуй це!"
"Integrated","MegaeraField_","0066","MegaeraField_0066","","","","Лови!"
"Integrated","MegaeraField_","0067","MegaeraField_0067","","","","Спробуй ухилися!"
"Integrated","MegaeraField_","0068","MegaeraField_0068","","","","Ось, покуштуй!"
"Integrated","MegaeraField_","0069","MegaeraField_0069","","","","Ось!"
"Integrated","MegaeraField_","0070","MegaeraField_0070","","","","Помри!"
"Integrated","MegaeraField_","0071","MegaeraField_0071","","","","Вб'ю!"
"Integrated","MegaeraField_","0072","MegaeraField_0072","","","","Пізнай страждання!"
"Integrated","MegaeraField_","0073","MegaeraField_0073","","","","Лови!"
"Integrated","MegaeraField_","0074","MegaeraField_0074","","","","Кров та пітьма!"
"Integrated","MegaeraField_","0075","MegaeraField_0075","","","","Сам напросився!"
"Integrated","MegaeraField_","0076","MegaeraField_0076","","","","Біжи ж, дурень!"
"Integrated","MegaeraField_","0077","MegaeraField_0077","","","","Ти помреш тут!"
"Integrated","MegaeraField_","0078","MegaeraField_0078","","","","Досить!"
"Integrated","MegaeraField_","0079","MegaeraField_0079","","","","Ноги в руки, людисько!"
"Integrated","MegaeraField_","0080","MegaeraField_0080","","","","Тобі від мене не втекти."
"Integrated","MegaeraField_","0081","MegaeraField_0081","","","","Ось тобі!.."
"Integrated","MegaeraField_","0082","MegaeraField_0082","","","","Ти мені за все заплатиш!.."
"Integrated","MegaeraField_","0083","MegaeraField_0083","","","","Шкода на тебе час витрачати."
"Integrated","MegaeraField_","0084","MegaeraField_0084","","","","Ні кроку далі."
"Integrated","MegaeraField_","0085","MegaeraField_0085","","","","Все закінчиться швидко."
"Integrated","MegaeraField_","0086","MegaeraField_0086","","","","Моли про пощаду, дурне."
"Integrated","MegaeraField_","0087","MegaeraField_0087","","","","Хочеш випробувати це на собі?"
"Integrated","MegaeraField_","0088","MegaeraField_0088","","","","Підійди ближче, Загрей."
"Integrated","MegaeraField_","0089","MegaeraField_0089","","","","Стій там, де стоїш."
"Integrated","MegaeraField_","0090","MegaeraField_0090","","","","Мерзотник!"
"Integrated","MegaeraField_","0091","MegaeraField_0091","","","","Ти мерзотник!"
"Integrated","MegaeraField_","0092","MegaeraField_0092","","","","Вилупок!"
"Integrated","MegaeraField_","0093","MegaeraField_0093","","","","Жалюгідний черв'як!"
"Integrated","MegaeraField_","0094","MegaeraField_0094","","","","Як ти смієш!"
"Integrated","MegaeraField_","0095","MegaeraField_0095","","","","Як ти смієш?"
"Integrated","MegaeraField_","0096","MegaeraField_0096","","","","Ах ти!"
"Integrated","MegaeraField_","0097","MegaeraField_0097","","","","Боляче."
"Integrated","MegaeraField_","0098","MegaeraField_0098","","","","Прокляття!"
"Integrated","MegaeraField_","0099","MegaeraField_0099","","","","Щоб тобі провалитися!"
"Integrated","MegaeraField_","0100","MegaeraField_0100","","","","Дідько!"
"Integrated","MegaeraField_","0101","MegaeraField_0101","","","","Кров і пітьма!"
"Integrated","MegaeraField_","0102","MegaeraField_0102","","","","Не зараз!"
"Integrated","MegaeraField_","0103","MegaeraField_0103","","","","Досить!"
"Integrated","MegaeraField_","0104","MegaeraField_0104","","","","Ну от і все!"
"Integrated","MegaeraField_","0105","MegaeraField_0105","","","","Досить!"
"Integrated","MegaeraField_","0106","MegaeraField_0106","","","","Прокляті Тартара, до мене!"
"Integrated","MegaeraField_","0107","MegaeraField_0107","","","","Прокляті Підземного світу, до мене!"
"Integrated","MegaeraField_","0108","MegaeraField_0108","","","","Прислухайтеся, на мій наказ!"
"Integrated","MegaeraField_","0109","MegaeraField_0109","","","","Ім'ям Аїда!"
"Integrated","MegaeraField_","0110","MegaeraField_0110","","","","Почуйте мене, жалюгідні тіні!"
"Integrated","MegaeraField_","0111","MegaeraField_0111","","","","Мені потрібна підмога, зараз!"
"Integrated","MegaeraField_","0112","MegaeraField_0112","","","","Подивимося, як ти впораєшся з цим!"
"Integrated","MegaeraField_","0113","MegaeraField_0113","","","","Це ще не кінець."
"Integrated","MegaeraField_","0114","MegaeraField_0114","","","","Ми тільки розминаємось!"
"Integrated","MegaeraField_","0115","MegaeraField_0115","","","","Ти за це заплатиш."
"Integrated","MegaeraField_","0116","MegaeraField_0116","","","","Я примушу тебе страждати."
"Integrated","MegaeraField_","0117","MegaeraField_0117","","","","Я ще не закінчила."
"Integrated","MegaeraField_","0118","MegaeraField_0118","","","","Не будь надто самовпевненим."
"Integrated","MegaeraField_","0119","MegaeraField_0119","","","","Ми ще не закінчили."
"Integrated","MegaeraField_","0120","MegaeraField_0120","","","","Я не дозволю тобі перемогти."
"Integrated","MegaeraField_","0121","MegaeraField_0121","","","","Ти ще мене не переміг."
"Integrated","MegaeraField_","0122","MegaeraField_0122","","","","У тобі занадто багато нахабства."
"Integrated","MegaeraField_","0123","MegaeraField_0123","","","","Вирушай додому, Загрей."
"Integrated","MegaeraField_","0124","MegaeraField_0124","","","","Ось тобі."
"Integrated","MegaeraField_","0125","MegaeraField_0125","","","","Ха! Ідіот."
"Integrated","MegaeraField_","0126","MegaeraField_0126","","","","Ось так! А тепер геть із моїх палат."
"Integrated","MegaeraField_","0127","MegaeraField_0127","","","","Ти для мене тепер пусте місце."
"Integrated","MegaeraField_","0128","MegaeraField_0128","","","","Переказуй від мене привіт Аїду."
"Integrated","MegaeraField_","0129","MegaeraField_0129","","","","Тобі спочатку слід було гарненько подумати."
"Integrated","MegaeraField_","0130","MegaeraField_0130","","","","Будь ти проклятий."
"Integrated","MegaeraField_","0131","MegaeraField_0131","","","","Забирайся звідси."
"Integrated","MegaeraField_","0132","MegaeraField_0132","","","","Ти жалюгідний дурень."
"Integrated","MegaeraField_","0133","MegaeraField_0133","","","","Думаю, ми закінчили."
"Integrated","MegaeraField_","0134","MegaeraField_0134","","","","<Сміється>"
"Integrated","MegaeraField_","0135","MegaeraField_0135","","","","<Сміється>"
"Integrated","MegaeraField_","0136","MegaeraField_0136","","","","<Сміється>"
"Integrated","MegaeraField_","0137","MegaeraField_0137","","","","Тобі ніколи не перемогти мене, Заг."
"Integrated","MegaeraField_","0138","MegaeraField_0138","","","","Ти не розумієш, коли час здатися?"
"Integrated","MegaeraField_","0139","MegaeraField_0139","","","","Здавайся ж, чорт тебе забирай."
"Integrated","MegaeraField_","0140","MegaeraField_0140","","","","Я вб'ю тебе і наступного разу."
"Integrated","MegaeraField_","0141","MegaeraField_0141","","","","Мені продовжувати?"
"Integrated","MegaeraField_","0142","MegaeraField_0142","","","","Ти просто не розумієш натяків."
"Integrated","MegaeraField_","0143","MegaeraField_0143","","","","Нарешті я дісталася тебе, Заг."
"Integrated","MegaeraField_","0144","MegaeraField_0144","","","","Це зайняло досить багато часу."
"Integrated","MegaeraField_","0145","MegaeraField_0145","","","","Помста так солодка."
"Integrated","MegaeraField_","0146","MegaeraField_0146","","","","Нарешті я дісталася тебе, Загрей."
"Integrated","MegaeraField_","0147","MegaeraField_0147","","","","Ти що, вирішив мене пошкодувати, Загрею?"
"Integrated","MegaeraField_","0148","MegaeraField_0148","","","","Ти що, щойно дозволив мені виграти?.."
"Integrated","MegaeraField_","0149","MegaeraField_0149","","","","Ні!.."
"Integrated","MegaeraField_","0150","MegaeraField_0150","","","","Ні!"
"Integrated","MegaeraField_","0151","MegaeraField_0151","","","","Як?.."
"Integrated","MegaeraField_","0152","MegaeraField_0152","","","","Як?!"
"Integrated","MegaeraField_","0153","MegaeraField_0153","","","","Що?!"
"Integrated","MegaeraField_","0154","MegaeraField_0154","","","","Це неможливо!"
"Integrated","MegaeraField_","0155","MegaeraField_0155","","","","Не можу!.."
"Integrated","MegaeraField_","0156","MegaeraField_0156","","","","Знову?!"
"Integrated","MegaeraField_","0157","MegaeraField_0157","","","","Як, знову?!"
"Unused","MegaeraField_","0158","MegaeraField_0158","","","","Не чекав побачити мене, Загреє?"
"Unused","MegaeraField_","0159","MegaeraField_0159","","","","І знову привіт, Загрей."
"Unused","MegaeraField_","0160","MegaeraField_0160","","","","Так і думала, що знайду тебе тут."
"Unused","MegaeraField_","0161","MegaeraField_0161","","","","Тебе легко вистежити, ти знаєш про це, Заг?"
"Unused","MegaeraField_","0162","MegaeraField_0162","","","","А, ось ти де."
"Unused","MegaeraField_","0163","MegaeraField_0163","","","","Я знайшла тебе, Загрей."
"Darren","MegaeraField_","0188","MegaeraField_0188","","","","Іди, Загрей. Я маю на увазі... Я не намагатимусь зупинити тебе. Іди."
"Darren","MegaeraField_","0189","MegaeraField_0189","","","","Мої погляди змінилися, але почуття залишилися незмінними. Те, чим ми займаємося тут... нічого не виходить. А тепер йди, інакше буде біда."
"Darren","MegaeraField_","0210","MegaeraField_0210","","","","Я не збираюся битися з тобою. Іди."
"Darren","MegaeraField_","0211","MegaeraField_0211","","","","Уявімо, що битва відбулася. Іди."
"Darren","MegaeraField_","0212","MegaeraField_0212","","","","Не здавайся, Загрій. І нікому ні слова про це."
"Darren","MegaeraField_","0213","MegaeraField_0213","","","","Мойри прихильні до тебе в Асфоделі і далі. Іди."
"Darren","MegaeraField_","0214","MegaeraField_0214","","","","Я більше не боротимусь з тобою, Загрею. Забирайся звідси."
"Darren","MegaeraField_","0215","MegaeraField_0215","","","","Вихід прямо за моєю спиною. Тепер йди."
"Darren","MegaeraField_","0216","MegaeraField_0216","","","","Тобі знадобляться сили для майбутніх випробувань. Іди."
"Darren","MegaeraField_","0217","MegaeraField_0217","","","","Уперед, Загрей. Вдамо, що я тебе не помітила."
"Integrated","MegaeraField_","0218","MegaeraField_0218","","","","Я ще дістануся до тебе."
"Integrated","MegaeraField_","0219","MegaeraField_0219","","","","Помри ж, нарешті."
"Integrated","MegaeraField_","0220","MegaeraField_0220","","","","Тобі вдалося вижити?"
"Integrated","MegaeraField_","0221","MegaeraField_0221","","","","Помри!"
"Integrated","MegaeraField_","0222","MegaeraField_0222","","","","Помри ж, чорт забирай."
"Integrated","MegaeraField_","0223","MegaeraField_0223","","","","Як мило."
"Integrated","MegaeraField_","0224","MegaeraField_0224","","","","У тебе йде кров, Загрей."
"Integrated","MegaeraField_","0225","MegaeraField_0225","","","","Ти не зможеш ховатися вічно."
"Integrated","MegaeraField_","0226","MegaeraField_0226","","","","Ти поїдеш додому."
"Integrated","MegaeraField_","0227","MegaeraField_0227","","","","Здавайся."
"Integrated","MegaeraField_","0228","MegaeraField_0228","","","","Здавайся ж, нарешті."
"Integrated","MegaeraField_","0229","MegaeraField_0229","","","","Ти покійник."
"Integrated","MegaeraField_","0230","MegaeraField_0230","","","","Ти мій."
"Integrated","MegaeraField_","0231","MegaeraField_0231","","","","Я знаю, що Нікта допомагає тобі."
"Integrated","MegaeraField_","0232","MegaeraField_0232","","","","Ти, дрібний брехун..."
"Integrated","MegaeraField_","0233","MegaeraField_0233","","","","Твої шанси вислизають, Загрей."
"Integrated","MegaeraField_","0234","MegaeraField_0234","","","","Ти отримаєш те, що заслуговуєш."
"Integrated","MegaeraField_","0235","MegaeraField_0235","","","","Потрапила цього разу."
"Integrated","MegaeraField_","0236","MegaeraField_0236","","","","Сподіваюся, це було боляче."
"Integrated","MegaeraField_","0237","MegaeraField_0237","","","","Ти і твої брудні трюки."
"Integrated","MegaeraField_","0238","MegaeraField_0238","","","","Ха!"
"Integrated","MegaeraField_","0239","MegaeraField_0239","","","","Я можу з тобою впоратися."
"Integrated","MegaeraField_","0240","MegaeraField_0240","","","","Мені вдалося затримати тебе, правда?"
"Integrated","MegaeraField_","0241","MegaeraField_0241","","","","Тоді так!"
"Integrated","MegaeraField_","0242","MegaeraField_0242","","","","Я сказала, помри!"
"Integrated","MegaeraField_","0243","MegaeraField_0243","","","","Лови, Загрей!"
"Integrated","MegaeraField_","0244","MegaeraField_0244","","","","Як на щодо цього!"
"Integrated","MegaeraField_","0245","MegaeraField_0245","","","","Ноги в руки, поки не пізно."
"Integrated","MegaeraField_","0246","MegaeraField_0246","","","","Біжи."
"Integrated","MegaeraField_","0247","MegaeraField_0247","","","","Біжи!"
"Integrated","MegaeraField_","0248","MegaeraField_0248","","","","Стій."
"Integrated","MegaeraField_","0249","MegaeraField_0249","","","","Стій!"
"Integrated","MegaeraField_","0250","MegaeraField_0250","","","","Страждай у пітьмі!"
"Integrated","MegaeraField_","0251","MegaeraField_0251","","","","Дивись під ноги."
"Integrated","MegaeraField_","0252","MegaeraField_0252","","","","Чому ти не здаєшся?"
"Integrated","MegaeraField_","0253","MegaeraField_0253","","","","Будь добрий, постій спокійно."
"Integrated","MegaeraField_","0254","MegaeraField_0254","","","","Стій спокійно!"
"Integrated","MegaeraField_","0255","MegaeraField_0255","","","","Я до тебе дістануся."
"Integrated","MegaeraField_","0256","MegaeraField_0256","","","","Підійди ближче."
"Integrated","MegaeraField_","0257","MegaeraField_0257","","","","Нікуди не йди."
"Integrated","MegaeraField_","0258","MegaeraField_0258","","","","Одного удару недостатньо."
"Integrated","MegaeraField_","0259","MegaeraField_0259","","","","Тобі подобається мій батіг?"
"Integrated","MegaeraField_","0260","MegaeraField_0260","","","","Ось мій батіг!"
"Integrated","MegaeraField_","0261","MegaeraField_0261","","","","Я завдам тобі болю."
"Integrated","MegaeraField_","0262","MegaeraField_0262","","","","Ух, ні."
"Integrated","MegaeraField_","0263","MegaeraField_0263","","","","Ах, чорт!"
"Integrated","MegaeraField_","0264","MegaeraField_0264","","","","Ах ти!"
"Integrated","MegaeraField_","0265","MegaeraField_0265","","","","Х-ха!"
"Integrated","MegaeraField_","0266","MegaeraField_0266","","","","Ах, хр-нх!"
"Integrated","MegaeraField_","0267","MegaeraField_0267","","","","Пф-ф, ха."
"Integrated","MegaeraField_","0268","MegaeraField_0268","","","","Я покажу тобі, що таке біль."
"Integrated","MegaeraField_","0269","MegaeraField_0269","","","","Як відчуття?"
"Integrated","MegaeraField_","0270","MegaeraField_0270","","","","Ось так."
"Integrated","MegaeraField_","0271","MegaeraField_0271","","","","Нічого особливого."
"Integrated","MegaeraField_","0272","MegaeraField_0272","","","","І на останок."
"Integrated","MegaeraField_","0273","MegaeraField_0273","","","","Я примушу тебе кричати."
"Integrated","MegaeraField_","0274","MegaeraField_0274","","","","Я завдам тобі ще більших страждань."
"Integrated","MegaeraField_","0275","MegaeraField_0275","","","","Я відчуваю твій біль."
"Integrated","MegaeraField_","0276","MegaeraField_0276","","","","Я так не думаю."
"Integrated","MegaeraField_","0277","MegaeraField_0277","","","","Ти слабкий, Заг."
"Integrated","MegaeraField_","0278","MegaeraField_0278","","","","Слабок."
"Integrated","MegaeraField_","0279","MegaeraField_0279","","","","Без шансів."
"Integrated","MegaeraField_","0280","MegaeraField_0280","","","","Думаю що ні."
"Integrated","MegaeraField_","0281","MegaeraField_0281","","","","Дурень."
"Integrated","MegaeraField_","0282","MegaeraField_0282","","","","Пф-ф."
"Integrated","MegaeraField_","0283","MegaeraField_0283","","","","Ти не можеш завдати мені болю."
"Integrated","MegaeraField_","0284","MegaeraField_0284","","","","Мені потрібна підмога, зараз!"
"Integrated","MegaeraField_","0285","MegaeraField_0285","","","","Ну, прокляті!"
"Integrated","MegaeraField_","0286","MegaeraField_0286","","","","Та де ця чортова підмога!"
"Integrated","MegaeraField_","0287","MegaeraField_0287","","","","Прийдіть і вбийте його, прокляті!"
"Integrated","MegaeraField_","0288","MegaeraField_0288","","","","Прокляті, знищіть його!"
"Integrated","MegaeraField_","0289","MegaeraField_0289","","","","Познайомся з моїми друзями."
"Integrated","MegaeraField_","0290","MegaeraField_0290","","","","От і все."
"Integrated","MegaeraField_","0291","MegaeraField_0291","","","","Добре."
"Integrated","MegaeraField_","0292","MegaeraField_0292","","","","Нумо покінчимо з цим."
"Integrated","MegaeraField_","0293","MegaeraField_0293","","","","Все закінчиться тут."
"Integrated","MegaeraField_","0294","MegaeraField_0294","","","","Я ще з тобою не закінчила."
"Integrated","MegaeraField_","0295","MegaeraField_0295","","","","Вистачить уже."
"Integrated","MegaeraField_","0296","MegaeraField_0296","","","","Нарешті."
"Integrated","MegaeraField_","0297","MegaeraField_0297","","","","Нарешті я дісталася до тебе."
"Integrated","MegaeraField_","0298","MegaeraField_0298","","","","Попався."
"Integrated","MegaeraField_","0299","MegaeraField_0299","","","","І не повертайся."
"Integrated","MegaeraField_","0300","MegaeraField_0300","","","","Дурень."
"Integrated","MegaeraField_","0301","MegaeraField_0301","","","","Жалюгідний дурень."
"Integrated","MegaeraField_","0302","MegaeraField_0302","","","","Переказуй привіт Нікті."
"Integrated","MegaeraField_","0303","MegaeraField_0303","","","","Потони у водах Стікс."
"Integrated","MegaeraField_","0304","MegaeraField_0304","","","","Все скінчено."
"Integrated","MegaeraField_","0305","MegaeraField_0305","","","","Ми закінчили."
"Integrated","MegaeraField_","0306","MegaeraField_0306","","","","Я вб'ю тебе знову, і знову, і знову."
"Integrated","MegaeraField_","0307","MegaeraField_0307","","","","Твої сяючі родичі не допоможуть тобі."
"Integrated","MegaeraField_","0308","MegaeraField_0308","","","","Наступного разу все буде так само, як цього разу."
"Integrated","MegaeraField_","0309","MegaeraField_0309","","","","Я відправлятиму тебе назад стільки разів, скільки буде потрібно."
"Integrated","MegaeraField_","0310","MegaeraField_0310","","","","Ти повинен був дозволити мені виграти."
"Integrated","MegaeraField_","0311","MegaeraField_0311","","","","Твоє серце не лежало до битви... Чому?"
"Integrated","MegaeraField_","0312","MegaeraField_0312","","","","Я насолоджуватимусь і такою помстою!"
"Integrated","MegaeraField_","0313","MegaeraField_0313","","","","На цей раз Мойри були на моїй стороні."
"Integrated","MegaeraField_","0314","MegaeraField_0314","","","","Ти не у формі, Заг."
"Integrated","MegaeraField_","0315","MegaeraField_0315","","","","Забирайся звідси."
"Integrated","MegaeraField_","0316","MegaeraField_0316","","","","Ах, прокляття..."
"Integrated","MegaeraField_","0317","MegaeraField_0317","","","","Будь ти проклятий..."
"Integrated","MegaeraField_","0318","MegaeraField_0318","","","","Ух, кров та..."
"Integrated","MegaeraField_","0319","MegaeraField_0319","","","","Король Аїд, я..."
"Integrated","MegaeraField_","0320","MegaeraField_0320","","","","Сестри..."
"Integrated","MegaeraField_","0321","MegaeraField_0321","","","","Як ти..."
"Integrated","MegaeraField_","0322","MegaeraField_0322","","","","Це..."
"Integrated","MegaeraField_","0323","MegaeraField_0323","","","","Як я могла..!"
"Integrated","MegaeraField_","0324","MegaeraField_0324","","","","Безглуздо..."
"Integrated","MegaeraField_","0325","MegaeraField_0325","","","","Чому..."
"Integrated","MegaeraField_","0326","MegaeraField_0326","","","","Алекто!"
"Integrated","MegaeraField_","0327","MegaeraField_0327","","","","Алекто!.."
"Integrated","MegaeraField_","0328","MegaeraField_0328","","","","Сюди, Алекто!"
"Integrated","MegaeraField_","0329","MegaeraField_0329","","","","Сюди, Алекто!.."
"Integrated","MegaeraField_","0330","MegaeraField_0330","","","","Алекто, нумо!"
"Integrated","MegaeraField_","0331","MegaeraField_0331","","","","Алекто, нумо!!!"
"Integrated","MegaeraField_","0332","MegaeraField_0332","","","","Зараз, Алекто!"
"Integrated","MegaeraField_","0333","MegaeraField_0333","","","","Зараз, Алекто!!!"
"Integrated","MegaeraField_","0334","MegaeraField_0334","","","","Алекто, тримай його!"
"Integrated","MegaeraField_","0335","MegaeraField_0335","","","","Алекто, пусти йому кров!"
"Integrated","MegaeraField_","0336","MegaeraField_0336","","","","Алекто!"
"Darren","MegaeraField_","0337","MegaeraField_0337","","","","Дідько, Алекто."
"Darren","MegaeraField_","0338","MegaeraField_0338","","","","Алекто..."
"Integrated","MegaeraField_","0339","MegaeraField_0339","","","","Готова, Алекто."
"Integrated","MegaeraField_","0340","MegaeraField_0340","","","","Готова, сестра!"
"Integrated","MegaeraField_","0341","MegaeraField_0341","","","","Тісіфона!"
"Integrated","MegaeraField_","0342","MegaeraField_0342","","","","Тісіфона!.."
"Integrated","MegaeraField_","0343","MegaeraField_0343","","","","Сюди, Тіс!"
"Integrated","MegaeraField_","0344","MegaeraField_0344","","","","Сюди, Тіс!.."
"Integrated","MegaeraField_","0345","MegaeraField_0345","","","","Тіс, нумо!"
"Integrated","MegaeraField_","0346","MegaeraField_0346","","","","Тісіфона, нумо!"
"Integrated","MegaeraField_","0347","MegaeraField_0347","","","","Зараз, Тіс!"
"Integrated","MegaeraField_","0348","MegaeraField_0348","","","","Зараз, Тіс!"
"Integrated","MegaeraField_","0349","MegaeraField_0349","","","","Тісіфона, убий його!"
"Integrated","MegaeraField_","0350","MegaeraField_0350","","","","Тісіфона, убивай!"
"Darren","MegaeraField_","0351","MegaeraField_0351","","","","Тісіфона!!!"
"Darren","MegaeraField_","0352","MegaeraField_0352","","","","Тіс, ні..."
"Darren","MegaeraField_","0353","MegaeraField_0353","","","","Тісіфона..."
"Integrated","MegaeraField_","0354","MegaeraField_0354","","","","Готова, Тіс."
"Darren","MegaeraField_","0355","MegaeraField_0355","","","","Я готова, сестро."
"Integrated","MegaeraField_","0356","MegaeraField_0356","","","","Уперед, сестри!"
"Integrated","MegaeraField_","0357","MegaeraField_0357","","","","Нумо ж, сестри!"
"Integrated","MegaeraField_","0358","MegaeraField_0358","","","","Приготуйтеся, сестри!"
"Integrated","MegaeraField_","0359","MegaeraField_0359","","","","Готуйтесь, сестри."
"Integrated","MegaeraField_","0360","MegaeraField_0360","","","","Готові, сестри?"
"Integrated","MegaeraField_","0361","MegaeraField_0361","","","","Алекто, Тісіфона, уперед!!!"
"Integrated","MegaeraField_","0362","MegaeraField_0362","","","","Алекто, Тіс, ви готові?"
"Integrated","MegaeraField_","0363","MegaeraField_0363","","","","Ерінії, приготуйтеся."
"Darren","MegaeraField_","0364","MegaeraField_0364","","","","Я сама з цим розберусь."
"Integrated","MegaeraField_","0365","MegaeraField_0365","","","","Ми — фурії!!!"
"Integrated","MegaeraField_","0366","MegaeraField_0366","","","","Зараз!"
"Integrated","MegaeraField_","0367","MegaeraField_0367","","","","В атаку!"
"Integrated","MegaeraField_","0368","MegaeraField_0368","","","","Уб'ю!"
"Integrated","MegaeraField_","0369","MegaeraField_0369","","","","Він наш."
"Integrated","MegaeraField_","0370","MegaeraField_0370","","","","Ми — фурії."
"Integrated","MegaeraField_","0371","MegaeraField_0371","","","","Ми тут закінчили."
"Integrated","MegaeraField_","0372","MegaeraField_0372","","","","Він не мав і шансу проти нас."
"Integrated","MegaeraField_","0373","MegaeraField_0373","","","","<Сміється>"
"Integrated","MegaeraField_","0374","MegaeraField_0374","","","","<Сміється>"
"Integrated","MegaeraField_","0375","MegaeraField_0375","","","","<Сміється>"
"Integrated","MegaeraField_","0376","MegaeraField_0376","","","","<Сміється>"
"Integrated","MegaeraField_","0377","MegaeraField_0377","","","","<Сміється>"
"Unused","MegaeraField_","0397","MegaeraField_0397","","","","Я буду дуже вдячна. Але спочатку хочу познайомити тебе з моїм батогом."
"Integrated","MegaeraField_","0398","MegaeraField_0398","","","","Що..?"
"Integrated","MegaeraField_","0399","MegaeraField_0399","","","","Що!.."
"Integrated","MegaeraField_","0400","MegaeraField_0400","","","","Загрей..."
"Integrated","MegaeraField_","0401","MegaeraField_0401","","","","Іди ж сюди."
"Integrated","MegaeraField_","0402","MegaeraField_0402","","","","Покажи свою злість."
"Integrated","MegaeraField_","0403","MegaeraField_0403","","","","Як?.."
"Integrated","MegaeraField_","0404","MegaeraField_0404","","","","Як..."
"Integrated","MegaeraField_","0405","MegaeraField_0405","","","","Що це?"
"Integrated","MegaeraField_","0406","MegaeraField_0406","","","","Що на тебе найшло?"
"Integrated","MegaeraField_","0407","MegaeraField_0407","","","","Так..."
"Integrated","MegaeraField_","0408","MegaeraField_0408","","","","Як ти..?"
"Integrated","MegaeraField_","0409","MegaeraField_0409","","","","Як ти..?!"
"Integrated","MegaeraField_","0410","MegaeraField_0410","","","","Ну ось знову."
"Integrated","MegaeraField_","0411","MegaeraField_0411","","","","Ти сердишся."
"Integrated","MegaeraField_","0412","MegaeraField_0412","","","","Жодного самоконтролю."
"Integrated","MegaeraField_","0413","MegaeraField_0413","","","","Візьми себе в руки."
"Darren","MegaeraField_","0416","MegaeraField_0416","","","","У мене була можливість поговорити з Алекто, Загрей, і, як ти бачиш, ми домовилися."
"Darren","MegaeraField_","0417","MegaeraField_0417","","","","У мене була можливість поговорити з Тісіфоною, Загрей, і, як ти бачиш, ми домовилися."
"Darren","MegaeraField_","0418","MegaeraField_0418","","","","Нам давно не до ігор. Ми знищимо тебе, хоч би чого нам це коштувало. Сестра! Час."
"Integrated","MegaeraField_","0448","MegaeraField_0448","","","","Тримайся!"
"Integrated","MegaeraField_","0449","MegaeraField_0449","","","","Я допоможу тобі."
"Integrated","MegaeraField_","0450","MegaeraField_0450","","","","Я тут."
"Integrated","MegaeraField_","0451","MegaeraField_0451","","","","Відійди."
"Integrated","MegaeraField_","0452","MegaeraField_0452","","","","Загрей!"
"Integrated","MegaeraField_","0453","MegaeraField_0453","","","","Заг!"
"Integrated","MegaeraField_","0454","MegaeraField_0454","","","","Ти кликав мене?"
"Integrated","MegaeraField_","0455","MegaeraField_0455","","","","Тільки подивіться, яка заварушка!"
"Integrated","MegaeraField_","0456","MegaeraField_0456","","","","Ну і заварушка!"
"Integrated","MegaeraField_","0457","MegaeraField_0457","","","","Непогана заварушка, Заг."
"Integrated","MegaeraField_","0458","MegaeraField_0458","","","","Я впораюся."
"Integrated","MegaeraField_","0459","MegaeraField_0459","","","","Потрібна допомога, Заг?"
"Integrated","MegaeraField_","0460","MegaeraField_0460","","","","Я про це подбаю."
"Integrated","MegaeraField_","0461","MegaeraField_0461","","","","Без проблем."
"Integrated","MegaeraField_","0462","MegaeraField_0462","","","","Я отримала твоє послання."
"Integrated","MegaeraField_","0463","MegaeraField_0463","","","","Продовжуй боротися."
"Integrated","MegaeraField_","0464","MegaeraField_0464","","","","Дай йому спокій!"
"Integrated","MegaeraField_","0465","MegaeraField_0465","","","","Не заважай!"
"Integrated","MegaeraField_","0466","MegaeraField_0466","","","","Ні. Мішай."
"Integrated","MegaeraField_","0467","MegaeraField_0467","","","","Ось!"
"Integrated","MegaeraField_","0468","MegaeraField_0468","","","","Відчепись від нього!"
"Integrated","MegaeraField_","0469","MegaeraField_0469","","","","Цей монстр, ха."
"Integrated","MegaeraField_","0470","MegaeraField_0470","","","","Занадто жарко для тебе, Заг?"
"Integrated","MegaeraField_","0471","MegaeraField_0471","","","","Проблеми з Гідрою, Загрей?"
"Integrated","MegaeraField_","0472","MegaeraField_0472","","","","Вітаю, Гідра."
"Integrated","MegaeraField_","0473","MegaeraField_0473","","","","Назад, Гідра!"
"Integrated","MegaeraField_","0474","MegaeraField_0474","","","","Як ти витримуєш цю спеку?"
"Integrated","MegaeraField_","0475","MegaeraField_0475","","","","Вітаю, Астерію!"
"Integrated","MegaeraField_","0476","MegaeraField_0476","","","","Астерій!"
"Integrated","MegaeraField_","0477","MegaeraField_0477","","","","Перепрошую, що перериваю."
"Integrated","MegaeraField_","0478","MegaeraField_0478","","","","Не схоже на чесний бій."
"Integrated","MegaeraField_","0479","MegaeraField_0479","","","","Схоже, тобі є чим зайнятися, Загрей."
"Integrated","MegaeraField_","0480","MegaeraField_0480","","","","Бережись, бик Міноса."
"Integrated","MegaeraField_","0481","MegaeraField_0481","","","","Остерігайся мене, чемпіоне!"
"Integrated","MegaeraField_","0482","MegaeraField_0482","","","","Вітаю, царю Афін!"
"Integrated","MegaeraField_","0483","MegaeraField_0483","","","","Чи не заперечуєте, якщо я приєднаюся?"
"Integrated","MegaeraField_","0484","MegaeraField_0484","","","","Нумо зрівняємо шанси."
"Integrated","MegaeraField_","0485","MegaeraField_0485","","","","Тесей!"
"Integrated","MegaeraField_","0486","MegaeraField_0486","","","","Не смій чіпати його!"
"Integrated","MegaeraField_","0487","MegaeraField_0487","","","","Танатос."
"Integrated","MegaeraField_","0488","MegaeraField_0488","","","","Привіт, Тан."
"Integrated","MegaeraField_","0489","MegaeraField_0489","","","","Скільки помічників тобі взагалі потрібно?"
"Integrated","MegaeraField_","0490","MegaeraField_0490","","","","Тобі хіба мало допомоги?"
"Integrated","MegaeraField_","0491","MegaeraField_0491","","","","Моя допомога тобі не потрібна, якщо він тут, Загрей."
"Integrated","MegaeraField_","0492","MegaeraField_0492","","","","Не заважатиму?"
"Integrated","MegaeraField_","0493","MegaeraField_0493","","","","Вибачте мене, володарю Аїд."
"Integrated","MegaeraField_","0494","MegaeraField_0494","","","","Вибачте мене, повелителю."
"Integrated","MegaeraField_","0495","MegaeraField_0495","","","","Король Аїд!"
"Integrated","MegaeraField_","0496","MegaeraField_0496","","","","Я мушу допомогти йому, королю!"
"Integrated","MegaeraField_","0497","MegaeraField_0497","","","","Серйозно, Загрей?!"
"Integrated","MegaeraField_","0498","MegaeraField_0498","","","","Ти ставиш мене в незручне становище, Заг!"
"Integrated","MegaeraField_","0499","MegaeraField_0499","","","","Я тобі ще не набридла?"
"Integrated","MegaeraField_","0500","MegaeraField_0500","","","","Що знову?"
"Integrated","MegaeraField_","0501","MegaeraField_0501","","","","Тобі знову потрібна допомога?"
"Integrated","MegaeraField_","0502","MegaeraField_0502","","","","Ну що цього разу?"
"Integrated","MegaeraField_","0503","MegaeraField_0503","","","","Пф-ф, вже?"
"Integrated","MegaeraField_","0504","MegaeraField_0504","","","","Ти сумував за мною, Загрею?"
"Integrated","MegaeraField_","0505","MegaeraField_0505","","","","Я знову тут."
"Integrated","MegaeraField_","0506","MegaeraField_0506","","","","Що вже?"
"Integrated","MegaeraField_","0507","MegaeraField_0507","","","","Не вмирай."
"Integrated","MegaeraField_","0508","MegaeraField_0508","","","","Продовжуй свій шлях."
"Integrated","MegaeraField_","0509","MegaeraField_0509","","","","До зустрічі."
"Integrated","MegaeraField_","0510","MegaeraField_0510","","","","Мені пора."
"Integrated","MegaeraField_","0511","MegaeraField_0511","","","","Тепер справа за тобою."
"Integrated","MegaeraField_","0512","MegaeraField_0512","","","","Мені час іти."
"Integrated","MegaeraField_","0513","MegaeraField_0513","","","","Бийся."
"Integrated","MegaeraField_","0514","MegaeraField_0514","","","","Час повертатися."
"Integrated","MegaeraField_","0515","MegaeraField_0515","","","","Хороша спроба."
"Integrated","MegaeraField_","0516","MegaeraField_0516","","","","А чого ти чекав?"
"Integrated","MegaeraField_","0517","MegaeraField_0517","","","","Це не спрацює."
"Integrated","MegaeraField_","0518","MegaeraField_0518","","","","Я так не думаю."
"Integrated","MegaeraField_","0519","MegaeraField_0519","","","","Цього разу я не рятуватиму тебе."
"Integrated","MegaeraField_","0520","MegaeraField_0520","","","","Ха-ха-ха, ні."
"Integrated","MegaeraField_","0521","MegaeraField_0521","","","","Нізащо, Заг."
"Integrated","MegaeraField_","0522","MegaeraField_0522","","","","Не вигадуй."
"Integrated","MegaeraField_","0523","MegaeraField_0523","","","","Без шансів."
"Integrated","MegaeraField_","0524","MegaeraField_0524","","","","Серйозно?"
"Integrated","MegaeraField_","0525","MegaeraField_0525","","","","Та годі тобі, Заг."
"Integrated","MegaeraField_","0557","MegaeraField_0557","","","","Танатос тут?!"
"Integrated","MegaeraField_","0558","MegaeraField_0558","","","","Це що, Тане?!"
"Integrated","MegaeraField_","0559","MegaeraField_0559","","","","Забирайся звідси, Тане."
"Integrated","MegaeraField_","0560","MegaeraField_0560","","","","Це не твоя битва, Тане."
"Integrated","MegaeraField_","0561","MegaeraField_0561","","","","Знову Танатос?"
"Integrated","MegaeraField_","0562","MegaeraField_0562","","","","Танатос!"
"Integrated","MegaeraField_","0563","MegaeraField_0563","","","","Танатос?!"
"Integrated","MegaeraField_","0564","MegaeraField_0564","","","","Що все це означає?"
"Integrated","MegaeraField_","0565","MegaeraField_0565","","","","І хто цей розумник?"
"Integrated","MegaeraField_","0566","MegaeraField_0566","","","","Я не закликала тебе!"
"Integrated","MegaeraField_","0567","MegaeraField_0567","","","","Як воно сюди пробралося?!"
"Integrated","MegaeraField_","0568","MegaeraField_0568","","","","Дивні в тебе друзі, Загрей!"
"Integrated","MegaeraField_","0569","MegaeraField_0569","","","","Це той проклятий скелет!"
"Integrated","MegaeraField_","0570","MegaeraField_0570","","","","Знову цей скелет?"
"Integrated","MegaeraField_","0571","MegaeraField_0571","","","","Сізіф!"
"Integrated","MegaeraField_","0572","MegaeraField_0572","","","","Сізіф?!"
"Integrated","MegaeraField_","0573","MegaeraField_0573","","","","Як ти посмів, Сізіфе?!"
"Integrated","MegaeraField_","0574","MegaeraField_0574","","","","Не може бути, Сізіфе?!"
"Integrated","MegaeraField_","0575","MegaeraField_0575","","","","Прокляття, Сізіфе!"
"Integrated","MegaeraField_","0576","MegaeraField_0576","","","","Проклятий негідник!"
"Integrated","MegaeraField_","0577","MegaeraField_0577","","","","Як ти міг, Загрей?!"
"Integrated","MegaeraField_","0578","MegaeraField_0578","","","","Ти ще пошкодуєш, Сізіфе!"
"Integrated","MegaeraField_","0579","MegaeraField_0579","","","","Що це, Загрей?"
"Integrated","MegaeraField_","0580","MegaeraField_0580","","","","Бійся зі мною сам!"
"Integrated","MegaeraField_","0581","MegaeraField_0581","","","","Не можеш впоратися зі мною сам?"
"Integrated","MegaeraField_","0582","MegaeraField_0582","","","","Знову ти?"
"Integrated","MegaeraField_","0583","MegaeraField_0583","","","","Знову ти!"
"Integrated","MegaeraField_","0584","MegaeraField_0584","","","","Я ж наказала тобі забиратися!"
"Integrated","MegaeraField_","0585","MegaeraField_0585","","","","Я ж сказала, тримайся подалі!"
"Integrated","MegaeraField_","0586","MegaeraField_0586","","","","Забирайся звідси!!!"
"Integrated","MegaeraField_","0587","MegaeraField_0587","","","","Не лізь у це!"
"Integrated","MegaeraField_","0588","MegaeraField_0588","","","","Тобі не дозволено тут перебувати!"
"Integrated","MegaeraField_","0589","MegaeraField_0589","","","","Тобі нема чим більше зайнятися?"
"Integrated","MegaeraField_","0590","MegaeraField_0590","","","","Ти змінив зачіску?"
"Integrated","MegaeraField_","0591","MegaeraField_0591","","","","Ти якось змінився."
"Integrated","MegaeraField_","0592","MegaeraField_0592","","","","Що ти зробив зі мною...."
"Integrated","MegaeraField_","0593","MegaeraField_0593","","","","Що за..."
"Integrated","MegaeraField_","0594","MegaeraField_0594","","","","Досить грати моїми почуттями..."
"Integrated","MegaeraField_","0595","MegaeraField_0595","","","","Ти що, тренувався?"
"Integrated","MegaeraField_","0596","MegaeraField_0596","","","","Що відбувається..."
"Integrated","MegaeraField_","0597","MegaeraField_0597","","","","Мені ніяково..."
"Integrated","MegaeraField_","0598","MegaeraField_0598","","","","Брудний прийом..."
"Integrated","MegaeraField_","0599","MegaeraField_0599","","","","О ні..."
"Integrated","MegaeraField_","0600","MegaeraField_0600","","","","Готовий?"
"Integrated","MegaeraField_","0601","MegaeraField_0601","","","","Приготуйся!"
"Integrated","MegaeraField_","0602","MegaeraField_0602","","","","Добре."
"Integrated","MegaeraField_","0603","MegaeraField_0603","","","","Зараз..."
"Integrated","MegaeraField_","0604","MegaeraField_0604","","","","Загрей!"
"Integrated","MegaeraField_","0605","MegaeraField_0605","","","","Як щодо цього!"
"Integrated","MegaeraField_","0606","MegaeraField_0606","","","","Рій!"
"Integrated","MegaeraField_","0607","MegaeraField_0607","","","","Ти!"
"Integrated","MegaeraField_","0608","MegaeraField_0608","","","","Чудово!"
"Integrated","MegaeraField_","0609","MegaeraField_0609","","","","Біжи!"
"Integrated","MegaeraField_","0610","MegaeraField_0610","","","","Я тут, Заг!"
"Integrated","MegaeraField_","0611","MegaeraField_0611","","","","Біжи ж!"
"Integrated","MegaeraField_","0612","MegaeraField_0612","","","","Добре!"
"Integrated","MegaeraField_","0613","MegaeraField_0613","","","","Ти ж знаєш, що зараз буде!"
"Integrated","MegaeraField_","0614","MegaeraField_0614","","","","Ти готовий?"
"Integrated","MegaeraField_","0615","MegaeraField_0615","","","","Дивись, куди йдеш!"
"Integrated","MegaeraField_","0616","MegaeraField_0616","","","","Починай бігти."
"Integrated","MegaeraField_","0617","MegaeraField_0617","","","","Не рухайся!"
"Integrated","MegaeraField_","0618","MegaeraField_0618","","","","Я до тебе дістануся."
"Integrated","MegaeraField_","0619","MegaeraField_0619","","","","Тобі подобається мій батіг?"
"Integrated","MegaeraField_","0620","MegaeraField_0620","","","","Нікуди не йди."
"Integrated","MegaeraField_","0621","MegaeraField_0621","","","","Стій там, де стоїш."
"Integrated","MegaeraField_","0622","MegaeraField_0622","","","","Ти не зможеш втекти."
"Integrated","MegaeraField_","0623","MegaeraField_0623","","","","Стій на місці."
"Integrated","MegaeraField_","0624","MegaeraField_0624","","","","Буде майже не боляче."
"Integrated","MegaeraField_","0625","MegaeraField_0625","","","","Трішки пектиме."
"Integrated","MegaeraField_","0626","MegaeraField_0626","","","","Агх, ха-ха-ха."
"Integrated","MegaeraField_","0627","MegaeraField_0627","","","","О-хо-хо..."
"Integrated","MegaeraField_","0628","MegaeraField_0628","","","","Не погано."
"Integrated","MegaeraField_","0629","MegaeraField_0629","","","","Серйозно?"
"Integrated","MegaeraField_","0630","MegaeraField_0630","","","","Хм."
"Integrated","MegaeraField_","0631","MegaeraField_0631","","","","Ну все."
"Integrated","MegaeraField_","0632","MegaeraField_0632","","","","Не зараз."
"Integrated","MegaeraField_","0633","MegaeraField_0633","","","","Агх, хе."
"Integrated","MegaeraField_","0634","MegaeraField_0634","","","","Як продумано, Заг."
"Integrated","MegaeraField_","0635","MegaeraField_0635","","","","Це мало мене вразити?"
"Integrated","MegaeraField_","0636","MegaeraField_0636","","","","Ти можеш краще."
"Integrated","MegaeraField_","0637","MegaeraField_0637","","","","Це все, на що ти здатний?"
"Integrated","MegaeraField_","0638","MegaeraField_0638","","","","Що ще?"
"Integrated","MegaeraField_","0639","MegaeraField_0639","","","","Ось як?"
"Integrated","MegaeraField_","0640","MegaeraField_0640","","","","Це все?"
"Integrated","MegaeraField_","0641","MegaeraField_0641","","","","Моя черга."
"Integrated","MegaeraField_","0642","MegaeraField_0642","","","","Прокляті Тартару, я закликаю вас!"
"Integrated","MegaeraField_","0643","MegaeraField_0643","","","","Почуйте мене, прокляті, і йдіть зі мною в бій!"
"Integrated","MegaeraField_","0644","MegaeraField_0644","","","","Підтримайте мене зараз, прокляті Тартара!"
"Integrated","MegaeraField_","0645","MegaeraField_0645","","","","А тепер прийдіть, прокляті тіні!"
"Integrated","MegaeraField_","0646","MegaeraField_0646","","","","Сподіваюся, ти не будеш проти, якщо я покличу друзів?"
"Integrated","MegaeraField_","0647","MegaeraField_0647","","","","Мені терміново потрібна допомога!"
"Integrated","MegaeraField_","0648","MegaeraField_0648","","","","Мені потрібна допомога! Біля виходу з Тартару!"
"Integrated","MegaeraField_","0649","MegaeraField_0649","","","","Думаєш, ти зможеш витримати це?"
"Integrated","MegaeraField_","0650","MegaeraField_0650","","","","Я ще з тобою не закінчила."
"Integrated","MegaeraField_","0651","MegaeraField_0651","","","","Ти став сильнішим, Заг."
"Integrated","MegaeraField_","0652","MegaeraField_0652","","","","Не надумай піддаватися."
"Integrated","MegaeraField_","0653","MegaeraField_0653","","","","Здається, щось виходить."
"Integrated","MegaeraField_","0654","MegaeraField_0654","","","","Раніше ти був таким слабаком."
"Integrated","MegaeraField_","0655","MegaeraField_0655","","","","Ми ще не закінчили."
"Integrated","MegaeraField_","0656","MegaeraField_0656","","","","Ти ще мене не переміг."
"Integrated","MegaeraField_","0657","MegaeraField_0657","","","","Як ти став таким стійким?"
"Integrated","MegaeraField_","0658","MegaeraField_0658","","","","Достатньо, давай закінчимо з цим."
"Integrated","MegaeraField_","0659","MegaeraField_0659","","","","Ти мій, Загрею, і завжди будеш моїм."
"Integrated","MegaeraField_","0660","MegaeraField_0660","","","","Ти мій, Заг. Не забувай про це."
"Integrated","MegaeraField_","0661","MegaeraField_0661","","","","Покінчимо з цим вдома."
"Integrated","MegaeraField_","0662","MegaeraField_0662","","","","Це все частина роботи."
"Integrated","MegaeraField_","0663","MegaeraField_0663","","","","Чого ще ти чекав?"
"Integrated","MegaeraField_","0664","MegaeraField_0664","","","","Ти можеш краще, Загрей."
"Integrated","MegaeraField_","0665","MegaeraField_0665","","","","Може, ти відволікся, Загрею?"
"Integrated","MegaeraField_","0666","MegaeraField_0666","","","","Наступного разу бережися мене, Заг."
"Integrated","MegaeraField_","0667","MegaeraField_0667","","","","Непогана вийшла заварушка."
"Integrated","MegaeraField_","0668","MegaeraField_0668","","","","Думаю, ми скоро знову зустрінемося тут."
"Integrated","MegaeraField_","0669","MegaeraField_0669","","","","Він наш, сестри."
"Integrated","MegaeraField_","0670","MegaeraField_0670","","","","Він наш, Алекто. Добре."
"Integrated","MegaeraField_","0671","MegaeraField_0671","","","","Досить, Тісіфона. З ним покінчено."
"Integrated","MegaeraField_","0672","MegaeraField_0672","","","","З ним покінчено, Тис. Чудова робота."
"Integrated","MegaeraField_","0673","MegaeraField_0673","","","","Ти майже переміг мене."
"Integrated","MegaeraField_","0674","MegaeraField_0674","","","","Ти попався, Заг, як раніше."
"Integrated","MegaeraField_","0675","MegaeraField_0675","","","","Історія повторюється, ти помітив, Загрею?"
"Integrated","MegaeraField_","0676","MegaeraField_0676","","","","Я ніколи не піддаюся—ні тобі, ні іншим."
"Integrated","MegaeraField_","0677","MegaeraField_0677","","","","Нарешті ти попався."
"Integrated","MegaeraField_","0678","MegaeraField_0678","","","","Сподіваюся, ти не намагався мені піддаватися."
"Integrated","MegaeraField_","0679","MegaeraField_0679","","","","Через стільки часу я, як і раніше, можу це зробити."
"Integrated","MegaeraField_","0680","MegaeraField_0680","","","","Нгх... не... погано..."
"Integrated","MegaeraField_","0681","MegaeraField_0681","","","","Агх, хе-хе..."
"Integrated","MegaeraField_","0682","MegaeraField_0682","","","","Гх, ти мене... зачепив..."
"Integrated","MegaeraField_","0683","MegaeraField_0683","","","","Ух-х-х! Це було..."
"Integrated","MegaeraField_","0684","MegaeraField_0684","","","","Гх! Не... зупинивши..."
"Integrated","MegaeraField_","0685","MegaeraField_0685","","","","Ні! А ти... гарний..."
"Integrated","MegaeraField_","0686","MegaeraField_0686","","","","НГХ! Кожен раз!.."
"Integrated","MegaeraField_","0687","MegaeraField_0687","","","","М-м-мх! Славна... битва..."
"Integrated","MegaeraField_","0688","MegaeraField_0688","","","","Агх, ти... не міг..."
"Integrated","MegaeraField_","0689","MegaeraField_0689","","","","Агх, не може... бути..."
"Integrated","MegaeraField_","0690","MegaeraField_0690","","","","Гх, ну... гаразд..."
"Integrated","MegaeraField_","0691","MegaeraField_0691","","","","Сестри... йдіть..."
"Integrated","MegaeraField_","0692","MegaeraField_0692","","","","Вибачте... сестри..."
"Integrated","MegaeraField_","0693","MegaeraField_0693","","","","Угх... Алекто..."
"Integrated","MegaeraField_","0694","MegaeraField_0694","","","","Гх... Тис, я..."
"Integrated","MegaeraField_","0695","MegaeraField_0695","","","","Ти мені не подобаєшся..."
"Integrated","MegaeraField_","0696","MegaeraField_0696","","","","Нгх... ще... ні..."
"Integrated","MegaeraField_","0697","MegaeraField_0697","","","","Бийся зі мною сам!"
"Integrated","MegaeraField_","0698","MegaeraField_0698","","","","Самому тобі зі мною не впоратися, так?"
"Integrated","MegaeraField_","0699","MegaeraField_0699","","","","Ти знову просиш інших про позику?"
"Integrated","MegaeraField_","0700","MegaeraField_0700","","","","Зовеш на допомогу?"
"Integrated","MegaeraField_","0701","MegaeraField_0701","","","","Хороший прийом..."
"Integrated","MegaeraField_","0702","MegaeraField_0702","","","","Що знову?"
"Integrated","MegaeraField_","0703","MegaeraField_0703","","","","Та годі тобі, Заг."
"Integrated","MegaeraField_","0704","MegaeraField_0704","","","","Знову за своє."
"Integrated","MegaeraField_","0705","MegaeraField_0705","","","","О ні."
"Integrated","MegaeraField_","0706","MegaeraField_0706","","","","Тобі знадобиться підкріплення серйозніше."
"Integrated","MegaeraField_","0707","MegaeraField_0707","","","",""
"Integrated","MegaeraField_","0708","MegaeraField_0708","","","",""
"Integrated","MegaeraField_","0709","MegaeraField_0709","","","",""
"Integrated","MegaeraField_","0710","MegaeraField_0710","","","",""
"Integrated","MegaeraField_","0711","MegaeraField_0711","","","",""
"Integrated","MegaeraField_","0712","MegaeraField_0712","","","",""
"Integrated","MegaeraField_","0713","MegaeraField_0713","","","","Дузо?!"
"Integrated","MegaeraField_","0714","MegaeraField_0714","","","","Дуза!"
"Integrated","MegaeraField_","0715","MegaeraField_0715","","","","Дуза тут?"
"Integrated","MegaeraField_","0716","MegaeraField_0716","","","","Як, Дуза?"
"Integrated","MegaeraField_","0717","MegaeraField_0717","","","","Що ти твориш, Дузо?!"
"Integrated","MegaeraField_","0718","MegaeraField_0718","","","","Ахіллес?!"
"Integrated","MegaeraField_","0719","MegaeraField_0719","","","","Ахіллес!"
"Integrated","MegaeraField_","0720","MegaeraField_0720","","","","Ахілес тут?"
"Integrated","MegaeraField_","0721","MegaeraField_0721","","","","Як, Ахіллес?"
"Integrated","MegaeraField_","0736","MegaeraField_0736","","","","Хароне!"
"Integrated","MegaeraField_","0737","MegaeraField_0737","","","","Привіт, Хароне!"
"Integrated","MegaeraField_","0738","MegaeraField_0738","","","","Ти змушуєш мене битися з Хароном?"
"Integrated","MegaeraField_","0739","MegaeraField_0739","","","","Отримуй, Хароне!"
"Integrated","MegaeraField_","0740","MegaeraField_0740","","","","Повертайся на свою посаду, тінь!"
"Integrated","MegaeraField_","0741","MegaeraField_0741","","","","Тебе тут не повинно бути, тінь!"
"Integrated","MegaeraField_","0758","MegaeraField_0758","","","","Для тебе!"
"Integrated","MegaeraField_","0759","MegaeraField_0759","","","","Загрей!"
"Integrated","MegaeraField_","0760","MegaeraField_0760","","","","Ось!"
"Integrated","MegaeraField_","0761","MegaeraField_0761","","","","Чудово!"
"Integrated","MegaeraField_","0762","MegaeraField_0762","","","","Ну от і все."
"Integrated","MegaeraField_","0763","MegaeraField_0763","","","","Біжи, Заг."
"Integrated","MegaeraField_","0764","MegaeraField_0764","","","","Добре."
"Integrated","MegaeraField_","0765","MegaeraField_0765","","","","Спробуй це."
"Integrated","MegaeraField_","0766","MegaeraField_0766","","","","Скрутіть його!"
"Integrated","MegaeraField_","0767","MegaeraField_0767","","","","Тримайте його!"
"Integrated","MegaeraField_","0768","MegaeraField_0768","","","","М-м-м."
"Integrated","MegaeraField_","0769","MegaeraField_0769","","","","Серйозно..."
"Integrated","MegaeraField_","0770","MegaeraField_0770","","","","Не погано..."
"Integrated","MegaeraField_","0771","MegaeraField_0771","","","","Прокляття..."
"Integrated","MegaeraField_","0772","MegaeraField_0772","","","","Ой, та годі."
"Integrated","MegaeraField_","0773","MegaeraField_0773","","","","Серйозно, Заг?"
"Integrated","MegaeraField_","0774","MegaeraField_0774","","","","Відчуваєш?"
"Integrated","MegaeraField_","0775","MegaeraField_0775","","","","Подобається?"
"Integrated","MegaeraField_","0776","MegaeraField_0776","","","","Хочеш ще?"
"Integrated","MegaeraField_","0777","MegaeraField_0777","","","","Ось так."
"Integrated","MegaeraField_","0778","MegaeraField_0778","","","","Хм-м-м."
"Integrated","MegaeraField_","0779","MegaeraField_0779","","","","Ха!"
"Integrated","MegaeraField_","0780","MegaeraField_0780","","","","Ні."
"Integrated","MegaeraField_","0781","MegaeraField_0781","","","","Я так не думаю."
"Integrated","MegaeraField_","0782","MegaeraField_0782","","","","Запрошую допомогу, зараз же!"
"Integrated","MegaeraField_","0783","MegaeraField_0783","","","","Прокляті Тартару, сюди!"
"Integrated","MegaeraField_","0784","MegaeraField_0784","","","","Запрошую допомогу!"
"Integrated","MegaeraField_","0785","MegaeraField_0785","","","","Сюди, прокляті!"
"Integrated","MegaeraField_","0786","MegaeraField_0786","","","","Сюди, кляті! Даною мені владою!"
"Integrated","MegaeraField_","0787","MegaeraField_0787","","","","Прокляті, зараз!"
"Integrated","MegaeraField_","0788","MegaeraField_0788","","","","Ну, прокляті!"
