"Minotaur","ID","ID","ID","","","","Line","","Notes by AR","Notes by DK"
"Unused","Minotaur_","0068","Minotaur_0068","","","","А ти сильний, коротун. І так само впертий, як я.","","",""
"Darren","Minotaur_","0072","Minotaur_0072","","","","Якщо ти впевнений, Тесею, то і я певен. Таквай я з ним розберуся. <Фиркає> Я вже сто років ні з кого дух не вибивав.","","",""
"Darren","Minotaur_","0073","Minotaur_0073","","","","Стеж за словами, коротун. <Фиркає> Ти звертаєшся до вбивці Мінотавра! До найбільшого царя Афін, Тесею! І ти далеко від дому, тут у Елізіумі.","","",""
"Darren","Minotaur_","0074","Minotaur_0074","","","","Досить розмов, Тесею! Ти даєш йому можливість завдати удару, а я міг би вразити його прямо тут і зараз! Просто дай мені знак, і я зламаю йому всі кістки. <Фиркає>","","",""
"Darren","Minotaur_","0075","Minotaur_0075","","","","Я радий догодити тобі, царю.","","",""
"Darren","Minotaur_","0076","Minotaur_0076","","","","Добре. Тоді давай виб'ємо з нього дух разом, царю.","","",""
"Integrated","Minotaur_","0081","Minotaur_0081","","","","Ух. Досить!","","",""
"Integrated","Minotaur_","0082","Minotaur_0082","","","","Ух. Досить.","","",""
"Integrated","Minotaur_","0083","Minotaur_0083","","","","Г-х-х. Досить...","","",""
"Integrated","Minotaur_","0084","Minotaur_0084","","","","Уф. Досить, коротун.","","",""
"Integrated","Minotaur_","0085","Minotaur_0085","","","","Хр-р. Стій!","","",""
"Integrated","Minotaur_","0086","Minotaur_0086","","","","Хр-р. Припини вогонь!","","",""
"Integrated","Minotaur_","0087","Minotaur_0087","","","","Ар-р. Стій!","","",""
"Integrated","Minotaur_","0088","Minotaur_0088","","","","Кх-х. Я здаюся.","","",""
"Integrated","Minotaur_","0089","Minotaur_0089","","","","О-о. Чудово!","","",""
"Integrated","Minotaur_","0090","Minotaur_0090","","","","Уф. Чудово.","","",""
"Integrated","Minotaur_","0091","Minotaur_0091","","","","Гх-х. Досить! Славний бій.","","",""
"Integrated","Minotaur_","0092","Minotaur_0092","","","","Ух. Досить. Ти переміг.","","",""
"Integrated","Minotaur_","0093","Minotaur_0093","","","","Ух. Досить... Я здаюся.","","",""
"Integrated","Minotaur_","0094","Minotaur_0094","","","","Хр-р. Досить, коротун. ","","",""
"Integrated","Minotaur_","0095","Minotaur_0095","","","","Хр-р. Стій! Я поступаюся.","","",""
"Integrated","Minotaur_","0096","Minotaur_0096","","","","Ар-р. Припини вогонь! Я здаюся.","","",""
"Integrated","Minotaur_","0097","Minotaur_0097","","","","Кх-х. Стій! Я здаюся.","","",""
"Integrated","Minotaur_","0098","Minotaur_0098","","","","Гр-р. Чудова робота! Я здаюся.","","",""
"Integrated","Minotaur_","0104","Minotaur_0104","","","","Приготуйся.","","",""
"Integrated","Minotaur_","0105","Minotaur_0105","","","","Готуйся.","","",""
"Integrated","Minotaur_","0106","Minotaur_0106","","","","Що ж, коротун...","","",""
"Integrated","Minotaur_","0107","Minotaur_0107","","","","Я до тебе дістануся.","","",""
"Integrated","Minotaur_","0108","Minotaur_0108","","","","Будь обережний.","","",""
"Integrated","Minotaur_","0109","Minotaur_0109","","","","Бережися.","","",""
"Integrated","Minotaur_","0110","Minotaur_0110","","","","Я розлючений...","","",""
"Integrated","Minotaur_","0111","Minotaur_0111","","","","Зараз...","","",""
"Integrated","Minotaur_","0112","Minotaur_0112","","","","Біжи.","","",""
"Integrated","Minotaur_","0113","Minotaur_0113","","","","<Фиркає><Фиркає>","","",""
"Integrated","Minotaur_","0114","Minotaur_0114","","","","Гр-р-а-а-а-а-а-а...","","",""
"Integrated","Minotaur_","0115","Minotaur_0115","","","","Хр-р-а-а-а-а-а-а...","","",""
"Integrated","Minotaur_","0116","Minotaur_0116","","","","Цар!","","",""
"Integrated","Minotaur_","0117","Minotaur_0117","","","","Тесей!","","",""
"Integrated","Minotaur_","0118","Minotaur_0118","","","","Соь!","","",""
"Integrated","Minotaur_","0119","Minotaur_0119","","","","Сюди, цар!","","",""
"Integrated","Minotaur_","0120","Minotaur_0120","","","","Зараз!","","",""
"Integrated","Minotaur_","0121","Minotaur_0121","","","","Зараз, цар!","","",""
"Integrated","Minotaur_","0122","Minotaur_0122","","","","Разом!","","",""
"Integrated","Minotaur_","0123","Minotaur_0123","","","","Готово!","","",""
"Integrated","Minotaur_","0124","Minotaur_0124","","","","Ти готовий, цар?","","",""
"Integrated","Minotaur_","0125","Minotaur_0125","","","","Покажи йому!","","",""
"Integrated","Minotaur_","0126","Minotaur_0126","","","","Хапай його!","","",""
"Integrated","Minotaur_","0127","Minotaur_0127","","","","Тримай його!","","",""
"Darren","Minotaur_","0128","Minotaur_0128","","","","Так, цар.","","",""
"Darren","Minotaur_","0129","Minotaur_0129","","","","Так!","","",""
"Darren","Minotaur_","0130","Minotaur_0130","","","","Так.","","",""
"Darren","Minotaur_","0131","Minotaur_0131","","","","Прямо зараз.","","",""
"Darren","Minotaur_","0132","Minotaur_0132","","","","Негайно.","","",""
"Darren","Minotaur_","0133","Minotaur_0133","","","","Я зрозумів.","","",""
"Darren","Minotaur_","0134","Minotaur_0134","","","","Гаразд.","","",""
"Darren","Minotaur_","0135","Minotaur_0135","","","","Звичайно.","","",""
"Darren","Minotaur_","0136","Minotaur_0136","","","","Як побажаєш.","","",""
"Darren","Minotaur_","0137","Minotaur_0137","","","","До твоїх послуг.","","",""
"Darren","Minotaur_","0138","Minotaur_0138","","","","Не схоже на чесний бій.","","",""
"Darren","Minotaur_","0139","Minotaur_0139","","","","Звідки вони взялися?","","",""
"Darren","Minotaur_","0140","Minotaur_0140","","","","Це тебе займе.","","",""
"Darren","Minotaur_","0141","Minotaur_0141","","","","Розберися з цим.","","",""
"Darren","Minotaur_","0142","Minotaur_0142","","","","Я привів друзів, коротун.","","",""
"Darren","Minotaur_","0143","Minotaur_0143","","","","Вперед, горгони!","","",""
"Darren","Minotaur_","0144","Minotaur_0144","","","","Горгони!..","","",""
"Darren","Minotaur_","0145","Minotaur_0145","","","","Прокляття горгони!..","","",""
"Integrated","Minotaur_","0146","Minotaur_0146","","","","Ось так.","","",""
"Integrated","Minotaur_","0147","Minotaur_0147","","","","Ти все ще на ногах.","","",""
"Integrated","Minotaur_","0148","Minotaur_0148","","","","Ти зумів вистояти.","","",""
"Integrated","Minotaur_","0149","Minotaur_0149","","","","Ти ще помреш.","","",""
"Integrated","Minotaur_","0150","Minotaur_0150","","","","Ти сильний.","","",""
"Integrated","Minotaur_","0151","Minotaur_0151","","","","Бийся зі мною.","","",""
"Integrated","Minotaur_","0152","Minotaur_0152","","","","Вижил...","","",""
"Integrated","Minotaur_","0153","Minotaur_0153","","","","Ось і все.","","",""
"Integrated","Minotaur_","0154","Minotaur_0154","","","","Ще.","","",""
"Integrated","Minotaur_","0155","Minotaur_0155","","","","Ми не закінчили.","","",""
"Integrated","Minotaur_","0156","Minotaur_0156","","","","Бийся.","","",""
"Integrated","Minotaur_","0157","Minotaur_0157","","","","Ха.","","",""
"Integrated","Minotaur_","0158","Minotaur_0158","","","","Хм-м-м.","","",""
"Integrated","Minotaur_","0159","Minotaur_0159","","","","Гаразд.","","",""
"Integrated","Minotaur_","0160","Minotaur_0160","","","","Ще раз.","","",""
"Integrated","Minotaur_","0161","Minotaur_0161","","","","А тепер, помри.","","",""
"Integrated","Minotaur_","0162","Minotaur_0162","","","","На коліна!","","",""
"Integrated","Minotaur_","0163","Minotaur_0163","","","","Боги...","","",""
"Integrated","Minotaur_","0164","Minotaur_0164","","","","Боги.","","",""
"Integrated","Minotaur_","0165","Minotaur_0165","","","","Гарний прийом.","","",""
"Integrated","Minotaur_","0166","Minotaur_0166","","","","Хо-хо...","","",""
"Integrated","Minotaur_","0167","Minotaur_0167","","","","Гр-р-р.","","",""
"Integrated","Minotaur_","0168","Minotaur_0168","","","","Вражає.","","",""
"Integrated","Minotaur_","0169","Minotaur_0169","","","","Як...","","",""
"Integrated","Minotaur_","0170","Minotaur_0170","","","","Хр-р.","","",""
"Integrated","Minotaur_","0171","Minotaur_0171","","","","Знову.","","",""
"Integrated","Minotaur_","0172","Minotaur_0172","","","","Що, знову?","","",""
"Integrated","Minotaur_","0173","Minotaur_0173","","","","Бийся зі мною.","","",""
"Integrated","Minotaur_","0174","Minotaur_0174","","","","Прямо как цар.","","",""
"Integrated","Minotaur_","0175","Minotaur_0175","","","","Боги капризні...","","",""
"Integrated","Minotaur_","0176","Minotaur_0176","","","","Боги прихильні...","","",""
"Integrated","Minotaur_","0177","Minotaur_0177","","","","Отримай.","","",""
"Integrated","Minotaur_","0178","Minotaur_0178","","","","Бережися.","","",""
"Integrated","Minotaur_","0179","Minotaur_0179","","","","Зараз...","","",""
"Integrated","Minotaur_","0180","Minotaur_0180","","","","Бийся зі мною.","","",""
"Integrated","Minotaur_","0181","Minotaur_0181","","","","Ха.","","",""
"Integrated","Minotaur_","0182","Minotaur_0182","","","","<Фиркає>","","",""
"Integrated","Minotaur_","0183","Minotaur_0183","","","","Гр-р. <Фиркає>","","",""
"Integrated","Minotaur_","0184","Minotaur_0184","","","","Ось так.","","",""
"Integrated","Minotaur_","0185","Minotaur_0185","","","","Здавайся.","","",""
"Integrated","Minotaur_","0186","Minotaur_0186","","","","Біль.","","",""
"Integrated","Minotaur_","0187","Minotaur_0187","","","","Знищу.","","",""
"Integrated","Minotaur_","0188","Minotaur_0188","","","","Я розчавлю тебе.","","",""
"Integrated","Minotaur_","0189","Minotaur_0189","","","","Гр-р.","","",""
"Integrated","Minotaur_","0190","Minotaur_0190","","","","А ти швидкий.","","",""
"Integrated","Minotaur_","0191","Minotaur_0191","","","","Цікаво.","","",""
"Integrated","Minotaur_","0192","Minotaur_0192","","","","Гаразд.","","",""
"Integrated","Minotaur_","0193","Minotaur_0193","","","","Пф-ф.","","",""
"Integrated","Minotaur_","0194","Minotaur_0194","","","","<Фиркає>","","",""
"Integrated","Minotaur_","0195","Minotaur_0195","","","","Дідько.","","",""
"Integrated","Minotaur_","0196","Minotaur_0196","","","","Ти.","","",""
"Integrated","Minotaur_","0197","Minotaur_0197","","","","Що ж.","","",""
"Integrated","Minotaur_","0198","Minotaur_0198","","","","Ха.","","",""
"Integrated","Minotaur_","0199","Minotaur_0199","","","","Щоо?","","",""
"Integrated","Minotaur_","0200","Minotaur_0200","","","","Як?","","",""
"Integrated","Minotaur_","0201","Minotaur_0201","","","","Отже.","","",""
"Integrated","Minotaur_","0202","Minotaur_0202","","","","Марно.","","",""
"Integrated","Minotaur_","0203","Minotaur_0203","","","","Ні.","","",""
"Integrated","Minotaur_","0204","Minotaur_0204","","","","<Фиркає>","","",""
"Integrated","Minotaur_","0205","Minotaur_0205","","","","Ні подряпини.","","",""
"Integrated","Minotaur_","0206","Minotaur_0206","","","","Слабак.","","",""
"Integrated","Minotaur_","0207","Minotaur_0207","","","","Серйозно.","","",""
"Integrated","Minotaur_","0208","Minotaur_0208","","","","Ха.","","",""
"Integrated","Minotaur_","0209","Minotaur_0209","","","","Думаю, що ні.","","",""
"Integrated","Minotaur_","0210","Minotaur_0210","","","","Гідна спроба.","","",""
"Integrated","Minotaur_","0211","Minotaur_0211","","","","Те, що мені потрібно.","","",""
"Integrated","Minotaur_","0212","Minotaur_0212","","","","Ще одного ворога знищено.","","",""
"Integrated","Minotaur_","0213","Minotaur_0213","","","","Знищу.","","",""
"Integrated","Minotaur_","0214","Minotaur_0214","","","","Убитий.","","",""
"Integrated","Minotaur_","0215","Minotaur_0215","","","","<Фиркає> Чесний бій.","","",""
"Integrated","Minotaur_","0216","Minotaur_0216","","","","Ми з чемпіоном правитимемо вічно.","","",""
"Integrated","Minotaur_","0217","Minotaur_0217","","","","Тебе переможено.","","",""
"Integrated","Minotaur_","0218","Minotaur_0218","","","","Щоб мене перемогти, цього недостатньо.","","",""
"Integrated","Minotaur_","0219","Minotaur_0219","","","","Я чекатиму твого повернення.","","",""
"Integrated","Minotaur_","0220","Minotaur_0220","","","","Нехай ця поразка наповнить тебе мстивим гнівом.","","",""
"Integrated","Minotaur_","0221","Minotaur_0221","","","","Усі вороги гідні.","","",""
"Integrated","Minotaur_","0222","Minotaur_0222","","","","Ось що трапляється з тими, хто кидає мені виклик.","","",""
"Integrated","Minotaur_","0223","Minotaur_0223","","","","Повертайся в пекло, коротун.","","",""
"Integrated","Minotaur_","0224","Minotaur_0224","","","","<Фиркає> <Сміється>","","",""
"Integrated","Minotaur_","0225","Minotaur_0225","","","","<Фиркає> <Сміється>","","",""
"Integrated","Minotaur_","0226","Minotaur_0226","","","","<Фиркає> <Сміється>","","",""
"Integrated","Minotaur_","0227","Minotaur_0227","","","","Я... пав...","","",""
"Integrated","Minotaur_","0228","Minotaur_0228","","","","Ти переміг...","","",""
"Integrated","Minotaur_","0229","Minotaur_0229","","","","Ар-р, гр-р-р.","","",""
"Integrated","Minotaur_","0230","Minotaur_0230","","","","Н-н-ні-і-і.","","",""
"Integrated","Minotaur_","0231","Minotaur_0231","","","","Гх, як...","","",""
"Integrated","Minotaur_","0232","Minotaur_0232","","","","Гарна... робота...","","",""
"Integrated","Minotaur_","0233","Minotaur_0233","","","","Ти... сильний...","","",""
"Integrated","Minotaur_","0234","Minotaur_0234","","","","Цар, я...","","",""
"Integrated","Minotaur_","0235","Minotaur_0235","","","","Кх-х, не можу...","","",""
"Integrated","Minotaur_","0236","Minotaur_0236","","","","Ха, ха-ха-ха...","","",""
"Integrated","Minotaur_","0237","Minotaur_0237","","","","Дякую...","","",""
"Integrated","Minotaur_","0238","Minotaur_0238","","","","Славний... бій...","","",""
"Integrated","Minotaur_","0239","Minotaur_0239","","","","Ар-р, знову?..","","",""
"Integrated","Minotaur_","0240","Minotaur_0240","","","","Ти... переміг...","","",""
"Integrated","Minotaur_","0241","Minotaur_0241","","","","Прокляття... ар-р...","","",""
"Integrated","Minotaur_","0242","Minotaur_0242","","","","Цар!..","","",""
"Integrated","Minotaur_","0243","Minotaur_0243","","","","Цар, ні!","","",""
"Integrated","Minotaur_","0244","Minotaur_0244","","","","Тесей!","","",""
"Integrated","Minotaur_","0245","Minotaur_0245","","","","Ні, Тесей!","","",""
"Integrated","Minotaur_","0246","Minotaur_0246","","","","Чемпіон!..","","",""
"Integrated","Minotaur_","0247","Minotaur_0247","","","","Ні!..","","",""
"Integrated","Minotaur_","0248","Minotaur_0248","","","","Прокляття!..","","",""
"Integrated","Minotaur_","0249","Minotaur_0249","","","","Ти!..","","",""
"Integrated","Minotaur_","0250","Minotaur_0250","","","","Як?..","","",""
"Integrated","Minotaur_","0251","Minotaur_0251","","","","Що?","","",""
"Integrated","Minotaur_","0252","Minotaur_0252","","","","Цар переможений?","","",""
"Integrated","Minotaur_","0271","Minotaur_0271","","","","Нгрх...","","",""
"Integrated","Minotaur_","0272","Minotaur_0272","","","","Цар, Ти...","","",""
"Integrated","Minotaur_","0273","Minotaur_0273","","","","Я... ненавиджу...","","",""
"Integrated","Minotaur_","0274","Minotaur_0274","","","","Що, я...","","",""
"Integrated","Minotaur_","0275","Minotaur_0275","","","","Рнгх.","","",""
"Integrated","Minotaur_","0276","Minotaur_0276","","","","Цар..!","","",""
"Integrated","Minotaur_","0277","Minotaur_0277","","","","Мрнгх?","","",""
"Integrated","Minotaur_","0278","Minotaur_0278","","","","Ух, голова...","","",""
"Integrated","Minotaur_","0279","Minotaur_0279","","","","","","",""
"Integrated","Minotaur_","0280","Minotaur_0280","","","","","","",""
"Integrated","Minotaur_","0281","Minotaur_0281","","","","","","",""
"Integrated","Minotaur_","0282","Minotaur_0282","","","","","","",""
"Integrated","Minotaur_","0283","Minotaur_0283","","","","","","",""
"Integrated","Minotaur_","0284","Minotaur_0284","","","","","","",""
"Integrated","Minotaur_","0285","Minotaur_0285","","","","","","",""
"Integrated","Minotaur_","0286","Minotaur_0286","","","","","","",""
"Integrated","Minotaur_","0287","Minotaur_0287","","","","","","",""
"Integrated","Minotaur_","0288","Minotaur_0288","","","","","","",""
"Integrated","Minotaur_","0289","Minotaur_0289","","","","","","",""
"Integrated","Minotaur_","0290","Minotaur_0290","","","","","","",""
"Integrated","Minotaur_","0291","Minotaur_0291","","","","","","",""
"Integrated","Minotaur_","0292","Minotaur_0292","","","","","","",""
"Integrated","Minotaur_","0293","Minotaur_0293","","","","","","",""
"Integrated","Minotaur_","0294","Minotaur_0294","","","","","","",""
"Integrated","Minotaur_","0295","Minotaur_0295","","","","","","",""
"Integrated","Minotaur_","0296","Minotaur_0296","","","","","","",""
"Integrated","Minotaur_","0297","Minotaur_0297","","","","","","",""
"Integrated","Minotaur_","0298","Minotaur_0298","","","","","","",""
"Integrated","Minotaur_","0299","Minotaur_0299","","","","","","",""
"Integrated","Minotaur_","0300","Minotaur_0300","","","","","","",""
"Integrated","Minotaur_","0301","Minotaur_0301","","","","","","",""
"Integrated","Minotaur_","0302","Minotaur_0302","","","","","","",""
"Integrated","Minotaur_","0303","Minotaur_0303","","","","","","",""
"Integrated","Minotaur_","0304","Minotaur_0304","","","","","","",""
"Integrated","Minotaur_","0305","Minotaur_0305","","","","","","",""
"Integrated","Minotaur_","0306","Minotaur_0306","","","","","","",""
"Integrated","Minotaur_","0307","Minotaur_0307","","","","","","",""
"Integrated","Minotaur_","0308","Minotaur_0308","","","","","","",""
"Integrated","Minotaur_","0309","Minotaur_0309","","","","","","",""
"Integrated","Minotaur_","0310","Minotaur_0310","","","","","","",""
"Integrated","Minotaur_","0311","Minotaur_0311","","","","","","",""
"Integrated","Minotaur_","0325","Minotaur_0325","","","","<Фиркає>","","",""
"Integrated","Minotaur_","0326","Minotaur_0326","","","","Ти.","","",""
"Integrated","Minotaur_","0327","Minotaur_0327","","","","Хм.","","",""
"Integrated","Minotaur_","0328","Minotaur_0328","","","","О.","","",""
"Integrated","Minotaur_","0329","Minotaur_0329","","","","Гаразд.","","",""
"Integrated","Minotaur_","0330","Minotaur_0330","","","","Ворог.","","",""
"Integrated","Minotaur_","0331","Minotaur_0331","","","","Знову ти.","","",""
"Integrated","Minotaur_","0332","Minotaur_0332","","","","Це ти.","","",""
