"Nyx","ID","ID","ID","","","","Line","","Notes by AR","Notes by DK"
"Darren","Nyx_","0028","Nyx_0028","Inquiry Greetings","As though she's getting a call from a grandkid -- she'll drop whatever she's doing to help.","","Чим я можу допомогти тобі, дитя?","","",""
"Integrated","Nyx_","0029","Nyx_0029","","","","Чи можу я допомогти тобі, дитя?","","",""
"Integrated","Nyx_","0030","Nyx_0030","","","","Я можу щось зробити для тебе, дитя?","","",""
"Integrated","Nyx_","0031","Nyx_0031","","","","Щось трапилося, дитя?","","",""
"Darren","Nyx_","0033","Nyx_0033","","","","Я можу чимось допомогти, дитино моя?","","",""
"Darren","Nyx_","0034","Nyx_0034","","","","Що я можу зробити, щоб полегшити твою ношу, дитя?","","",""
"Darren","Nyx_","0035","Nyx_0035","","","","Я все зроблю, дитя.","","",""
"Darren","Nyx_","0036","Nyx_0036","","","","Нехай буде так.","","",""
"Darren","Nyx_","0037","Nyx_0037","","","","Як забажаєш, дитино моя.","","",""
"Integrated","Nyx_","0038","Nyx_0038","","","","Я рада тобі догодити.","","",""
"Integrated","Nyx_","0040","Nyx_0040","","","","Хай виповниться твоя воля, дитино моя.","","",""
"Darren","Nyx_","0041","Nyx_0041","","","","Твоє бажання буде виконано, дитя.","","",""
"Darren","Nyx_","0042","Nyx_0042","","","","Дуже добре, дитино моя.","","",""
"Darren","Nyx_","0043","Nyx_0043","","","","Я чую тебе, дитино.","","",""
"Darren","Nyx_","0044","Nyx_0044","","","","Звичайно, дитя моє.","","",""
"Integrated","Nyx_","0049","Nyx_0049","","","","Такий прекрасний подарунок волає до взаємності, мила дитина. А я і так хотіла подарувати собі символ своєї любові.","","",""
"Darren","Nyx_","0050","Nyx_0050","","","","Подарунок для мене, дитино? Тоді я маю подарувати тобі щось натомість. Я дякую тобі і хочу запропонувати тобі ось це.","","",""
"Darren","Nyx_","0051","Nyx_0051","","","","Я не можу прийняти такий люб'язний дар, якщо тільки й ти не приймеш від мене цей маленький подарунок.","","",""
"Integrated","Nyx_","0052","Nyx_0052","","","","Хм-м-м.","","",""
"Integrated","Nyx_","0053","Nyx_0053","","","","Ха-а-а-а.","","",""
"Integrated","Nyx_","0054","Nyx_0054","","","","Ти повернувся додому.","","",""
"Integrated","Nyx_","0055","Nyx_0055","","","","Ти вдома.","","",""
"Integrated","Nyx_","0056","Nyx_0056","","","","Насолода для очей.","","",""
"Darren","Nyx_","0057","Nyx_0057","","Humming Hades Theme riff. Like it's something she sings while working, like a mom doing jobs around the house.","","Хм-м-м, хм-м-м-м, хм-м-хм-м-м-м... хм-м, хм-м, хм-м, м-м-м, м-м-м, м-м-м, м-м-м-м...","","",""
"Unused","Nyx_","0067","Nyx_0067","Story Conversation 2 - Athena","","","Скажи мені, дитино, богиня Афіна дотримала свого слова і запропонувала тобі свою підтримку?","","",""
"Integrated","Nyx_","0068","Nyx_0068","follows previous","","Zag: She has, Nyx. I am grateful that you put us into contact, and explained to her the situation that I'm in.","Я рада це чути. Олімпійці рідко зближуються з тими, хто народжений у Підземному світі, але твої обставини, здається, стали винятком. Вона стане тобі могутньою союзницею.","","",""
"Integrated","Nyx_","0074","Nyx_0074","To Megaera Conversation 1","Real talk with Megaera, reassuring her. Here we see that Nyx is caring for more than just Zagreus and will not take sides in a dispute, but will share her empathy and compassion evenly.","","Кожен з нас має свої зобов'язання перед цим Домом, дочко. У твоїх обов'язках немає нічого ганебного. Поки твої сестри відсутні, ти несеш відповідальність і за їхню роботу.","","",""
"Integrated","Nyx_","0076","Nyx_0076","To Megaera Conversation 2","Woman-to-woman talk with Megaera; doling out sage advice. We miss the first part of this conversation because we're eavesdropping, but they're talking of professional matters.","","...а на кого ще ми можемо розраховувати?.. Проте, закликаю тебе заглянути всередину себе, дочко. Те, яким чином ти виконаєш роботу, позначиться на кінцевому результаті.","","",""
"Integrated","Nyx_","0079","Nyx_0079","Megaera Conversation 3","She finds this delightful because she senses some insinuation here. She is suggesting Meg is adopted or not her daughter in a traditional sense. This is also a rare time we hear her ghostly laughter.","Zag: 'Nyx, this may be awkward, but, is Megaera your real daughter...? I was just, kind of wondering.'","Ха, ха-ха. Вона мені така ж дочка, як і ти мій син, дитино моя. Адже я сама ніч. Не можу розповісти тобі більше. Але я рада бачити, що останнім часом ви краще ладнаєте.","","",""
"Unused","Nyx_","0081","Nyx_0081","To Hades Conversation 1","Speaking subserviently to Hades.","Hades: 'You are not to aid him in these matters, Nyx. Do we have an understanding?'","Я зрозуміла тебе, володарю. Я вірна цьому царству та цьому Дому. І, як завжди, залишаюся у неоплатному боргу перед тобою.","","",""
"Unused","Nyx_","0082","Nyx_0082","To Hades Conversation 2","Standing firm, sticking up for herself vs. Hades, matching him pound for pound.","Hades: 'I know that you are helping him. What do you expect me to do about this, Nyx? Deception, in my very house and home.'","Моє ставлення до нього не змінилося, мій повелителю. Я повністю підтримую його, і так завжди буде. Тобі треба це знати. Тепер він хоче піти. І я не буду його зупиняти.","","",""
"Integrated","Nyx_","0090","Nyx_0090","Alt Intro","","","Не впадай у відчай і не відступай від прийнятого рішення, дитя. Скажи мені: богиня Афіна дотримала свого слова і запропонувала тобі підтримку?","","",""
"Integrated","Nyx_","0091","Nyx_0091","Alt Intro (Redo)","","","Не впадай у відчай, дитино. Невдачі неминучі, і подолати їх можна лише з часом і з великою завзятістю. Але скажи, чи богиня Афіна дотримала свого слова?","","",""
"Integrated","Nyx_","0092","Nyx_0092","","","She has, Nyx. I am grateful that you put us into contact, and explained to her the situation that I'm in. I know you took a considerable risk in reaching out.","Це найменше, що я могла зробити. Олімпійці зазвичай цураються справ Підземного світу, але твій випадок, мабуть, став для них винятком. Вони будуть тобі найціннішими союзниками. Але не кажи їм нічого понад те, що вони вже знають. Заради всіх нас.","","",""
"Integrated","Nyx_","0096","Nyx_0096","","","No, Nyx, please, it's... quite all right. You may not have given birth to me, but you still cared for me. I never doubt that. Likewise, is it... is it all right that I refer to you by name?","Звичайно, я не проти, дитино моя.","","",""
"Integrated","Nyx_","0099","Nyx_0099","About Persephone 2","","Nyx, if I can ever make my way from here, out to the surface... how do you know that I can find her? The instructions you gave me... how can you know for sure that's where she is, that she hasn't left, or...?","Твоя мати — одухотворена жінка. Що мені тобі розповісти, дитино? Я співпереживала їй та її становищу. Коли вона вирішила покинути нас, я сама вигнула промені світла, приховавши її шлях, хоч я й бачила його сама. Думаю, розповівши тобі про це, я не зрадила її довіри.","","",""
"Integrated","Nyx_","0107","Nyx_0107","","Thoughtful modesty.","Megaera: ...Thank you for the advice, Nyx. I don't know what I'd do without you. Or what this House would be if not for you.","Ми всі робимо те, що в наших силах.","","",""
"Integrated","Nyx_","0115","Nyx_0115","","","What, Father can't control the pest problem? Never thought I'd be of any help rampaging through the upper levels of his domain.","Роби, що маєш. Перемога вже майже в тебе в руках.","","",""
"Integrated","Nyx_","0133","Nyx_0133","","Not meant to be sinister, just matter-of-fact and polite.","I will. I promise, Nyx. And if there's anything you ever need that I can do, well... please, just ask of me.","Мені відомо, де тебе знайти, Мегера.","","",""
"Integrated","Nyx_","0135","Nyx_0135","","","I hope that you are right. You always have been, it's just that... I wish I had your confidence in this.","Користуйся, на здоров'я.","","",""
"Integrated","Nyx_","0137","Nyx_0137","","","I understand, and I will do my best. Thank you for taking care of everything. I've every faith in you, Mother. And in this House. Farewell.","Прощавай.","","",""
"Integrated","Nyx_","0138","Nyx_0138","With Thanatos Chat -- Matters of the Heart","Thanatos is asking about whether he's reading his relationship with Zagreus correctly, and whether his mother approves. She says he is, and she does.","Thanatos: You would know best about this, Mother, so, please, tell me what you think. Because if I am wrong...","Сподіваюся, ти маєш рацію, сину мій. Сподіваюся, ти маєш рацію. І, чесно кажучи... втішно бачити, як ти зміцнів останнім часом. Ти так багато працюєш.","","",""
"Integrated","Nyx_","0139","Nyx_0139","","","What does work have to do with anything? Other than, all this really is quite the distraction from it.","Іноді необхідно відволікатися від роботи, Танатос. У довгостроковій перспективі це піде на користь. З іншого боку, якби тебе хвилювало тільки це, нашої розмови не було б.","","",""
"Unused","Nyx_","0140","Nyx_0140","First Clear","","","Ти кинув свого батька так само, як колись він свого. Але якщо він тут, то ти, очевидно, був до нього набагато милостивіший. Я розумію, це гірка перемога, краще про неї і не сказати.","","",""
"Unused","Nyx_","0141","Nyx_0141","","","Oh, I don't know, it honestly felt pretty high up there as victories go. The only shame is cutting Father down to size changes so little around here on its own. He's going to pretend like everything is still OK.","Якщо ти зміг подолати його один раз, то ти, безперечно, зможеш досягти і своєї справжньої мети. Але я ніколи не сумнівалася в тобі, хіба що... я знаю, яких зусиль тобі коштувало, щоб зайти так далеко..","","",""
"Unused","Nyx_","0173","Nyx_0173","","","I have to say, and I do mean this as a compliment: it's hard for me to imagine Night Incarnate herself fashioning these little keepsakes to be given between friends.","Не применшуй їх сили через їх вигляд. Вони приховують неймовірну міць — непорушний зв'язок між двома душами, що злилися.","","",""
"Integrated","Nyx_","0181","Nyx_0181","","Tender moment between foster mother and son.","Well, I mean every word. I love you, Nyx.","І я люблю тебе, дитино моя.","","",""
"Integrated","Nyx_","0201","Nyx_0201","","Telling Dusa as she leaves. Subtext is: ""Don't screw up again.""","What, I, Miss Nyx, you mean... like, start right now? Now now? I mean, I, I don't have a lot of pressing obligations, so, I'll do it, YES!! I accept! I'm so excited to be back! Where do I even start, I can survey the lounge, sweep the cobwebs, walk Cerberus, check the pantry, ah, OK, I'm off!!","Зроби все можливе.","","",""
"Integrated","Nyx_","0204","Nyx_0204","Greetings","Dignified nod / acknowledgement.","","Дитя.","","",""
"Integrated","Nyx_","0205","Nyx_0205","","Pleased to see him.","","Дитя моє.","","",""
"Integrated","Nyx_","0206","Nyx_0206","","","","Ти повернувся.","","",""
"Integrated","Nyx_","0207","Nyx_0207","","","","Ти повернувся.","","",""
"Integrated","Nyx_","0208","Nyx_0208","","","","Це ти.","","",""
"Integrated","Nyx_","0209","Nyx_0209","","","","Ти знову тут.","","",""
"Integrated","Nyx_","0210","Nyx_0210","","","","Ти тут.","","",""
"Integrated","Nyx_","0211","Nyx_0211","","","","Знову виникли труднощі.","","",""
"Integrated","Nyx_","0212","Nyx_0212","","","","Ах.","","",""
"Integrated","Nyx_","0213","Nyx_0213","","","","Будь непомітним.","","",""
"Integrated","Nyx_","0214","Nyx_0214","","","","Ось ти де.","","",""
"Integrated","Nyx_","0215","Nyx_0215","","","","Ти чудово впорався.","","",""
"Integrated","Nyx_","0216","Nyx_0216","","","","Ти звільнився.","","",""
"Integrated","Nyx_","0217","Nyx_0217","","","","Ти досяг поверхні...","","",""
"Integrated","Nyx_","0218","Nyx_0218","","","","Ти знайшов її?","","",""
"Integrated","Nyx_","0219","Nyx_0219","","","","Ти молодець.","","",""
"Integrated","Nyx_","0220","Nyx_0220","","","","Нарешті.","","",""
"Integrated","Nyx_","0221","Nyx_0221","","","","Стривай.","","",""
"Integrated","Nyx_","0222","Nyx_0222","","","","Нумо поговоримо, дитино?","","",""
"Integrated","Nyx_","0223","Nyx_0223","","","","Поговори зі мною, прошу.","","",""
"Darren","Nyx_","0224","Nyx_0224","","","","Зачекай.","","",""
"Integrated","Nyx_","0225","Nyx_0225","","","","Стривай.","","",""
"Darren","Nyx_","0226","Nyx_0226","","","","Ось.","","",""
"Integrated","Nyx_","0227","Nyx_0227","","","","Дитя?","","",""
"Darren","Nyx_","0228","Nyx_0228","","","","Нехай ніч і темрява вкажуть тобі шлях..","","",""
"Darren","Nyx_","0229","Nyx_0229","","","","Хай буде виконано.","","",""
"Darren","Nyx_","0230","Nyx_0230","","","","Як скажеш.","","",""
"Darren","Nyx_","0231","Nyx_0231","","","","Як побажаєш.","","",""
"Integrated","Nyx_","0232","Nyx_0232","","","","Нехай буде так.","","",""
"Darren","Nyx_","0233","Nyx_0233","","","","Нехай буде так.","","",""
"Integrated","Nyx_","0234","Nyx_0234","","","","Дуже добре.","","",""
"Integrated","Nyx_","0235","Nyx_0235","","","","Що ж, дуже добре.","","",""
"Darren","Nyx_","0236","Nyx_0236","","","","Як побажаєш.","","",""
"Darren","Nyx_","0237","Nyx_0237","","","","Як побажаєш.","","",""
"Integrated","Nyx_","0238","Nyx_0238","","","","Дякую тобі.","","",""
"Integrated","Nyx_","0239","Nyx_0239","","","","Прийми мою подяку.","","",""
"Integrated","Nyx_","0240","Nyx_0240","","","","Дякую, дитино моя.","","",""
"Darren","Nyx_","0241","Nyx_0241","","","","Мені приємно, дитя.","","",""
"Integrated","Nyx_","0242","Nyx_0242","","","","Дякую тобі, дитино.","","",""
"Integrated","Nyx_","0243","Nyx_0243","","","","Це надто мило з твого боку.","","",""
"Integrated","Nyx_","0244","Nyx_0244","","","","Дуже мило з твого боку.","","",""
"Integrated","Nyx_","0245","Nyx_0245","","","","Як дбайливо з твого боку, дитя.","","",""
"Darren","Nyx_","0246","Nyx_0246","","","","У мене є щось для тебе.","","",""
"Darren","Nyx_","0247","Nyx_0247","","","","Це для тебе.","","",""
"Darren","Nyx_","0248","Nyx_0248","","","","Це призначено тобі.","","",""
"Darren","Nyx_","0249","Nyx_0249","","","","Це тобі, дитино моя.","","",""
"Darren","Nyx_","0250","Nyx_0250","","","","Прошу, візьми це, дитино.","","",""
"Darren","Nyx_","0251","Nyx_0251","","","","Прошу, візьми це.","","",""
"Darren","Nyx_","0252","Nyx_0252","","","","Це для тебе.","","",""
"Darren","Nyx_","0253","Nyx_0253","","","","Ось.","","",""
"Darren","Nyx_","0254","Nyx_0254","","","","Ось.","","",""
"Integrated","Nyx_","0255","Nyx_0255","","","","М-м-м.","","",""
"Darren","Nyx_","0256","Nyx_0256","","","","Для тебе.","","",""
"Darren","Nyx_","0257","Nyx_0257","","","","Посилюйся.","","",""
"Darren","Nyx_","0258","Nyx_0258","","","","Пітьма.","","",""
"Darren","Nyx_","0259","Nyx_0259","","","","Яка невдача.","","",""
"Darren","Nyx_","0260","Nyx_0260","","","","Небажаний результат.","","",""
"Integrated","Nyx_","0261","Nyx_0261","","","","Мойри були милостиві до тебе.","","",""
"Integrated","Nyx_","0262","Nyx_0262","","","","Чергова перешкода, яку потрібно подолати.","","",""
"Darren","Nyx_","0263","Nyx_0263","","","","Яке розчарування.","","",""
"Darren","Nyx_","0264","Nyx_0264","","","","Я боялася, що це станеться.","","",""
"Darren","Nyx_","0265","Nyx_0265","","","","Мені не приємно.","","",""
"Darren","Nyx_","0266","Nyx_0266","","","","Цього я точно не схвалюю.","","",""
"Darren","Nyx_","0267","Nyx_0267","","","","Будь розумнішим і не випробовуй моє терпіння.","","",""
"Integrated","Nyx_","0268","Nyx_0268","","","","Не будь дурнем — не зли мене.","","",""
"Darren","Nyx_","0269","Nyx_0269","","","","Верх необережності.","","",""
"Darren","Nyx_","0270","Nyx_0270","","","","Не можу терпіти подібні дії.","","",""
"Darren","Nyx_","0271","Nyx_0271","","","","Безрозсудний вчинок.","","",""
"Darren","Nyx_","0272","Nyx_0272","","","","Прошу, залиш мене, дитя.","","",""
"Integrated","Nyx_","0273","Nyx_0273","","","","Залиш мене.","","",""
"Darren","Nyx_","0274","Nyx_0274","","","","Я хочу залишитися сама.","","",""
"Darren","Nyx_","0275","Nyx_0275","","","","Справді?..","","",""
"Darren","Nyx_","0276","Nyx_0276","","","","В ім'я темряви...","","",""
"Darren","Nyx_","0277","Nyx_0277","","","","Чи можливо..?","","",""
"Darren","Nyx_","0278","Nyx_0278","","","","Але це неможливо.","","",""
"Darren","Nyx_","0279","Nyx_0279","","","","Ти справді впевнений у цьому?..","","",""
"Darren","Nyx_","0280","Nyx_0280","","","","Не можу в це повірити...","","",""
"Darren","Nyx_","0281","Nyx_0281","","","","Чи можливо, що це правда..?","","",""
"Darren","Nyx_","0282","Nyx_0282","","","","Я знала, що ти здатний на більше.","","",""
"Integrated","Nyx_","0283","Nyx_0283","","","","Я ніколи не сумнівалася в тобі.","","",""
"Integrated","Nyx_","0284","Nyx_0284","","","","Я передбачала, що ти досягнеш успіху.","","",""
"Integrated","Nyx_","0285","Nyx_0285","","","","Чудова робота.","","",""
"Integrated","Nyx_","0286","Nyx_0286","","","","Майстерно виконана робота.","","",""
"Unused","Nyx_","0287","Nyx_0287","","","","Ти переміг свого батька так само, як він одного разу переміг свого. Хоча ти був куди милосердніший. Знаю, ця перемога навряд чи принесла тобі радість. Але є дещо важливіше. Скажи мені... Ти знайшов її? У землях, прихованих навіть від мене?","","",""
"Unused","Nyx_","0288","Nyx_0288","","","","Ти ще можеш поговорити з ними, дитино. Якось у тебе вдалося її знайти... хіба ти не зможеш зробити це ще раз? Іди, дізнайся про неї все, що хотів. Задай стільки запитань, скільки потрібно.","","",""
"Unused","Nyx_","0289","Nyx_0289","","","","Ти впораєшся. Як і минулого разу. Знайди її, дитино. Вона не ризикне повернутись сюди. Але тепер вона чекає на тебе.","","",""
"Unused","Nyx_","0290","Nyx_0290","","","","Дитя... мені непросто говорити про це, але... я просто не знала. Мій вплив тягнеться на поверхню, це правда. Але я ніколи не була там сама і не очікувала, що це так сильно на тебе позначиться. Думаю, ти поділив долю свого батька.","","",""
"Unused","Nyx_","0291","Nyx_0291","","","","Наскільки я можу судити, так. Ти прив'язаний до цього царства силами, які могутніші за мої. Скажи мені ось що... якби ти знав, що зможеш побачитися з Персіфоною зовсім ненадовго... ти, як і раніше, подався до неї?","","",""
"Unused","Nyx_","0292","Nyx_0292","","","","Тоді мужися і знайди її знову. І з розумом скористайся часом, який ти можеш провести з нею. Зовсім як смертні.","","",""
"Integrated","Nyx_","0293","Nyx_0293","","","","Стривай...","","",""
"Unused","Nyx_","0294","Nyx_0294","","","","Дитя, перш ніж ти підеш. Знаю, що час на поверхні швидкоплинний, і невідомо чи досягнеш ти своєї мети... але прошу тебе, скажи Персіфоне, що я була з нею чесною. Я з теплом згадую час, який ми провели разом. Будь ласка, скажи їй це, заради мене.","","",""
"Unused","Nyx_","0295","Nyx_0295","","","","Думаю, вона почувала себе не у своїй тарілці. Їй було важко звикнути до цих вимушених змін. І... вона боялася, що зрештою застрягне між двома вогнями — між Олімпом і цим царством. Що через неї розв'яжеться війна.","","",""
"Integrated","Nyx_","0298","Nyx_0298","","","","Дякую, сину мій.","","",""
"Integrated","Nyx_","0303","Nyx_0303","","","","Разом ми у всьому розберемося.","","",""
"Integrated","Nyx_","0312","Nyx_0312","","","","Так це так.","","",""
"Integrated","Nyx_","0316","Nyx_0316","","","","Добре.","","",""
"Integrated","Nyx_","0319","Nyx_0319","","","","Розумна думка.","","",""
"Integrated","Nyx_","0343","Nyx_0343","","","","Саме так.","","",""
"Unused","Nyx_","0375","Nyx_0375","","","","Я не можу допомогти тобі в цьому, дитино.","","",""
"Unused","Nyx_","0378","Nyx_0378","","","","Я не можу одночасно говорити і керувати пітьмою, дитя.","","",""
"Integrated","Nyx_","0381","Nyx_0381","","","","Це найменше, що я могла зробити. Олімпійці — могутні союзники, але не розкривай їм нічого з того, що їм досі невідомо. Заради всіх нас.","","",""
"Integrated","Nyx_","0384","Nyx_0384","","","","А тепер іди.","","",""
"Integrated","Nyx_","0408","Nyx_0408","","","","Добре.","","",""
"Integrated","Nyx_","0410","Nyx_0410","","","","Справді...?","","",""
"Integrated","Nyx_","0411","Nyx_0411","","","","Загрей.","","",""
"Integrated","Nyx_","0412","Nyx_0412","","","","Загрей?","","",""
"Integrated","Nyx_","0413","Nyx_0413","","","","Стривай, дитя.","","",""
"Integrated","Nyx_","0414","Nyx_0414","","","","Ласкаво просимо до Хаосу.","","",""
"Integrated","Nyx_","0415","Nyx_0415","","","","Ти знайшов нас.","","",""
"Integrated","Nyx_","0416","Nyx_0416","","","","Усі ми тут.","","",""
"Integrated","Nyx_","0417","Nyx_0417","","","","Ти тут.","","",""
"Integrated","Nyx_","0418","Nyx_0418","","","","Оце сюрприз.","","",""
"Darren","Nyx_","0452","Nyx_0452","Mission Assignments (speculative context)","","","У мене тобі нове завдання, дитя.","","",""
"Darren","Nyx_","0453","Nyx_0453","","","","Одне питання вимагає твоєї уваги.","","",""
"Darren","Nyx_","0456","Nyx_0456","","","","Виникла одна проблема, дитя.","","",""
"Darren","Nyx_","0457","Nyx_0457","","","","У дечому потрібна твоя допомога, дитя.","","",""
"Darren","Nyx_","0458","Nyx_0458","Nonverbal Emotes","Knowing. Three or four short ""hm"" sounds.","","<Задоволено сміється>","","",""
"Darren","Nyx_","0459","Nyx_0459","","Slightly amused.","","<Задоволено сміється>","","",""
"Darren","Nyx_","0460","Nyx_0460","","Wry, to herself.","","<Сміється>","","",""
"Darren","Nyx_","0461","Nyx_0461","","Slightly amused.","","<Сміється>","","",""
"Unused","Nyx_","0452","Nyx_0452","","","","У мене для тебе нове завдання, дитя.","","",""
"Unused","Nyx_","0453","Nyx_0453","","","","Одне питання вимагає твоєї уваги.","","",""
"Unused","Nyx_","0456","Nyx_0456","","","","Виникла одна проблема, дитя.","","",""
"Unused","Nyx_","0457","Nyx_0457","","","","Мені потрібна твоя допомога, дитино.","","",""
"Unused","Nyx_","0458","Nyx_0458","","","","<Задоволено сміється>","","",""
"Unused","Nyx_","0459","Nyx_0459","","","","<Задоволено сміється>","","",""
"Unused","Nyx_","0460","Nyx_0460","","","","<Сміється>","","",""
"Unused","Nyx_","0461","Nyx_0461","","","","<Сміється>","","",""
"Integrated","Nyx_","0462","Nyx_0462","","","","<Усміхається>","","",""
"Unused","Nyx_","0463","Nyx_0463","","","","<Зітхає>","","",""
"Unused","Nyx_","0464","Nyx_0464","","","","<Зітхає>","","",""
"Unused","Nyx_","0465","Nyx_0465","","","","Хм-м.","","",""
"Integrated","Nyx_","0471","Nyx_0471","","","","Так.","","",""
"Integrated","Nyx_","0474","Nyx_0474","","","","Хороша робота, дитя.","","",""
"Integrated","Nyx_","0475","Nyx_0475","","","","Похвально.","","",""
"Integrated","Nyx_","0476","Nyx_0476","","","","Ти добре впорався.","","",""
"Integrated","Nyx_","0477","Nyx_0477","","","","Чудова робота.","","",""
"Integrated","Nyx_","0478","Nyx_0478","","","","Хай прибуде з тобою успіх.","","",""
"Integrated","Nyx_","0479","Nyx_0479","","","","Царство процвітає.","","",""
"Integrated","Nyx_","0480","Nyx_0480","","","","У Домі все гаразд.","","",""
