"Orpheus","ID","ID","ID","","","","Line","","Notes by AR","Notes by DK"
"Integrated","Orpheus_","0034","Orpheus_0034","","","","Можливо, цього разу ти бажаєш послухати пісню?","","",""
"Integrated","Orpheus_","0035","Orpheus_0035","","","","Хочеш, я зіграю тобі одну зі своїх пісень?","","",""
"Integrated","Orpheus_","0036","Orpheus_0036","","","","Що я можу тобі зробити, друже мій?","","",""
"Integrated","Orpheus_","0037","Orpheus_0037","","","","Чи хочеш ти послухати якусь пісню?","","",""
"Integrated","Orpheus_","0038","Orpheus_0038","","","","Як щодо коротенької пісні, м?","","",""
"Integrated","Orpheus_","0039","Orpheus_0039","","","","Я ваш скромний придворний музикант, Загрей.","","",""
"To Be Integrated","Orpheus_","0040","Orpheus_0040","","","","Все може стати краще за допомогою пісні!","","",""
"Integrated","Orpheus_","0041","Orpheus_0041","","","","Добре, ця мені подобається.","","",""
"Integrated","Orpheus_","0042","Orpheus_0042","","","","Ах, звичайно-звичайно.","","",""
"Integrated","Orpheus_","0043","Orpheus_0043","","","","Що ж, дуже добре.","","",""
"Integrated","Orpheus_","0044","Orpheus_0044","","","","Чудово, нумо почнемо, друже мій!","","",""
"Integrated","Orpheus_","0045","Orpheus_0045","","","","Чудово, це мені подобається!","","",""
"Integrated","Orpheus_","0046","Orpheus_0046","","","","Так і думав, що ти так скажеш.","","",""
"Integrated","Orpheus_","0047","Orpheus_0047","","","","Що ж, нумо ще раз?","","",""
"Integrated","Orpheus_","0048","Orpheus_0048","","","","Тобі вона подобається, так?","","",""
"Integrated","Orpheus_","0049","Orpheus_0049","","","","Радий коритися тобі.","","",""
"Integrated","Orpheus_","0050","Orpheus_0050","","","","О, чому б ні!","","",""
"Integrated","Orpheus_","0060","Orpheus_0060","","","","Вітаю!..","","",""
"Integrated","Orpheus_","0061","Orpheus_0061","","","","Вітаю...","","",""
"Integrated","Orpheus_","0062","Orpheus_0062","","","","Хм-м-м.","","",""
"Integrated","Orpheus_","0063","Orpheus_0063","","","","А.","","",""
"Integrated","Orpheus_","0064","Orpheus_0064","","","","О, ем, вітаю.","","",""
"Integrated","Orpheus_","0065","Orpheus_0065","","","","Вітаю.","","",""
"Integrated","Orpheus_","0091","Orpheus_0091","","","","Загрей.","","",""
"Integrated","Orpheus_","0092","Orpheus_0092","","","","Загрей?","","",""
"Integrated","Orpheus_","0093","Orpheus_0093","","","","Вітаю, друже мій.","","",""
"Integrated","Orpheus_","0094","Orpheus_0094","","","","Вітаю, друже.","","",""
"Integrated","Orpheus_","0095","Orpheus_0095","","","","Вітаю.","","",""
"Integrated","Orpheus_","0177","Orpheus_0177","","","","Якщо наполягаєш, друже мій.","","",""
"Integrated","Orpheus_","0144","Orpheus_0144","","","","Дякую. Так я й зроблю... так.","","",""
"Integrated","Orpheus_","0156","Orpheus_0156","","","","Оце так...","","",""
"Integrated","Orpheus_","0157","Orpheus_0157","","","","Знаменита майстерність Дедала...","","",""
"Integrated","Orpheus_","0158","Orpheus_0158","","","","Мій пюпітр...","","",""
"Integrated","Orpheus_","0159","Orpheus_0159","","","","В ім'я Мойр...","","",""
"Integrated","Orpheus_","0160","Orpheus_0160","","","","Дар пісні...","","",""
"Integrated","Orpheus_","0161","Orpheus_0161","","","","Я згадую пісню...","","",""
"Integrated","Orpheus_","0162","Orpheus_0162","","","","У моїй пам'яті виринає мелодія...","","",""
"Integrated","Orpheus_","0163","Orpheus_0163","","","","Натхнення прийшло?","","",""
"Integrated","Orpheus_","0164","Orpheus_0164","","","","В ім'я моєї музи...","","",""
"Integrated","Orpheus_","0165","Orpheus_0165","","","","Ще одна пісня...","","",""
"Integrated","Orpheus_","0166","Orpheus_0166","","","","Пісня...","","",""
"Integrated","Orpheus_","0167","Orpheus_0167","","","","Ще один спогад...","","",""
"Integrated","Orpheus_","0168","Orpheus_0168","","","","Пригадую...","","",""
"Integrated","Orpheus_","0169","Orpheus_0169","","","","Чудово.","","",""
"Integrated","Orpheus_","0170","Orpheus_0170","","","","Відмінний вибір.","","",""
"Integrated","Orpheus_","0171","Orpheus_0171","","","","Тобі вона подобається, так?","","",""
"Integrated","Orpheus_","0172","Orpheus_0172","","","","Ах, ця.","","",""
"Integrated","Orpheus_","0173","Orpheus_0173","","","","Нехай буде ця.","","",""
"Integrated","Orpheus_","0174","Orpheus_0174","","","","Ах, так.","","",""
"Integrated","Orpheus_","0175","Orpheus_0175","","","","Ох, справді.","","",""
"Integrated","Orpheus_","0176","Orpheus_0176","","","","Примушує мене замислитися над нею.","","",""
"Integrated","Orpheus_","0177","Orpheus_0177","","","","Якщо наполягаєш, друже мій.","","",""
"Darren","Orpheus_","0211","Orpheus_0211","","","","Я не можу інакше, друже мій.","","",""
"Darren","Orpheus_","0214","Orpheus_0214","","","","Звичайно, друже мій.","","",""
"Integrated","Orpheus_","0220","Orpheus_0220","","","","Для мене навряд чи є щось важливіше за неї, друже мій.","","",""
"Integrated","Orpheus_","0235","Orpheus_0235","","","","Друже мій?","","",""
"Integrated","Orpheus_","0236","Orpheus_0236","","","","Це заважає мені співати, друже мій.","","",""
"Integrated","Orpheus_","0237","Orpheus_0237","","","","Перепрошую, Загрей.","","",""
"Integrated","Orpheus_","0238","Orpheus_0238","","","","Я чимось образив тебе?","","",""
"Integrated","Orpheus_","0239","Orpheus_0239","","","","Я вирішив ніколи не боротися, друже мій.","","",""
"Integrated","Orpheus_","0240","Orpheus_0240","","","","Моя зброя — мої пісні, друже мій.","","",""
"Integrated","Orpheus_","0241","Orpheus_0241","","","","Прошу, Загрей.","","",""
"Integrated","Orpheus_","0242","Orpheus_0242","","","","Я намагаюся співати, друже мій!","","",""
"Integrated","Orpheus_","0259","Orpheus_0259","","","","Дуже сумніваюся.","","",""
"Integrated","Orpheus_","0260","Orpheus_0260","","","","Думаю, мені варто подумати над цим.","","",""
