"Patroclus","ID","ID","ID","","","","Line","","Notes by AR","Notes by DK"
"Integrated","Patroclus_","0030","Patroclus_0030","","","","...Подумати тільки, він міг просто... і тоді нічого б цього не сталося...","","",""
"Integrated","Patroclus_","0031","Patroclus_0031","","","","...Він завжди був... Ти завжди був таким упертим дурнем...","","",""
"Integrated","Patroclus_","0032","Patroclus_0032","","","","...Навіщо я тут, невже я вічно буду сам? Куди ж ти пішов... Що ти наробив?","","",""
"Integrated","Patroclus_","0033","Patroclus_0033","","","","...Ти теж десь поневіряєшся, так само як і я, але де?.. І чому ти не тут?..","","",""
"Integrated","Patroclus_","0034","Patroclus_0034","","","","...Ну що ж, тоді, гадаю, мені залишається тільки чекати тут. Не можна втрачати жодної хвилини, як же, ха-ха-ха.","","",""
"Integrated","Patroclus_","0035","Patroclus_0035","","","","...Як же ти, мабуть, мене ненавидиш, коли кинув серед цих шляхетних чемпіонів і царів...","","",""
"Integrated","Patroclus_","0036","Patroclus_0036","","","","...Мабуть, боги і справді зневажають нас обох, якщо вони розлучили нас...","","",""
"Integrated","Patroclus_","0037","Patroclus_0037","","","","...А ким ми колись були... Деколи мені здається, що це лише мій оманливий спогад...","","",""
"Integrated","Patroclus_","0043","Patroclus_0043","","","","Що таке?","","",""
"Integrated","Patroclus_","0044","Patroclus_0044","","","","Чого тобі, незнайомцю?","","",""
"Unused","Patroclus_","0047","Patroclus_0047","","","","Мабуть, тобі це конче необхідно.","","",""
"Integrated","Patroclus_","0056","Patroclus_0056","","","","Мені здається, великої різниці немає.","","",""
"Integrated","Patroclus_","0057","Patroclus_0057","","","","Ну, якщо ти обрав це.","","",""
"Integrated","Patroclus_","0058","Patroclus_0058","","","","Звісно, незнайомець.","","",""
"Integrated","Patroclus_","0059","Patroclus_0059","","","","Так тому і бути.","","",""
"Integrated","Patroclus_","0060","Patroclus_0060","","","","Для мене це не має значення.","","",""
"Integrated","Patroclus_","0061","Patroclus_0061","","","","Вибирай те, що тобі підходить.","","",""
"Integrated","Patroclus_","0062","Patroclus_0062","","","","Ну що ж, тоді це твоє.","","",""
"Integrated","Patroclus_","0063","Patroclus_0063","","","","Що ж, дуже добре.","","",""
"Integrated","Patroclus_","0064","Patroclus_0064","","","","Ось, а тепер залиш мене.","","",""
"Integrated","Patroclus_","0065","Patroclus_0065","","","","А тепер йди.","","",""
"Integrated","Patroclus_","0066","Patroclus_0066","","","","Мені це не знадобиться.","","",""
"Integrated","Patroclus_","0067","Patroclus_0067","","","","У твоєму повному розпорядженні.","","",""
"Integrated","Patroclus_","0068","Patroclus_0068","","","","Я маю сумнів, що це допоможе.","","",""
"Integrated","Patroclus_","0069","Patroclus_0069","","","","Це вже дещо, так?","","",""
"Unused","Patroclus_","0070","Patroclus_0070","","","","<Зітхає>","","",""
"Unused","Patroclus_","0071","Patroclus_0071","","","","<Зітхає>","","",""
"Unused","Patroclus_","0072","Patroclus_0072","","","","<Зітхає>","","",""
"Unused","Patroclus_","0073","Patroclus_0073","","","","<Зітхає>","","",""
"Unused","Patroclus_","0074","Patroclus_0074","","","","<Усміхається>","","",""
"Unused","Patroclus_","0075","Patroclus_0075","","","","<Усміхається>","","",""
"Integrated","Patroclus_","0076","Patroclus_0076","","","","<Задоволено сміється>","","",""
"Unused","Patroclus_","0077","Patroclus_0077","","","","<Задоволено сміється>","","",""
"Unused","Patroclus_","0078","Patroclus_0078","","","","Незнайомець.","","",""
"Unused","Patroclus_","0079","Patroclus_0079","","","","Незнайомець?..","","",""
"Integrated","Patroclus_","0080","Patroclus_0080","","","","Незнайомець...","","",""
"Unused","Patroclus_","0081","Patroclus_0081","","","","Ти.","","",""
"Integrated","Patroclus_","0082","Patroclus_0082","","","","Ти?..","","",""
"Integrated","Patroclus_","0083","Patroclus_0083","","","","Знову ти.","","",""
"Unused","Patroclus_","0084","Patroclus_0084","","","","Знову ти?..","","",""
"Integrated","Patroclus_","0085","Patroclus_0085","","","","Ти знову тут.","","",""
"Unused","Patroclus_","0086","Patroclus_0086","","","","Це ти.","","",""
"Integrated","Patroclus_","0087","Patroclus_0087","","","","Ох.","","",""
"Integrated","Patroclus_","0088","Patroclus_0088","","","","Це марно...","","",""
"Integrated","Patroclus_","0089","Patroclus_0089","","","","Хороша спроба.","","",""
"Integrated","Patroclus_","0090","Patroclus_0090","","","","Хотілося б.","","",""
"Integrated","Patroclus_","0091","Patroclus_0091","","","","Я вже мертвий.","","",""
"Integrated","Patroclus_","0092","Patroclus_0092","","","","Так не вийде.","","",""
"Integrated","Patroclus_","0093","Patroclus_0093","","","","Мене це не стосується.","","",""
"Integrated","Patroclus_","0094","Patroclus_0094","","","","Ось так щоразу.","","",""
"Integrated","Patroclus_","0095","Patroclus_0095","","","","Боюся, що ні.","","",""
"Integrated","Patroclus_","0096","Patroclus_0096","","","","Бачиш?","","",""
"Integrated","Patroclus_","0097","Patroclus_0097","","","","Нічого.","","",""
"Integrated","Patroclus_","0098","Patroclus_0098","","","","Я нічого не відчув.","","",""
"Integrated","Patroclus_","0099","Patroclus_0099","","","","Я вже помер, дякую.","","",""
"Integrated","Patroclus_","0100","Patroclus_0100","","","","Не марнуй свій час.","","",""
"Integrated","Patroclus_","0101","Patroclus_0101","","","","Залиш мене.","","",""
"Integrated","Patroclus_","0102","Patroclus_0102","","","","Годі.","","",""
"Integrated","Patroclus_","0103","Patroclus_0103","","","","Якби.","","",""
"Integrated","Patroclus_","0104","Patroclus_0104","","","","Ти безнадійний.","","",""
"Unused","Patroclus_","0143","Patroclus_0143","","","","Я вдячний тобі за все, що ти зробив. За твоє терпіння та доброту. Я хочу, щоби ти взяв це. Я думаю, він теж хотів би, щоб це було в тебе.","","",""
"Integrated","Patroclus_","0144","Patroclus_0144","","","","Коли ми були живі, я... вважав тебе непереможним. Я ніколи не знав любові сильнішою за ту, що була між нами. Невже я помилявся про тебе, про нас?","","",""
"Integrated","Patroclus_","0145","Patroclus_0145","","","","Ось як ти вирішив відплатити мені? Що ж, ти, мабуть, подумав, що за життя я покинув тебе, вирушивши на війну один, так? Думаєш, я мав вибір?","","",""
"Integrated","Patroclus_","0146","Patroclus_0146","","","","То був твій вибір, не мій. І ти затягнув ту війну, незважаючи на те, що ти, як і всі, знав, що можеш покласти їй край! Але ти відмовився це зробити. І тепер я тут. А ти? Ти не зі мною...","","",""
"Integrated","Patroclus_","0147","Patroclus_0147","","","","Чому душа продовжує жити, коли тіло спливає кров'ю, вмирає і перетворюється на порох? Це останній глум богів? А може, це доказ того, що і в нас є щось безсмертне.","","",""
"Integrated","Patroclus_","0148","Patroclus_0148","","","","Для мене це не має жодного значення. Я провів більшу частину свого короткого життя на самоті, але тепер... Навіщо це довге безглузде існування, якщо все, що мені залишається - вічно згадувати кілька яскравих миттєвостей, які я провів з ним, а не своє самотнє життя?","","",""
"Integrated","Patroclus_","0149","Patroclus_0149","","","","Хіба не спогади допомагають душі залишатися живою? Тоді чому б мені просто не залишити це примарне нагадування про минуле позаду? Адже тут мені ніщо не мило...","","",""
"Integrated","Patroclus_","0150","Patroclus_0150","","","","Що дає людині право провести вічність у так званому раю? Навіть у смерті немає справедливості. Я знав так багато мирних, чесних людей, але, звичайно, нікого з них тут немає. Натомість є воїни, царі, вбивці. Вони — великі люди? Так, велич вже не те.","","",""
"Integrated","Patroclus_","0151","Patroclus_0151","","","","Я повинен був опинитися на безкраїх лугах Асфоделя, а не тут, із цими царями та хвальками. Що я тут роблю? Чекаю і блукаю, прив'язаний до того, що ніколи не було моїм, до чогось, чого в мене ніколи не було ... Так що ж мені робити?","","",""
"Integrated","Patroclus_","0152","Patroclus_0152","","","","Ох.","","",""
"Integrated","Patroclus_","0153","Patroclus_0153","","","","Хоча...","","",""
"Integrated","Patroclus_","0154","Patroclus_0154","","","","Кхм...","","",""
"Integrated","Patroclus_","0155","Patroclus_0155","","","","Як би там не було...","","",""
"Integrated","Patroclus_","0156","Patroclus_0156","","","","А...","","",""
"Integrated","Patroclus_","0157","Patroclus_0157","","","","...Ти.","","",""
"Integrated","Patroclus_","0158","Patroclus_0158","","","","Що ж...","","",""
"Integrated","Patroclus_","0220","Patroclus_0220","","","","Ти знову тут.","","",""
"Integrated","Patroclus_","0221","Patroclus_0221","","","","Ти знову тут, незнайомцю.","","",""
"Integrated","Patroclus_","0222","Patroclus_0222","","","","Ах.","","",""
"Integrated","Patroclus_","0223","Patroclus_0223","","","","Ох.","","",""
"Integrated","Patroclus_","0224","Patroclus_0224","","","","З поверненням.","","",""
"Integrated","Patroclus_","0225","Patroclus_0225","","","","Ти знову тут.","","",""
"Integrated","Patroclus_","0226","Patroclus_0226","","","","А це ти.","","",""
"Integrated","Patroclus_","0227","Patroclus_0227","","","","Ахіллес, дивись.","","",""
"Integrated","Patroclus_","0228","Patroclus_0228","","","","У нас гість.","","",""
"Integrated","Patroclus_","0229","Patroclus_0229","","","","А ось і наш гість.","","",""
"Integrated","Patroclus_","0230","Patroclus_0230","","","","Дивіться, хто тут.","","",""
"Integrated","Patroclus_","0231","Patroclus_0231","","","","Незнайомець.","","",""
"Integrated","Patroclus_","0232","Patroclus_0232","","","","Незнайомець!..","","",""
"Integrated","Patroclus_","0233","Patroclus_0233","","","","І знову привіт.","","",""
"Integrated","Patroclus_","0234","Patroclus_0234","","","","<Задоволено сміється>","","",""
"Integrated","Patroclus_","0235","Patroclus_0235","","","","Нумо.","","",""
"Integrated","Patroclus_","0236","Patroclus_0236","","","","Я не в настрої, незнайомцю.","","",""
"Integrated","Patroclus_","0237","Patroclus_0237","","","","Він вже.","","",""
"Integrated","Patroclus_","0238","Patroclus_0238","","","","Роби, як знаєш.","","",""
"Integrated","Patroclus_","0239","Patroclus_0239","","","","Я не в настрої боротися.","","",""
"Integrated","Patroclus_","0240","Patroclus_0240","","","","О, прошу, пощади, незнайомцю.","","",""
"Integrated","Patroclus_","0241","Patroclus_0241","","","","Дай мені спокій, незнайомцю, прошу.","","",""
"Integrated","Patroclus_","0242","Patroclus_0242","","","","Я не збираюся битися.","","",""
"Integrated","Patroclus_","0243","Patroclus_0243","","","","Ти щось упіймав, чи не так?","","",""
"Integrated","Patroclus_","0244","Patroclus_0244","","","","Ти впіймав ще щось?","","",""
"Integrated","Patroclus_","0245","Patroclus_0245","","","","Непогано рибалиш, незнайомцю.","","",""
"Integrated","Patroclus_","0246","Patroclus_0246","","","","А ти показав цій рибі.","","",""
"Integrated","Patroclus_","0247","Patroclus_0247","","","","Дуже розумно, незнайомцю.","","",""
"Integrated","Patroclus_","0248","Patroclus_0248","","","","Черговий улов.","","",""
"Integrated","Patroclus_","0249","Patroclus_0249","","","","Черговий улов, ха.","","",""
"Integrated","Patroclus_","0250","Patroclus_0250","","","","Прошу, дай мені спокій.","","",""
"Integrated","Patroclus_","0251","Patroclus_0251","","","","Чесна перемога.","","",""
"Integrated","Patroclus_","0252","Patroclus_0252","","","","Чудова робота.","","",""
"Integrated","Patroclus_","0253","Patroclus_0253","","","","І який толк у рибі?","","",""
"Integrated","Patroclus_","0254","Patroclus_0254","","","","Дурна риба.","","",""
"Integrated","Patroclus_","0255","Patroclus_0255","","","","Їй потрібно було бути обережнішим.","","",""
"Integrated","Patroclus_","0256","Patroclus_0256","","","","Ну тепер річки в безпеці.","","",""
"Integrated","Patroclus_","0257","Patroclus_0257","","","","Сумно, незнайомцю.","","",""
"Integrated","Patroclus_","0258","Patroclus_0258","","","","<Задоволено сміється>","","",""
"Integrated","Patroclus_","0259","Patroclus_0259","","","","Зірвалася, так?","","",""
"Integrated","Patroclus_","0260","Patroclus_0260","","","","Співчуваю, незнайомцю.","","",""
"Integrated","Patroclus_","0261","Patroclus_0261","","","","Удача не вічна...","","",""
"Integrated","Patroclus_","0262","Patroclus_0262","","","","Не здавайся, незнайомцю.","","",""
"Integrated","Patroclus_","0263","Patroclus_0263","","","","Так і думав...","","",""
"Integrated","Patroclus_","0264","Patroclus_0264","","","","Ти ще його дістанеш, я певен...","","",""
"Integrated","Patroclus_","0265","Patroclus_0265","","","","Я нічого не бачив, незнайомцю.","","",""
"Integrated","Patroclus_","0266","Patroclus_0266","","","","Не вийшло, так?","","",""
"Integrated","Patroclus_","0267","Patroclus_0267","","","","Така невдача, незнайомець.","","",""
"Integrated","Patroclus_","0268","Patroclus_0268","","","","Я думав, у тебе вийшло...","","",""
"Integrated","Patroclus_","0269","Patroclus_0269","","","","Всього найкращого.","","",""
"Integrated","Patroclus_","0270","Patroclus_0270","","","","Прощавай.","","",""
"Integrated","Patroclus_","0271","Patroclus_0271","","","","Хай щастить.","","",""
"Integrated","Patroclus_","0272","Patroclus_0272","","","","Бережи себе.","","",""
"Integrated","Patroclus_","0273","Patroclus_0273","","","","Бережи себе.","","",""
"Integrated","Patroclus_","0274","Patroclus_0274","","","","До зустрічі.","","",""
"Integrated","Patroclus_","0275","Patroclus_0275","","","","Не зупиняйся.","","",""
"Integrated","Patroclus_","0276","Patroclus_0276","","","","Прощавай.","","",""
"Integrated","Patroclus_","0277","Patroclus_0277","","","","Прощавай, незнайомцю.","","",""
"Integrated","Patroclus_","0278","Patroclus_0278","","","","До зустрічі.","","",""
"Integrated","Patroclus_","0279","Patroclus_0279","","","","Візьми.","","",""
"Integrated","Patroclus_","0280","Patroclus_0280","","","","Ось.","","",""
"Integrated","Patroclus_","0281","Patroclus_0281","","","","Ось, візьми.","","",""
"Integrated","Patroclus_","0282","Patroclus_0282","","","","Візьми.","","",""
"Integrated","Patroclus_","0283","Patroclus_0283","","","","Це тобі.","","",""
"Integrated","Patroclus_","0284","Patroclus_0284","","","","Це для тебе.","","",""
"Integrated","Patroclus_","0285","Patroclus_0285","","","","Звичайно.","","",""
"Integrated","Patroclus_","0286","Patroclus_0286","","","","Звичайно.","","",""
"Integrated","Patroclus_","0287","Patroclus_0287","","","","Дуже добре.","","",""
"Integrated","Patroclus_","0288","Patroclus_0288","","","","Мені це все одно ні до чого.","","",""
"Integrated","Patroclus_","0289","Patroclus_0289","","","","...Я міг би забути це все, зробивши лише один ковток, але мене завжди щось зупиняє...","","",""
"Integrated","Patroclus_","0290","Patroclus_0290","","","","...Де ж ти і які думки тебе відвідують?..","","",""
"Integrated","Patroclus_","0291","Patroclus_0291","","","","...Такий упертий, сперечався про кожну дрібницю... завжди був такий непохитний, до самої смерті...","","",""
"Integrated","Patroclus_","0292","Patroclus_0292","","","","...Вважаю, так розпорядилися Мойри, тому... хто ми такі, щоб скаржитися?..","","",""
"Integrated","Patroclus_","0293","Patroclus_0293","","","","...Що ще я міг вдіяти? Як ще я міг переконати тебе? Я намагався щосили, вклав усю душу, ти повинен це знати. Але цього все одно виявилося недостатньо...","","",""
"Integrated","Patroclus_","0294","Patroclus_0294","","","","...Ти віддав перевагу мирному життю героїчну смерть... і заради чого? Через свою дурну гордість ти даремно віддав життя. Мабуть, тобі важливіше залишитися у пам'яті тих, кого ти навіть знаєш, ніж бути коханим...","","",""
"Integrated","Patroclus_","0295","Patroclus_0295","","","","...Разом ми були непереможні, чи не так? Хоча я ніколи не сумував на ті часи...","","",""
"Integrated","Patroclus_","0296","Patroclus_0296","","","","...Мені здавалося, я загубився, просто... блукаю тут. Навіть не рухаюся, лише... існую...","","",""
"Integrated","Patroclus_","0297","Patroclus_0297","","","","...Коли він повернеться? Стільки часу сплинуло...","","",""
"Integrated","Patroclus_","0298","Patroclus_0298","","","","...Сподіваюся, цей проклятий бог ставиться до тебе з належною повагою...","","",""
"Integrated","Patroclus_","0299","Patroclus_0299","","","","...Хто б міг подумати, що одного разу ми знову зустрінемось у цьому місці...","","",""
"Integrated","Patroclus_","0300","Patroclus_0300","","","","...Де ж ти?.. Напевно, стежиш за порядком у якійсь величній залі...","","",""
"Integrated","Patroclus_","0301","Patroclus_0301","","","","...Що ж, побачимо. На мою думку, луг останнім часом виглядає охайно...","","",""
"Integrated","Patroclus_","0302","Patroclus_0302","","","","...Тепер ми зможемо провести залишок часу разом... зрештою Мойри змилосердилися над нами...","","",""
"Integrated","Patroclus_","0303","Patroclus_0303","","","","...А тут досить багато риби, чи не так?","","",""
"Integrated","Patroclus_","0304","Patroclus_0304","","","","...Ха-ха-ха, денек і справді видався прекрасний.","","",""
"Integrated","Patroclus_","0305","Patroclus_0305","","","","...Стривай, здається, у нас гості.","","",""
"Integrated","Patroclus_","0306","Patroclus_0306","","","","...Ох, я щось сумніваюся в цьому, ти певен?","","",""
"Integrated","Patroclus_","0307","Patroclus_0307","","","","...Та гаразд, я думаю, тобі нема про що турбуватися.","","",""
"Integrated","Patroclus_","0308","Patroclus_0308","","","","...Вічно ти зі своєю впертістю. Що ж, гаразд, будь по твоєму!..","","",""
"Integrated","Patroclus_","0309","Patroclus_0309","","","","...Хіба страх не спад слабких, друже мій?","","",""
"Integrated","Patroclus_","0310","Patroclus_0310","","","","...Ха-ха, постривай, друже мій, хтось прийшов.","","",""
"Integrated","Patroclus_","0311","Patroclus_0311","","","","...Ха-ха-ха, ох, схоже, у нас гість.","","",""
"Integrated","Patroclus_","0312","Patroclus_0312","","","","...Ха-ха-ха, хтось іде, почекай...","","",""
"Integrated","Patroclus_","0313","Patroclus_0313","","","","...М-м, схоже, у нас гість, чи не так?","","",""
"Integrated","Patroclus_","0314","Patroclus_0314","","","","...Дивись, це не твій вихованець, а?","","",""
"Integrated","Patroclus_","0333","Patroclus_0333","","","","Хрн?","","",""
"Integrated","Patroclus_","0334","Patroclus_0334","","","","Ех...","","",""
"Integrated","Patroclus_","0335","Patroclus_0335","","","","Хех...","","",""
"Integrated","Patroclus_","0336","Patroclus_0336","","","","Хм.","","",""
"Integrated","Patroclus_","0337","Patroclus_0337","","","","О так.","","",""
"Darren","Patroclus_","0340","Patroclus_0340","","","","<Задоволено сміється>","","",""
"Darren","Patroclus_","0341","Patroclus_0341","","","","<Задоволено сміється>","","",""
"Integrated","Patroclus_","0342","Patroclus_0342","","","","<Задоволено сміється>","","",""
"Darren","Patroclus_","0343","Patroclus_0343","","","","<Сміється>","","",""
"Darren","Patroclus_","0344","Patroclus_0344","","","","<Сміється>","","",""
"Darren","Patroclus_","0345","Patroclus_0345","","","","<Усміхається>","","",""
"Darren","Patroclus_","0346","Patroclus_0346","","","","<Усміхається>","","",""
"Integrated","Patroclus_","0347","Patroclus_0347","","","","Ось!","","",""
"Integrated","Patroclus_","0348","Patroclus_0348","","","","Ми йдемо!","","",""
"Integrated","Patroclus_","0349","Patroclus_0349","","","","Ми готові!","","",""
"Integrated","Patroclus_","0350","Patroclus_0350","","","","Ми тебе чуємо!","","",""
"Integrated","Patroclus_","0351","Patroclus_0351","","","","Ми чуємо тебе, незнайомцю!","","",""
"Integrated","Patroclus_","0352","Patroclus_0352","","","","Так, незнайомцю!","","",""
"Integrated","Patroclus_","0353","Patroclus_0353","","","","Ми вже йдемо!","","",""
"Integrated","Patroclus_","0354","Patroclus_0354","","","","Вже йдемо!","","",""
"Integrated","Patroclus_","0355","Patroclus_0355","","","","Тримайся, незнайомцю!","","",""
"Integrated","Patroclus_","0356","Patroclus_0356","","","","Це буде швидко.","","",""
"Integrated","Patroclus_","0357","Patroclus_0357","","","","Ахіллес!","","",""
"Integrated","Patroclus_","0358","Patroclus_0358","","","","Ахілес, разом!","","",""
"Integrated","Patroclus_","0359","Patroclus_0359","","","","Разом, Ахіллес!","","",""
"Integrated","Patroclus_","0360","Patroclus_0360","","","","Разом, друже мій!","","",""
"Integrated","Patroclus_","0361","Patroclus_0361","","","","Звичайно, друже мій!","","",""
"Integrated","Patroclus_","0362","Patroclus_0362","","","","Звичайно!","","",""
"Integrated","Patroclus_","0363","Patroclus_0363","","","","Ми впораємося!","","",""
"Integrated","Patroclus_","0364","Patroclus_0364","","","","Ми прямо за тобою!","","",""
"Integrated","Patroclus_","0365","Patroclus_0365","","","","Як в старі добрі часи!","","",""
"Integrated","Patroclus_","0366","Patroclus_0366","","","","Так!","","",""
"Integrated","Patroclus_","0367","Patroclus_0367","","","","Готово!","","",""
"Integrated","Patroclus_","0368","Patroclus_0368","","","","А ось і сам бик!","","",""
"Integrated","Patroclus_","0369","Patroclus_0369","","","","А, бик Міноса!","","",""
"Integrated","Patroclus_","0370","Patroclus_0370","","","","А ось і чемпіон!","","",""
"Integrated","Patroclus_","0371","Patroclus_0371","","","","Вітаю тебе, Тесею!","","",""
"Integrated","Patroclus_","0372","Patroclus_0372","","","","А, чемпіон!..","","",""
"Integrated","Patroclus_","0373","Patroclus_0373","","","","Так нумо битися з богом!","","",""
"Integrated","Patroclus_","0374","Patroclus_0374","","","","А ворог сильний!","","",""
"Integrated","Patroclus_","0375","Patroclus_0375","","","","Не думаю, що це наша битва.","","",""
"Integrated","Patroclus_","0376","Patroclus_0376","","","","Ворог наводить жах!","","",""
"Integrated","Patroclus_","0377","Patroclus_0377","","","","Прощавай!","","",""
"Integrated","Patroclus_","0378","Patroclus_0378","","","","Бийся!","","",""
"Integrated","Patroclus_","0379","Patroclus_0379","","","","Бийся, незнайомцю!","","",""
"Integrated","Patroclus_","0380","Patroclus_0380","","","","Щасливої дороги!","","",""
"Integrated","Patroclus_","0381","Patroclus_0381","","","","Щасливої дороги, незнайомцю!","","",""
"Integrated","Patroclus_","0382","Patroclus_0382","","","","Ми знову тут!","","",""
"Integrated","Patroclus_","0383","Patroclus_0383","","","","Ну ж бо, ще раз!","","",""
"Integrated","Patroclus_","0384","Patroclus_0384","","","","І ще раз!","","",""
"Integrated","Patroclus_","0385","Patroclus_0385","","","","Вже тут.","","",""
"Integrated","Patroclus_","0386","Patroclus_0386","","","","Це не спрацює.","","",""
"Integrated","Patroclus_","0387","Patroclus_0387","","","","Ха, і як це спрацює?","","",""
"Integrated","Patroclus_","0388","Patroclus_0388","","","","Я вже тут, дякую.","","",""
"Integrated","Patroclus_","0389","Patroclus_0389","","","","Схоже, ти кликав мене.","","",""
