"Persephone","ID","ID","ID","","","","Line","","Notes by AR","Notes by DK"
"Integrated","Persephone_","0019","Persephone_0019","","","","Хто тут?","","",""
"Integrated","Persephone_","0020","Persephone_0020","","","","Ну привіт. Стій де стоїш.","","",""
"Integrated","Persephone_","0030","Persephone_0030","","","","Загрей!","","",""
"Integrated","Persephone_","0031","Persephone_0031","","","","Загрей...","","",""
"Integrated","Persephone_","0032","Persephone_0032","","","","Загрей?","","",""
"Integrated","Persephone_","0033","Persephone_0033","","","","Ти повернувся!","","",""
"Integrated","Persephone_","0034","Persephone_0034","","","","Ти знову тут...?","","",""
"Integrated","Persephone_","0035","Persephone_0035","","","","Ах, ти повернувся.","","",""
"Integrated","Persephone_","0036","Persephone_0036","","","","Мій син!","","",""
"Integrated","Persephone_","0037","Persephone_0037","","","","Це ти, Загрей?","","",""
"Integrated","Persephone_","0038","Persephone_0038","","","","Ох, це ти!","","",""
"Integrated","Persephone_","0039","Persephone_0039","","","","Це ти?","","",""
"Integrated","Persephone_","0040","Persephone_0040","","","","Загрей, ти повернувся!","","",""
"Integrated","Persephone_","0041","Persephone_0041","","","","Ласкаво просимо назад, сину мій.","","",""
"Integrated","Persephone_","0075","Persephone_0075","","","","До побачення...!","","",""
"Integrated","Persephone_","0094","Persephone_0094","","","","Пане Хароне... Зіграйте що-небудь, поки ми в дорозі.","","",""
"Integrated","Persephone_","0095","Persephone_0095","","","","Ох, мені подобається.","","",""
"Integrated","Persephone_","0096","Persephone_0096","","","","Мм-хм...","","",""
"Integrated","Persephone_","0097","Persephone_0097","","","","Мм-хм... Еврідіка та Орфей.","","",""
"Integrated","Persephone_","0098","Persephone_0098","","","","Скрізь сніг... Мама...","","",""
"Integrated","Persephone_","0099","Persephone_0099","","","","Ми дісталися...!","","",""
"Integrated","Persephone_","0102","Persephone_0102","","","","<Різко зітхає> Цербер..?","","",""
"Integrated","Persephone_","0114","Persephone_0114","","","","Загрей? Підійди на хвилинку, будь ласка.","","",""
"Integrated","Persephone_","0139","Persephone_0139","","","","Я теж за тобою сумуватиму, сину.","","",""
"Unused","Persephone_","0141","Persephone_0141","","","","Не так вже й погано, сину. Згодна.","","",""
"Integrated","Persephone_","0142","Persephone_0142","","","","Загрей!","","",""
"Integrated","Persephone_","0143","Persephone_0143","","","","Дивіться-но, хто тут!","","",""
"Integrated","Persephone_","0144","Persephone_0144","","","","Загрей, я повернулася!","","",""
"Integrated","Persephone_","0145","Persephone_0145","","","","Я так рада бачити тебе, синку.","","",""
"Integrated","Persephone_","0146","Persephone_0146","","","","Уф, щойно повернулася.","","",""
"Integrated","Persephone_","0147","Persephone_0147","","","","Як добре повернутися.","","",""
"Integrated","Persephone_","0181","Persephone_0181","","","","Я знаю, що смертні терпіти не можуть чекати!","","",""
"Integrated","Persephone_","0192","Persephone_0192","","","","Дякую і тобі!","","",""
"Integrated","Persephone_","0198","Persephone_0198","","","","Ох, це так мило!","","",""
"Integrated","Persephone_","0284","Persephone_0284","Fishing Reaction - Caught","","","Чудовий вилов!","","",""
"Integrated","Persephone_","0285","Persephone_0285","","","","Ох, чудовий улов!","","",""
"Integrated","Persephone_","0286","Persephone_0286","","","","Чудова робота!","","",""
"Integrated","Persephone_","0202","Persephone_0202","","","","А ми в них.","","",""
"Integrated","Persephone_","0288","Persephone_0288","","","","Ух, тільки глянь на це!","","",""
"Integrated","Persephone_","0289","Persephone_0289","","","","Непогано вийшло!","","",""
"Integrated","Persephone_","0290","Persephone_0290","Fishing Reaction - Missed","","","На жаль!","","",""
"Integrated","Persephone_","0291","Persephone_0291","","","","Наступного разу вийде, сину мій.","","",""
"Integrated","Persephone_","0292","Persephone_0292","","","","Ну добре.","","",""
"Integrated","Persephone_","0293","Persephone_0293","","","","Уф, майже вийшло!","","",""
"Integrated","Persephone_","0294","Persephone_0294","","","","Усіх не зловити.","","",""
"Integrated","Persephone_","0295","Persephone_0295","","","","Не дуже-то й хотілося.","","",""
"Integrated","Persephone_","0296","Persephone_0296","Shorter Quips / Emotes -- Greetings","","","Ах, ось ти де.","","",""
"Integrated","Persephone_","0241","Persephone_0241","","","","Безперечно, сину мій.","","",""
"Integrated","Persephone_","0253","Persephone_0253","","","","Ха-ха-ха, ні. Нам вистачає тебе.","","",""
"Integrated","Persephone_","0255","Persephone_0255","","","","Ми можемо. І виправимо.","","",""
"Integrated","Persephone_","0266","Persephone_0266","","","","Дійсно.","","",""
"Integrated","Persephone_","0284","Persephone_0284","","","","Відмінний улов!","","",""
"Integrated","Persephone_","0285","Persephone_0285","","","","Ох, чудовий улов!","","",""
"Integrated","Persephone_","0286","Persephone_0286","","","","Чудова робота!","","",""
"Integrated","Persephone_","0287","Persephone_0287","","","","Чудово!","","",""
"Integrated","Persephone_","0288","Persephone_0288","","","","Ух, тільки глянь на це!","","",""
"Integrated","Persephone_","0289","Persephone_0289","","","","Непогано вийшло!","","",""
"Integrated","Persephone_","0290","Persephone_0290","","","","На жаль!","","",""
"Integrated","Persephone_","0291","Persephone_0291","","","","Наступного разу вийде, сину мій.","","",""
"Integrated","Persephone_","0292","Persephone_0292","","","","Ну добре.","","",""
"Integrated","Persephone_","0293","Persephone_0293","","","","Уф, майже вийшло!","","",""
"Integrated","Persephone_","0294","Persephone_0294","","","","Усіх не зловити.","","",""
"Integrated","Persephone_","0295","Persephone_0295","","","","Не дуже й хотілося.","","",""
"Integrated","Persephone_","0296","Persephone_0296","","","","Ах, ось ти де.","","",""
"Integrated","Persephone_","0297","Persephone_0297","","","","Ласкаво просимо, сину мій.","","",""
"Integrated","Persephone_","0298","Persephone_0298","","","","Ласкаво просимо назад.","","",""
"Integrated","Persephone_","0299","Persephone_0299","","","","Привіт, мій сину.","","",""
"Integrated","Persephone_","0300","Persephone_0300","","","","Загрей.","","",""
"Integrated","Persephone_","0301","Persephone_0301","","","","Вітаю.","","",""
"Darren","Persephone_","0302","Persephone_0302","","","","Дуже добре.","","",""
"Darren","Persephone_","0303","Persephone_0303","","","","Звичайно.","","",""
"Darren","Persephone_","0304","Persephone_0304","","","","Хай буде виконано!","","",""
"Darren","Persephone_","0305","Persephone_0305","","","","Так, звичайно.","","",""
"Darren","Persephone_","0306","Persephone_0306","","","","Звучить непогано.","","",""
"Darren","Persephone_","0307","Persephone_0307","","","","Я вдячна.","","",""
"Darren","Persephone_","0308","Persephone_0308","","","","Вельми дякую.","","",""
"Darren","Persephone_","0309","Persephone_0309","","","","Як дбайливо з твого боку.","","",""
"Darren","Persephone_","0310","Persephone_0310","","","","Ох, це так мило.","","",""
"Darren","Persephone_","0311","Persephone_0311","","","","О, дякую!","","",""
"Integrated","Persephone_","0312","Persephone_0312","","","","Я дуже ціную це.","","",""
"Darren","Persephone_","0313","Persephone_0313","","","","Це тобі.","","",""
"Darren","Persephone_","0314","Persephone_0314","","","","Це для тебе.","","",""
"Darren","Persephone_","0315","Persephone_0315","","","","Ах, це дуже погано.","","",""
"Darren","Persephone_","0316","Persephone_0316","","","","От невдача.","","",""
"Darren","Persephone_","0317","Persephone_0317","","","","Мм зрозуміло...","","",""
"Darren","Persephone_","0318","Persephone_0318","","","","Ну що зробити.","","",""
"Integrated","Persephone_","0319","Persephone_0319","","","","Чудова робота, Загрей.","","",""
"Integrated","Persephone_","0320","Persephone_0320","","","","Прекрасна робота, сину мій.","","",""
"Integrated","Persephone_","0321","Persephone_0321","","","","Я знала, що ти впораєшся.","","",""
"Darren","Persephone_","0322","Persephone_0322","","","","На тебе завжди можна покластися.","","",""
"Darren","Persephone_","0323","Persephone_0323","","","","Гей, подивися сюди!","","",""
"Darren","Persephone_","0324","Persephone_0324","","","","Ох, це чудово!","","",""
"Darren","Persephone_","0325","Persephone_0325","","","","Ах, мені подобається!","","",""
"Darren","Persephone_","0326","Persephone_0326","","","","Те що потрібно!","","",""
"Integrated","Persephone_","0327","Persephone_0327","","","","Ну привіт!","","",""
"Greg","Persephone_","0329","Persephone_0329","","","","Так, звичайно.","","",""
"Integrated","Persephone_","0329","Persephone_0329","","","","Так, звичайно.","","",""
"Integrated","Persephone_","0337","Persephone_0337","","","","Звучить непогано. Побачимося пізніше.","","",""
