"Poseidon","ID","ID","ID","","","","Line","","Notes by AR","Notes by DK"
"Darren","Poseidon_","0068","Poseidon_0068","","","","Так, постривай-но! Ти ж знаєш, що я не можу прийняти такий подарунок і лишити тебе з порожніми руками. Ось, прийми мою похвалу і цей дар.","","",""
"Darren","Poseidon_","0069","Poseidon_0069","","","","О, це найкращий подарунок за весь день, племіннику! Ти надто добрий! Я теж щедрий сьогодні, і в мене є дещо для тебе!","","",""
"Integrated","Poseidon_","0070","Poseidon_0070","","","","Хто наважився напасти на мого племінника?!","","",""
"Integrated","Poseidon_","0071","Poseidon_0071","","","","Ти впораєшся, молодший Аїд!","","",""
"Integrated","Poseidon_","0072","Poseidon_0072","","","","Зламай їх, племіннику!","","",""
"Integrated","Poseidon_","0075","Poseidon_0075","","","","Вітаю тебе, племіннику!","","",""
"Integrated","Poseidon_","0076","Poseidon_0076","","","","Все гаразд, молодший Аїд?","","",""
"Integrated","Poseidon_","0077","Poseidon_0077","","","","Егей, племіннику, це я!","","",""
"Darren","Poseidon_","0078","Poseidon_0078","","","","Як йдуть справи, племіннику, добре?","","",""
"Darren","Poseidon_","0079","Poseidon_0079","","","","Я радий тебе бачити, племіннику!","","",""
"Integrated","Poseidon_","0080","Poseidon_0080","","","","Жодних проблем!","","",""
"Darren","Poseidon_","0081","Poseidon_0081","","","","Безумовно!","","",""
"Integrated","Poseidon_","0082","Poseidon_0082","","","","Буде виконано, племіннику!","","",""
"Integrated","Poseidon_","0083","Poseidon_0083","","","","Звичайно, племіннику!","","",""
"Darren","Poseidon_","0084","Poseidon_0084","","","","Легко!","","",""
"Integrated","Poseidon_","0085","Poseidon_0085","","","","Вельми вдячний, племіннику!","","",""
"Integrated","Poseidon_","0086","Poseidon_0086","","","","Моя вдячність безмежна, як сам океан!","","",""
"Integrated","Poseidon_","0087","Poseidon_0087","","","","Дякую за це!","","",""
"Integrated","Poseidon_","0088","Poseidon_0088","","","","Ти робиш честь своєму царському дядьку, племінничок!","","",""
"Integrated","Poseidon_","0089","Poseidon_0089","","","","Я пишаюся тим, що ти мій племінник!","","",""
"Integrated","Poseidon_","0090","Poseidon_0090","","","","Це так великодушно з твого боку!","","",""
"Integrated","Poseidon_","0091","Poseidon_0091","","","","Я вдячний за такий щедрий жест!","","",""
"Darren","Poseidon_","0092","Poseidon_0092","","","","У мене є для тебе дещо, племіннику!","","",""
"Darren","Poseidon_","0093","Poseidon_0093","","","","У мене подарунок тобі, молодший Аїд!","","",""
"Darren","Poseidon_","0094","Poseidon_0094","","","","Дивись, ОСЬ що я подарую тобі!","","",""
"Integrated","Poseidon_","0095","Poseidon_0095","","","","Думаю, тобі це сподобається!","","",""
"Darren","Poseidon_","0096","Poseidon_0096","","","","Не звертай уваги, племіннику!","","",""
"Darren","Poseidon_","0097","Poseidon_0097","","","","Ох, це кричуще неподобство.","","",""
"Integrated","Poseidon_","0098","Poseidon_0098","","","","Ха-ха-ха, як ніяково вийшло!","","",""
"Darren","Poseidon_","0099","Poseidon_0099","","","","Трохи не розрахував!","","",""
"Darren","Poseidon_","0100","Poseidon_0100","","","","Це була серйозна помилка!","","",""
"Darren","Poseidon_","0101","Poseidon_0101","","","","Уф, це сталося випадково!..","","",""
"Darren","Poseidon_","0102","Poseidon_0102","","","","Не найдостойніша спроба!","","",""
"Integrated","Poseidon_","0103","Poseidon_0103","","","","Попереджаю: зі мною жарти погані, племіннику!","","",""
"Integrated","Poseidon_","0104","Poseidon_0104","","","","О, тобі не слід було цього робити.","","",""
"Integrated","Poseidon_","0105","Poseidon_0105","","","","Моє терпіння не безмежне, молодший Аїд.","","",""
"Integrated","Poseidon_","0106","Poseidon_0106","","","","Ах ти, дрібна мошка!..","","",""
"Integrated","Poseidon_","0107","Poseidon_0107","","","","Ти поводиться як дурень!","","",""
"Integrated","Poseidon_","0108","Poseidon_0108","","","","Що ти про себе уявив?!","","",""
"Integrated","Poseidon_","0109","Poseidon_0109","","","","Не можна ТАК поводитися зі своїм дядьком!","","",""
"Darren","Poseidon_","0110","Poseidon_0110","","","","Мені це не цікаво, племіннику.","","",""
"Darren","Poseidon_","0111","Poseidon_0111","","","","Я зараз, наче як, зайнятий.","","",""
"Darren","Poseidon_","0112","Poseidon_0112","","","","Не діставай мене зараз!","","",""
"Darren","Poseidon_","0113","Poseidon_0113","","","","Це було щось!","","",""
"Darren","Poseidon_","0114","Poseidon_0114","","","","Це було щось!..","","",""
"Integrated","Poseidon_","0115","Poseidon_0115","","","","Оце так!","","",""
"Darren","Poseidon_","0116","Poseidon_0116","","","","Оце так!..","","",""
"Darren","Poseidon_","0117","Poseidon_0117","","","","Неймовірно!","","",""
"Darren","Poseidon_","0118","Poseidon_0118","","","","Неймовірно!..","","",""
"Darren","Poseidon_","0119","Poseidon_0119","","","","Це неможливо!","","",""
"Darren","Poseidon_","0120","Poseidon_0120","","","","Це неможливо!..","","",""
"Integrated","Poseidon_","0121","Poseidon_0121","","","","Що-о-о-о?","","",""
"Darren","Poseidon_","0122","Poseidon_0122","","","","Що-о-о-о?..","","",""
"Darren","Poseidon_","0123","Poseidon_0123","","","","Адже це мій племінник!","","",""
"Darren","Poseidon_","0124","Poseidon_0124","","","","А ось ЦЕ було чудово!","","",""
"Darren","Poseidon_","0125","Poseidon_0125","","","","О-хо-хо, це було непогано!","","",""
"Darren","Poseidon_","0126","Poseidon_0126","","","","Непогану виставу ти влаштував, молодший Аїд!","","",""
"Darren","Poseidon_","0127","Poseidon_0127","","","","Я знав, що в тебе вийде!","","",""
"Unused","Poseidon_","0133","Poseidon_0133","","","","Мушу сказати тобі, молодший Аїде, ми з родичами приховували від тебе один із наших найбільших дарів! Нам треба було спочатку переконатися, що ти його гідний. І це так! Дозволь тобі піднести... дар неприборканого гніву!!!","","",""
"To Be Integrated","Poseidon_","0135","Poseidon_0135","","","","Ух! Я знову виграв, ха-ха! Цей Гермес такий швидкий і моторний, як і завжди. Але я сильний, і тому можу вважатися найшвидшим!","","",""
"Integrated","Poseidon_","0148","Poseidon_0148","","","","","","",""
"Integrated","Poseidon_","0149","Poseidon_0149","","","","","","",""
"Integrated","Poseidon_","0150","Poseidon_0150","","","","","","",""
"Integrated","Poseidon_","0151","Poseidon_0151","","","","","","",""
"Integrated","Poseidon_","0152","Poseidon_0152","","","","","","",""
"Integrated","Poseidon_","0153","Poseidon_0153","","","","","","",""
"Integrated","Poseidon_","0154","Poseidon_0154","","","","","","",""
"Integrated","Poseidon_","0155","Poseidon_0155","","","","","","",""
"Integrated","Poseidon_","0156","Poseidon_0156","","","","","","",""
"Integrated","Poseidon_","0202","Poseidon_0202","","","","Ха-ха, так я й думав!","","",""
"Integrated","Poseidon_","0203","Poseidon_0203","","","","Жодного вибору і не було, адже так?!","","",""
"Integrated","Poseidon_","0204","Poseidon_0204","","","","Відмінний вибір!","","",""
"Integrated","Poseidon_","0205","Poseidon_0205","","","","Ах, ха-ха-ха, так!","","",""
"Integrated","Poseidon_","0206","Poseidon_0206","","","","Чудовий вибір, молодший Аїд!","","",""
"Integrated","Poseidon_","0207","Poseidon_0207","","","","Мудре рішення, племінник!","","",""
"Integrated","Poseidon_","0208","Poseidon_0208","","","","Наступного разу, племіннику, постарайся бути розумнішим!","","",""
"Integrated","Poseidon_","0209","Poseidon_0209","","","","Ти не виявляєш морю поваги, і воно має повне право поглинути тебе!","","",""
"Integrated","Poseidon_","0210","Poseidon_0210","","","","Наступного разу будь вічливіший зі мною, племіннику!","","",""
"Integrated","Poseidon_","0211","Poseidon_0211","","","","Настав час обрушити шторм!","","",""
"Integrated","Poseidon_","0212","Poseidon_0212","","","","Приборкай силу океану!","","",""
"Integrated","Poseidon_","0213","Poseidon_0213","","","","А тепер прокотись на хвилях, племіннику!","","",""
"Integrated","Poseidon_","0214","Poseidon_0214","","","","Побач реальну міць води!","","",""
"Integrated","Poseidon_","0215","Poseidon_0215","","","","І тепер ти просиш мене про допомогу?!","","",""
"Integrated","Poseidon_","0216","Poseidon_0216","","","","І тобі не соромно, племіннику?!","","",""
"Integrated","Poseidon_","0217","Poseidon_0217","","","","О, так тепер ти потребуєш моєї допомоги?!","","",""
