"Scratch","ID","ID","ID","","","","Line","","Notes by AR","Notes by DK"
"Integrated","Scratch_","0002","Scratch_0002","","","","Небагато сказань існує про Аїда, одне ім'я якого вселяє страх і каяття, нагадуючи нам про неминучу долю, яка чекає на кожного. Але я розповім вам одну з таких історій. Прислухайтеся ж...","","",""
"Unused","Scratch_","0005","Scratch_0005","","","","Хм-м-м.","","",""
"Unused","Scratch_","0006","Scratch_0006","","","","Хай буде з тобою Пітьма, дитино. Тобі тісно у стінах цього Дому, тепер я в цьому певна. Якщо ти знову повернешся сюди, я зможу тебе захистити.","","",""
"Integrated","Scratch_","0007","Scratch_0007a","","","","Ой! Зі мною? Ви хочете поговорити зі мною?!.. Ой, ой, ой! Принц, сам принц! Іі-і-і-і!!","","",""
"Integrated","Scratch_","0008","Scratch_0008","","","","Ем-м, я, я, я... мені шкода, я, я... краще повернуся до прибирання!..","","",""
"Integrated","Scratch_","0009","Scratch_0009","","","","Відмінна робота, двоюрідний брат. Ти зробив перший крок. Тепер моя сила твоя. Використовуй її з розумом, і ти обов'язково виберешся звідти. Мені потрібно йти. Будемо на зв'язку.","","",""
"Integrated","Scratch_","0010","Scratch_0010b","","","","О! Вітаю. Схоже, ти помер, а... Але не журися. З кожним може статися.","","",""
"Integrated","Scratch_","0011","Scratch_0011","","","","Ось яку пораду я тобі дам, хлопче. Якщо там ти зустрінеш когось на зразок мене, не замислюйся і бий його прямо в спину, щоб він не відправив тебе всього в сльозах назад до твого великого татка.","","",""
"Integrated","Scratch_","0012","Scratch_0012","","","","Вчасно, двоюрідний брат. А тепер вибирай, як я можу допомогти тобі у твоїм випробуванні. І будь обережним. Впевнена, ти виберешся звідти. А поки ми будемо наглядати за тобою.","","",""
"Darren","Scratch_","0013","Scratch_0013","","","","Ти засмутив мене, двоюрідний брат. Я гадала, що ми одна команда. Але що ж, твоя воля.","","",""
"Integrated","Scratch_","0014","Scratch_0014","","","","Загрей. Я Артемід. Афіна розповіла мені про тебе. Коротко кажучи, я співчуваю твоїй ситуації. Думаю, вже зовсім скоро твої вороги впадуть у страху перед силою полювання.","","",""
"Integrated","Scratch_","0015","Scratch_0015","","","","Привіт-привіт, юний бог. Мушу сказати, ти мене дуже зацікавив, тому я вирішила, що цього разу допоможу тобі. Тобі це цікаво?","","",""
"Integrated","Scratch_","0016","Scratch_0016","","","","Хай буде з тобою Пітьма, дитино. Тобі тісно у стінах цього Дому, тепер я в цьому певна. Якщо ти знову повернешся сюди, я зможу тебе захистити.","","",""
"Integrated","Scratch_","0017","Scratch_0017","","","","Орфей... Йому не варто звинувачувати себе. Прошу передай від мене повідомлення, якщо зустрінеш його знову. Скажи, що я завжди чую його пісні, незалежно від того, які простори нас поділяють...","","",""
"Integrated","Scratch_","0018","Scratch_0018","","","","Прошу тебе, передай йому це.","","",""
"Integrated","Scratch_","0019","Scratch_0019","","","","Я, ем, трохи зайнятий зараз, Заг, нічого? Не варто відволікати твого батька, коли має музичну годину. Звичайно, ти можеш залишитись і послухати, якщо хочеш...","","",""
"Integrated","Scratch_","0020","Scratch_0020","","","","О, ем, привіт, Заг, я просто... схоже, замріявся про Еврідіку, розумієш? Вона все ще нудиться десь там, і все через мене. Але, здається, я починаю звикати до цієї думки.","","",""
"Integrated","Scratch_","0021","Scratch_0021","","","","Стривай, стривай, Заг, ти хочеш сказати, що бачив її? Мою Еврідіку, там унизу? І вона передала мені... все це? Я, я, я не знаю, я не знаю, що сказати. Я... я думаю, мені треба побути трохи на самоті.","","",""
"Integrated","Scratch_","0022","Scratch_0022","","","","Вітаю тебе, юначе. Знаєш, з твоїм батьком завжди було непросто, тож ми з тобою не спілкувалися. Але це можна виправити. Приєднуйся до нас на Олімпі, і ти нічого більше не потребуватимеш. А поки що дарую тобі своє благословіння.","","",""
"Integrated","Scratch_","0023","Scratch_0023","","","","Вітаю, молодший Аїд! Упізнав свого дядечка, так? Нам доведеться ще багато чого надолужити, але почнемо з найголовнішого. Насамперед, виберися з цього похмурого місця! А я спробую трохи замутити воду, щоб прикрити тебе!","","",""
"Integrated","Scratch_","0024","Scratch_0024","","","","Мушу визнати, що ти борешся як справжній воїн. Інтригуюче, але в той же час нічого дивного для того, хто був народжений у пеклі. Бачиш-но, я й сам учень смерті. Коли виберешся звідти, розповіси мені все докладно.","","",""
"Integrated","Scratch_","0025","Scratch_0025","","","","Приві-і-іт, Заг, як справи? Послухай, настав час тобі вже приєднатися до нас, ми приберегли тобі місцечко! А поки нумо подивимося, що я можу зробити, щоб трохи підсолодити тобі життя...","","",""
"Darren","Scratch_","0026","Scratch_0026","","","","Вітаю, Заг, це я! Нумо я подивлюся, що можу зробити для тебе. Я вже цілу вічність проводжу душі вниз, і мені завжди здавалося, що тобі тут не місце. Так що нумо ж витягнемо тебе звідси!","","",""
"Darren","Scratch_","0027","Scratch_0027","","","","Маю визнати, ти вразив мене, Загрею, а я нечасто роздаю похвалу. У мене не було жодних очікувань, але все ж таки! Ти заслужив мою прихильність. А тепер поспіши вибратися з цього місця і приєднуйся до своєї законної родини, тут, нагорі.","","",""
"Greg","Scratch_","0028","Scratch_0028","","","","Вчасно, двоюрідний брат. Впевнена, ти виберешся звідти. А тепер вибирай, як я можу допомогти тобі в цьому. І бережи себе, добре?","","",""
