"Sisyphus","ID","ID","ID","","","","Line","","Notes by AR","Notes by DK"
"Integrated","Sisyphus_","0026","Sisyphus_0026","","","","Ми з Боулдi пишаємося тим, що можемо зробити послугу Вашій Високості!","","",""
"Darren","Sisyphus_","0027","Sisyphus_0027","","","","Що вибираєте?","","",""
"Darren","Sisyphus_","0028","Sisyphus_0028","","","","Чи можу я вам чимось допомогти?","","",""
"Darren","Sisyphus_","0029","Sisyphus_0029","","","","Проводимо вас у дорогу!","","",""
"Darren","Sisyphus_","0030","Sisyphus_0030","","","","Чим я можу допомогти?","","",""
"Darren","Sisyphus_","0031","Sisyphus_0031","","","","Вас зацікавить щось із цього?","","",""
"Darren","Sisyphus_","0033","Sisyphus_0033","","","","Думаю, я можу допомогти!","","",""
"Darren","Sisyphus_","0034","Sisyphus_0034","","","","Нумо, зробіть свій вибір!","","",""
"Darren","Sisyphus_","0035","Sisyphus_0035","","","","Що я можу для вас зробити?","","",""
"Integrated","Sisyphus_","0036","Sisyphus_0036","","","","Я вам допоможу!","","",""
"Darren","Sisyphus_","0037","Sisyphus_0037","","","","Ось що я маю.","","",""
"Integrated","Sisyphus_","0038","Sisyphus_0038","","","","Звичайно!","","",""
"Integrated","Sisyphus_","0039","Sisyphus_0039","","","","Домовилися.","","",""
"Integrated","Sisyphus_","0040","Sisyphus_0040","","","","Жодного слова більше!","","",""
"Integrated","Sisyphus_","0041","Sisyphus_0041","","","","Не поспішайте!","","",""
"Integrated","Sisyphus_","0042","Sisyphus_0042","","","","Гарний вибір!","","",""
"Integrated","Sisyphus_","0043","Sisyphus_0043","","","","Відмінний вибір!","","",""
"Integrated","Sisyphus_","0044","Sisyphus_0044","","","","Тепер це ваше!","","",""
"Integrated","Sisyphus_","0045","Sisyphus_0045","","","","Звісно, забирайте!","","",""
"Integrated","Sisyphus_","0046","Sisyphus_0046","","","","Чудова ідея!","","",""
"Integrated","Sisyphus_","0047","Sisyphus_0047","","","","Я розумію!","","",""
"Integrated","Sisyphus_","0048","Sisyphus_0048","","","","Чудово!","","",""
"Integrated","Sisyphus_","0049","Sisyphus_0049","","","","Не турбуйтесь!","","",""
"Integrated","Sisyphus_","0050","Sisyphus_0050","","","","Це той, про кого я думаю?..","","",""
"Integrated","Sisyphus_","0051","Sisyphus_0051","","","","Егей!","","",""
"Integrated","Sisyphus_","0052","Sisyphus_0052","","","","Егей, вітаю!","","",""
"Integrated","Sisyphus_","0053","Sisyphus_0053","","","","Дивіться, хто тут!","","",""
"Integrated","Sisyphus_","0054","Sisyphus_0054","","","","Добрийдень!","","",""
"Integrated","Sisyphus_","0055","Sisyphus_0055","","","","Вітаю-вітаю!","","",""
"Integrated","Sisyphus_","0056","Sisyphus_0056","","","","Просто невеликий перепочинок!","","",""
"Integrated","Sisyphus_","0057","Sisyphus_0057","","","","Як раз вчасно!","","",""
"Integrated","Sisyphus_","0058","Sisyphus_0058","","","","Ваша високість!","","",""
"Integrated","Sisyphus_","0059","Sisyphus_0059","","","","Чудово, просто чудово!","","",""
"Integrated","Sisyphus_","0060","Sisyphus_0060","","","","Ви просто насолода для очей!","","",""
"Integrated","Sisyphus_","0061","Sisyphus_0061","","","","Принц Зі!","","",""
"Integrated","Sisyphus_","0062","Sisyphus_0062","","","","Еге-ей!","","",""
"Integrated","Sisyphus_","0063","Sisyphus_0063","","","","Доброго ранку або будь-що!","","",""
"Integrated","Sisyphus_","0064","Sisyphus_0064","","","","Е-е, Принц?","","",""
"Integrated","Sisyphus_","0065","Sisyphus_0065","","","","Що ж, гарна спроба!","","",""
"Integrated","Sisyphus_","0066","Sisyphus_0066","","","","Це марно.","","",""
"Integrated","Sisyphus_","0067","Sisyphus_0067","","","","Він уже мертвий, принц.","","",""
"Integrated","Sisyphus_","0068","Sisyphus_0068","","","","Не турбуйтесь, Принц.","","",""
"Integrated","Sisyphus_","0069","Sisyphus_0069","","","","Ну, вперед.","","",""
"Integrated","Sisyphus_","0070","Sisyphus_0070","","","","Він вже.","","",""
"Integrated","Sisyphus_","0071","Sisyphus_0071","","","","Навіщо намагатися?","","",""
"Integrated","Sisyphus_","0072","Sisyphus_0072","","","","Спробуйте все, що хочете!","","",""
"Integrated","Sisyphus_","0073","Sisyphus_0073","","","","Дуже кумедно, Принц.","","",""
"Integrated","Sisyphus_","0074","Sisyphus_0074","","","","Ох, мене добре зачепили!","","",""
"Integrated","Sisyphus_","0075","Sisyphus_0075","","","","Ні я нічого не відчуваю.","","",""
"Integrated","Sisyphus_","0076","Sisyphus_0076","","","","Ось так, покажіть, на що здатні.","","",""
"Darren","Sisyphus_","0077","Sisyphus_0077","","","","Мені не завадить допомога!..","","",""
"Darren","Sisyphus_","0078","Sisyphus_0078","","","","Гей, чи не могли б ви мені допомогти?","","",""
"Darren","Sisyphus_","0079","Sisyphus_0079","","","","У мене невеликі проблеми, Принце!..","","",""
"Darren","Sisyphus_","0080","Sisyphus_0080","","","","Я б не відмовився від допомоги!..","","",""
"Darren","Sisyphus_","0081","Sisyphus_0081","","","","Ем, привіт! Принц!..","","",""
"Darren","Sisyphus_","0082","Sisyphus_0082","","","","Гарний день, Принце!..","","",""
"Darren","Sisyphus_","0083","Sisyphus_0083","","","","Ем, привіт, як ідуть справи?","","",""
"Darren","Sisyphus_","0084","Sisyphus_0084","","","","Чи не будете люб'язні допомогти мені?","","",""
"Darren","Sisyphus_","0085","Sisyphus_0085","","","","Не хотілося б вас турбувати, але, ем...","","",""
"Darren","Sisyphus_","0086","Sisyphus_0086","","","","О, привіт! Принц!..","","",""
"Darren","Sisyphus_","0087","Sisyphus_0087","","","","Ви мені не допоможете?","","",""
"Integrated","Sisyphus_","0088","Sisyphus_0088","","","","Е-е, Принц?..","","",""
"Darren","Sisyphus_","0089","Sisyphus_0089","","","","У мене тут невеликі неприємності, Принце!","","",""
"Darren","Sisyphus_","0090","Sisyphus_0090","","","","Ще один день у Тартарі!","","",""
"Darren","Sisyphus_","0091","Sisyphus_0091","","","","Ви просто насолода для очей!","","",""
"Darren","Sisyphus_","0092","Sisyphus_0092","","","","Принц Зі!","","",""
"Darren","Sisyphus_","0093","Sisyphus_0093","","","","Доброго ранку або будь-що!","","",""
"Darren","Sisyphus_","0094","Sisyphus_0094","","","","Ваша високість!","","",""
"Darren","Sisyphus_","0095","Sisyphus_0095","","","","Дякую, Принц.","","",""
"Darren","Sisyphus_","0096","Sisyphus_0096","","","","Спасибі.","","",""
"Darren","Sisyphus_","0097","Sisyphus_0097","","","","Я ваш боржник.","","",""
"Darren","Sisyphus_","0098","Sisyphus_0098","","","","Як же вчасно!","","",""
"Darren","Sisyphus_","0099","Sisyphus_0099","","","","Уф!","","",""
"Darren","Sisyphus_","0100","Sisyphus_0100","","","","Уф.","","",""
"Darren","Sisyphus_","0101","Sisyphus_0101","","","","Яке полегшення.","","",""
"Darren","Sisyphus_","0102","Sisyphus_0102","","","","Тиша і спокій!","","",""
"Darren","Sisyphus_","0103","Sisyphus_0103","","","","Ви їм задасте жару!","","",""
"Darren","Sisyphus_","0104","Sisyphus_0104","","","","Вони своє отримали!","","",""
"Darren","Sisyphus_","0105","Sisyphus_0105","","","","Ви їм показали!","","",""
"Darren","Sisyphus_","0106","Sisyphus_0106","","","","Набагато краще!","","",""
"Darren","Sisyphus_","0107","Sisyphus_0107","","","","Так краще!","","",""
"Darren","Sisyphus_","0108","Sisyphus_0108","","","","Думав, вони ніколи не підуть!","","",""
"Darren","Sisyphus_","0109","Sisyphus_0109","","","","Я перед вами у боргу.","","",""
"Darren","Sisyphus_","0110","Sisyphus_0110","","","","Я так радий, що ви прийшли.","","",""
"Integrated","Sisyphus_","0111","Sisyphus_0111","","","","Будьте обережні!","","",""
"Integrated","Sisyphus_","0112","Sisyphus_0112","","","","Щасти вам!","","",""
"Integrated","Sisyphus_","0113","Sisyphus_0113","","","","Щасливої дороги та всіх благ!","","",""
"Integrated","Sisyphus_","0114","Sisyphus_0114","","","","Бережіть себе!","","",""
"Integrated","Sisyphus_","0115","Sisyphus_0115","","","","Задайте їм, Принце!","","",""
"Integrated","Sisyphus_","0116","Sisyphus_0116","","","","Прощайте, Ваша Високість!","","",""
"Integrated","Sisyphus_","0117","Sisyphus_0117","","","","Щасливої ​​дороги!","","",""
"Integrated","Sisyphus_","0118","Sisyphus_0118","","","","До побачення!","","",""
"Integrated","Sisyphus_","0119","Sisyphus_0119","","","","У вас все вийде!","","",""
"Integrated","Sisyphus_","0120","Sisyphus_0120","","","","До скорого побачення!","","",""
"Integrated","Sisyphus_","0121","Sisyphus_0121","","","","Не зупиняйтесь, Принце!","","",""
"Integrated","Sisyphus_","0122","Sisyphus_0122","","","","Бережіть себе!","","",""
"Integrated","Sisyphus_","0123","Sisyphus_0123","","","","До побачення!","","",""
"Integrated","Sisyphus_","0124","Sisyphus_0124","","","","У вас вийде!","","",""
"Integrated","Sisyphus_","0125","Sisyphus_0125","","","","Ви впораєтеся, Принце!","","",""
"Integrated","Sisyphus_","0126","Sisyphus_0126","","","","Ну що ж, прощайте!","","",""
"Integrated","Sisyphus_","0127","Sisyphus_0127","","","","Гаразд, до побачення!","","",""
"Integrated","Sisyphus_","0128","Sisyphus_0128","","","","Будьте обережні!","","",""
"Integrated","Sisyphus_","0132","Sisyphus_0132","","","","О, це неабияка справа, Принце. Правду кажучи, якби таке задумав хтось інший, я назвав би це безумством. Але ви якраз досить шалені, щоб досягти свого! Гей, зачекайте хвилину... У мене є щось, що може стати в нагоді.","","",""
"Darren","Sisyphus_","0161","Sisyphus_0161","","","","Гаразд, Принц Зі. Якщо ви так щедрі, я хотів би віддячити вам. Не через сотню років, а зараз. Прийміть це і мою подяку.","","",""
"Darren","Sisyphus_","0162","Sisyphus_0162","","","","О, це допоможе мені винести принаймні сотню років покарання, слово честі! І я теж маю дещо для вас.","","",""
"Integrated","Sisyphus_","0206","Sisyphus_0206","","","","Боулді, дивись, хто прийшов!","","",""
"Integrated","Sisyphus_","0207","Sisyphus_0207","","","","Вітаю, Ваша Високість!","","",""
"Integrated","Sisyphus_","0208","Sisyphus_0208","","","","Ви повернулися. Ласкаво просимо!","","",""
"Integrated","Sisyphus_","0209","Sisyphus_0209","","","","Він знову повернувся, Боулді!","","",""
"Integrated","Sisyphus_","0210","Sisyphus_0210","","","","Радий вас бачити!","","",""
"Integrated","Sisyphus_","0211","Sisyphus_0211","","","","Ви знову застали мене на перерві!","","",""
"Integrated","Sisyphus_","0212","Sisyphus_0212","","","","Вітаю, Принц Зі!","","",""
"Integrated","Sisyphus_","0213","Sisyphus_0213","","","","Як же я радий вас бачити, Принце!","","",""
"Integrated","Sisyphus_","0214","Sisyphus_0214","","","","Боулді, це він!","","",""
"Integrated","Sisyphus_","0215","Sisyphus_0215","","","","О, яка зустріч!","","",""
"Integrated","Sisyphus_","0216","Sisyphus_0216","","","","Ей, що новенького?","","",""
"Integrated","Sisyphus_","0217","Sisyphus_0217","","","","Принц повернувся!","","",""
"Integrated","Sisyphus_","0218","Sisyphus_0218","","","","Оце сюрприз!","","",""
"Integrated","Sisyphus_","0219","Sisyphus_0219","","","","Подивися хто прийшов, Боулдi!","","",""
"Integrated","Sisyphus_","0220","Sisyphus_0220","","","","Це я можу!","","",""
"Integrated","Sisyphus_","0221","Sisyphus_0221","","","","У мене є щось підходяще!","","",""
"Integrated","Sisyphus_","0222","Sisyphus_0222","","","","Я про вас подбаю, Принц!","","",""
"Integrated","Sisyphus_","0223","Sisyphus_0223","","","","Звісно, Ваша Високість!","","",""
"Integrated","Sisyphus_","0224","Sisyphus_0224","","","","Звісно, Принц Зі!","","",""
"Integrated","Sisyphus_","0225","Sisyphus_0225","","","","Із задоволенням, Принце!","","",""
"Integrated","Sisyphus_","0226","Sisyphus_0226","","","","Жодних проблем!","","",""
"Integrated","Sisyphus_","0227","Sisyphus_0227","","","","Гадаю, це я можу, Принце!","","",""
"Integrated","Sisyphus_","0228","Sisyphus_0228","","","","Ось воно, Принц Зі!","","",""
"Integrated","Sisyphus_","0229","Sisyphus_0229","","","","Ну, забирайте!","","",""
"Integrated","Sisyphus_","0230","Sisyphus_0230","","","","Ах, звісно, Принц Зі!","","",""
"Integrated","Sisyphus_","0231","Sisyphus_0231","","","","Ось візьміть!","","",""
"Integrated","Sisyphus_","0232","Sisyphus_0232","","","","Ха, непогано, Принце!","","",""
"Integrated","Sisyphus_","0233","Sisyphus_0233","","","","Агх, ви перемогли мене, Ваша Високість!","","",""
"Integrated","Sisyphus_","0234","Sisyphus_0234","","","","О, прошу, змилуйтеся наді мною і таке інше!","","",""
"Integrated","Sisyphus_","0235","Sisyphus_0235","","","","І це ваша найкраща спроба, Принц Зі?","","",""
"Integrated","Sisyphus_","0236","Sisyphus_0236","","","","Ну не засмучуйтесь, гаразд?","","",""
"Integrated","Sisyphus_","0237","Sisyphus_0237","","","","Ви готуєтеся вирушити в дорогу?","","",""
"Integrated","Sisyphus_","0238","Sisyphus_0238","","","","Чудова спроба, Принце!","","",""
"Integrated","Sisyphus_","0239","Sisyphus_0239","","","","Ах, я поранений!","","",""
"Integrated","Sisyphus_","0240","Sisyphus_0240","","","","Ого, а ви сильні, Принц Зі!","","",""
"Integrated","Sisyphus_","0241","Sisyphus_0241","","","","Уф, це вражає, Принце!","","",""
"Integrated","Sisyphus_","0242","Sisyphus_0242","","","","Ми ще побачимось, правда?","","",""
"Integrated","Sisyphus_","0243","Sisyphus_0243","","","","Переказуйте фуріям привіт від мене!","","",""
"Integrated","Sisyphus_","0244","Sisyphus_0244","","","","Ви впораєтеся, Принце!","","",""
"Integrated","Sisyphus_","0245","Sisyphus_0245","","","","Заглядайте якось ще!","","",""
"Integrated","Sisyphus_","0246","Sisyphus_0246","","","","Будьте обережні, гаразд?","","",""
"Integrated","Sisyphus_","0247","Sisyphus_0247","","","","Сподіваюся, цього разу ви виберетеся звідси, Ваша Високість!","","",""
"Integrated","Sisyphus_","0248","Sisyphus_0248","","","","Завжди радий, Принце!","","",""
"Integrated","Sisyphus_","0249","Sisyphus_0249","","","","До побачення, Ваша Високість!","","",""
"Integrated","Sisyphus_","0250","Sisyphus_0250","","","","Як гадаєш, цього разу він дійде до кінця, Боулді?","","",""
"Integrated","Sisyphus_","0251","Sisyphus_0251","","","","Продовжуйте боротися, Ваша Високість!","","",""
"Integrated","Sisyphus_","0252","Sisyphus_0252","","","","Дякую, що завітали!","","",""
"Integrated","Sisyphus_","0253","Sisyphus_0253","","","","До наступної зустрічі, гаразд?","","",""
"Integrated","Sisyphus_","0254","Sisyphus_0254","","","","Нападайте на того, хто вам за розміром, Принце!","","",""
"Integrated","Sisyphus_","0255","Sisyphus_0255","","","","Цю битву вам не виграти!","","",""
"Integrated","Sisyphus_","0256","Sisyphus_0256","","","","Щоб Боулді піддався, знадобиться щось більше, Принц!","","",""
"Integrated","Sisyphus_","0257","Sisyphus_0257","","","","Тяжко, чи не так?","","",""
"Integrated","Sisyphus_","0258","Sisyphus_0258","","","","Боулді впорається з усім, що ви придумаєте!","","",""
"Integrated","Sisyphus_","0259","Sisyphus_0259","","","","Тепер у цьому немає потреби, Принц.","","",""
"Integrated","Sisyphus_","0260","Sisyphus_0260","","","","Спробуйте все, що побажаєте, Принц!","","",""
"Integrated","Sisyphus_","0261","Sisyphus_0261","","","","Гей, це мій друг, Принц Зі.","","",""
"Integrated","Sisyphus_","0262","Sisyphus_0262","","","","Не зашкодьте Боулді, Принц.","","",""
"Integrated","Sisyphus_","0263","Sisyphus_0263","","","","Ви намагаєтеся впоратися з дуже міцним каменем.","","",""
"Integrated","Sisyphus_","0264","Sisyphus_0264","","","","Не пораніться, гаразд?","","",""
"Integrated","Sisyphus_","0265","Sisyphus_0265","","","","Ну, Ваша Високість!","","",""
"Integrated","Sisyphus_","0266","Sisyphus_0266","","","","За що, Ваша Високість?","","",""
"Integrated","Sisyphus_","0267","Sisyphus_0267","","","","О, що ж поганого Боулді вам зробив?","","",""
"Integrated","Sisyphus_","0268","Sisyphus_0268","","","","Дивись під ноги!","","",""
"Integrated","Sisyphus_","0269","Sisyphus_0269","","","","Бережіть голову!","","",""
"Integrated","Sisyphus_","0270","Sisyphus_0270","","","","Принц Зі!","","",""
"Integrated","Sisyphus_","0271","Sisyphus_0271","","","","Тримайтеся, Принце!","","",""
"Integrated","Sisyphus_","0272","Sisyphus_0272","","","","З дороги!!!","","",""
"Integrated","Sisyphus_","0273","Sisyphus_0273","","","","Боулді!","","",""
"Integrated","Sisyphus_","0274","Sisyphus_0274","","","","А ось і ми!","","",""
"Integrated","Sisyphus_","0275","Sisyphus_0275","","","","Ну ось!","","",""
"Integrated","Sisyphus_","0276","Sisyphus_0276","","","","Пропустіть!","","",""
"Integrated","Sisyphus_","0277","Sisyphus_0277","","","","Упс!","","",""
"Integrated","Sisyphus_","0278","Sisyphus_0278","","","","Егей, Принц!","","",""
"Integrated","Sisyphus_","0279","Sisyphus_0279","","","","Егей!!!","","",""
"Integrated","Sisyphus_","0280","Sisyphus_0280","","","","І-і-і, ми тут!","","",""
"Integrated","Sisyphus_","0281","Sisyphus_0281","","","","Ми з вами, Ваша Високість!","","",""
"Integrated","Sisyphus_","0282","Sisyphus_0282","","","","Радий допомогти!","","",""
"Integrated","Sisyphus_","0283","Sisyphus_0283","","","","Зараз!","","",""
"Integrated","Sisyphus_","0284","Sisyphus_0284","","","","А ось і Боулді!","","",""
"Integrated","Sisyphus_","0285","Sisyphus_0285","","","","Боулді, зараз!","","",""
"Integrated","Sisyphus_","0286","Sisyphus_0286","","","","Ха, ха-ха-ха!!!","","",""
"Integrated","Sisyphus_","0287","Sisyphus_0287","","","","Прошу вибачення!!!","","",""
"Integrated","Sisyphus_","0288","Sisyphus_0288","","","","Вітаю, Принце!!!","","",""
"Integrated","Sisyphus_","0289","Sisyphus_0289","","","","Я вам допоможу!!!","","",""
"Integrated","Sisyphus_","0290","Sisyphus_0290","","","","Перепрошую, пані!!!","","",""
"Integrated","Sisyphus_","0291","Sisyphus_0291","","","","Настав час розплати, Боулді!","","",""
"Integrated","Sisyphus_","0292","Sisyphus_0292","","","","Це сестри-фурії!","","",""
"Integrated","Sisyphus_","0293","Sisyphus_0293","","","","Егей, пані!!!","","",""
"Integrated","Sisyphus_","0294","Sisyphus_0294","","","","Наздоганяй її, Боулді!","","",""
"Integrated","Sisyphus_","0295","Sisyphus_0295","","","","Падай на неї!","","",""
"Integrated","Sisyphus_","0296","Sisyphus_0296","","","","Це ж володар Танатос!","","",""
"Integrated","Sisyphus_","0297","Sisyphus_0297","","","","Егей, володар Танатос!","","",""
"Integrated","Sisyphus_","0298","Sisyphus_0298","","","","Як ваші справи, володар Танатос?!","","",""
"Integrated","Sisyphus_","0299","Sisyphus_0299","","","","Як ідуть справи, володар Танатос?","","",""
"Integrated","Sisyphus_","0300","Sisyphus_0300","","","","Не звертайте на мене уваги, володар Танатос!","","",""
"Integrated","Sisyphus_","0301","Sisyphus_0301","","","","Невже це сам володар Танатос!","","",""
"Integrated","Sisyphus_","0302","Sisyphus_0302","","","","Ах, повелитель Аїд!","","",""
"Integrated","Sisyphus_","0303","Sisyphus_0303","","","","Егей, повелитель Аїд!!!","","",""
"Integrated","Sisyphus_","0304","Sisyphus_0304","","","","Перепрошую, повелителю Аїд!","","",""
"Integrated","Sisyphus_","0305","Sisyphus_0305","","","","Сам повелитель Аїд!!!","","",""
"Integrated","Sisyphus_","0306","Sisyphus_0306","","","","Ваші Високості!!!","","",""
"Integrated","Sisyphus_","0307","Sisyphus_0307","","","","А тепер ви двоє повинні порозумітися!","","",""
"Integrated","Sisyphus_","0308","Sisyphus_0308","","","","Ми з вами, Ваша Високість!","","",""
"Integrated","Sisyphus_","0309","Sisyphus_0309","","","","Принц Зі, ми повернулися!","","",""
"Integrated","Sisyphus_","0310","Sisyphus_0310","","","","Покажи їм ще раз, Боулді!","","",""
"Integrated","Sisyphus_","0311","Sisyphus_0311","","","","Ми допоможемо, Принце!","","",""
"Integrated","Sisyphus_","0312","Sisyphus_0312","","","","Ми поруч із вами, Принце!","","",""
"Integrated","Sisyphus_","0313","Sisyphus_0313","","","","Нумо ще разок, Боулдi!","","",""
"Integrated","Sisyphus_","0314","Sisyphus_0314","","","","Дорогу Боулді!","","",""
"Integrated","Sisyphus_","0315","Sisyphus_0315","","","","Ще раз, Боулді!","","",""
"Integrated","Sisyphus_","0316","Sisyphus_0316","","","","Ой!","","",""
"Integrated","Sisyphus_","0317","Sisyphus_0317","","","","Вибачте!","","",""
"Integrated","Sisyphus_","0318","Sisyphus_0318","","","","Винен!","","",""
"Integrated","Sisyphus_","0319","Sisyphus_0319","","","","Боулді!!!","","",""
"Integrated","Sisyphus_","0320","Sisyphus_0320","","","","Ну ось!","","",""
"Integrated","Sisyphus_","0321","Sisyphus_0321","","","","Це моя помилка!","","",""
"Integrated","Sisyphus_","0322","Sisyphus_0322","","","","Промах!","","",""
"Integrated","Sisyphus_","0323","Sisyphus_0323","","","","Ми не влучили?","","",""
"Integrated","Sisyphus_","0324","Sisyphus_0324","","","","Не тут, Принце!","","",""
"Integrated","Sisyphus_","0325","Sisyphus_0325","","","","Ха-ха, чудова спроба!","","",""
"Integrated","Sisyphus_","0326","Sisyphus_0326","","","","Мабуть, ні, Принц Зі.","","",""
"Integrated","Sisyphus_","0327","Sisyphus_0327","","","","І чим це допоможе?"","","",""
"Integrated","Sisyphus_","0328","Sisyphus_0328","","","","Він вже.","","",""
"Integrated","Sisyphus_","0329","Sisyphus_0329","","","","Ми вже тут!","","",""
"Integrated","Sisyphus_","0330","Sisyphus_0330","","","","Кличте нас майже будь-коли!","","",""
"Integrated","Sisyphus_","0331","Sisyphus_0331","","","","Ми поруч, Принце!","","",""
"Integrated","Sisyphus_","0332","Sisyphus_0332","","","","Ну, Ваша Високість!","","",""
"Integrated","Sisyphus_","0333","Sisyphus_0333","","","","Кличте нас, якщо ми вам знадобимося!","","",""
"Integrated","Sisyphus_","0356","Sisyphus_0356","","","","Боулдi дуже вдячний!","","",""
"Integrated","Sisyphus_","0357","Sisyphus_0357","","","","Дякую від Валунка!","","",""
"Integrated","Sisyphus_","0358","Sisyphus_0358","","","","Дивись, як радіє Боулді!","","",""
"Integrated","Sisyphus_","0359","Sisyphus_0359","","","","Це чудовий камінь, чи не так, Принце?","","",""
"Integrated","Sisyphus_","0360","Sisyphus_0360","","","","Боулдi прихильний до вас, Принце!","","",""
"Integrated","Sisyphus_","0361","Sisyphus_0361","","","","Думаю, ти йому подобається!","","",""
"Integrated","Sisyphus_","0362","Sisyphus_0362","","","","Боулді вдячний.","","",""
"Integrated","Sisyphus_","0363","Sisyphus_0363","","","","Ваш подарунок прийнято, Принце!","","",""
"Integrated","Sisyphus_","0364","Sisyphus_0364","","","","Я впевнений, він вам вдячний, Принц.","","",""
"Integrated","Sisyphus_","0365","Sisyphus_0365","","","","Як люб'язно з вашого боку, Принц Зі!","","",""
"Integrated","Sisyphus_","0366","Sisyphus_0366","","","","Боулді вам допоміг!","","",""
"Integrated","Sisyphus_","0367","Sisyphus_0367","","","","Бачиш, Боулді?","","",""
"Integrated","Sisyphus_","0368","Sisyphus_0368","","","","Думаю, ви починаєте подобатись Боулді!","","",""
"Integrated","Sisyphus_","0369","Sisyphus_0369","","","","Боулдi вміє слухати, чи не так?","","",""
"Integrated","Sisyphus_","0370","Sisyphus_0370","","","","Боулді дав вам своє благословіння!","","",""
"Integrated","Sisyphus_","0371","Sisyphus_0371","","","","Покажіть цим горщикам!","","",""
"Integrated","Sisyphus_","0372","Sisyphus_0372","","","","Непогана спроба, Принц Зі!","","",""
"Integrated","Sisyphus_","0373","Sisyphus_0373","","","","Цей звук ніколи не набридне!","","",""
"Integrated","Sisyphus_","0374","Sisyphus_0374","","","","Дякую, що трохи прибралися тут!","","",""
"Integrated","Sisyphus_","0375","Sisyphus_0375","","","","Вони постійно їх замінюють.","","",""
"Integrated","Sisyphus_","0376","Sisyphus_0376","","","","Непогана спроба, Принц Зі!","","",""
"Integrated","Sisyphus_","0377","Sisyphus_0377","","","","Радий, що це не мені прилетіло!","","",""
"Integrated","Sisyphus_","0378","Sisyphus_0378","","","","Розбивайте будь-які горщики, які тільки забажаєте!","","",""
"Integrated","Sisyphus_","0379","Sisyphus_0379","","","","Боюся, вони порожні, Принце!","","",""
"Integrated","Sisyphus_","0380","Sisyphus_0380","","","","Не звертайте на них увагу, "Принц.","","",""
"Integrated","Sisyphus_","0381","Sisyphus_0381","","","","Треба ж ви їх прогнали!","","",""
"Integrated","Sisyphus_","0382","Sisyphus_0382","","","","Ці тіні завжди повертаються.","","",""
"Integrated","Sisyphus_","0383","Sisyphus_0383","","","","О, ці тіні не такі вже й погані.","","",""
"Integrated","Sisyphus_","0384","Sisyphus_0384","","","","Навіщо їх турбувати, Принц Зі?","","",""
"Integrated","Sisyphus_","0385","Sisyphus_0385","","","","У цьому немає потреби, Принц.","","",""
"Integrated","Sisyphus_","0386","Sisyphus_0386","","","","Вони все одно повернуться наступного разу.","","",""
"Integrated","Sisyphus_","0387","Sisyphus_0387","","","","Ці тіні застрягли тут, Принц.","","",""
"Integrated","Sisyphus_","0388","Sisyphus_0388","","","","Навіщо проганяти цих тіней?","","",""
"Darren","Sisyphus_","0389","Sisyphus_0389","","","","О, тоді я просто сховаю це, Принце!","","",""
"Darren","Sisyphus_","0390","Sisyphus_0390","","","","Дякую, Ваша Високість, можете не перейматися цим.","","",""
"Darren","Sisyphus_","0391","Sisyphus_0391","","","","Це для мене, Принц Зі? Що ж, гаразд!","","",""
"Darren","Sisyphus_","0392","Sisyphus_0392","","","","Я заберу це, якщо ви наполягаєте, Ваша Високість.","","",""
"Darren","Sisyphus_","0393","Sisyphus_0393","","","","Я міг би обійтися без цього, але можу і взяти, Принце!","","",""
"Darren","Sisyphus_","0394","Sisyphus_0394","","","","Ох, Ваша Високість, не варто було, правда.","","",""
"Darren","Sisyphus_","0395","Sisyphus_0395","","","","Не зрозумійте мене неправильно, Принце, але я не можу прийняти це.","","",""
"Darren","Sisyphus_","0396","Sisyphus_0396","","","","Вибачте мені, Принце, але мені це ні до чого. Нехай краще залишиться у вас.","","",""
"Darren","Sisyphus_","0397","Sisyphus_0397","","","","Боюся, мені це ні до чого, Ваша Високість, але я ціную це!","","",""
"Darren","Sisyphus_","0398","Sisyphus_0398","","","","Дякую вам, Принц Зі, але зараз мені це ні до чого.","","",""
"Darren","Sisyphus_","0399","Sisyphus_0399","","","","Ваша Високість, чи не зволите ви вислухати мене?","","",""
"Darren","Sisyphus_","0400","Sisyphus_0400","","","","Принц Зі, я хотів попросити вас про одну послугу, якщо дозволите.","","",""
"Darren","Sisyphus_","0401","Sisyphus_0401","","","","Я хотів попросити вас про дещо, Ваша Високість.","","",""
"Darren","Sisyphus_","0402","Sisyphus_0402","","","","У мене є невелике прохання, якщо у вас знайдеться хвилинка, Принц.","","",""
"Darren","Sisyphus_","0403","Sisyphus_0403","","","","<Сміється>","","",""
"Darren","Sisyphus_","0404","Sisyphus_0404","","","","<Сміється>","","",""
"Darren","Sisyphus_","0405","Sisyphus_0405","","","","Хм.","","",""
"Darren","Sisyphus_","0406","Sisyphus_0406","","","","Ех.","","",""
"Darren","Sisyphus_","0407","Sisyphus_0407","","","","<Усміхається>","","",""
"Darren","Sisyphus_","0408","Sisyphus_0408","","","","Що?","","",""
"Darren","Sisyphus_","0409","Sisyphus_0409","","","","Ха.","","",""
"Darren","Sisyphus_","0410","Sisyphus_0410","","","","Хм-м-м.","","",""
"Darren","Sisyphus_","0414","Sisyphus_0414","","","","О-о-о, це ваш найкращий видобуток, Принц Зі!","","",""
"Darren","Sisyphus_","0415","Sisyphus_0415","","","","Це справді для мене, Ваша Високість? Ви не уявляєте, як мені подобається!","","",""
"Darren","Sisyphus_","0416","Sisyphus_0416","","","","Ах, подивися, що приніс нам Принц, Боулді!","","",""
"Darren","Sisyphus_","0417","Sisyphus_0417","","","","Ми з Боулді дякуємо вам за цей подарунок.","","",""
"Integrated","Sisyphus_","0447","Sisyphus_0447","","","","О, Хароне!","","",""
"Integrated","Sisyphus_","0448","Sisyphus_0448","","","","Це Харон!","","",""
"Integrated","Sisyphus_","0449","Sisyphus_0449","","","","Та це ж Харон!","","",""
"Integrated","Sisyphus_","0450","Sisyphus_0450","","","","Ось тобі, Хароне!","","",""
"Integrated","Sisyphus_","0451","Sisyphus_0451","","","","Боулді, роздави його!","","",""
"Integrated","Sisyphus_","0452","Sisyphus_0452","","","","Ось плата, Хароне!","","",""
"Integrated","Sisyphus_","0463","Sisyphus_0463","","","","Боулді дуже вдячний!","","",""
"Integrated","Sisyphus_","0464","Sisyphus_0464","","","","О, тільки подивися, як радіє Боулді!","","",""
"Integrated","Sisyphus_","0465","Sisyphus_0465","","","","Ви дуже люб'язні, Принц Зі.","","",""
"Integrated","Sisyphus_","0466","Sisyphus_0466","","","","Ось бачиш, Боулді?","","",""
"Integrated","Sisyphus_","0467","Sisyphus_0467","","","","Між вами двома явно щось трапляється!","","",""
"Integrated","Sisyphus_","0468","Sisyphus_0468","","","","Боулді прикриє вас.","","",""
