"Skelly","ID","ID","ID","","","","Line","","Notes by AR","Notes by DK"
"Integrated","Skelly_","0002","Skelly_0002","","","","Привіт, хлопче! Дивись, куди кидаєш вогняні кулі — вони можуть влаштувати справжній розгром, а мені доведеться тут потім прибиратися, зрозумів? Але якщо хтось тебе ображає, сміливо жбурляй кулю прямо йому в око!","","",""
"Integrated","Skelly_","0005","Skelly_0005","","","","А житло в тебе нічогеньке, хлопче! Але годі балакати, настав час переходити до тренування! Нумо, задай жару! Покажи мені все, на що ти здатний!","","",""
"Integrated","Skelly_","0007","Skelly_0007","","","","Пс-с, йди сюди!","","",""
"Integrated","Skelly_","0008","Skelly_0008","","","","Еге-ей!","","",""
"Integrated","Skelly_","0009","Skelly_0009","","","","Привіт, хлопче!","","",""
"Integrated","Skelly_","0010","Skelly_0010","","","","Хочеш нам'яти мені боки, хлопче?","","",""
"Integrated","Skelly_","0011","Skelly_0011","","","","Думаєш мене здолати, хлопче?","","",""
"Integrated","Skelly_","0012","Skelly_0012","","","","Ех, непогано!","","",""
"Integrated","Skelly_","0013","Skelly_0013","","","","А ти мене дістав!","","",""
"Integrated","Skelly_","0014","Skelly_0014","","","","Ех, чудово!","","",""
"Integrated","Skelly_","0015","Skelly_0015","","","","Так, ось так!","","",""
"Integrated","Skelly_","0016","Skelly_0016","","","","Саме те!","","",""
"Integrated","Skelly_","0017","Skelly_0017","","","","Так, хлопче!","","",""
"Integrated","Skelly_","0018","Skelly_0018","","","","Так!","","",""
"Integrated","Skelly_","0019","Skelly_0019","","","","О так!","","",""
"Integrated","Skelly_","0020","Skelly_0020","","","","Не погано!","","",""
"Integrated","Skelly_","0021","Skelly_0021","","","","Ох, отак!","","",""
"Integrated","Skelly_","0022","Skelly_0022","","","","У-у, здорово!","","",""
"Integrated","Skelly_","0023","Skelly_0023","","","","Непоганий удар!","","",""
"Integrated","Skelly_","0024","Skelly_0024","","","","Майже влучив!","","",""
"Integrated","Skelly_","0025","Skelly_0025","","","","Ха!","","",""
"Darren","Skelly_","0047","Skelly_0047","","","","Чим можу допомогти?","","",""
"Integrated","Skelly_","0048","Skelly_0048","","","","Як справи, хлопче?","","",""
"Darren","Skelly_","0049","Skelly_0049","","","","Я весь в увага!","","",""
"Darren","Skelly_","0050","Skelly_0050","","","","Так, що?","","",""
"Darren","Skelly_","0051","Skelly_0051","","","","Що тобі потрібно?","","",""
"Darren","Skelly_","0052","Skelly_0052","","","","Я можу тобі чимось допомогти, чи як?","","",""
"Integrated","Skelly_","0053","Skelly_0053","","","","Так, ось так.","","",""
"Darren","Skelly_","0054","Skelly_0054","","","","Чому б і ні.","","",""
"Darren","Skelly_","0055","Skelly_0055","","","","Домовилися.","","",""
"Darren","Skelly_","0056","Skelly_0056","","","","Попався.","","",""
"Darren","Skelly_","0057","Skelly_0057","","","","Немає проблем.","","",""
"Darren","Skelly_","0058","Skelly_0058","","","","Звичайно!","","",""
"Integrated","Skelly_","0059","Skelly_0059","","","","Та не питання.","","",""
"Darren","Skelly_","0060","Skelly_0060","","","","Я чую тебе.","","",""
"Darren","Skelly_","0061","Skelly_0061","","","","Ні, я зрозумів.","","",""
"Darren","Skelly_","0062","Skelly_0062","","","","Залиш це мені!","","",""
"Integrated","Skelly_","0063","Skelly_0063","","","","Ого-го!","","",""
"Integrated","Skelly_","0064","Skelly_0064","","","","Фу-ух!","","",""
"Integrated","Skelly_","0065","Skelly_0065","","","","Ось так то!","","",""
"Integrated","Skelly_","0066","Skelly_0066","","","","Так, продовжуй!","","",""
"Integrated","Skelly_","0067","Skelly_0067","","","","Хо-хо-ххх!","","",""
"Integrated","Skelly_","0068","Skelly_0068","","","","Ого-о!","","",""
"Integrated","Skelly_","0069","Skelly_0069","","","","Агов, це було боляче!","","",""
"Integrated","Skelly_","0070","Skelly_0070","","","","Ха, так!","","",""
"Integrated","Skelly_","0071","Skelly_0071","","","","Непогана спроба!","","",""
"Integrated","Skelly_","0072","Skelly_0072","","","","Ще краще!","","",""
"Integrated","Skelly_","0073","Skelly_0073","","","","План змінився, правда?","","",""
"Integrated","Skelly_","0074","Skelly_0074","","","","Так, це було досить добре!","","",""
"Integrated","Skelly_","0075","Skelly_0075","","","","О, вирішив змінити план, схвалюю!","","",""
"Integrated","Skelly_","0076","Skelly_0076","","","","А це має бути непогано.","","",""
"Integrated","Skelly_","0077","Skelly_0077","","","","Хочеш випробувати цю річ?","","",""
"Integrated","Skelly_","0078","Skelly_0078","","","","Вирішив випробувати цю річ, га?","","",""
"Integrated","Skelly_","0079","Skelly_0079","","","","Гей, виглядає досить моторошно.","","",""
"Integrated","Skelly_","0080","Skelly_0080","","","","Ух, тільки подивіться на це.","","",""
"Integrated","Skelly_","0081","Skelly_0081","","","","Твій ножик виглядає досить жахливо.","","",""
"Integrated","Skelly_","0082","Skelly_0082","","","","Ось так піднос у тебе в руках, виглядає страшно.","","",""
"Integrated","Skelly_","0083","Skelly_0083","","","","Це твоя нова вудка, чи що?","","",""
"Integrated","Skelly_","0084","Skelly_0084","","","","Боїшся підійти ближче, хлопче?","","",""
"Integrated","Skelly_","0085","Skelly_0085","","","","Гей, непогано!","","",""
"Integrated","Skelly_","0086","Skelly_0086","","","","Що там у тебе, що там?","","",""
"Integrated","Skelly_","0087","Skelly_0087","","","","Отримав щось корисне?","","",""
"Integrated","Skelly_","0088","Skelly_0088","","","","Що це в тебе таке?","","",""
"Integrated","Skelly_","0089","Skelly_0089","","","","Хо, тобі пощастило!","","",""
"Integrated","Skelly_","0090","Skelly_0090","","","","Вирішив відпочити, друже?","","",""
"Integrated","Skelly_","0091","Skelly_0091","","","","Захотілося відпочити, чи як?","","",""
"Integrated","Skelly_","0092","Skelly_0092","","","","Ну все, друже, можеш зупинитися!","","",""
"Integrated","Skelly_","0093","Skelly_0093","","","","Можеш зупинитися будь-якої миті, хлопче.","","",""
"Integrated","Skelly_","0094","Skelly_0094","","","","Як ніяково!","","",""
"Integrated","Skelly_","0095","Skelly_0095","","","","І як я повернуся назад?","","",""
"Integrated","Skelly_","0096","Skelly_0096","","","","Не думаю, що я маю бути тут.","","",""
"Integrated","Skelly_","0097","Skelly_0097","","","","А, я трохи застряг, друже.","","",""
"Integrated","Skelly_","0098","Skelly_0098","","","","Ні, ні-і-і-і!","","",""
"Integrated","Skelly_","0099","Skelly_0099","","","","Так, на цьому все!","","",""
"Integrated","Skelly_","0100","Skelly_0100","","","","Та-а-ак!","","",""
"Integrated","Skelly_","0101","Skelly_0101","","","","Воля!","","",""
"Integrated","Skelly_","0102","Skelly_0102","","","","ААААААА!!","","",""
"Integrated","Skelly_","0103","Skelly_0103","","","","Ой, одну хвилину!","","",""
"Integrated","Skelly_","0104","Skelly_0104","","","","Ой, мені час бігти!","","",""
"Integrated","Skelly_","0105","Skelly_0105","","","","Ах-х-х...","","",""
"Integrated","Skelly_","0106","Skelly_0106","","","","Ха, ха-ха-ха, непогано я тебе провів!","","",""
"Integrated","Skelly_","0107","Skelly_0107","","","","Що я пропустив?","","",""
"Unused","Skelly_","0108","Skelly_0108","","","","Ха-ха-ха, непогано я тебе провів!","","",""
"Integrated","Skelly_","0109","Skelly_0109","","","","І-і-і, ми знову тут.","","",""
"Integrated","Skelly_","0110","Skelly_0110","","","","Ну все, повернемось до роботи.","","",""
"Integrated","Skelly_","0111","Skelly_0111","","","","Сумував за мною, хлопче?","","",""
"Integrated","Skelly_","0112","Skelly_0112","","","","Е-ей.","","",""
"Integrated","Skelly_","0113","Skelly_0113","","","","О, привіт.","","",""
"Integrated","Skelly_","0114","Skelly_0114","","","","Все правильно, я повернувся!","","",""
"Integrated","Skelly_","0121","Skelly_0121","","","","О, саме те, чого мені завжди хотілося — не рахуючи безглуздих побоїв, звичайно! Я прийму це, але дозволь теж дати тобі щось!","","",""
"Integrated","Skelly_","0122","Skelly_0122","","","","Ти якраз вчасно!","","",""
"Integrated","Skelly_","0123","Skelly_0123","","","","Вони завжди повертаються.","","",""
"Integrated","Skelly_","0124","Skelly_0124","","","","Я чекав тебе!","","",""
"Integrated","Skelly_","0125","Skelly_0125","","","","Ти як за розкладом!","","",""
"Integrated","Skelly_","0126","Skelly_0126","","","","Гей!","","",""
"Integrated","Skelly_","0127","Skelly_0127","","","","Я був тут весь цей час!","","",""
"Integrated","Skelly_","0128","Skelly_0128","","","","Жодного разу не поворухнув і пальцем!","","",""
"Integrated","Skelly_","0129","Skelly_0129","","","","Готовий, чи як?","","",""
"Integrated","Skelly_","0130","Skelly_0130","","","","Хочеш побитися?","","",""
"Integrated","Skelly_","0131","Skelly_0131","","","","Гей, гей-й!","","",""
"Integrated","Skelly_","0132","Skelly_0132","","","","Як справи?","","",""
"Integrated","Skelly_","0133","Skelly_0133","","","","А ось і він!","","",""
"Integrated","Skelly_","0134","Skelly_0134","","","","О, привіт.","","",""
"Integrated","Skelly_","0135","Skelly_0135","","","","Що хорошого?","","",""
"Integrated","Skelly_","0136","Skelly_0136","","","","Як успіхи минулого разу?","","",""
"Integrated","Skelly_","0137","Skelly_0137","","","","Виглядає непогано!","","",""
"Integrated","Skelly_","0138","Skelly_0138","","","","А, ти вистрілив у мене!","","",""
"Integrated","Skelly_","0139","Skelly_0139","","","","Я запам'ятаю це!","","",""
"Integrated","Skelly_","0140","Skelly_0140","","","","Впіймав!","","",""
"Integrated","Skelly_","0141","Skelly_0141","","","","Мені непогано дісталося!","","",""
"Integrated","Skelly_","0142","Skelly_0142","","","","Ти влучив у мене!","","",""
"Integrated","Skelly_","0143","Skelly_0143","","","","Ось так!","","",""
"Integrated","Skelly_","0144","Skelly_0144","","","","Ще одна спроба?","","",""
"Darren","Skelly_","0145","Skelly_0145","","","","Повториш?","","",""
"Darren","Skelly_","0146","Skelly_0146","","","","Лови!","","",""
"Integrated","Skelly_","0147","Skelly_0147","","","","Ти щось упустив!","","",""
"Integrated","Skelly_","0148","Skelly_0148","","","","Хто цей симпатичний хлопчина?","","",""
"Integrated","Skelly_","0149","Skelly_0149","","","","Гей, а хто твій друг?","","",""
"Integrated","Skelly_","0150","Skelly_0150","","","","Агов, я знаю цього хлопця.","","",""
"Integrated","Skelly_","0151","Skelly_0151","","","","Подивися на того хлопця, он там.","","",""
"Integrated","Skelly_","0152","Skelly_0152","","","","Ей, як справи?","","",""
"Darren","Skelly_","0153","Skelly_0153","","","","О, привіт, Роне.","","",""
"Integrated","Skelly_","0154","Skelly_0154","","","","О, привіт, хлопці!","","",""
"Darren","Skelly_","0155","Skelly_0155","","","","Привіт, хлопче. Привіт Роне.","","",""
"Darren","Skelly_","0156","Skelly_0156","","","","Гей, гадаю, там щось є для тебе.","","",""
"Integrated","Skelly_","0157","Skelly_0157","","","","Там щось є, краще б тобі перевірити.","","",""
"Darren","Skelly_","0158","Skelly_0158","","","","Там тобі доставка чи щось у цьому дусі.","","",""
"Darren","Skelly_","0163","Skelly_0163","","","","...Ахіллес, друже, я не намагаюся тебе умаслити і таке інше, але хочу сказати, що особисто я ніколи за життя не стріляв нікому в кісточки або куди там тобі потрапили!","","",""
"Darren","Skelly_","0164","Skelly_0164","","","","Хо, бачив би ти мене раніше, це було щось! Я міг упоратися з будь-яким, із зав'язаними очима!","","",""
"Integrated","Skelly_","0172","Skelly_0172","","","","<Ах! Уф! Ой! Аг-р. Ой! Бр-л-л! Бух! Ух! Бу-у!>","","",""
"Integrated","Skelly_","0175","Skelly_0175","","","","Добре, тебе я й хотів бачити, хлопче, ходи сюди!","","",""
"Integrated","Skelly_","0176","Skelly_0176","","","","О, у мене є для тебе дещо, хлопче!","","",""
"Integrated","Skelly_","0177","Skelly_0177","","","","У мене тут купа нагород.","","",""
"Integrated","Skelly_","0180","Skelly_0180","","","","Ха, тобі вдалося, хлопче! Візьми нагороду он там!","","",""
"Integrated","Skelly_","0181","Skelly_0181","","","","Ура, ти зробив це, друже!","","",""
"Integrated","Skelly_","0182","Skelly_0182","","","","Безперечно! Вона просто чудова!","","",""
"Integrated","Skelly_","0185","Skelly_0185","","","","Ого-го, ти заробив ще одну нагороду, вітаю!","","",""
"Integrated","Skelly_","0186","Skelly_0186","","","","Побий мене диявольський грім, тобі й справді це вдалося.","","",""
"Integrated","Skelly_","0187","Skelly_0187","","","","Все завдяки твоїй уважності, друже!","","",""
"Integrated","Skelly_","0190","Skelly_0190","","","","О ні...","","",""
"Integrated","Skelly_","0191","Skelly_0191","","","","Так, друже. Це вона.","","",""
"Integrated","Skelly_","0192","Skelly_0192","","","","...Що?... Ти так думаєш, друже?","","",""
"Integrated","Skelly_","0195","Skelly_0195","","","","Мабуть!","","",""
"Integrated","Skelly_","0196","Skelly_0196","","","","Хіба не так?","","",""
"Integrated","Skelly_","0197","Skelly_0197","","","","А я вже згадував, що мені довелося викласти цілу купу монет?","","",""
"Integrated","Skelly_","0198","Skelly_0198","","","","Важить ця річ теж немало.","","",""
"Integrated","Skelly_","0199","Skelly_0199","","","","Я знаю, що ти маєш на увазі, друже.","","",""
"Integrated","Skelly_","0200","Skelly_0200","","","","Безумовно так.","","",""
"Integrated","Skelly_","0201","Skelly_0201","","","","Ти сам сказав це, хлопче.","","",""
"Integrated","Skelly_","0202","Skelly_0202","","","","Хіба вона не прекрасна?","","",""
"Integrated","Skelly_","0203","Skelly_0203","","","","Я думав про те саме.","","",""
"Integrated","Skelly_","0204","Skelly_0204","","","","У тебе є смак, друже, маєш визнати це.","","",""
"Integrated","Skelly_","0205","Skelly_0205","","","","Вона справді дуже хороша!","","",""
"Integrated","Skelly_","0206","Skelly_0206","","","","Тільки найкраще для тебе, друже.","","",""
"Integrated","Skelly_","0207","Skelly_0207","","","","Відмінна інтерпретація, хлопець.","","",""
"Integrated","Skelly_","0208","Skelly_0208","","","","Я чудово розумію, про що ти говориш.","","",""
"Integrated","Skelly_","0209","Skelly_0209","","","","Я знав, що це ти оціниш.","","",""
"Integrated","Skelly_","0210","Skelly_0210","","","","Я знаю, правда?","","",""
"Integrated","Skelly_","0211","Skelly_0211","","","","О, звичайно.","","",""
"Integrated","Skelly_","0212","Skelly_0212","","","","Ой, не чіпай цієї штуки!","","",""
"Integrated","Skelly_","0213","Skelly_0213","","","","Це безцінний витвір мистецтва, друже!","","",""
"Integrated","Skelly_","0214","Skelly_0214","","","","Гей, тільки не подряпай, хлопче!","","",""
"Integrated","Skelly_","0215","Skelly_0215","","","","Ти вбиваєш мене, друже.","","",""
"Integrated","Skelly_","0216","Skelly_0216","","","","Ні, тільки не статуя, будь ласка!","","",""
"Integrated","Skelly_","0217","Skelly_0217","","","","Не роби цього.","","",""
"Integrated","Skelly_","0218","Skelly_0218","","","","Ні, зупинись!","","",""
"Integrated","Skelly_","0219","Skelly_0219","","","","Прошу, друже.","","",""
"Integrated","Skelly_","0220","Skelly_0220","","","","О, як ти жорстокий.","","",""
"Integrated","Skelly_","0221","Skelly_0221","","","","Гей, не зашкодь статуї!","","",""
"Integrated","Skelly_","0222","Skelly_0222","","","","Гей, гей, гей!","","",""
"Integrated","Skelly_","0223","Skelly_0223","","","","Гей, обережніше!","","",""
"Integrated","Skelly_","0224","Skelly_0224","","","","Тільки не розбий ті штуки!","","",""
"Integrated","Skelly_","0225","Skelly_0225","","","","Ой, обережніше, друже!","","",""
"Integrated","Skelly_","0226","Skelly_0226","","","","Гей, припини!","","",""
"Integrated","Skelly_","0227","Skelly_0227","","","","Іди і заповни цей свій папірець.","","",""
"Integrated","Skelly_","0228","Skelly_0228","","","","Не я вигадую правила, друже.","","",""
"Integrated","Skelly_","0229","Skelly_0229","","","","Для участі необхідно зареєструватися.","","",""
"Integrated","Skelly_","0230","Skelly_0230","","","","Вперед, прийми мій виклик!","","",""
"Integrated","Skelly_","0231","Skelly_0231","","","","Чи вистачить у тебе сміливості?","","",""
"Integrated","Skelly_","0232","Skelly_0232","","","","Нумо...","","",""
"Integrated","Skelly_","0233","Skelly_0233","","","","О-хо-хо!","","",""
"Integrated","Skelly_","0234","Skelly_0234","","","","Це ще потрібно заслужити, друже!","","",""
"Integrated","Skelly_","0235","Skelly_0235","","","","Думаєш, у тебе вистачить на це сила!","","",""
"Integrated","Skelly_","0236","Skelly_0236","","","","Приголомшлива нагорода, хлопче!","","",""
"Integrated","Skelly_","0237","Skelly_0237","","","","Нумо, друже, поживи трохи для себе!","","",""
"Integrated","Skelly_","0238","Skelly_0238","","","","Нє-а, доведеться попрацювати!","","",""
"Integrated","Skelly_","0239","Skelly_0239","","","","Ура!","","",""
"Integrated","Skelly_","0240","Skelly_0240","","","","Ми маємо переможця!","","",""
"Integrated","Skelly_","0241","Skelly_0241","","","","Ти заслужив на це, друже!","","",""
"Integrated","Skelly_","0242","Skelly_0242","","","","Та-да-а-а!","","",""
"Integrated","Skelly_","0243","Skelly_0243","","","","Там на тебе чекає спеціальна доставка, хлопче!","","",""
"Integrated","Skelly_","0244","Skelly_0244","","","","Ніколи не знімай палець із курка, друже.","","",""
"Integrated","Skelly_","0245","Skelly_0245","","","","Жодних премудростей, друже, просто наведи і стріляй.","","",""
"Integrated","Skelly_","0246","Skelly_0246","","","","Знаєш, кому належала ця річ?","","",""
"Integrated","Skelly_","0247","Skelly_0247","","","","Ти маєш ліцензію на цю штуку?","","",""
"Integrated","Skelly_","0249","Skelly_0249","","","","Мабуть, тобі варто перевірити свою схованку зі зброєю.","","",""
"Integrated","Skelly_","0252","Skelly_0252","","","","Гей, що тільки-но сталося?","","",""
"Integrated","Skelly_","0253","Skelly_0253","","","","Ого що це було?","","",""
"Integrated","Skelly_","0254","Skelly_0254","","","","Гей, що тут відбувається?","","",""
"Integrated","Skelly_","0255","Skelly_0255","","","","Що за шум?","","",""
"Integrated","Skelly_","0256","Skelly_0256","","","","Так, секундочку... Що?","","",""
"Integrated","Skelly_","0257","Skelly_0257","","","","Що ти накоїв, хлопче?","","",""
"Integrated","Skelly_","0258","Skelly_0258","","","","Ого, а чи можна мені подивитися?","","",""
"Integrated","Skelly_","0259","Skelly_0259","","","","Що ти щойно зробив?","","",""
"Integrated","Skelly_","0260","Skelly_0260","","","","Ти гаразд, друже?","","",""
"Integrated","Skelly_","0261","Skelly_0261","","","","Що за чаклунство це було?","","",""
"Integrated","Skelly_","0262","Skelly_0262","","","","Ніколи ще не відчував порізу такої сили!","","",""
"Integrated","Skelly_","0263","Skelly_0263","","","","Мені подобається, як ти змінив свій меч!","","",""
"Integrated","Skelly_","0264","Skelly_0264","","","","Цей лук тепер врізається в мене зовсім по-іншому!","","",""
"Integrated","Skelly_","0265","Skelly_0265","","","","Нові стріли, чи ще щось змінив, друже?","","",""
"Integrated","Skelly_","0266","Skelly_0266","","","","Твій щит виглядає дуже непогано, друже!","","",""
"Integrated","Skelly_","0267","Skelly_0267","","","","Мені починає здаватися, що за мною стежать...","","",""
"Integrated","Skelly_","0268","Skelly_0268","","","","Так мене ще ніхто не пронизував!","","",""
"Integrated","Skelly_","0269","Skelly_0269","","","","Я відчув всі грані списа, друже!","","",""
"Integrated","Skelly_","0270","Skelly_0270","","","","Ей, цей постріл відчувся якось інакше!","","",""
"Integrated","Skelly_","0271","Skelly_0271","","","","Балуєшся з цією штукою для стрілянини, друже?","","",""
"Integrated","Skelly_","0272","Skelly_0272","","","","Гм, глянь, он там, ліворуч від мене, хлопче.","","",""
"Integrated","Skelly_","0273","Skelly_0273","","","","Подивися, що вони зробили з твоїм рожевим вікном, друже!","","",""
"Integrated","Skelly_","0275","Skelly_0275","","","","Гей, Пакт засвітився! Певне, ти щось зробив.","","",""
"Integrated","Skelly_","0278","Skelly_0278","","","","Ти щось забув?","","",""
"Integrated","Skelly_","0279","Skelly_0279","","","","У чому справа, хлопче?","","",""
"Integrated","Skelly_","0280","Skelly_0280","","","","Ми вже попрощалися, друже.","","",""
"Integrated","Skelly_","0281","Skelly_0281","","","","Що, хочеш ще попрактикуватися, друже?","","",""
"Integrated","Skelly_","0282","Skelly_0282","","","","Іди, друже. Ти зможеш.","","",""
"Integrated","Skelly_","0283","Skelly_0283","","","","Нумо, хлопче, забирайся звідси.","","",""
"Integrated","Skelly_","0284","Skelly_0284","","","","Не затримуйся через мене, хлопче.","","",""
"Integrated","Skelly_","0285","Skelly_0285","","","","Шукаєш гарну зброю чи що?","","",""
"Integrated","Skelly_","0286","Skelly_0286","","","","Чого тобі треба, друже?","","",""
"Integrated","Skelly_","0287","Skelly_0287","","","","Що ще не готовий?","","",""
"Integrated","Skelly_","0288","Skelly_0288","","","","Тобі припала до душі ця штука, так?","","",""
"Integrated","Skelly_","0289","Skelly_0289","","","","Хочеш повправлятися з цим?","","",""
"Integrated","Skelly_","0290","Skelly_0290","","","","Я вибрав би це.","","",""
"Integrated","Skelly_","0291","Skelly_0291","","","","Сперечаємося, що не зможеш ударити мене цим, друже?","","",""
"Integrated","Skelly_","0292","Skelly_0292","","","","Ось це, хм...","","",""
"Integrated","Skelly_","0293","Skelly_0293","","","","Я думаю, настав час цій штуці попрацювати.","","",""
"Integrated","Skelly_","0294","Skelly_0294","","","","Будь обережний з цією штукою, хлопче.","","",""
"Integrated","Skelly_","0295","Skelly_0295","","","","Рубити тіло тут, друже.","","",""
"Integrated","Skelly_","0296","Skelly_0296","","","","Збираєшся порубати когось, ха!","","",""
"Integrated","Skelly_","0297","Skelly_0297","","","","Нумо, випробуй це на мені, хлопче!","","",""
"Integrated","Skelly_","0298","Skelly_0298","","","","Акуратніше з ребрами, гаразд?","","",""
"Integrated","Skelly_","0299","Skelly_0299","","","","Нумо, вріж мені цією штукою, якщо хочеш.","","",""
"Integrated","Skelly_","0300","Skelly_0300","","","","Я ще не розумію, що це таке.","","",""
"Integrated","Skelly_","0301","Skelly_0301","","","","Зарядь мені в око однією зі стріл!","","",""
"Integrated","Skelly_","0302","Skelly_0302","","","","Чи зробиш пару пострілів для практики?","","",""
"Integrated","Skelly_","0303","Skelly_0303","","","","Нумо, хлопче, вистріли в мене, покажи, на що ти здатний!","","",""
"Integrated","Skelly_","0304","Skelly_0304","","","","Ану прицілься краще!","","",""
"Integrated","Skelly_","0305","Skelly_0305","","","","Б'юся об заклад, звідти ти не дістанеш до мене ще раз.","","",""
"Integrated","Skelly_","0306","Skelly_0306","","","","Гей, друже, ем, хотів поговорити з тобою...","","",""
"Integrated","Skelly_","0312","Skelly_0312","","","","Ось і все... Це вістря... Ти повинен прикінчити мене цією штуковиною.","","",""
"Integrated","Skelly_","0313","Skelly_0313","","","","Ось так, продовжуй!","","",""
"Integrated","Skelly_","0314","Skelly_0314","","","","Нарешті... я... вільний... хлопець...","","",""
"Integrated","Skelly_","0315","Skelly_0315","","","","Ха-ха-ха, іііі-хааа!","","",""
"Integrated","Skelly_","0320","Skelly_0320","","","","Ха! Нє-а!","","",""
"Integrated","Skelly_","0321","Skelly_0321","","","","Що це за збіговисько?","","",""
"Integrated","Skelly_","0322","Skelly_0322","","","","Гей, хлопці, оберіть суперника собі за розміром!","","",""
"Integrated","Skelly_","0323","Skelly_0323","","","","Ці хлопці завдають незручностей, друже?","","",""
"Integrated","Skelly_","0324","Skelly_0324","","","","Ніхто не сміє лізти до мого приятеля!","","",""
"Integrated","Skelly_","0325","Skelly_0325","","","","Гей, як справи, хлопці?","","",""
"Integrated","Skelly_","0326","Skelly_0326","","","","Ого, я — важлива мета!","","",""
"Integrated","Skelly_","0327","Skelly_0327","","","","Той, хто мене вб'є, отримає підвищення!","","",""
"Integrated","Skelly_","0328","Skelly_0328","","","","Гей, хлопче, ну і дірка!","","",""
"Integrated","Skelly_","0329","Skelly_0329","","","","Ого, приємне містечко, тут я і постою!","","",""
"Integrated","Skelly_","0330","Skelly_0330","","","","Прибув, як тільки зміг, друже!","","",""
"Integrated","Skelly_","0331","Skelly_0331","","","","Я захищу тебе, друже!","","",""
"Integrated","Skelly_","0332","Skelly_0332","","","","Ха, купка тупиць!","","",""
"Integrated","Skelly_","0333","Skelly_0333","","","","Тільки подивися на цих хлопців!","","",""
"Integrated","Skelly_","0334","Skelly_0334","","","","Гей, хлопці, покажіть, на що ви здатні!","","",""
"Integrated","Skelly_","0335","Skelly_0335","","","","Що я пропустив? Щось кумедне?","","",""
"Integrated","Skelly_","0336","Skelly_0336","","","","Час стояти та нічого не робити!","","",""
"Integrated","Skelly_","0337","Skelly_0337","","","","Схоже, вам, хлопці, не завадить практика!","","",""
"Integrated","Skelly_","0338","Skelly_0338","","","","Вирішив зв'язатися з моїм приятелем? Будеш мати справу зі мною!","","",""
"Integrated","Skelly_","0339","Skelly_0339","","","","Я затримаю їх, хлопче, роби те, що маєш!","","",""
"Integrated","Skelly_","0340","Skelly_0340","","","","Забудь про мене, хлопче! Рятуйся!","","",""
"Integrated","Skelly_","0341","Skelly_0341","","","","О, я тебе прикрию, друже!","","",""
"Integrated","Skelly_","0342","Skelly_0342","","","","Дідька лисого!","","",""
"Integrated","Skelly_","0343","Skelly_0343","","","","Чорт!","","",""
"Integrated","Skelly_","0344","Skelly_0344","","","","Дідько!","","",""
"Integrated","Skelly_","0345","Skelly_0345","","","","Що?","","",""
"Integrated","Skelly_","0346","Skelly_0346","","","","Тьху!","","",""
"Integrated","Skelly_","0347","Skelly_0347","","","","Я вбитий!","","",""
"Integrated","Skelly_","0348","Skelly_0348","","","","Я все!","","",""
"Integrated","Skelly_","0349","Skelly_0349","","","","Гей, друже?!","","",""
"Integrated","Skelly_","0350","Skelly_0350","","","","Хм, це дивно.","","",""
"Integrated","Skelly_","0351","Skelly_0351","","","","Хм, мило.","","",""
"Integrated","Skelly_","0352","Skelly_0352","","","","Ти зробив це!","","",""
"Integrated","Skelly_","0353","Skelly_0353","","","","Чудова робота, друже!","","",""
"Integrated","Skelly_","0354","Skelly_0354","","","","Що ж, я зробив усе, що міг!","","",""
"Integrated","Skelly_","0355","Skelly_0355","","","","Ти показав їм, друже!","","",""
"Integrated","Skelly_","0356","Skelly_0356","","","","Ну все, заокруглюємося!","","",""
"Integrated","Skelly_","0357","Skelly_0357","","","","Сказано зроблено!","","",""
"Integrated","Skelly_","0358","Skelly_0358","","","","Що ж, побачимось!","","",""
"Integrated","Skelly_","0359","Skelly_0359","","","","Пора йти!","","",""
"Integrated","Skelly_","0360","Skelly_0360","","","","Гей-ей, що тут відбувається?","","",""
"Integrated","Skelly_","0361","Skelly_0361","","","","Тільки глянь на розмір цієї штуки!","","",""
"Integrated","Skelly_","0362","Skelly_0362","","","","Гей, здороване, сюди!","","",""
"Integrated","Skelly_","0363","Skelly_0363","","","","Що, це Тесей?","","",""
"Integrated","Skelly_","0364","Skelly_0364","","","","Гей, Танатос, я твій великий шанувальник!","","",""
"Integrated","Skelly_","0365","Skelly_0365","","","","Ем-м... Привіт!","","",""
"Integrated","Skelly_","0366","Skelly_0366","","","","Знову потрібна допомога, хлопче?","","",""
"Integrated","Skelly_","0368","Skelly_0368","","","","Саме так, друже!","","",""
"Integrated","Skelly_","0372","Skelly_0372","","","","Хтось наривається, хлопче?!","","",""
"Integrated","Skelly_","0373","Skelly_0373","","","","Тобі потрібний скелет, який постоїть поряд?","","",""
"Integrated","Skelly_","0374","Skelly_0374","","","","Буду за пару секунд, друже!","","",""
"Integrated","Skelly_","0375","Skelly_0375","","","","Мчуся на поклик, хлопче!","","",""
"Integrated","Skelly_","0376","Skelly_0376","","","","Я чую тебе, друже, тримайся!","","",""
"Integrated","Skelly_","0377","Skelly_0377","","","","Звав мене, хлопче?","","",""
"Integrated","Skelly_","0378","Skelly_0378","","","","Гей-ей, що тут відбувається?","","",""
"Integrated","Skelly_","0379","Skelly_0379","","","","Дякую, що покликав, друже!","","",""
"Integrated","Skelly_","0380","Skelly_0380","","","","Час вам отримати за заслуги!","","",""
"Integrated","Skelly_","0381","Skelly_0381","","","","Ні слова більше!","","",""
"Integrated","Skelly_","0382","Skelly_0382","","","","А ось і я! Я щось пропустив?","","",""
"Integrated","Skelly_","0383","Skelly_0383","","","","Потрібно ще щось?","","",""
"Integrated","Skelly_","0384","Skelly_0384","","","","Я зараз!","","",""
"Integrated","Skelly_","0385","Skelly_0385","","","","Я миттю!","","",""
"Integrated","Skelly_","0386","Skelly_0386","","","","Знову кличеш мене, хлопче?","","",""
"Integrated","Skelly_","0387","Skelly_0387","","","","Ого, а тут жарко!","","",""
"Integrated","Skelly_","0388","Skelly_0388","","","","Тільки глянь на цю магму!","","",""
"Integrated","Skelly_","0389","Skelly_0389","","","","Тут мило!","","",""
"Integrated","Skelly_","0390","Skelly_0390","","","","Ого, тільки глянь на все це!","","",""
"Integrated","Skelly_","0391","Skelly_0391","","","","Агов, а мені тут подобається!","","",""
"Integrated","Skelly_","0392","Skelly_0392","","","","Ну і дірка!","","",""
"Integrated","Skelly_","0393","Skelly_0393","","","","Повітря тут якесь дивне!","","",""
"Integrated","Skelly_","0394","Skelly_0394","","","","Твоя мама віджимає оливкову олію!","","",""
"Integrated","Skelly_","0395","Skelly_0395","","","","Гей, вибирай супротивника моїх габаритів!","","",""
"Integrated","Skelly_","0396","Skelly_0396","","","","Думаєш, чи зможеш зламати ці кістки?","","",""
"Integrated","Skelly_","0397","Skelly_0397","","","","Бе-бе-бе, нумо, спіймай мене!","","",""
"Integrated","Skelly_","0398","Skelly_0398","","","","Бе бе бе! Спробуй зрозумій!","","",""
"Integrated","Skelly_","0399","Skelly_0399","","","","Сподіваюся, я не помру і не втрачу цей дорогоцінний видобуток!","","",""
"Integrated","Skelly_","0400","Skelly_0400","","","","Ти не впораєшся!!","","",""
"Integrated","Skelly_","0401","Skelly_0401","","","","Гей, можеш мені приділити хвилинку?","","",""
"Integrated","Skelly_","0402","Skelly_0402","","","","Вибач, що втручаюся!","","",""
"Integrated","Skelly_","0403","Skelly_0403","","","","Давайте, хлопці, зробіть це!","","",""
"Integrated","Skelly_","0404","Skelly_0404","","","","Я тут, вбийте мене, хлопці!","","",""
"Integrated","Skelly_","0405","Skelly_0405","","","","Давайте, вбийте мене, глухий кут!","","",""
"Integrated","Skelly_","0406","Skelly_0406","","","","Нумо! Зрозумій мене!","","",""
"Integrated","Skelly_","0407","Skelly_0407","","","","Нумо, убий мене!","","",""
"Integrated","Skelly_","0408","Skelly_0408","","","","Ну ж бо, убий мене, я тут!","","",""
"Integrated","Skelly_","0409","Skelly_0409","","","","Вбий мене, я тут!","","",""
"Integrated","Skelly_","0410","Skelly_0410","","","","Ну, зроби це, убий мене!","","",""
"Integrated","Skelly_","0411","Skelly_0411","","","","Що таке? Злякався?","","",""
"Integrated","Skelly_","0412","Skelly_0412","","","","Хлопці, хочете шматочок мене?","","",""
"Integrated","Skelly_","0413","Skelly_0413","","","","Давайте, хлопці, покажіть, на що ви здатні!","","",""
"Integrated","Skelly_","0414","Skelly_0414","","","","Гей, хлопці, я тут!","","",""
"Integrated","Skelly_","0415","Skelly_0415","","","","У мене тут цікаві хлопці!","","",""
"Integrated","Skelly_","0416","Skelly_0416","","","","Ці хлопці виглядають кволувато!","","",""
"Integrated","Skelly_","0417","Skelly_0417","","","","О, я можу тримати удар!","","",""
"Integrated","Skelly_","0418","Skelly_0418","","","","Давайте, спробуйте!","","",""
"Integrated","Skelly_","0419","Skelly_0419","","","","Живим не візьмеш!","","",""
"Integrated","Skelly_","0420","Skelly_0420","","","","Ха!","","",""
"Integrated","Skelly_","0421","Skelly_0421","","","","Та ось так!","","",""
"Integrated","Skelly_","0422","Skelly_0422","","","","Що, якщо я благатиму про пощаду, га?","","",""
"Integrated","Skelly_","0423","Skelly_0423","","","","Ні, продовжуй бити мене!","","",""
"Integrated","Skelly_","0424","Skelly_0424","","","","Який невимовний біль!","","",""
"Integrated","Skelly_","0425","Skelly_0425","","","","Не боляче.","","",""
"Integrated","Skelly_","0426","Skelly_0426","","","","Не боляче!!!","","",""
"Integrated","Skelly_","0427","Skelly_0427","","","","Нічого не відчув!","","",""
"Integrated","Skelly_","0428","Skelly_0428","","","","Слабак!!","","",""
"Integrated","Skelly_","0429","Skelly_0429","","","","Пф-ф, все одно що нічого.","","",""
"Integrated","Skelly_","0430","Skelly_0430","","","","Ха, навіть я можу сильніше вдарити!","","",""
"Integrated","Skelly_","0431","Skelly_0431","","","","І це ти звеш ударом?","","",""
"Integrated","Skelly_","0432","Skelly_0432","","","","Ой, та кинь.","","",""
"Integrated","Skelly_","0433","Skelly_0433","","","","Ні, нічого не відчув!","","",""
"Integrated","Skelly_","0434","Skelly_0434","","","","Чорт, мені час!","","",""
"Integrated","Skelly_","0435","Skelly_0435","","","","Я не виживу, хлопче!","","",""
"Integrated","Skelly_","0436","Skelly_0436","","","","Помсти за мене, друже!","","",""
"Integrated","Skelly_","0437","Skelly_0437","","","","Нумо, хлопче, ти зможеш ..!","","",""
"Integrated","Skelly_","0438","Skelly_0438","","","","Ви ще заплатите за це, хлопці!","","",""
"Integrated","Skelly_","0439","Skelly_0439","","","","За мене помстяться!","","",""
"Integrated","Skelly_","0440","Skelly_0440","","","","Ми ще зустрінемся!!!","","",""
"Integrated","Skelly_","0441","Skelly_0441","","","","Ух, вдала спроба!","","",""
"Integrated","Skelly_","0442","Skelly_0442","","","","Уф, гаразд, я все!","","",""
"Unused","Skelly_","0443","Skelly_0443","","","","Гей, дивись за своїм гострим списом, хлопче!","","",""
"Integrated","Skelly_","0444","Skelly_0444","","","","","","",""
"Integrated","Skelly_","0445","Skelly_0445","","","","","","",""
"Integrated","Skelly_","0446","Skelly_0446","","","","Гей, що це взагалі таке?","","",""
"Integrated","Skelly_","0447","Skelly_0447","","","","Здається, ти просто ріжеш, замість пронизати!","","",""
"Integrated","Skelly_","0448","Skelly_0448","","","","Побачимося.","","",""
"Integrated","Skelly_","0449","Skelly_0449","","","","Мабуть, я краще трохи зачекаю.","","",""
"Integrated","Skelly_","0450","Skelly_0450","","","","До побачення, друже!","","",""
"Integrated","Skelly_","0451","Skelly_0451","","","","Поки що, хлопче.","","",""
"Integrated","Skelly_","0452","Skelly_0452","","","","Радий допомогти!","","",""
"Integrated","Skelly_","0453","Skelly_0453","","","","Ну, е-е... так вийшло.","","",""
"Integrated","Skelly_","0454","Skelly_0454","","","","Я... Я тут постою.","","",""
"Integrated","Skelly_","0459","Skelly_0459","","","","Гей, а ось і лапи!","","",""
"Integrated","Skelly_","0460","Skelly_0460","","","","Що? Ти збираєшся бити мене цим, друже?","","",""
"Integrated","Skelly_","0461","Skelly_0461","","","","Тобі подобаються ці рукавички, правда?","","",""
"Integrated","Skelly_","0458","Skelly_0458","","","","Гей, ем, у мене для тебе теж дещо є, друже!","","",""
"Integrated","Skelly_","0459","Skelly_0459","","","","Гей, а ось і лапи!","","",""
"Integrated","Skelly_","0460","Skelly_0460","","","","Що? Ти збираєшся бити мене цим, друже?","","",""
"Integrated","Skelly_","0461","Skelly_0461","","","","Тобі подобаються ці рукавички, правда?","","",""
"Integrated","Skelly_","0462","Skelly_0462","","","","Так, покажи все, на що ти здатний!","","",""
"Integrated","Skelly_","0463","Skelly_0463","","","","Так, захищайся!","","",""
"Integrated","Skelly_","0464","Skelly_0464","","","","Нумо, вріж мені, хлопче!","","",""
"Integrated","Skelly_","0466","Skelly_0466","","","","О-о-о-о, чудовий меч!","","",""
"Integrated","Skelly_","0467","Skelly_0467","","","","Ха, тепер у тебе в руках блискуча цибуля!","","",""
"Integrated","Skelly_","0468","Skelly_0468","","","","Ого-о, який добрий тепловий удар!","","",""
"Integrated","Skelly_","0469","Skelly_0469","","","","Ей, ось це я називаю бути підстреленим із лука!","","",""
"Integrated","Skelly_","0470","Skelly_0470","","","","Твоє блюдце... Що ти зробив?","","",""
"Integrated","Skelly_","0471","Skelly_0471","","","","Ах, так, отак!","","",""
"Integrated","Skelly_","0472","Skelly_0472","","","","Ем, я не бачу жодних стріляючих штук.","","",""
"Integrated","Skelly_","0473","Skelly_0473","","","","Ох, я відчуваю приємне печіння!","","",""
"Integrated","Skelly_","0480","Skelly_0480","","","","Ха-ха-ха, звісно!","","",""
"Integrated","Skelly_","0500","Skelly_0500","","","","Якби втягнув, мене б тут не було, друже!","","",""
"Integrated","Skelly_","0504","Skelly_0504","","","","Ох, ха-ха-ха, а мені подобаються!","","",""
"Integrated","Skelly_","0505","Skelly_0505","","","","Так!","","",""
"Integrated","Skelly_","0506","Skelly_0506","","","","Привітання.","","",""
"Integrated","Skelly_","0507","Skelly_0507","","","","Привіт друже.","","",""
"Integrated","Skelly_","0508","Skelly_0508","","","","Хлопче.","","",""
"Integrated","Skelly_","0509","Skelly_0509","","","","Хлопче!","","",""
"Integrated","Skelly_","0510","Skelly_0510","","","","Вітаю.","","",""
"Integrated","Skelly_","0511","Skelly_0511","","","","Ось ти де.","","",""
"Integrated","Skelly_","0512","Skelly_0512","","","","Я так і знав.","","",""
"Integrated","Skelly_","0513","Skelly_0513","","","","Повернувся, ха.","","",""
"Integrated","Skelly_","0514","Skelly_0514","","","","Тобі треба потренуватися?","","",""
"Integrated","Skelly_","0515","Skelly_0515","","","","Нарешті!","","",""
"Integrated","Skelly_","0526","Skelly_0526","","","","О, ні, це точно не спрацює.","","",""
"Integrated","Skelly_","0530","Skelly_0530","","","","Ага. А тепер приступай!","","",""
"Integrated","Skelly_","0531","Skelly_0531","","","","Я відчуваю те ж саме.","","",""
"Integrated","Skelly_","0532","Skelly_0532","","","","Просто неймовірно, які вони високі!","","",""
"Integrated","Skelly_","0533","Skelly_0533","","","","А в тебе гостре око.","","",""
"Integrated","Skelly_","0534","Skelly_0534","","","","У мене самого в голові не вкладається.","","",""
"Integrated","Skelly_","0539","Skelly_0539","","","Argh.","Ха-ха-ха.","","",""
"Integrated","Skelly_","0548","Skelly_0548","Hit by Giglamesh  Aspect","Impressed","","Уф-ф, навіть щелепа затріщала!","","",""
"Integrated","Skelly_","0549","Skelly_0549","Tisiphone lights out","","","Гей, хто вимкнув світло?!","","",""
"Integrated","Skelly_","0550","Skelly_0550","Keepsake Summon - Vs. Furies","","","Гей-ей, що тут відбувається?","","",""
"Integrated","Skelly_","0551","Skelly_0551","","","","Привіт, любонько!","","",""
"Integrated","Skelly_","0552","Skelly_0552","","","","Тримай свою батіг подалі від мого приятеля!","","",""
"Integrated","Skelly_","0553","Skelly_0553","","","","Отже, що між вами взагалі?","","",""
"Integrated","Skelly_","0554","Skelly_0554","Keepsake Summon - Vs. Hydra","","","Гей, здоров'я, я тут!","","",""
"Integrated","Skelly_","0555","Skelly_0555","","","","Гей, величезна кісточка, хочеш отримати?!","","",""
"Integrated","Skelly_","0556","Skelly_0556","","""Oh crap!""","","Навіщо ти втягнув мене в це, друже?!","","",""
"Integrated","Skelly_","0557","Skelly_0557","","Impressed by the hydra's physique","","Яка гарна будова кісток у тієї штуковини!","","",""
"Integrated","Skelly_","0558","Skelly_0558","Keepsake Summon - Vs. Minotaur","","","Гей, щось не так, бичок?","","",""
"Integrated","Skelly_","0559","Skelly_0559","","Faux concern","","У-у-у, врятуйте, допоможіть, у нього дворучна сокира!","","",""
"Integrated","Skelly_","0560","Skelly_0560","","Like he's flipping him off","","Вріжся в це, бичку!","","",""
"Integrated","Skelly_","0561","Skelly_0561","","From his Schelemeus days","","Пам'ятаєш мене, бичку?","","",""
"Integrated","Skelly_","0562","Skelly_0562","Keepsake Summon - Vs. Theseus","More mocking.","","Це ж цар Афін! Я весь тремчу, хлопче!","","",""
"Integrated","Skelly_","0563","Skelly_0563","","Referring to having an audience (and we can make the crowd cheer)","","І трибуни тріумфують!","","",""
"Integrated","Skelly_","0564","Skelly_0564","","","","Присвячується вам, хлопці на гальорці!","","",""
"Integrated","Skelly_","0565","Skelly_0565","","","","Здається, я потрапив на чудове шоу!","","",""
"Integrated","Skelly_","0566","Skelly_0566","Keepsake Summon - w/ Thanatos","Nodding her head at an associate.","","Гей, Танатос, я твій великий шанувальник!","","",""
"Integrated","Skelly_","0567","Skelly_0567","","","","О-го, це Танатос!","","",""
"Integrated","Skelly_","0568","Skelly_0568","","","","У-у це ж Танатос!","","",""
"Integrated","Skelly_","0569","Skelly_0569","","","","Не вбивай мене, Танатосе!","","",""
"Integrated","Skelly_","0570","Skelly_0570","Keepsake Summon - Vs. Hades","","","У-у, схоже, ти десь завернув не туди!","","",""
"Integrated","Skelly_","0571","Skelly_0571","","","","Гей, а ти що тут забув?","","",""
"Integrated","Skelly_","0572","Skelly_0572","","","","Ой-ой, а от і татко. У тебе проблеми, друже!","","",""
"Integrated","Skelly_","0573","Skelly_0573","","","","Схоже, це тільки між тобою та татком, друже!","","",""
"Integrated","Skelly_","0574","Skelly_0574","Persistent Taunting","Gag version of Zag's similar line.","","Переможеш мене, і я ще раз повернуся!","","",""
"Integrated","Skelly_","0575","Skelly_0575","","","","Ну ж бо! Покажи, на що здатний!","","",""
"Integrated","Skelly_","0576","Skelly_0576","","","","Не можеш впоратися навіть із беззбройним скелетом?!","","",""
"Integrated","Skelly_","0577","Skelly_0577","","","","Може, для різноманітності стане в нагоді стоїть смирна мета?","","",""
"Integrated","Skelly_","0578","Skelly_0578","","","","Хочеш, щоб я відійшов — змуси мене!","","",""
"Integrated","Skelly_","0579","Skelly_0579","","","","Давайте, спробуйте!","","",""
"Integrated","Skelly_","0580","Skelly_0580","","","","Ой, рятуй мене, хлопче, мені так страшно!","","",""
"Integrated","Skelly_","0581","Skelly_0581","","Derisive laugh","","Ха-ха-ха, не сміш мене!","","",""
"Integrated","Skelly_","0582","Skelly_0582","","Laughing / hooting.","","У-у-у, ху-ху-ху!","","",""
"Integrated","Skelly_","0583","Skelly_0583","","Gag version of Zag's similar line.","","Ти знаєш, хто я такий?","","",""
"Integrated","Skelly_","0584","Skelly_0584","Reaction to Giglamesh Aspect Unlock","","","Фу, що трапилося з твоїми рукавичками, хлопче?","","",""
"Integrated","Skelly_","0585","Skelly_0585","","","","Нічого не бачу!","","",""
"Integrated","Skelly_","0586","Skelly_0586","","","","Гей, якого?","","",""
"Integrated","Skelly_","0587","Skelly_0587","","","","Ох, ну ось знову.","","",""
"Integrated","Skelly_","0588","Skelly_0588","","","","Так лячно! Обійми мене, хлопче!","","",""
"Integrated","Skelly_","0589","Skelly_0589","","","","Куди всі зникли?","","",""
"Integrated","Skelly_","0590","Skelly_0590","","","","А-а-а-а-а!","","",""
"Integrated","Skelly_","0591","Skelly_0591","","","","О ні, невже знову!","","",""
"Integrated","Skelly_","0592","Skelly_0592","Dying Variety","Shakespearean","","Ох! Вмираю..!","","",""
"Integrated","Skelly_","0593","Skelly_0593","","","","Чарівно...","","",""
"Integrated","Skelly_","0594","Skelly_0594","","","","І-і-і... я помер.","","",""
"Integrated","Skelly_","0595","Skelly_0595","","Fake drama","","Прощавай... хлопче...","","",""
"Integrated","Skelly_","0596","Skelly_0596","","","","Ох, моє стегно!","","",""
"Integrated","Skelly_","0597","Skelly_0597","","Wincing, crink in his back","","Прямо за хребцями!","","",""
"Integrated","Skelly_","0598","Skelly_0598","","","","Прямо по черепу!","","",""
"Integrated","Skelly_","0599","Skelly_0599","","","","Прямо по тазі, уф-ф!","","",""
"Integrated","Skelly_","0600","Skelly_0600","","","","Я... надто молодий... щоб умирати...","","",""
"Integrated","Skelly_","0601","Skelly_0601","","Fake pleading","","Не хочу вмирати!","","",""
"Integrated","Skelly_","0602","Skelly_0602","Respawning Variety","Response to first death, punked you","","Що ж...","","",""
"Integrated","Skelly_","0603","Skelly_0603","","pretty cheeky; he can't die","","Цілий і неушкоджений!","","",""
"Integrated","Skelly_","0604","Skelly_0604","","","","Як новенький!","","",""
"Integrated","Skelly_","0605","Skelly_0605","","","","В мені ще ніколи не було стільки життя!","","",""
"Integrated","Skelly_","0606","Skelly_0606","","","","Повторимо?","","",""
"Integrated","Skelly_","0607","Skelly_0607","","Like he's a powerful lich.","","Я знову живий, хлопче!","","",""
"Integrated","Skelly_","0608","Skelly_0608","","","","<Різко зітхає> Я живий!!","","",""
"Integrated","Skelly_","0609","Skelly_0609","","","","Всі твої старання даремно, друже!","","",""
