"Storyteller","ID","ID","ID","","","","Line","","Notes by AR","Notes by DK"
"Integrated","Storyteller_","0113","Storyteller_0113","","","","Винний льох повелителя Аїда... Небагатьом довелося продегустувати місцеві п'янкі вінтажі, і ще менше душ знають, як сюди потрапити.","","",""
"Integrated","Storyteller_","0115","Storyteller_0115","","","","Портрет володарки Персіфони, цариці Підземного світу і дружини повелителя Аїда, висить у Залі Крові, в самому затишному куточку.","","",""
"Unused","Storyteller_","0120","Storyteller_0120","","","","Якось уночі, нещодавно, принц Підземного світу Загрей виявив, що двері в покої його батька і повелителя не зачинені...","","",""
"Unused","Storyteller_","0121","Storyteller_0121","","","","Повелитель Аїд спокійно спав, поки син, всупереч його волі, відправився в заборонені зали.","","",""
"Integrated","Storyteller_","0122","Storyteller_0122","","","","«Які корисні артефакти можуть бути приховані у покоях батька?», — міркував невірний Принц. ","","",""
"Unused","Storyteller_","0123","Storyteller_0123","","","","Але йому не вдалося знайти нічого особливого. Повелитель  і хазяїн Дому зберігав тут тільки пов'язані з роботою речі, як свідчення похмурого ремесла і вічної самотності.","","",""
"Unused","Storyteller_","0124","Storyteller_0124","","","","І раптом йому трапляється записка... Вона написана витонченим почерком і складом, зовсім незнайомим Принцу.","","",""
"Integrated","Storyteller_","0126","Storyteller_0126","","","","Ось так... е-е... Принц випадково дізнався надійно приховану правду про своє походження. Це сталося виключно з волі випадку...","","",""
"Integrated","Storyteller_","0127","Storyteller_0127","","","","Принц вирішує звернутися до свого батька і повелителя.","","",""
"Integrated","Storyteller_","0128","Storyteller_0128","","","","Персіфона... колись цариця всього Підземного світу... Куди вона пішла і чому?","","",""
"Unused","Storyteller_","0129","Storyteller_0129","","","","Цербер дивиться на Принца Підземного світу зі змішаним виразом: від радості до туги.","","",""
"Unused","Storyteller_","0130","Storyteller_0130","","","","Стоїть глибока ніч, чи щось схоже на нічний час доби, у Підземному світі. Принц Підземного світу Загрей встає після неспокійного сну, і розум його переповнений бунтарськими намірами.","","",""
"Darren","Storyteller_","0153","Storyteller_0153","","","","Цербер отримує подарунок, і принц Загрей бачить, що у сторожового пса є щось у пащі для нього.","","",""
"Integrated","Storyteller_","0155","Storyteller_0155","","","","Непомітний пором тихо погойдується на хвилях Стікс. Він привіз незліченну кількість мертвих до місця їхнього вічного спокою.","","",""
"Integrated","Storyteller_","0179","Storyteller_0179","","","","Так, упокоривши незгасну лють кістяної Гідри, Загрей уперто рухається вперед, нагору, до своєї мети — зовнішнього світу, де живе його давно втрачена рідна мати.","","",""
"Integrated","Storyteller_","0180","Storyteller_0180","","","","Йому належить зіткнутися з численними випробуваннями і небезпеками, які чекають на нього за вогненною річкою, і подолати їх.","","",""
"Integrated","Storyteller_","0181","Storyteller_0181","","","","Нумо уявімо, що Принц не пішов далеко і знову повернувся до будинку свого батька...","","",""
"Integrated","Storyteller_","0182","Storyteller_0182","","","","Уявіть, що принц Підземного світу незабаром зустрічає одну зі своїх типових ганебних смертей.","","",""
"Integrated","Storyteller_","0183","Storyteller_0183","","","","Поки про це більше нічого розповісти, тому уявімо, що Загрей був знову жорстоко вбитий.","","",""
"Integrated","Storyteller_","0184","Storyteller_0184","","","","Зараз ми не можемо продовжити історію рішучого принца Підземного світу. Але час не стоїть на місці, і невдовзі ми дізнаємося про нього набагато більше...","","",""
"Integrated","Storyteller_","0185","Storyteller_0185","","","","Випробування принца Загрея тільки почалися...","","",""
"Integrated","Storyteller_","0186","Storyteller_0186","","","","Сказання про принца Підземного світу ще не закінчилося. Але подальші історії повинні дочекатися свого часу.","","",""
"Integrated","Storyteller_","0187","Storyteller_0187","","","","Історія про Загрей, що кинув виклик смерті, буде продовжена пізніше.","","",""
"Integrated","Storyteller_","0188","Storyteller_0188","","","","Наступний етап подорожі Принца до поверхні землі буде наповнений ще страшнішими небезпеками і сюрпризами, про які буде розказано в інший раз.","","",""
"Integrated","Storyteller_","0204","Storyteller_0204","","","","Принц Підземного світу непогано справляється. Але давайте уявимо, що його знову спіткала смерть.","","",""
"Integrated","Storyteller_","0205","Storyteller_0205","","","","Нумо вдамо, що наш кмітливий Принц не вижив у лютій сутичці з Гідрою.","","",""
"Integrated","Storyteller_","0206","Storyteller_0206","","","","На жаль, наш розважливий Загрей... впав у яму з гострими кілками, можливо?","","",""
"Integrated","Storyteller_","0207","Storyteller_0207","","","","Потім, ем, хороброго Загрея атакували і жорстоко вбили сім безкровних диких стрибунів. Або щось таке.","","",""
"Integrated","Storyteller_","0208","Storyteller_0208","","","","Потім наш ухильний принц зустрів ще одну фатальну смерть, про яку краще промовчати, давши волю фантазії.","","",""
"Integrated","Storyteller_","0209","Storyteller_0209","","","","Принц Загрей продовжив йти до своєї страшної загибелі, в опис якої ми не вдаватимемося.","","",""
"Integrated","Storyteller_","0210","Storyteller_0210","","","","За цією гранню на нього чекає доля настільки жахлива, що краще ми поговоримо про це наступного разу.","","",""
"Integrated","Storyteller_","0211","Storyteller_0211","","","","І потім, ем, як щодо крихітного, але смертоносного жука, який сів на Загрея, що вбиває Гідру, тим самим перервавши його подвиг?","","",""
"Integrated","Storyteller_","0212","Storyteller_0212","","","","І тоді Загрей, який зовсім не вчиться на своїх помилках... з необережності впав з урвища в бурхливі води річки Стікс.","","",""
"Integrated","Storyteller_","0213","Storyteller_0213","","","","Невблаганний принц Підземного світу знову марно намагається зрушити з мертвої точки цієї оповіді.","","",""
"Integrated","Storyteller_","0214","Storyteller_0214","","","","Проігнорувавши пораду, Принц знову намагається пробратися у володіння, де на нього ще не чекають, але все марно.","","",""
"Integrated","Storyteller_","0215","Storyteller_0215","","","","Запалені поля Асфоделя знову не змогли зупинити вогнетривкого Принца, але потім удача підвела його, як це частенько буває.","","",""
"Integrated","Storyteller_","0216","Storyteller_0216","","","","І хоча у смерті є безліч способів вершити свою справу, наш безстрашний Принц пізнав значну їх частину.","","",""
"Integrated","Storyteller_","0217","Storyteller_0217","","","","Наш розумний Принц знову вислизнув від смерті на деякий час, щоб потім в черговий раз передбачувано зробити одну зі своїх фатальних помилок.","","",""
"Integrated","Storyteller_","0218","Storyteller_0218","","","","Владика цього царства, король Аїд, стверджує, що смерті не втекти. У його словах є вагома частка правди.","","",""
"Integrated","Storyteller_","0219","Storyteller_0219","","","","Смерть іде по п'ятах за нетерплячим Загреєм, і ось вона знову наздоганяє його.","","",""
"Integrated","Storyteller_","0230","Storyteller_0230","","","","Нарешті, успішно пройшовши набагато далі звичайного, шукаючий вихід на поверхню, Принц стикається з випробуваннями занадто жахливими, щоб описувати їх.","","",""
"Integrated","Storyteller_","0231","Storyteller_0231","","","","Так Принц, який відчуває свою долю, приходить в Елізіум, де стикається з такими жахами, які ми не описуватимемо цього разу.","","",""
"Integrated","Storyteller_","0232","Storyteller_0232","","","","Загрей, нищівник героїв, підбирається все ближче до поверхні, і раптом він... можливо, гине під час раптового каменепаду.","","",""
"Integrated","Storyteller_","0233","Storyteller_0233","","","","Залишивши позаду невимовні небезпеки Елізіума, принц Загрей стикається з ще більшою загрозою... про яку я розповім вам пізніше.","","",""
"Integrated","Storyteller_","0234","Storyteller_0234","","","","І хоча перемога була дуже близька, Принц, який повалив бика, стає жертвою групи зловісних, але невинних на вигляд гризунів.","","",""
"Integrated","Storyteller_","0235","Storyteller_0235","","","","Так густа темрява за межами Елізіума, що невдачливий Принц сильно вдаряється головою і вмирає.","","",""
"Integrated","Storyteller_","0236","Storyteller_0236","","","","І в цей момент безтурботний принц Підземного світу врізається головою в товсту кам'яну стіну, на якій намальовано вихід на поверхню.","","",""
"Integrated","Storyteller_","0237","Storyteller_0237","","","","За межами чудового Елізіуму терплячий Принц повинен, нарешті, знайти свою долю, але не зараз, адже... о, ні, стережися!","","",""
"Integrated","Storyteller_","0238","Storyteller_0238","","","","Впевнений у своїх силах принц випадково наступив, ем, на отруйну плісняву — настільки рідкісну, що ви про неї навіть не чули.","","",""
"Integrated","Storyteller_","0239","Storyteller_0239","","","","Загрій радісно кинувся до виходу на поверхню, але піднявся надто швидко, а що сталося далі, ми знаємо з легенди про Ікара.","","",""
"Integrated","Storyteller_","0240","Storyteller_0240","","","","Таким чином, перемігши героїчного царя Афін, завзятий Загрей рухається вперед, нагору, до своєї мети — зовнішнього світу, де живе його давно втрачена рідна мати.","","",""
"Integrated","Storyteller_","0241","Storyteller_0241","","","","Давайте вдамо, що наш кмітливий принц не вижив у лютій сутичці з хвалькуватим чемпіоном.","","",""
"Integrated","Storyteller_","0260","Storyteller_0260","","","","І ось, якимось чином перемігши власного батька, похмурого бога мертвих, непокірний Загрей нарешті виривається на волю і вирушає на пошуки таємного притулку своєї давно втраченої рідної матері.","","",""
"Integrated","Storyteller_","0261","Storyteller_0261","","","","Чим все це обернеться для нього? На жаль, рано про це говорити.","","",""
"Integrated","Storyteller_","0262","Storyteller_0262","","","","А поки уявіть, що король Аїд добре його провчив.","","",""
"Integrated","Storyteller_","0263","Storyteller_0263","","","","Якось подолавши похмурого повелителя Аїда в захоплюючій битві, принц Загрей дізнається... що все це був лише сон! Точніше, моторошний кошмар.","","",""
"Integrated","Storyteller_","0264","Storyteller_0264","","","","І навіть знову перейшовши через кордони Підземного світу, принц Загрей ніяк не може пройти далі.","","",""
"Integrated","Storyteller_","0265","Storyteller_0265","","","","Уявіть для різноманітності, що на принца Загрея чекав успіх, а не звична болісна смерть, яку йому доведеться випробувати ... прямо зараз.","","",""
"Integrated","Storyteller_","0266","Storyteller_0266","","","","Принц Загрей знову перемагає свого царственого батька, але раптом його починає терпіти — він підчепив застуду. А як відомо, від цієї хвороби ще немає ліків.","","",""
"Integrated","Storyteller_","0267","Storyteller_0267","","","","Досліджуючи дива зовнішнього світу, принц Загрей виявляє покинуту ферму, де він по необережності наступає на садовий інструмент, який б'є його по лобі, позбавляючи життя.","","",""
"Integrated","Storyteller_","0268","Storyteller_0268","","","","Хтось може припустити, що історія Принца завершиться так само, як більшість сказань про героїв нашого часу, наприклад, так: ","","",""
"Integrated","Storyteller_","0276","Storyteller_0276","","","","Потім люб'язний Загрей потрапляє в зал, темний як ніч, з криваво-червоною купальною, звідки долинає голос: «Не бажаєш викупатися в цих водах, принце?». На що принц відповідає: "О, із задоволенням!","","",""
"Integrated","Storyteller_","0277","Storyteller_0277","","","","До перемоги залишалися лічені миті, але принц так страшно поспішав, що не озирався на всі боки, і на жвавому перехресті на величезній швидкості в нього врізалася колісниця.","","",""
"Integrated","Storyteller_","0278","Storyteller_0278","","","","Принц неодноразово вмирав, але досяг своєї мети. Він озирається на своє життя і дії, і в його пам'яті так ясно постають численні минулі поразки, що відбувається таке.","","",""
"Integrated","Storyteller_","0279","Storyteller_0279","","","","Прагнучи якнайшвидше дослідити зовнішній світ, принц поспіхом наступає на шкірку екзотичного фрукта жовто-землистого кольору і через ненадійне взуття послизається і падає на спину з такою силою, що відбувається самі-знаєте-що.","","",""
"Integrated","Storyteller_","0280","Storyteller_0280","","","","Існує незліченна кількість історій про великі подвиги і марнославні поразки, ну а ця історія є чимось середнім.","","",""
"Integrated","Storyteller_","0281","Storyteller_0281","","","","Принц Підземного світу впевнений: «Він не може вбивати мене так щоразу. Колись у нього закінчаться ідеї». Але принц, як це часто буває, помиляється.","","",""
"Integrated","Storyteller_","0283","Storyteller_0283","","","","Коли в перемозі не було сумнівів, під ногами у невдахи принца виник розлам, і звідти вивернулася розпечена хмара водяної пари! Напевно, ви вже знаєте, що сталося далі.","","",""
"Integrated","Storyteller_","0285","Storyteller_0285","","","","Можливо, дуже скоро — одного дня чи вночі — принц зрештою зможе просунутися далі. Що ж станеться тоді з ним та зі мною? Що ж, сподіваюся, не це.","","",""
"Unused","Storyteller_","0294","Storyteller_0294","","","","Величезний будівельний інструмент, яким можна завдати великих руйнувань, зараз надійно зберігається у Домі Аїда. Він є свідченням того, як були зведені стіни Дому.","","",""
"Unused","Storyteller_","0295","Storyteller_0295","","","","Як би довго принц не розглядав артефакт, замовлений ним для батьківського Дому, він ніколи не пізнає його справжнього призначення.","","",""
"Unused","Storyteller_","0297","Storyteller_0297","","","","Сферичний артефакт, усіяний чужоземними орнаментами, схожими на сузір'я, самотньо розташувався на розі галереї Дому. Його обговорюють ті, хто наважується спробувати осягнути його задум.","","",""
"Integrated","Storyteller_","0298","Storyteller_0298","","","","Принц, який дратує всіх довкола, не отримує відповіді.","","",""
"Integrated","Storyteller_","0299","Storyteller_0299","","","","Принц вирішує, що йому є чим зайнятися.","","",""
"Integrated","Storyteller_","0300","Storyteller_0300","","","","Принц, що не раз вмирав, просто втрачає час.","","",""
"Integrated","Storyteller_","0301","Storyteller_0301","","","","Може, славному принцу варто знайти собі інше заняття?","","",""
"Integrated","Storyteller_","0302","Storyteller_0302","","","","У царстві на поверхні принц, який так любить смертних, безперечно дізнається, що смерть буває різною. Щоб випробувати на собі одну з найпоширеніших її форм, хоч, можливо, і не найцікавішу, потрібно просто почекати... досить... довго... поки...","","",""
"Integrated","Storyteller_","0320","Storyteller_0320","","","","Кхм!","","",""
"Integrated","Storyteller_","0321","Storyteller_0321","","","","Ах, я..!","","",""
"Integrated","Storyteller_","0322","Storyteller_0322","","","","Ну треба ж!","","",""
"Integrated","Storyteller_","0323","Storyteller_0323","","","","Кхм!","","",""
"Integrated","Storyteller_","0324","Storyteller_0324","","","","Грубіян!","","",""
"Integrated","Storyteller_","0325","Storyteller_0325","","","","Але..!","","",""
"Integrated","Storyteller_","0326","Storyteller_0326","","","","Ах..!","","",""
"Integrated","Storyteller_","0327","Storyteller_0327","","","","Е-е-е?","","",""
"Integrated","Storyteller_","0328","Storyteller_0328","","","","Що..?","","",""
"Integrated","Storyteller_","0329","Storyteller_0329","","","","Е...","","",""
"Integrated","Storyteller_","0338","Storyteller_0338","","","","Досягнувши своєї мети, принц Підземного світу дізнається, що царство смертних зовсім позбавлене смертельних небезпек, які змушують серце битися частіше і яких він звик з дитинства. Принц не знаходить чим зайнятися, і його поглинає рутина повсякденності, що призводить до цього.","","",""
"Integrated","Storyteller_","0340","Storyteller_0340","","","","Так Аїд, жахливий правитель мертвих, возз'єднався зі своєю давно втраченою коханою царицею Персіфоною. І разом зі своїм первістком принцом Загреєм вони вічно правитимуть під землею в подібно до гармонії.","","",""
"Integrated","Storyteller_","0341","Storyteller_0341","","","","Повернення цариці стало неймовірно щасливою подією... наскільки це можливо в темному і повному мороку царстві мертвих.","","",""
"Integrated","Storyteller_","0342","Storyteller_0342","","","","І навіть через всі ці роки на Олімпі так і не дізналися, що ж сталося в Підземному світі.","","",""
"Integrated","Storyteller_","0343","Storyteller_0343","","","","Таким чином, усі олімпійці вперше разом спустилися до глибин Підземного світу.","","",""
"Integrated","Storyteller_","0344","Storyteller_0344","","","","Цариця Персіфона з'явилася перед ними у всій своїй пишноті, здивувавши всіх гостей, і розповіла їм про все, про що вже встигла розповісти своєму синові.","","",""
"Integrated","Storyteller_","0345","Storyteller_0345","","","","Коли всі відійшли від шоку... почався бенкет.","","",""
"Integrated","Storyteller_","0346","Storyteller_0346","","","","Після закінчення великого бенкету всі олімпійці повернулися до своєї гірської палати абсолютно задоволеними. А ось Дому Аїда знадобилося генеральне прибирання — від даху до самої підлоги.","","",""
"Integrated","Storyteller_","0347","Storyteller_0347","","","","Подібні гулянки, безперечно, не характерні для Аїда і навряд чи відповідають жахливій репутації Підземного світу. Бо якби смертні не боялися смерті, вони взагалі забули б, що таке страх.","","",""
"Integrated","Storyteller_","0348","Storyteller_0348","","","","І це так і залишиться сімейною таємницею, що ретельно приховується.","","",""
"Integrated","Storyteller_","0371","Storyteller_0371","","","","Вкотре вибравшись на поверхню похмурого підземного царства свого батька, винахідливий Загрей прямує до місця, де колись жила сяюча Персіфона.","","",""
"Integrated","Storyteller_","0372","Storyteller_0372","","","","Це неблизький шлях, який він долав уже багато разів і який завжди закінчувався однаково. Отже... уявіть, що він дістався туди якраз вчасно, щоб встигнути полити посіви і трохи прибратися, перш ніж...","","",""
"Integrated","Storyteller_","0376","Storyteller_0376","","","","Знову діставшись до поверхні, принц Загрей на повні груди вдихає аромат польових квітів, троянд та інших рослин, серед яких виявляється неймовірно потужний алерген, що призводить до цього.","","",""
"Integrated","Storyteller_","0377","Storyteller_0377","","","","Дорогою до будиночка своєї матері, прихованого в снігах, Загрей починає голосно вимовляти слова, щоб почути відлуння, і різкий звук призводить до того, що величезна маса снігу і льоду відколюється з найближчої вершини гори і падає, і падає, і...","","",""
"Integrated","Storyteller_","0378","Storyteller_0378","","","","Шлях до ретельно захованого будиночка Персіфони настільки звивистий, що, на жаль, Загрей, що прогулюється по поверхні, цього разу робить невірний крутий поворот і падає з обриву в до болю знайомі води...","","",""
"Integrated","Storyteller_","0379","Storyteller_0379","","","","У дивовижному вічно квітучому саду Персіфони принц Загрей виявляє невідому зелену рослину з м'якою шкіркою і безліччю шипів — занадто дрібних, що їх і не розглянеш, поки вже не буде запізно....","","",""
"Integrated","Storyteller_","0380","Storyteller_0380","","","","Безкрайня різноманітність тваринного світу, що населяє поверхню, споконвічно радує Загрея.","","",""
"Integrated","Storyteller_","0381","Storyteller_0381","","","","...У мене більше нема нових історій для тебе. Але не думай, що ти виграв, принц Загрей... бо якщо і є в цьому світі гідні історії, то такими можна назвати лише ті, які варто переказувати знову і знову, і знову. Прощавай!","","",""
"Integrated","Storyteller_","0382","Storyteller_0382","","","","Загрей не вперше бачить рогатих істот, враховуючи скільки разів він бився із сатирами та подібними до них, але цього разу він дізнається, що навіть сатирам далеко до справжньої люті зляканого гірського цапа...","","",""
"Integrated","Storyteller_","0383","Storyteller_0383","","","","Загрей трохи знайомий зі зміями та драконами завдяки тому, що цих істот можна зустріти у Підземному світі.","","",""
"Integrated","Storyteller_","0384","Storyteller_0384","","","","Тому він із радістю підходить до однієї з них на поверхні, вітаючи її як давнього друга. Істота отруйно вітає його у відповідь, встромляючи свої ікла.","","",""
"Integrated","Storyteller_","0385","Storyteller_0385","","","","І знову завзятий Загрей досягає своєї великої мети, і все відбувається, як і раніше, але цього разу завдяки новим мінливості долі він виходить на недовгу прогулянку, а потім гине.","","",""
"Integrated","Storyteller_","0386","Storyteller_0386","","","","Хоча впертий принц Підземного світу вже неодноразово бачив чудовий будиночок Персіфони, він все одно намагається знову дістатися до нього. Однак цього разу йому доведеться задовольнятися лише своїми спогадами.","","",""
"Integrated","Storyteller_","0387","Storyteller_0387","","","","Обмірковуючи свою перемогу, принц Загрей зауважує, що смерть буває дуже різною — часом вона приходить неквапливо, а часом...","","",""
"Integrated","Storyteller_","0407","Storyteller_0407","","","","Вона сказала, що втекла з похмурим повелителем Аїдом. І народила сина з палаючими ступнями, який хотів налагодити стосунки зі своїми далекими родичами.","","",""
"Integrated","Storyteller_","0408","Storyteller_0408","","","","Спочатку Аїд та Персіфона відмовили йому. Але вони були так зворушені його невпинними спробами вибратися на поверхню, що врешті-решт вони вирішили прислухатися до свого впертого Загрея і зв'язатися з рештою. Заради нього та всіх інших.","","",""
"Integrated","Storyteller_","0409","Storyteller_0409","","","","Олімпійці слухали все це, не вимовляючи жодного слова. А потім сам Зевс засміявся. «З поверненням до сім'ї», - сказав він.","","",""
"Integrated","Storyteller_","0410","Storyteller_0410","","","","Але коли він намагається налагодити контакт з однією із істот з очима, повними спокою та розуму, він дізнається, що ведмеді не такі добрі, якими можуть здатися на вигляд.","","",""
"Integrated","Storyteller_","0415","Storyteller_0415","","","","Принц, що вивчає кам'яну статую, не дізнається нічого нового.","","",""
"Integrated","Storyteller_","0416","Storyteller_0416","","","","Принц Загрей вирішує вирушити у своїх справах.","","",""
"Integrated","Storyteller_","0417","Storyteller_0417","","","","Принц Підземного світу марно витріщається на статую видатного поета.","","",""
"Integrated","Storyteller_","0418","Storyteller_0418","","","","Безсумнівно, на принца чекають важливіші предмети, які необхідно оглянути?","","",""
