"Thanatos","ID","ID","ID","","","","Line","","Notes by AR","Notes by DK"
"Integrated","Thanatos_","0031","Thanatos_0031","","","","Смерть наближається.","","",""
"Integrated","Thanatos_","0032","Thanatos_0032","","","","Час помирати.","","",""
"Integrated","Thanatos_","0033","Thanatos_0033","","","","Час минув.","","",""
"Integrated","Thanatos_","0034","Thanatos_0034","","","","Час прийшов.","","",""
"Integrated","Thanatos_","0035","Thanatos_0035","","","","Все завершиться зараз.","","",""
"Integrated","Thanatos_","0036","Thanatos_0036","","","","Кров та пітьма.","","",""
"Integrated","Thanatos_","0037","Thanatos_0037","","","","Іменем Аїда.","","",""
"Integrated","Thanatos_","0038","Thanatos_0038","","","","Ви, прокляті, підете зі мною.","","",""
"Integrated","Thanatos_","0039","Thanatos_0039","","","","Смерть прийшла.","","",""
"Integrated","Thanatos_","0040","Thanatos_0040","","","","Звідси не втекти.","","",""
"Integrated","Thanatos_","0041","Thanatos_0041","","","","Ти кликав мене?","","",""
"Integrated","Thanatos_","0042","Thanatos_0042","","","","Життя і смерть - одне й те саме.","","",""
"Integrated","Thanatos_","0043","Thanatos_0043","","","","Добраніч.","","",""
"Integrated","Thanatos_","0044","Thanatos_0044","","","","Достатньо.","","",""
"Integrated","Thanatos_","0045","Thanatos_0045","","","","Досить.","","",""
"Integrated","Thanatos_","0046","Thanatos_0046","","","","Попався.","","",""
"Integrated","Thanatos_","0047","Thanatos_0047","","","","Відійди.","","",""
"Integrated","Thanatos_","0048","Thanatos_0048","","","","Життя коротке.","","",""
"Integrated","Thanatos_","0049","Thanatos_0049","","","","Назад, прокляті.","","",""
"Integrated","Thanatos_","0050","Thanatos_0050","","","","Ну і безладдя ти тут влаштував, Загрей.","","",""
"Integrated","Thanatos_","0051","Thanatos_0051","","","","Шлях вільний. Іди.","","",""
"Integrated","Thanatos_","0052","Thanatos_0052","","","","Мені потрібно повертатися.","","",""
"Integrated","Thanatos_","0053","Thanatos_0053","","","","Продовжуйте.","","",""
"Integrated","Thanatos_","0054","Thanatos_0054","","","","Продовжуй свій шлях.","","",""
"Integrated","Thanatos_","0055","Thanatos_0055","","","","Продовжуй битися.","","",""
"Integrated","Thanatos_","0056","Thanatos_0056","","","","Був радий нашій зустрічі.","","",""
"Integrated","Thanatos_","0057","Thanatos_0057","","","","Будь обережний, Загрей.","","",""
"Integrated","Thanatos_","0058","Thanatos_0058","","","","Я йду.","","",""
"Integrated","Thanatos_","0059","Thanatos_0059","","","","От і все.","","",""
"Integrated","Thanatos_","0060","Thanatos_0060","","","","Побачимося.","","",""
"Integrated","Thanatos_","0061","Thanatos_0061","","","","Мені потрібно йти.","","",""
"Integrated","Thanatos_","0062","Thanatos_0062","","","","До зустрічі.","","",""
"Integrated","Thanatos_","0063","Thanatos_0063","","","","Нікому ні слова.","","",""
"Integrated","Thanatos_","0064","Thanatos_0064","","","","Нехай це залишиться між нами.","","",""
"Integrated","Thanatos_","0065","Thanatos_0065","","","","Ти б не впорався один.","","",""
"Integrated","Thanatos_","0066","Thanatos_0066","","","","Радий допомогти. Іди.","","",""
"Integrated","Thanatos_","0067","Thanatos_0067","","","","Здається, шлях чистий.","","",""
"Integrated","Thanatos_","0068","Thanatos_0068","","","","Ти мене не бачив.","","",""
"Integrated","Thanatos_","0069","Thanatos_0069","","","","Не вмирай, Заг.","","",""
"Integrated","Thanatos_","0070","Thanatos_0070","","","","Хапайся за життя.","","",""
"Integrated","Thanatos_","0071","Thanatos_0071","","","","Пф-ф.","","",""
"Integrated","Thanatos_","0072","Thanatos_0072","","","","Нікчемність.","","",""
"Integrated","Thanatos_","0073","Thanatos_0073","","","","Ідіот.","","",""
"Integrated","Thanatos_","0074","Thanatos_0074","","","","Припини","","",""
"Integrated","Thanatos_","0075","Thanatos_0075","","","","Ой та годі.","","",""
"Integrated","Thanatos_","0076","Thanatos_0076","","","","Серйозно?","","",""
"Integrated","Thanatos_","0077","Thanatos_0077","","","","Треба було дозволити тобі померти.","","",""
"Integrated","Thanatos_","0078","Thanatos_0078","","","","Не заважай.","","",""
"Integrated","Thanatos_","0079","Thanatos_0079","","","","Вгамуйся.","","",""
"Integrated","Thanatos_","0080","Thanatos_0080","","","","Більше так не роби.","","",""
"Integrated","Thanatos_","0081","Thanatos_0081","","","","Будь обережний.","","",""
"Integrated","Thanatos_","0082","Thanatos_0082","","","","Припини це.","","",""
"Integrated","Thanatos_","0083","Thanatos_0083","","","","Припини.","","",""
"Integrated","Thanatos_","0084","Thanatos_0084","","","","Даремне марнування часу.","","",""
"Integrated","Thanatos_","0085","Thanatos_0085","","","","Марно.","","",""
"Integrated","Thanatos_","0086","Thanatos_0086","","","","Навіщо мені це все?","","",""
"Integrated","Thanatos_","0087","Thanatos_0087","","","","Ти закінчив?","","",""
"Integrated","Thanatos_","0088","Thanatos_0088","","","","Досить.","","",""
"Integrated","Thanatos_","0089","Thanatos_0089","","","","А ось і ні!..","","",""
"Integrated","Thanatos_","0090","Thanatos_0090","","","","А ось і ні.","","",""
"Integrated","Thanatos_","0091","Thanatos_0091","","","","Попався!..","","",""
"Integrated","Thanatos_","0092","Thanatos_0092","","","","Попався.","","",""
"Integrated","Thanatos_","0093","Thanatos_0093","","","","Ще немає!..","","",""
"Integrated","Thanatos_","0094","Thanatos_0094","","","","Ні. Поки що!..","","",""
"Integrated","Thanatos_","0095","Thanatos_0095","","","","Я так не думаю.","","",""
"Integrated","Thanatos_","0096","Thanatos_0096","","","","Твій час ще не настав.","","",""
"Integrated","Thanatos_","0097","Thanatos_0097","","","","Не так швидко.","","",""
"Integrated","Thanatos_","0098","Thanatos_0098","","","","Без шансів.","","",""
"Integrated","Thanatos_","0099","Thanatos_0099","","","","Ніяк.","","",""
"Integrated","Thanatos_","0100","Thanatos_0100","","","","Не бути цьому.","","",""
"Integrated","Thanatos_","0101","Thanatos_0101","","","","Живи. Іди.","","",""
"Integrated","Thanatos_","0102","Thanatos_0102","","","","Будь обережніше.","","",""
"Integrated","Thanatos_","0103","Thanatos_0103","","","","Прокинься.","","",""
"Integrated","Thanatos_","0104","Thanatos_0104","","","","Обережніше, будь ти неладен.","","",""
"Integrated","Thanatos_","0105","Thanatos_0105","","","","Вставай.","","",""
"Integrated","Thanatos_","0106","Thanatos_0106","","","","Зберися, Заг.","","",""
"Integrated","Thanatos_","0107","Thanatos_0107","","","","Продовжуй битися.","","",""
"Integrated","Thanatos_","0108","Thanatos_0108","","","","Не зупиняйся.","","",""
"Integrated","Thanatos_","0109","Thanatos_0109","","","","Повернися сюди.","","",""
"Integrated","Thanatos_","0110","Thanatos_0110","","","","Ти поки що не вмираєш.","","",""
"Integrated","Thanatos_","0111","Thanatos_0111","","","","Ти ще живий, давай!","","",""
"Integrated","Thanatos_","0112","Thanatos_0112","","","","Твій час ще не настав.","","",""
"Integrated","Thanatos_","0113","Thanatos_0113","","","","Тобі це ще не кінець.","","",""
"Integrated","Thanatos_","0114","Thanatos_0114","","","","Ти все ще тут.","","",""
"Integrated","Thanatos_","0115","Thanatos_0115","","","","Закінчуй з цим!..","","",""
"Integrated","Thanatos_","0116","Thanatos_0116","","","","Настав час повертатися додому.","","",""
"Integrated","Thanatos_","0117","Thanatos_0117","","","","Нічого не поробиш.","","",""
"Integrated","Thanatos_","0118","Thanatos_0118","","","","Ти намагався.","","",""
"Integrated","Thanatos_","0119","Thanatos_0119","","","","Ох, Заг...","","",""
"Integrated","Thanatos_","0120","Thanatos_0120","","","","Про що ти взагалі думав.","","",""
"Integrated","Thanatos_","0121","Thanatos_0121","","","","Ти небіжчик.","","",""
"Integrated","Thanatos_","0122","Thanatos_0122","","","","Ти небіжчик, Заг.","","",""
"Integrated","Thanatos_","0123","Thanatos_0123","","","","Ти йдеш зі мною.","","",""
"Integrated","Thanatos_","0124","Thanatos_0124","","","","От і все.","","",""
"Integrated","Thanatos_","0125","Thanatos_0125","","","","На цьому все.","","",""
"Integrated","Thanatos_","0126","Thanatos_0126","","","","Ну, ходімо ж.","","",""
"Integrated","Thanatos_","0127","Thanatos_0127","","","","Ти сам напросився.","","",""
"Integrated","Thanatos_","0128","Thanatos_0128","","","","Чого ти очікував?","","",""
"Integrated","Thanatos_","0129","Thanatos_0129","","","","Від смерті не втекти.","","",""
"Integrated","Thanatos_","0130","Thanatos_0130","","","","Я мушу привести тебе назад.","","",""
"Integrated","Thanatos_","0131","Thanatos_0131","","","","Йдемо додому.","","",""
"Integrated","Thanatos_","0132","Thanatos_0132","","","","Ходімо, Заг.","","",""
"Integrated","Thanatos_","0133","Thanatos_0133","","","","Ми повертаємось додому.","","",""
"Integrated","Thanatos_","0134","Thanatos_0134","","","","Звідси не втекти.","","",""
"Integrated","Thanatos_","0135","Thanatos_0135","","","","Час помирати.","","",""
"Integrated","Thanatos_","0136","Thanatos_0136","","","","Кров і темрява.","","",""
"Integrated","Thanatos_","0137","Thanatos_0137","","","","Ім'ям Аїда.","","",""
"Integrated","Thanatos_","0138","Thanatos_0138","","","","Смерть прийшла.","","",""
"Integrated","Thanatos_","0139","Thanatos_0139","","","","Не цього разу.","","",""
"Integrated","Thanatos_","0140","Thanatos_0140","","","","Мені шкода.","","",""
"Integrated","Thanatos_","0141","Thanatos_0141","","","","Тепер я маю забрати тебе.","","",""
"Integrated","Thanatos_","0142","Thanatos_0142","","","","Все скінчено.","","",""
"Integrated","Thanatos_","0143","Thanatos_0143","","","","Тобі кінець","","",""
"Integrated","Thanatos_","0144","Thanatos_0144","","","","Ти сам навів це на себе.","","",""
"Integrated","Thanatos_","0145","Thanatos_0145","","","","Успіх покинув тебе.","","",""
"Integrated","Thanatos_","0146","Thanatos_0146","","","","Я нічого не можу зробити.","","",""
"Integrated","Thanatos_","0147","Thanatos_0147","","","","Що саме тобі потрібно?","","",""
"Integrated","Thanatos_","0148","Thanatos_0148","","","","Що таке, Заг?","","",""
"Darren","Thanatos_","0149","Thanatos_0149","","","","Що тобі потрібно цього разу?","","",""
"Darren","Thanatos_","0150","Thanatos_0150","","","","Ну що ще?","","",""
"Darren","Thanatos_","0151","Thanatos_0151","","","","Тобі від мене щось потрібне?","","",""
"Integrated","Thanatos_","0152","Thanatos_0152","","","","Як справи?","","",""
"Darren","Thanatos_","0153","Thanatos_0153","","","","Та кажи вже.","","",""
"Darren","Thanatos_","0154","Thanatos_0154","","","","Подивимося, що я можу зробити.","","",""
"Integrated","Thanatos_","0155","Thanatos_0155","","","","Це все?..","","",""
"Integrated","Thanatos_","0156","Thanatos_0156","","","","Я про це подбаю.","","",""
"Darren","Thanatos_","0157","Thanatos_0157","","","","Без проблем.","","",""
"Integrated","Thanatos_","0158","Thanatos_0158","","","","Це можна зробити.","","",""
"Integrated","Thanatos_","0159","Thanatos_0159","","","","Уважай, все вже зроблено.","","",""
"Darren","Thanatos_","0160","Thanatos_0160","","","","Чудово.","","",""
"Integrated","Thanatos_","0161","Thanatos_0161","","","","Хм.","","",""
"Darren","Thanatos_","0162","Thanatos_0162","","","","Це трапиться.","","",""
"Integrated","Thanatos_","0163","Thanatos_0163","","","","Гаразд.","","",""
"Darren","Thanatos_","0164","Thanatos_0164","","","","Дуже добре.","","",""
"Integrated","Thanatos_","0165","Thanatos_0165","","","","Так тому і бути.","","",""
"Unused","Thanatos_","0176","Thanatos_0176","","","","Не знаю, чого ти чекаєш, коли віддаєш мені це. Я не залишуся у тебе в боргу, тому візьми ось це, і вважатимемо, що ми квити.","","",""
"Unused","Thanatos_","0178","Thanatos_0178","","","","Якщо тут є якась підстава, я не хочу про це знати. І в мене теж є для тебе щось. Навіть не думай розповідати про це комусь, особливо Гіпносу.","","",""
"Integrated","Thanatos_","0179","Thanatos_0179","","","","Хм.","","",""
"Integrated","Thanatos_","0180","Thanatos_0180","","","","Пф-ф.","","",""
"Integrated","Thanatos_","0181","Thanatos_0181","","","","Ха.","","",""
"Integrated","Thanatos_","0182","Thanatos_0182","","","","Так?","","",""
"Integrated","Thanatos_","0183","Thanatos_0183","","","","Що?","","",""
"Integrated","Thanatos_","0184","Thanatos_0184","","","","Що?","","",""
"Integrated","Thanatos_","0185","Thanatos_0185","","","","Кхм.","","",""
"Integrated","Thanatos_","0186","Thanatos_0186","","","","Ти.","","",""
"Integrated","Thanatos_","0187","Thanatos_0187","","","","Це ти.","","",""
"Integrated","Thanatos_","0188","Thanatos_0188","","","","Так, так.","","",""
"Integrated","Thanatos_","0189","Thanatos_0189","","","","Ти в порядку?","","",""
"Integrated","Thanatos_","0190","Thanatos_0190","","","","Все нормально?","","",""
"Integrated","Thanatos_","0191","Thanatos_0191","","","","Вибач, Заг.","","",""
"Integrated","Thanatos_","0192","Thanatos_0192","","","","Ласкаво просимо додому.","","",""
"Integrated","Thanatos_","0193","Thanatos_0193","","","","Вітаю, Заг.","","",""
"Integrated","Thanatos_","0194","Thanatos_0194","","","","Ей.","","",""
"To Be Integrated","Thanatos_","0214","Thanatos_0214","","","","Ні, нехай лишається, якщо хоче. Яка різниця? Формально йому можна перебувати в цих залах, але він повинен знати, що йому тут більше не раді.","","",""
"To Be Integrated","Thanatos_","0217","Thanatos_0217","","","","Це не повинно повторитися. Якщо потрапиш на одній зі своїх витівок, нам обом не поздоровиться. А тепер йди.","","",""
"Integrated","Thanatos_","0224","Thanatos_0224","","","","Від смерті не втекти.","","",""
"Integrated","Thanatos_","0225","Thanatos_0225","","","","Так і думав, що знайду тебе тут.","","",""
"Integrated","Thanatos_","0226","Thanatos_0226","","","","Я вирішив заскочити до тебе.","","",""
"Integrated","Thanatos_","0227","Thanatos_0227","","","","Я повернувся.","","",""
"Integrated","Thanatos_","0228","Thanatos_0228","","","","Я прибув.","","",""
"Integrated","Thanatos_","0229","Thanatos_0229","","","","Я тут.","","",""
"Integrated","Thanatos_","0230","Thanatos_0230","","","","Перепрошую, що відволікаю.","","",""
"Integrated","Thanatos_","0232","Thanatos_0232","","","","І знову привіт.","","",""
"Integrated","Thanatos_","0233","Thanatos_0233","","","","Я відчув твою присутність.","","",""
"Integrated","Thanatos_","0234","Thanatos_0234","","","","Сумував за мною, Загрей?..","","",""
"Integrated","Thanatos_","0235","Thanatos_0235","","","","Як справи, Загрей?","","",""
"Integrated","Thanatos_","0237","Thanatos_0237","","","","Мабуть, тобі краще відійти, Заг.","","",""
"Integrated","Thanatos_","0238","Thanatos_0238","","","","Думаєш, зможеш обійти мене, Заг?","","",""
"Integrated","Thanatos_","0239","Thanatos_0239","","","","Давай швидше прикінчимо цих проклятих.","","",""
"Integrated","Thanatos_","0240","Thanatos_0240","","","","Думаєш, зможеш сіяти смерть швидше за мене?","","",""
"Integrated","Thanatos_","0241","Thanatos_0241","","","","Ти не проти, якщо ми почнемо без зайвих передмов?","","",""
"Integrated","Thanatos_","0242","Thanatos_0242","","","","Тоді приступимо.","","",""
"Integrated","Thanatos_","0243","Thanatos_0243","","","","А ось і армія твого батька.","","",""
"Integrated","Thanatos_","0244","Thanatos_0244","","","","Я з цим розберуся.","","",""
"Integrated","Thanatos_","0245","Thanatos_0245","","","","Я швидко.","","",""
"Integrated","Thanatos_","0246","Thanatos_0246","","","","Думаєш, чи зможеш мене обігнати?","","",""
"Integrated","Thanatos_","0247","Thanatos_0247","","","","Хто помре першим?","","",""
"Integrated","Thanatos_","0248","Thanatos_0248","","","","Це не займе багато часу.","","",""
"Integrated","Thanatos_","0249","Thanatos_0249","","","","Гей, ви, все скінчено.","","",""
"Integrated","Thanatos_","0250","Thanatos_0250","","","","Я відправлю вас у глибини пекла.","","",""
"Integrated","Thanatos_","0251","Thanatos_0251","","","","Готуйтеся.","","",""
"Integrated","Thanatos_","0252","Thanatos_0252","","","","Цей мій, Заг.","","",""
"Integrated","Thanatos_","0253","Thanatos_0253","","","","Гей, ви, готуйтеся померти знову.","","",""
"Integrated","Thanatos_","0254","Thanatos_0254","","","","Разом ми принесемо смерть.","","",""
"Integrated","Thanatos_","0255","Thanatos_0255","","","","Ти.","","",""
"Integrated","Thanatos_","0256","Thanatos_0256","","","","Ти!..","","",""
"Integrated","Thanatos_","0257","Thanatos_0257","","","","Ти...","","",""
"Integrated","Thanatos_","0258","Thanatos_0258","","","","Ти наступний.","","",""
"Integrated","Thanatos_","0259","Thanatos_0259","","","","Ти наступний.","","",""
"Integrated","Thanatos_","0260","Thanatos_0260","","","","Як щодо тебе?","","",""
"Integrated","Thanatos_","0261","Thanatos_0261","","","","Як щодо тебе?","","",""
"Integrated","Thanatos_","0262","Thanatos_0262","","","","Як щодо.... тебе.","","",""
"Integrated","Thanatos_","0263","Thanatos_0263","","","","Твоя черга.","","",""
"Integrated","Thanatos_","0264","Thanatos_0264","","","","Ось цей.","","",""
"Integrated","Thanatos_","0265","Thanatos_0265","","","","Ти помреш наступним.","","",""
"Integrated","Thanatos_","0266","Thanatos_0266","","","","Приготуйся померти.","","",""
"Integrated","Thanatos_","0267","Thanatos_0267","","","","Останні слова?","","",""
"Integrated","Thanatos_","0268","Thanatos_0268","","","","Ти вже мертвий.","","",""
"Integrated","Thanatos_","0269","Thanatos_0269","","","","Час вийшов.","","",""
"Integrated","Thanatos_","0270","Thanatos_0270","","","","Прощавай.","","",""
"Integrated","Thanatos_","0271","Thanatos_0271","","","","Прощайте!..","","",""
"Integrated","Thanatos_","0272","Thanatos_0272","","","","Покойтесь зі світом.","","",""
"Integrated","Thanatos_","0273","Thanatos_0273","","","","Прощавай.","","",""
"Integrated","Thanatos_","0274","Thanatos_0274","","","","До зустрічі.","","",""
"Integrated","Thanatos_","0275","Thanatos_0275","","","","Легко.","","",""
"Integrated","Thanatos_","0276","Thanatos_0276","","","","Просто.","","",""
"Integrated","Thanatos_","0277","Thanatos_0277","","","","Мрець.","","",""
"Integrated","Thanatos_","0278","Thanatos_0278","","","","Мрець!..","","",""
"Integrated","Thanatos_","0279","Thanatos_0279","","","","Згинув.","","",""
"Integrated","Thanatos_","0280","Thanatos_0280","","","","На одного менше.","","",""
"Integrated","Thanatos_","0281","Thanatos_0281","","","","Ще один згинув.","","",""
"Integrated","Thanatos_","0282","Thanatos_0282","","","","Одним менше.","","",""
"Integrated","Thanatos_","0283","Thanatos_0283","","","","Ось так.","","",""
"Integrated","Thanatos_","0284","Thanatos_0284","","","","<Усміхається>","","",""
"Integrated","Thanatos_","0285","Thanatos_0285","","","","<Досить сміється>","","",""
"Integrated","Thanatos_","0286","Thanatos_0286","","","","<Досить сміється>","","",""
"Integrated","Thanatos_","0287","Thanatos_0287","","","","Ви всі помрете.","","",""
"Integrated","Thanatos_","0288","Thanatos_0288","","","","Ви все згинете.","","",""
"Integrated","Thanatos_","0289","Thanatos_0289","","","","Смертний вирок.","","",""
"Integrated","Thanatos_","0290","Thanatos_0290","","","","Смертний вирок!..","","",""
"Integrated","Thanatos_","0291","Thanatos_0291","","","","Смерть і тління.","","",""
"Integrated","Thanatos_","0292","Thanatos_0292","","","","Вірна смерть.","","",""
"Integrated","Thanatos_","0293","Thanatos_0293","","","","Тремти й помри.","","",""
"Integrated","Thanatos_","0294","Thanatos_0294","","","","Хто помре наступним?","","",""
"Integrated","Thanatos_","0295","Thanatos_0295","","","","Згинь.","","",""
"Integrated","Thanatos_","0296","Thanatos_0296","","","","Помри...","","",""
"Integrated","Thanatos_","0297","Thanatos_0297","","","","Помри!..","","",""
"Integrated","Thanatos_","0298","Thanatos_0298","","","","Хра-а-ах!..","","",""
"Integrated","Thanatos_","0299","Thanatos_0299","","","","Хрн-м-м!","","",""
"Integrated","Thanatos_","0300","Thanatos_0300","","","","Нр-г-гх-х!","","",""
"Integrated","Thanatos_","0301","Thanatos_0301","","","","Обережно, чорт забирай.","","",""
"Integrated","Thanatos_","0302","Thanatos_0302","","","","Обережніше там.","","",""
"Integrated","Thanatos_","0303","Thanatos_0303","","","","Бережись!..","","",""
"Integrated","Thanatos_","0304","Thanatos_0304","","","","Не лізь під ноги.","","",""
"Integrated","Thanatos_","0305","Thanatos_0305","","","","Загрій!","","",""
"Integrated","Thanatos_","0306","Thanatos_0306","","","","Тільки не в мою зміну.","","",""
"Integrated","Thanatos_","0307","Thanatos_0307","","","","Дивись не вмирай, Загрей.","","",""
"Integrated","Thanatos_","0308","Thanatos_0308","","","","Тримайся, Заг.","","",""
"Integrated","Thanatos_","0309","Thanatos_0309","","","","Не мене, ідіот.","","",""
"Integrated","Thanatos_","0310","Thanatos_0310","","","","Це не допомагає, Загрей.","","",""
"Integrated","Thanatos_","0311","Thanatos_0311","","","","Я на твоїй стороні.","","",""
"Integrated","Thanatos_","0312","Thanatos_0312","","","","Ти не можеш завдати мені болю.","","",""
"Integrated","Thanatos_","0313","Thanatos_0313","","","","Серйозно, Заг?","","",""
"Integrated","Thanatos_","0314","Thanatos_0314","","","","Бийся з ними, не зі мною.","","",""
"Integrated","Thanatos_","0315","Thanatos_0315","","","","Ти мені заважаєш, Заг.","","",""
"Integrated","Thanatos_","0316","Thanatos_0316","","","","Ти збираєшся мені допомогти, чи як?","","",""
"Integrated","Thanatos_","0317","Thanatos_0317","","","","Це неефективно, Заг.","","",""
"Integrated","Thanatos_","0318","Thanatos_0318","","","","Навіщо старатися?","","",""
"Integrated","Thanatos_","0319","Thanatos_0319","","","","Не я твій супротивник, Заг.","","",""
"Integrated","Thanatos_","0320","Thanatos_0320","","","","Не відчувай моє терпіння, Загрій.","","",""
"Integrated","Thanatos_","0321","Thanatos_0321","","","","Я не буду битися з тобою, Заг.","","",""
"Integrated","Thanatos_","0322","Thanatos_0322","","","","Стеж, куди попадаєш.","","",""
"Integrated","Thanatos_","0323","Thanatos_0323","","","","Значить домовились.","","",""
"Integrated","Thanatos_","0324","Thanatos_0324","","","","Що ж, домовились.","","",""
"Integrated","Thanatos_","0325","Thanatos_0325","","","","Це був останній.","","",""
"Integrated","Thanatos_","0326","Thanatos_0326","","","","Мабуть, вистачить.","","",""
"Integrated","Thanatos_","0327","Thanatos_0327","","","","Ми їх відкинули.","","",""
"Integrated","Thanatos_","0328","Thanatos_0328","","","","Це все.","","",""
"Integrated","Thanatos_","0329","Thanatos_0329","","","","Я нікому про це не скажу.","","",""
"Integrated","Thanatos_","0330","Thanatos_0330","","","","Про це ніде не буде сказано.","","",""
"Integrated","Thanatos_","0331","Thanatos_0331","","","","Питання вичерпане.","","",""
"Integrated","Thanatos_","0332","Thanatos_0332","","","","Хм, ти ще живий?","","",""
"Integrated","Thanatos_","0333","Thanatos_0333","","","","...Можеш не дякувати.","","",""
"Integrated","Thanatos_","0334","Thanatos_0334","","","","Непогано, Заг. Ось.","","",""
"Integrated","Thanatos_","0335","Thanatos_0335","","","","Наступного разу залиши трохи і для мене.","","",""
"Integrated","Thanatos_","0336","Thanatos_0336","","","","Ти знищив більше проклятих, ніж я.","","",""
"Integrated","Thanatos_","0337","Thanatos_0337","","","","Ти закінчив більше мертвих, ніж я, ха.","","",""
"Integrated","Thanatos_","0338","Thanatos_0338","","","","Ти вистояв.","","",""
"Integrated","Thanatos_","0339","Thanatos_0339","","","","Гадаю, ти тримався твердо.","","",""
"Integrated","Thanatos_","0340","Thanatos_0340","","","","Ти непогано справляєшся.","","",""
"Integrated","Thanatos_","0341","Thanatos_0341","","","","Ти безрозсудний, але дуже швидкий.","","",""
"Integrated","Thanatos_","0342","Thanatos_0342","","","","Маю визнати, ти дуже швидкий.","","",""
"Integrated","Thanatos_","0343","Thanatos_0343","","","","Дещо тобі.","","",""
"Integrated","Thanatos_","0344","Thanatos_0344","","","","Ти став сильнішим, Заг.","","",""
"Integrated","Thanatos_","0345","Thanatos_0345","","","","Відмінна робота, друже мій.","","",""
"Integrated","Thanatos_","0346","Thanatos_0346","","","","Давай вважатимемо, що це нічия.","","",""
"Integrated","Thanatos_","0347","Thanatos_0347","","","","Ха, нічия.","","",""
"Integrated","Thanatos_","0348","Thanatos_0348","","","","Порівну.","","",""
"Integrated","Thanatos_","0349","Thanatos_0349","","","","У нас нічия.","","",""
"Integrated","Thanatos_","0350","Thanatos_0350","","","","Схоже, ніхто не переміг.","","",""
"Integrated","Thanatos_","0351","Thanatos_0351","","","","І знову нічия, ха.","","",""
"Darren","Thanatos_","0375","Thanatos_0375","","","","Ти мене викликав, і ось я тут. Нумо ж покінчимо з цим.","","",""
"Darren","Thanatos_","0376","Thanatos_0376","","","","Я отримав твоє повідомлення і прибув як тільки зміг.","","",""
"Darren","Thanatos_","0378","Thanatos_0378","","","","Ти викликав допомогу. Ось вона.","","",""
"Integrated","Thanatos_","0381","Thanatos_0381","","","","Цей був моїм.","","",""
"Integrated","Thanatos_","0382","Thanatos_0382","","","","Це була моя жертва.","","",""
"Integrated","Thanatos_","0383","Thanatos_0383","","","","Все зрозуміло.","","",""
"Integrated","Thanatos_","0384","Thanatos_0384","","","","Ти забрав мою жертву.","","",""
"Integrated","Thanatos_","0385","Thanatos_0385","","","","Вибери собі свою ціль.","","",""
"Integrated","Thanatos_","0386","Thanatos_0386","","","","Що правда?","","",""
"Integrated","Thanatos_","0387","Thanatos_0387","","","","Думаєш, чи зможеш мене обігнати?","","",""
"Integrated","Thanatos_","0388","Thanatos_0388","","","","Брудний прийом.","","",""
"Integrated","Thanatos_","0389","Thanatos_0389","","","","О-хо-хо.","","",""
"Integrated","Thanatos_","0390","Thanatos_0390","","","","Отже, ось воно як.","","",""
"Integrated","Thanatos_","0391","Thanatos_0391","","","","Знайди свою власну жертву.","","",""
"Integrated","Thanatos_","0392","Thanatos_0392","","","","Цей був моїм.","","",""
"Integrated","Thanatos_","0393","Thanatos_0393","","","","","","",""
"Integrated","Thanatos_","0394","Thanatos_0394","","","","","","",""
"Integrated","Thanatos_","0395","Thanatos_0395","","","","","","",""
"Integrated","Thanatos_","0396","Thanatos_0396","","","","","","",""
"Integrated","Thanatos_","0397","Thanatos_0397","","","","","","",""
"Integrated","Thanatos_","0398","Thanatos_0398","","","","","","",""
"Integrated","Thanatos_","0399","Thanatos_0399","","","","","","",""
"Integrated","Thanatos_","0400","Thanatos_0400","","","","","","",""
"Integrated","Thanatos_","0401","Thanatos_0401","","","","","","",""
"Integrated","Thanatos_","0402","Thanatos_0402","","","","","","",""
"Integrated","Thanatos_","0403","Thanatos_0403","","","","","","",""
"Integrated","Thanatos_","0404","Thanatos_0404","","","","","","",""
"Integrated","Thanatos_","0405","Thanatos_0405","","","","","","",""
"Integrated","Thanatos_","0406","Thanatos_0406","","","","","","",""
"Integrated","Thanatos_","0407","Thanatos_0407","","","","","","",""
"Integrated","Thanatos_","0408","Thanatos_0408","","","","","","",""
"Integrated","Thanatos_","0409","Thanatos_0409","","","","","","",""
"Integrated","Thanatos_","0410","Thanatos_0410","","","","","","",""
"Integrated","Thanatos_","0411","Thanatos_0411","","","","","","",""
"Integrated","Thanatos_","0425","Thanatos_0425","","","","Ласкаво просимо знову.","","",""
"Integrated","Thanatos_","0426","Thanatos_0426","","","","Привіт, Заг.","","",""
"Integrated","Thanatos_","0427","Thanatos_0427","","","","Вітаю.","","",""
"Integrated","Thanatos_","0428","Thanatos_0428","","","","Ти знову тут.","","",""
"Integrated","Thanatos_","0429","Thanatos_0429","","","","Ти добре попрацював там.","","",""
"Integrated","Thanatos_","0430","Thanatos_0430","","","","Чудово спрацьовано.","","",""
"Integrated","Thanatos_","0431","Thanatos_0431","","","","Чудова робота.","","",""
"Integrated","Thanatos_","0432","Thanatos_0432","","","","Я чув, що в тебе все вийшло, Заг.","","",""
"Integrated","Thanatos_","0433","Thanatos_0433","","","","Знову пройшов весь цей шлях, ха.","","",""
"Integrated","Thanatos_","0434","Thanatos_0434","","","","Я радий, що ти повернувся.","","",""
"Integrated","Thanatos_","0435","Thanatos_0435","","","","Повернувся цілим і неушкодженим.","","",""
"Integrated","Thanatos_","0436","Thanatos_0436","","","","Сюди.","","",""
"Integrated","Thanatos_","0437","Thanatos_0437","","","","Хм, привіт.","","",""
"Integrated","Thanatos_","0438","Thanatos_0438","","","","Як справи, Заг?","","",""
"Darren","Thanatos_","0468","Thanatos_0468","","","","<Сміється>","","",""
"Darren","Thanatos_","0469","Thanatos_0469","","","","<Сміється>","","",""
"Darren","Thanatos_","0470","Thanatos_0470","","","","<Сміється>","","",""
"Darren","Thanatos_","0471","Thanatos_0471","","","","<Задоволено сміється>","","",""
"Darren","Thanatos_","0472","Thanatos_0472","","","","<Задоволено сміється>","","",""
"Darren","Thanatos_","0481","Thanatos_0481","","","","Дуже добре.","","",""
"Darren","Thanatos_","0482","Thanatos_0482","","","","Я розумію.","","",""
"Darren","Thanatos_","0483","Thanatos_0483","","","","Гаразд.","","",""
"Darren","Thanatos_","0484","Thanatos_0484","","","","Вважай, все вже зроблено.","","",""
"Darren","Thanatos_","0485","Thanatos_0485","","","","Звичайно.","","",""
"Darren","Thanatos_","0486","Thanatos_0486","","","","Так.","","",""
"Integrated","Thanatos_","0487","Thanatos_0487","","","","Вельми вдячний.","","",""
"Darren","Thanatos_","0488","Thanatos_0488","","","","Вельми вдячний.","","",""
"Integrated","Thanatos_","0489","Thanatos_0489","","","","Це підійде.","","",""
"Integrated","Thanatos_","0490","Thanatos_0490","","","","Дякую.","","",""
"Integrated","Thanatos_","0491","Thanatos_0491","","","","Чудово.","","",""
"Integrated","Thanatos_","0492","Thanatos_0492","","","","Дуже добре.","","",""
"Darren","Thanatos_","0493","Thanatos_0493","","","","Я твій боржник.","","",""
"Darren","Thanatos_","0494","Thanatos_0494","","","","У мене є для тебе щось.","","",""
"Darren","Thanatos_","0495","Thanatos_0495","","","","У мене є щось для тебе.","","",""
"Darren","Thanatos_","0496","Thanatos_0496","","","","Тобі це знадобиться?","","",""
"Darren","Thanatos_","0497","Thanatos_0497","","","","Я подумав, що тобі це знадобиться.","","",""
"Integrated","Thanatos_","0498","Thanatos_0498","","","","Подбай про це для мене.","","",""
"Darren","Thanatos_","0499","Thanatos_0499","","","","Неприйнятно.","","",""
"Darren","Thanatos_","0500","Thanatos_0500","","","","Що тут сталося?","","",""
"Darren","Thanatos_","0501","Thanatos_0501","","","","Я так і знав.","","",""
"Darren","Thanatos_","0502","Thanatos_0502","","","","Повірити не можу.","","",""
"Darren","Thanatos_","0503","Thanatos_0503","","","","Як принизливо.","","",""
"Darren","Thanatos_","0504","Thanatos_0504","","","","Що?..","","",""
"Darren","Thanatos_","0505","Thanatos_0505","","","","Рн-н-гх-х...","","",""
"Darren","Thanatos_","0506","Thanatos_0506","","","","Ах ти...","","",""
"Darren","Thanatos_","0507","Thanatos_0507","","","","Та що з тобою таке?","","",""
"Darren","Thanatos_","0508","Thanatos_0508","","","","Ти знаєш, що ти накоїв?","","",""
"Darren","Thanatos_","0509","Thanatos_0509","","","","Неймовірно.","","",""
"Darren","Thanatos_","0510","Thanatos_0510","","","","Безглуздо.","","",""
"Darren","Thanatos_","0511","Thanatos_0511","","","","Кров та пітьма.","","",""
"Darren","Thanatos_","0512","Thanatos_0512","","","","Геть з моїх очей.","","",""
"Darren","Thanatos_","0513","Thanatos_0513","","","","Залиш мене.","","",""
"Darren","Thanatos_","0514","Thanatos_0514","","","","Забирайся.","","",""
"Integrated","Thanatos_","0515","Thanatos_0515","","","","Що?..","","",""
"Darren","Thanatos_","0516","Thanatos_0516","","","","Це правда?..","","",""
"Darren","Thanatos_","0517","Thanatos_0517","","","","Ти впевнений?..","","",""
"Integrated","Thanatos_","0518","Thanatos_0518","","","","Це неможливо...","","",""
"Darren","Thanatos_","0519","Thanatos_0519","","","","Як таке можливо....","","",""
"Darren","Thanatos_","0520","Thanatos_0520","","","","Відмінна робота, Загрей.","","",""
"Darren","Thanatos_","0521","Thanatos_0521","","","","Я вражений.","","",""
"Darren","Thanatos_","0522","Thanatos_0522","","","","Вражає.","","",""
"Darren","Thanatos_","0523","Thanatos_0523","","","","Дуже непогано.","","",""
"Darren","Thanatos_","0524","Thanatos_0524","","","","А ти простий.","","",""
"Integrated","Thanatos_","0525","Thanatos_0525","","","","Що це, Заг?","","",""
"Darren","Thanatos_","0526","Thanatos_0526","","","","Я ціную твою турботу...","","",""
"Darren","Thanatos_","0527","Thanatos_0527","","","","Гадки не маю, що мені з цим робити.","","",""
"Darren","Thanatos_","0529","Thanatos_0529","","","","Не знаю, навіщо ти вручаєш це мені.","","",""
"Darren","Thanatos_","0530","Thanatos_0530","","","","Якщо ти цього справді хочеш...","","",""
"Darren","Thanatos_","0531","Thanatos_0531","","","","Я не можу прийняти це, Загрей.","","",""
"Darren","Thanatos_","0532","Thanatos_0532","","","","Мені не слід приймати таке.","","",""
"Darren","Thanatos_","0533","Thanatos_0533","","","","Я не можу.","","",""
"Integrated","Thanatos_","0534","Thanatos_0534","","","","Хочу попросити в тебе дещо.","","",""
"Darren","Thanatos_","0535","Thanatos_0535","","","","Хочу, щоб ти дещо для мене зробив.","","",""
"Integrated","Thanatos_","0560","Thanatos_0560","","","","Ти повертаєшся назад?","","",""
"Integrated","Thanatos_","0561","Thanatos_0561","","","","Не затримуйся надовго.","","",""
"Integrated","Thanatos_","0562","Thanatos_0562","","","","Не хвилюйся, Заг, я відвернувся.","","",""
"Integrated","Thanatos_","0563","Thanatos_0563","","","","Я нічого не бачив.","","",""
"Integrated","Thanatos_","0564","Thanatos_0564","","","","Вітаю.","","",""
"Integrated","Thanatos_","0565","Thanatos_0565","","","","Повернувся, ха.","","",""
"Integrated","Thanatos_","0566","Thanatos_0566","","","","У тебе вийшло.","","",""
"Integrated","Thanatos_","0567","Thanatos_0567","","","","Перестав винюхувати?","","",""
"Integrated","Thanatos_","0568","Thanatos_0568","","","","Тобі там дісталося?","","",""
