"ThanatosField","ID","ID","ID","","","","Line","","","Notes by DK"
"Integrated","ThanatosField_","9","ThanatosField_0009","","","","Смерть наближається!","","",""
"Integrated","ThanatosField_","10","ThanatosField_0010","","","","Я допоможу тобі.","","",""
"Integrated","ThanatosField_","11","ThanatosField_0011","","","","Тримайся!","","",""
"Integrated","ThanatosField_","12","ThanatosField_0012","","","","Відійди.","","",""
"Integrated","ThanatosField_","13","ThanatosField_0013","","","","Ти кликав мене?","","",""
"Integrated","ThanatosField_","14","ThanatosField_0014","","","","Я впораюся.","","",""
"Integrated","ThanatosField_","15","ThanatosField_0015","","","","Без проблем.","","",""
"Integrated","ThanatosField_","16","ThanatosField_0016","","","","Я тут.","","",""
"Integrated","ThanatosField_","17","ThanatosField_0017","","","","Загрей.","","",""
"Integrated","ThanatosField_","18","ThanatosField_0018","","","","Тобі допомогти?","","",""
"Integrated","ThanatosField_","19","ThanatosField_0019","","","","Тільки подивіться, яка заварушка.","","",""
"Integrated","ThanatosField_","20","ThanatosField_0020","","","","Приготуйся померти!","","",""
"Integrated","ThanatosField_","21","ThanatosField_0021","","","","Смерть!","","",""
"Integrated","ThanatosField_","22","ThanatosField_0022","","","","Смертний вирок!","","",""
"Integrated","ThanatosField_","23","ThanatosField_0023","","","","Час помирати!","","",""
"Integrated","ThanatosField_","24","ThanatosField_0024","","","","Хто піде зі мною?","","",""
"Integrated","ThanatosField_","25","ThanatosField_0025","","","","Час прийшов!","","",""
"Integrated","ThanatosField_","26","ThanatosField_0026","","","","Мегера!","","",""
"Integrated","ThanatosField_","27","ThanatosField_0027","","","","Шкода, що мені доводиться робити це.","","",""
"Integrated","ThanatosField_","28","ThanatosField_0028","","","","Прошу вибачення!","","",""
"Integrated","ThanatosField_","29","ThanatosField_0029","","","","Вибач за мою грубість.","","",""
"Integrated","ThanatosField_","30","ThanatosField_0030","","","","Шкода, що мені доводиться втручатися.","","",""
"Integrated","ThanatosField_","31","ThanatosField_0031","","","","Не змушуй мене робити це, Заг.","","",""
"Integrated","ThanatosField_","32","ThanatosField_0032","","","","Ця штука тебе турбує?","","",""
"Integrated","ThanatosField_","33","ThanatosField_0033","","","","Погана позиція, так, Заг?","","",""
"Integrated","ThanatosField_","34","ThanatosField_0034","","","","Вона просто не хоче залишатися мертвою.","","",""
"Integrated","ThanatosField_","35","ThanatosField_0035","","","","Гідра!","","",""
"Integrated","ThanatosField_","36","ThanatosField_0036","","","","Уф, це пекло.","","",""
"Integrated","ThanatosField_","37","ThanatosField_0037","","","","Ну і заварушка.","","",""
"Integrated","ThanatosField_","38","ThanatosField_0038","","","","Бик Міноса!","","",""
"Integrated","ThanatosField_","39","ThanatosField_0039","","","","Вітаю тебе, бик.","","",""
"Integrated","ThanatosField_","40","ThanatosField_0040","","","","Вітаю тебе, бику!","","",""
"Integrated","ThanatosField_","41","ThanatosField_0041","","","","Дай йому спокій, бик.","","",""
"Integrated","ThanatosField_","42","ThanatosField_0042","","","","Ти помреш знову, напівбик.","","",""
"Integrated","ThanatosField_","43","ThanatosField_0043","","","","Бик Міноса?","","",""
"Integrated","ThanatosField_","44","ThanatosField_0044","","","","Цар Тесей!","","",""
"Integrated","ThanatosField_","45","ThanatosField_0045","","","","Ти пам'ятаєш мене, о царю?","","",""
"Integrated","ThanatosField_","46","ThanatosField_0046","","","","Вітаю тебе, царю!","","",""
"Integrated","ThanatosField_","47","ThanatosField_0047","","","","Це сам чемпіон!","","",""
"Integrated","ThanatosField_","48","ThanatosField_0048","","","","Я повернувся, царе Тесею.","","",""
"Integrated","ThanatosField_","49","ThanatosField_0049","","","","Нумо зрівняємо сили.","","",""
"Integrated","ThanatosField_","50","ThanatosField_0050","","","","Мій повелитель!","","",""
"Integrated","ThanatosField_","51","ThanatosField_0051","","","","Вибачте мене, повелителю!","","",""
"Integrated","ThanatosField_","52","ThanatosField_0052","","","","Володар Аїд!","","",""
"Integrated","ThanatosField_","53","ThanatosField_0053","","","","Я повинен допомогти йому, володарю!","","",""
"Integrated","ThanatosField_","54","ThanatosField_0054","","","","Це не те, що ви подумали, володарю!","","",""
"Integrated","ThanatosField_","55","ThanatosField_0055","","","","Серйозно, Загрей?!","","",""
"Integrated","ThanatosField_","56","ThanatosField_0056","","","","Знову?","","",""
"Integrated","ThanatosField_","57","ThanatosField_0057","","","","Ну ж бо, ще раз!","","",""
"Integrated","ThanatosField_","58","ThanatosField_0058","","","","Ти сумував за мною, Загрею?","","",""
"Integrated","ThanatosField_","59","ThanatosField_0059","","","","Не можеш на мене надивитись?","","",""
"Integrated","ThanatosField_","60","ThanatosField_0060","","","","Смерті ще багато потрібно зробити.","","",""
"Integrated","ThanatosField_","61","ThanatosField_0061","","","","Уже?","","",""
"Integrated","ThanatosField_","62","ThanatosField_0062","","","","Уже, ха.","","",""
"Integrated","ThanatosField_","63","ThanatosField_0063","","","","Я повернувся.","","",""
"Integrated","ThanatosField_","64","ThanatosField_0064","","","","Не вмирай.","","",""
"Integrated","ThanatosField_","65","ThanatosField_0065","","","","Не зупиняйся.","","",""
"Integrated","ThanatosField_","66","ThanatosField_0066","","","","До зустрічі.","","",""
"Integrated","ThanatosField_","67","ThanatosField_0067","","","","Я все.","","",""
"Integrated","ThanatosField_","68","ThanatosField_0068","","","","Мені час.","","",""
"Integrated","ThanatosField_","69","ThanatosField_0069","","","","Покінчи з цим.","","",""
"Integrated","ThanatosField_","70","ThanatosField_0070","","","","Прощавай.","","",""
"Integrated","ThanatosField_","71","ThanatosField_0071","","","","Продовжуй битися!","","",""
"Integrated","ThanatosField_","72","ThanatosField_0072","","","","Далеко ще до того.","","",""
"Integrated","ThanatosField_","73","ThanatosField_0073","","","","Я вже тут!","","",""
"Integrated","ThanatosField_","74","ThanatosField_0074","","","","Я вже тут, Заг!","","",""
"Integrated","ThanatosField_","75","ThanatosField_0075","","","","Закінчуйте з цією нісенітницею.","","",""
"Integrated","ThanatosField_","76","ThanatosField_0076","","","","Серйозно?","","",""
"Integrated","ThanatosField_","77","ThanatosField_0077","","","","Серйозно?","","",""
"Integrated","ThanatosField_","78","ThanatosField_0078","","","","Та гаразд тобі, Заг.","","",""
"Integrated","ThanatosField_","79","ThanatosField_0079","","","","Серйозно, Загрей?","","",""
"Integrated","ThanatosField_","80","ThanatosField_0080","","","","Та годі тобі, Заг.","","",""
"Integrated","ThanatosField_","81","ThanatosField_0081","","","","Я не можу розірватися, Заг!","","",""
"Integrated","ThanatosField_","82","ThanatosField_0082","","","","Годі вже.","","",""
"Integrated","ThanatosField_","83","ThanatosField_0083","","","","Припини.","","",""
"Integrated","ThanatosField_","84","ThanatosField_0084","","","","Вгамуйся.","","",""
"Integrated","ThanatosField_","85","ThanatosField_0085","","","","Мегера тут?!","","",""
"Integrated","ThanatosField_","86","ThanatosField_0086","","","","Це що Мегера?","","",""
"Integrated","ThanatosField_","87","ThanatosField_0087","","","","Ми впораємося, Мегера.","","",""
"Integrated","ThanatosField_","88","ThanatosField_0088","","","","У цьому немає потреби, Мегера!","","",""
"Integrated","ThanatosField_","89","ThanatosField_0089","","","","Мегера, знову?","","",""
"Integrated","ThanatosField_","90","ThanatosField_0090","","","","Мегера!","","",""
"Integrated","ThanatosField_","91","ThanatosField_0091","","","","Мегера?!","","",""
"Integrated","ThanatosField_","92","ThanatosField_0092","","","","Я його знаю?","","",""
"Integrated","ThanatosField_","93","ThanatosField_0093","","","","Що він тут робить?","","",""
"Integrated","ThanatosField_","94","ThanatosField_0094","","","","Хто це?","","",""
"Integrated","ThanatosField_","95","ThanatosField_0095","","","","Він має намір допомагати?","","",""
"Integrated","ThanatosField_","96","ThanatosField_0096","","","","Це один із твоїх друзів, Заг?","","",""
"Integrated","ThanatosField_","97","ThanatosField_0097","","","","Ох цей скелет.","","",""
"Integrated","ThanatosField_","98","ThanatosField_0098","","","","Знову цей скелет.","","",""
"Integrated","ThanatosField_","99","ThanatosField_0099","","","","Сізіф!!!","","",""
"Integrated","ThanatosField_","100","ThanatosField_0100","","","","Сізіф?","","",""
"Integrated","ThanatosField_","101","ThanatosField_0101","","","","Сізіфе, як ти смієш?","","",""
"Integrated","ThanatosField_","102","ThanatosField_0102","","","","Ох вже цей Сізіф!","","",""
"Integrated","ThanatosField_","103","ThanatosField_0103","","","","Знову він?","","",""
"Integrated","ThanatosField_","104","ThanatosField_0104","","","","Навіщо просити його про допомогу?","","",""
"Integrated","ThanatosField_","105","ThanatosField_0105","","","","У цьому немає потреби, Заг!","","",""
"Integrated","ThanatosField_","106","ThanatosField_0106","","","","А він і справді допоміг!","","",""
"Integrated","ThanatosField_","107","ThanatosField_0107","","","","Що це, Загрей?","","",""
"Integrated","ThanatosField_","108","ThanatosField_0108","","","","Знову ти?","","",""
"Integrated","ThanatosField_","109","ThanatosField_0109","","","","Знову ти!","","",""
"Integrated","ThanatosField_","110","ThanatosField_0110","","","","Я ж наказав тобі провалювати!","","",""
"Integrated","ThanatosField_","111","ThanatosField_0111","","","","Не лізь під ноги!","","",""
"Integrated","ThanatosField_","112","ThanatosField_0112","","","","Геть!","","",""
"Integrated","ThanatosField_","113","ThanatosField_0113","","","","Не втручайся!","","",""
"Integrated","ThanatosField_","114","ThanatosField_0114","","","","Тобі сюди не можна!","","",""
"Integrated","ThanatosField_","115","ThanatosField_0115","","","","Ногм в руки, поки можеш.","","",""
"Integrated","ThanatosField_","116","ThanatosField_0116","","","","Час прийшов.","","",""
"Integrated","ThanatosField_","117","ThanatosField_0117","","","","Смерть прийшла.","","",""
"Integrated","ThanatosField_","118","ThanatosField_0118","","","","Смерті не уникнути.","","",""
"Integrated","ThanatosField_","119","ThanatosField_0119","","","","Я знайшов тебе, Загрей.","","",""
"Integrated","ThanatosField_","120","ThanatosField_0120","","","","Схоже, я якраз вчасно.","","",""
"Integrated","ThanatosField_","121","ThanatosField_0121","","","","Я повернувся.","","",""
"Integrated","ThanatosField_","122","ThanatosField_0122","","","","Так і думав, що знайду тебе тут.","","",""
"Integrated","ThanatosField_","123","ThanatosField_0123","","","","Давненько не бачилися, правда?","","",""
"Integrated","ThanatosField_","124","ThanatosField_0124","","","","Я був недалеко.","","",""
"Integrated","ThanatosField_","125","ThanatosField_0125","","","","Ну привіт, Загрей.","","",""
"Integrated","ThanatosField_","126","ThanatosField_0126","","","","Я повернувся.","","",""
"Integrated","ThanatosField_","139","ThanatosField_0139","","","","Разом, як минулого разу.","","",""
"Integrated","ThanatosField_","140","ThanatosField_0140","","","","Нахабні прокляті, вам час уже повернутися назад!","","",""
"Integrated","ThanatosField_","141","ThanatosField_0141","","","","Підходьте, прокляті, я оберну вас на порох!","","",""
"Integrated","ThanatosField_","142","ThanatosField_0142","","","","Хто хоче померти знову першим?","","",""
"Integrated","ThanatosField_","143","ThanatosField_0143","","","","Вас, так званих чемпіонів, не завадило б навчити скромності.","","",""
"Integrated","ThanatosField_","144","ThanatosField_0144","","","","Тепер всі в Елізіумі повинні дізнатися про нас.","","",""
"Integrated","ThanatosField_","145","ThanatosField_0145","","","","Подивимося, як швидко ми з цим покінчимо.","","",""
"Integrated","ThanatosField_","146","ThanatosField_0146","","","","Що ж, нумо починати.","","",""
"Integrated","ThanatosField_","147","ThanatosField_0147","","","","Маю сумнів, що це забере багато часу.","","",""
"Integrated","ThanatosField_","148","ThanatosField_0148","","","","Ось і вони.","","",""
"Integrated","ThanatosField_","150","ThanatosField_0150","","","","Помри.","","",""
"Integrated","ThanatosField_","151","ThanatosField_0151","","","","Наступний.","","",""
"Integrated","ThanatosField_","152","ThanatosField_0152","","","","Ось так.","","",""
"Integrated","ThanatosField_","153","ThanatosField_0153","","","","Готуйся.","","",""
"Integrated","ThanatosField_","154","ThanatosField_0154","","","","Попіл.","","",""
"Integrated","ThanatosField_","155","ThanatosField_0155","","","","Негідник.","","",""
"Integrated","ThanatosField_","156","ThanatosField_0156","","","","Згинув.","","",""
"Integrated","ThanatosField_","157","ThanatosField_0157","","","","Наступний?","","",""
"Integrated","ThanatosField_","158","ThanatosField_0158","","","","Підходьте!..","","",""
"Integrated","ThanatosField_","159","ThanatosField_0159","","","","Ні кроку далі...","","",""
"Integrated","ThanatosField_","160","ThanatosField_0160","","","","Ви все йдете зі мною!..","","",""
"Integrated","ThanatosField_","161","ThanatosField_0161","","","","Готуйтеся.","","",""
"Integrated","ThanatosField_","162","ThanatosField_0162","","","","Обережно!","","",""
"Integrated","ThanatosField_","163","ThanatosField_0163","","","","Дозволь мені про це подбати.","","",""
"Integrated","ThanatosField_","164","ThanatosField_0164","","","","Не витрачай цей шанс даремно!","","",""
"Integrated","ThanatosField_","165","ThanatosField_0165","","","","Ти послабив захист!","","",""
"Integrated","ThanatosField_","166","ThanatosField_0166","","","","Будь обережний.","","",""
"Integrated","ThanatosField_","167","ThanatosField_0167","","","","Ти зовсім розслабився.","","",""
"Integrated","ThanatosField_","168","ThanatosField_0168","","","","Прокляття, зосередься на них.","","",""
"Integrated","ThanatosField_","169","ThanatosField_0169","","","","Звільни мені трохи місця для роботи!","","",""
"Integrated","ThanatosField_","170","ThanatosField_0170","","","","Ситуація під контролем.","","",""
"Integrated","ThanatosField_","171","ThanatosField_0171","","","","Ти їх позбувся ненадовго.","","",""
"Integrated","ThanatosField_","172","ThanatosField_0172","","","","Про це не залишиться згадок.","","",""
"Integrated","ThanatosField_","173","ThanatosField_0173","","","","Вони просто не мали шансу.","","",""
"Integrated","ThanatosField_","174","ThanatosField_0174","","","","Зал зачищений.","","",""
"Integrated","ThanatosField_","175","ThanatosField_0175","","","","Ну от і все.","","",""
"Integrated","ThanatosField_","176","ThanatosField_0176","","","","З нас вийшла непогана команда.","","",""
"Integrated","ThanatosField_","177","ThanatosField_0177","","","","Приємно було мати з тобою справу.","","",""
"Integrated","ThanatosField_","178","ThanatosField_0178","","","","Ми швидко впоралися, чи не так?","","",""
"Integrated","ThanatosField_","179","ThanatosField_0179","","","","Було приємно мати з тобою справу.","","",""
"Integrated","ThanatosField_","180","ThanatosField_0180","","","","До скорої зустрічі.","","",""
"Integrated","ThanatosField_","181","ThanatosField_0181","","","","Треба повторити.","","",""
"Integrated","ThanatosField_","182","ThanatosField_0182","","","","Ти впораєшся.","","",""
"Integrated","ThanatosField_","183","ThanatosField_0183","","","","До зустрічі.","","",""
"Integrated","ThanatosField_","184","ThanatosField_0184","","","","Гадаю, з цим покінчено. До зустрічі.","","",""
"Integrated","ThanatosField_","185","ThanatosField_0185","","","","Ти це чесно заслужив.","","",""
"Integrated","ThanatosField_","186","ThanatosField_0186","","","","Ти знову переміг мене.","","",""
"Integrated","ThanatosField_","187","ThanatosField_0187","","","","Ти багатьох убив.","","",""
"Integrated","ThanatosField_","188","ThanatosField_0188","","","","Наступного разу я переможу.","","",""
"Integrated","ThanatosField_","189","ThanatosField_0189","","","","","","",""
"Integrated","ThanatosField_","190","ThanatosField_0190","","","","","","",""
"Integrated","ThanatosField_","191","ThanatosField_0191","","","","","","",""
"Integrated","ThanatosField_","192","ThanatosField_0192","","","","","","",""
"Integrated","ThanatosField_","193","ThanatosField_0193","","","","","","",""
"Integrated","ThanatosField_","194","ThanatosField_0194","","","","","","",""
"Integrated","ThanatosField_","195","ThanatosField_0195","","","","","","",""
"Integrated","ThanatosField_","196","ThanatosField_0196","","","","","","",""
"Integrated","ThanatosField_","197","ThanatosField_0197","","","","","","",""
"Darren","ThanatosField_","198","ThanatosField_0198","","","","","","",""
"Darren","ThanatosField_","199","ThanatosField_0199","","","","","","",""
"Darren","ThanatosField_","200","ThanatosField_0200","","","","","","",""
"Darren","ThanatosField_","201","ThanatosField_0201","","","","","","",""
"Integrated","ThanatosField_","202","ThanatosField_0202","","","","","","",""
"Integrated","ThanatosField_","203","ThanatosField_0203","","","","","","",""
"Integrated","ThanatosField_","204","ThanatosField_0204","","","","","","",""
"Integrated","ThanatosField_","205","ThanatosField_0205","","","","","","",""
"Integrated","ThanatosField_","206","ThanatosField_0206","","","","","","",""
"Integrated","ThanatosField_","207","ThanatosField_0207","","","","","","",""
"Integrated","ThanatosField_","208","ThanatosField_0208","","","","","","",""
"Integrated","ThanatosField_","0189","ThanatosField_0189","","","","Дуза?!","","",""
"Integrated","ThanatosField_","0190","ThanatosField_0190","","","","Дуза!","","",""
"Integrated","ThanatosField_","0191","ThanatosField_0191","","","","Дуза тут?","","",""
"Integrated","ThanatosField_","0192","ThanatosField_0192","","","","Як, Дуза?","","",""
"Integrated","ThanatosField_","0193","ThanatosField_0193","","","","Що ти твориш, Дузо?!","","",""
"Integrated","ThanatosField_","0194","ThanatosField_0194","","","","Ахіллес?!","","",""
"Integrated","ThanatosField_","0195","ThanatosField_0195","","","","Ахіллес!","","",""
"Integrated","ThanatosField_","0196","ThanatosField_0196","","","","Ахілес тут?","","",""
"Integrated","ThanatosField_","0197","ThanatosField_0197","","","","Як, Ахіллес?","","",""
"Integrated","ThanatosField_","0202","ThanatosField_0202","","","","Гаразд, гаразд, ти переміг.","","",""
"Integrated","ThanatosField_","0203","ThanatosField_0203","","","","А ти швидко впорався.","","",""
"Integrated","ThanatosField_","0204","ThanatosField_0204","","","","Якщо ти все зробив сам, тримай.","","",""
"Integrated","ThanatosField_","0205","ThanatosField_0205","","","","Схоже, у тебе все під контролем.","","",""
"Integrated","ThanatosField_","0206","ThanatosField_0206","","","","Як ти так швидко впорався?","","",""
"Integrated","ThanatosField_","0207","ThanatosField_0207","","","","Ого, Заг.","","",""
"Integrated","ThanatosField_","0208","ThanatosField_0208","","","","Повірити не можу.","","",""
"Integrated","ThanatosField_","0209","ThanatosField_0209","","","","Мушу визнати, ти поставив мене в незручне становище.","","",""
"Integrated","ThanatosField_","0210","ThanatosField_0210","","","","Харон!","","",""
"Integrated","ThanatosField_","0211","ThanatosField_0211","","","","Вітаю, Хароне.","","",""
"Integrated","ThanatosField_","0212","ThanatosField_0212","","","","Вітаю, брате!","","",""
"Integrated","ThanatosField_","0213","ThanatosField_0213","","","","Вибач, брат.","","",""
"Integrated","ThanatosField_","0214","ThanatosField_0214","","","","Дай йому спокій, Хароне.","","",""
"Integrated","ThanatosField_","0215","ThanatosField_0215","","","","Не заважай, брате.","","",""
"Integrated","ThanatosField_","0227","ThanatosField_0227","","","","Вони наближаються, Загрей. Будь напоготові.","","",""
"Integrated","ThanatosField_","0228","ThanatosField_0228","","","","Думаєш, зможеш знову обійти мене, Заг?","","",""
"Integrated","ThanatosField_","0229","ThanatosField_0229","","","","Як щодо того, щоб швидко з усім цим покінчити, Заг?","","",""
"Integrated","ThanatosField_","0230","ThanatosField_0230","","","","Боїшся, що цього разу мені вдасться перемогти більше, ніж тобі?","","",""
"Integrated","ThanatosField_","0231","ThanatosField_0231","","","","Гей, ви, готуйтеся померти знову.","","",""
"Integrated","ThanatosField_","0232","ThanatosField_0232","","","","А ось і вони, Заг, — свіженькі і готові до смерті.","","",""
"Integrated","ThanatosField_","0233","ThanatosField_0233","","","","Не будь надто безрозсудним у спробах обігнати мене, Загрей.","","",""
"Integrated","ThanatosField_","0234","ThanatosField_0234","","","","Схоже, ви, прокляті, так нічого і не навчилися.","","",""
"Integrated","ThanatosField_","0236","ThanatosField_0236","","","","Прощавай, Заг.","","",""
"Integrated","ThanatosField_","0237","ThanatosField_0237","","","","Я йду.","","",""
"Integrated","ThanatosField_","0238","ThanatosField_0238","","","","Що ж, я йду.","","",""
"Integrated","ThanatosField_","0239","ThanatosField_0239","","","","Приємно мати з тобою справу.","","",""
"Integrated","ThanatosField_","0240","ThanatosField_0240","","","","Мені час повертатися.","","",""
"Integrated","ThanatosField_","0241","ThanatosField_0241","","","","Ти впораєшся.","","",""
"Integrated","ThanatosField_","0242","ThanatosField_0242","","","","До зустрічі вдома.","","",""
"Integrated","ThanatosField_","0243","ThanatosField_0243","","","","Мені час іти далі.","","",""
"Integrated","ThanatosField_","0244","ThanatosField_0244","","","","Ах, я спізнюся.","","",""
"Integrated","ThanatosField_","0245","ThanatosField_0245","","","","Мене немає.","","",""
