"Theseus","ID","ID","ID","","","","Line"
"Integrated","Theseus_","0057","Theseus_0057","","","","Готово!"
"Integrated","Theseus_","0058","Theseus_0058","","","","Астерій!"
"Integrated","Theseus_","0059","Theseus_0059","","","","Бик!"
"Integrated","Theseus_","0060","Theseus_0060","","","","Ось!"
"Integrated","Theseus_","0061","Theseus_0061","","","","Нумо!"
"Integrated","Theseus_","0062","Theseus_0062","","","","Зараз!"
"Integrated","Theseus_","0063","Theseus_0063","","","","Разом!"
"Integrated","Theseus_","0064","Theseus_0064","","","","В атаку!"
"Integrated","Theseus_","0065","Theseus_0065","","","","Ха!"
"Integrated","Theseus_","0066","Theseus_0066","","","","Уперед!"
"Integrated","Theseus_","0067","Theseus_0067","","","","Покажи йому!"
"Integrated","Theseus_","0068","Theseus_0068","","","","Отримуй!"
"Integrated","Theseus_","0069","Theseus_0069","","","","Отримуй!"
"Integrated","Theseus_","0070","Theseus_0070","","","","Ось тобі!!!"
"Integrated","Theseus_","0071","Theseus_0071","","","","Помри!"
"Integrated","Theseus_","0072","Theseus_0072","","","","<Сміється>"
"Integrated","Theseus_","0073","Theseus_0073","","","","<Сміється>"
"Integrated","Theseus_","0074","Theseus_0074","","","","Бичачий ріг!"
"Integrated","Theseus_","0075","Theseus_0075","","","","Бичачий ріг!"
"Integrated","Theseus_","0076","Theseus_0076","","","","Геть!"
"Integrated","Theseus_","0077","Theseus_0077","","","","Ну ж бо, демоне!.."
"Integrated","Theseus_","0078","Theseus_0078","","","","Готуйся!"
"Integrated","Theseus_","0079","Theseus_0079","","","","Приготуйся!"
"Integrated","Theseus_","0080","Theseus_0080","","","","Не стримуйся!"
"Integrated","Theseus_","0081","Theseus_0081","","","","Нумо, виродок пекла!.."
"Integrated","Theseus_","0082","Theseus_0082","","","","Ти готовий?"
"Integrated","Theseus_","0083","Theseus_0083","","","","Готуйся!"
"Integrated","Theseus_","0084","Theseus_0084","","","","Ось тобі, демоне!"
"Integrated","Theseus_","0085","Theseus_0085","","","","Стій, монстре!"
"Integrated","Theseus_","0086","Theseus_0086","","","","Ось!"
"Integrated","Theseus_","0087","Theseus_0087","","","","Лови!"
"Integrated","Theseus_","0088","Theseus_0088","","","","Олімпійці! Допоможіть нам здолати демона!"
"Integrated","Theseus_","0089","Theseus_0089","","","","Олімпійці, я кличу до вас про допомогу!"
"Integrated","Theseus_","0090","Theseus_0090","","","","Боги Олімпу, я зупиню цього монстра!"
"Integrated","Theseus_","0091","Theseus_0091","","","","О, боги, надайте мені сил!"
"Integrated","Theseus_","0092","Theseus_0092","","","","О, боги, даруйте мені свою силу!"
"Integrated","Theseus_","0093","Theseus_0093","","","","Силою Олімпу!"
"Integrated","Theseus_","0094","Theseus_0094","","","","Пізнай силу богів!"
"Integrated","Theseus_","0095","Theseus_0095","","","","Почуйте мене, боги!"
"Integrated","Theseus_","0096","Theseus_0096","","","","Володарю Зевсе, я закликаю до твоєї могутності!"
"Integrated","Theseus_","0097","Theseus_0097","","","","Володарю Зевсе, мені потрібна твоя сила!"
"Integrated","Theseus_","0098","Theseus_0098","","","","Володарю Посейдоне, я закликаю до твоєї могутності!"
"Integrated","Theseus_","0099","Theseus_0099","","","","Володарю Посейдоне, допоможи ж мені!"
"Integrated","Theseus_","0100","Theseus_0100","","","","Богиня Афіна, даруй мені свою силу!"
"Integrated","Theseus_","0101","Theseus_0101","","","","Богиня Афіна, мені потрібна твоя допомога, зараз!"
"Integrated","Theseus_","0102","Theseus_0102","","","","Володарко Артеміде, дай мені справжню силу!"
"Integrated","Theseus_","0103","Theseus_0103","","","","Володарко Артеміде, я благаю тебе, направ мій спис!!!"
"Integrated","Theseus_","0104","Theseus_0104","","","","Володарю Арес, даруй мені свою силу!"
"Integrated","Theseus_","0105","Theseus_0105","","","","Володарю Арес, даруй мені свою міць!"
"Integrated","Theseus_","0106","Theseus_0106","","","","Володарю Діоніс, даруй мені свою силу!"
"Integrated","Theseus_","0107","Theseus_0107","","","","Володарю Діоніс, дай мені сил!"
"Integrated","Theseus_","0108","Theseus_0108","","","","Володарко Афродіто, спрямуй мою руку!"
"Integrated","Theseus_","0109","Theseus_0109","","","","Леді Афродіто, я кличу до тебе про допомогу!"
"Integrated","Theseus_","0110","Theseus_0110","","","","Хм-м, ну треба ж!"
"Integrated","Theseus_","0111","Theseus_0111","","","","Все ще живий, так?"
"Integrated","Theseus_","0112","Theseus_0112","","","","Нумо покінчимо з цим."
"Integrated","Theseus_","0113","Theseus_0113","","","","Я ще дістануся до тебе."
"Integrated","Theseus_","0114","Theseus_0114","","","","Це ще не кінець!"
"Integrated","Theseus_","0115","Theseus_0115","","","","О, ми ще не закінчили."
"Integrated","Theseus_","0116","Theseus_0116","","","","Вставай і бійся!"
"Integrated","Theseus_","0117","Theseus_0117","","","","Приготуйся померти!"
"Integrated","Theseus_","0118","Theseus_0118","","","","Повертайся до пекла!"
"Integrated","Theseus_","0119","Theseus_0119","","","","Тобі не можна тут перебувати!"
"Integrated","Theseus_","0120","Theseus_0120","","","","Та покарають тебе боги!"
"Integrated","Theseus_","0121","Theseus_0121","","","","Тобі не перемогти!"
"Integrated","Theseus_","0122","Theseus_0122","","","","Бачиш?"
"Integrated","Theseus_","0123","Theseus_0123","","","","Упертий дурень!"
"Integrated","Theseus_","0124","Theseus_0124","","","","Здавайся!"
"Integrated","Theseus_","0125","Theseus_0125","","","","Немає пощади монстрам!"
"Integrated","Theseus_","0126","Theseus_0126","","","","Помри з честю!"
"Integrated","Theseus_","0127","Theseus_0127","","","","Що?"
"Integrated","Theseus_","0128","Theseus_0128","","","","Щ..."
"Integrated","Theseus_","0129","Theseus_0129","","","","Як?"
"Integrated","Theseus_","0130","Theseus_0130","","","","Як це?.."
"Integrated","Theseus_","0131","Theseus_0131","","","","Так!.."
"Integrated","Theseus_","0132","Theseus_0132","","","","Силою богів!"
"Integrated","Theseus_","0133","Theseus_0133","","","","Хр-р-р!"
"Integrated","Theseus_","0134","Theseus_0134","","","","Ти негідник!"
"Integrated","Theseus_","0135","Theseus_0135","","","","Ошуканець!"
"Integrated","Theseus_","0136","Theseus_0136","","","","Обман!"
"Integrated","Theseus_","0137","Theseus_0137","","","","Підступність!"
"Integrated","Theseus_","0138","Theseus_0138","","","","Безумство!"
"Integrated","Theseus_","0139","Theseus_0139","","","","Брехун!"
"Integrated","Theseus_","0140","Theseus_0140","","","","Що ж це таке?"
"Integrated","Theseus_","0141","Theseus_0141","","","","Пізнай страждання, демон."
"Integrated","Theseus_","0142","Theseus_0142","","","","Ось тобі, монстре."
"Integrated","Theseus_","0143","Theseus_0143","","","","Ось!"
"Integrated","Theseus_","0144","Theseus_0144","","","","А-ха-ха!"
"Integrated","Theseus_","0145","Theseus_0145","","","","Ха!"
"Integrated","Theseus_","0146","Theseus_0146","","","","Я вижену тебе звідси."
"Integrated","Theseus_","0147","Theseus_0147","","","","Бачиш?"
"Integrated","Theseus_","0148","Theseus_0148","","","","Відкрився."
"Integrated","Theseus_","0149","Theseus_0149","","","","Занадто повільно!"
"Integrated","Theseus_","0150","Theseus_0150","","","","Попався!"
"Integrated","Theseus_","0151","Theseus_0151","","","","Як це?"
"Integrated","Theseus_","0152","Theseus_0152","","","","Ти монстр!"
"Integrated","Theseus_","0153","Theseus_0153","","","","Демон!"
"Integrated","Theseus_","0154","Theseus_0154","","","","Породження Тартара!"
"Integrated","Theseus_","0155","Theseus_0155","","","","Назад!"
"Integrated","Theseus_","0156","Theseus_0156","","","","Назад, демоне!"
"Integrated","Theseus_","0157","Theseus_0157","","","","Бійся зі мною!"
"Integrated","Theseus_","0158","Theseus_0158","","","","На коліна!"
"Integrated","Theseus_","0159","Theseus_0159","","","","Геть!"
"Integrated","Theseus_","0160","Theseus_0160","","","","Захищайся!"
"Integrated","Theseus_","0161","Theseus_0161","","","","До зброї!"
"Integrated","Theseus_","0162","Theseus_0162","","","","Помри ж, негідник."
"Integrated","Theseus_","0163","Theseus_0163","","","","Прокляття!"
"Integrated","Theseus_","0164","Theseus_0164","","","","Будь ти проклятий."
"Integrated","Theseus_","0165","Theseus_0165","","","","Будь ти проклятий!"
"Integrated","Theseus_","0166","Theseus_0166","","","","Ти поранив мене!"
"Integrated","Theseus_","0167","Theseus_0167","","","","Ха!"
"Integrated","Theseus_","0168","Theseus_0168","","","","Гаразд!"
"Integrated","Theseus_","0169","Theseus_0169","","","","Точний удар."
"Integrated","Theseus_","0170","Theseus_0170","","","","Твердий удар."
"Integrated","Theseus_","0171","Theseus_0171","","","","Ти наважився?"
"Integrated","Theseus_","0172","Theseus_0172","","","","Пф-ф."
"Integrated","Theseus_","0173","Theseus_0173","","","","Пф-ф."
"Integrated","Theseus_","0174","Theseus_0174","","","","Оце так."
"Integrated","Theseus_","0175","Theseus_0175","","","","Ну ти."
"Integrated","Theseus_","0176","Theseus_0176","","","","Нр-рх."
"Integrated","Theseus_","0177","Theseus_0177","","","","Ти!.."
"Integrated","Theseus_","0178","Theseus_0178","","","","Ось і все, демон!"
"Integrated","Theseus_","0179","Theseus_0179","","","","Знову!"
"Integrated","Theseus_","0180","Theseus_0180","","","","А демон з іклами!"
"Integrated","Theseus_","0181","Theseus_0181","","","","Бр-р, демон!"
"Integrated","Theseus_","0182","Theseus_0182","","","","Кх-х, монстр!"
"Integrated","Theseus_","0183","Theseus_0183","","","","Не так це просто!"
"Integrated","Theseus_","0184","Theseus_0184","","","","Слабак!"
"Integrated","Theseus_","0185","Theseus_0185","","","","Боги захистять мене!"
"Integrated","Theseus_","0186","Theseus_0186","","","","Мій щит твердий!"
"Integrated","Theseus_","0187","Theseus_0187","","","","А ось і ні!"
"Integrated","Theseus_","0188","Theseus_0188","","","","Думаю що ні."
"Integrated","Theseus_","0189","Theseus_0189","","","","Дурень."
"Integrated","Theseus_","0190","Theseus_0190","","","","Ніколи!"
"Integrated","Theseus_","0191","Theseus_0191","","","","Нізащо!"
"Integrated","Theseus_","0192","Theseus_0192","","","","Тобі ніколи не перемогти нас."
"Integrated","Theseus_","0193","Theseus_0193","","","","Ми з Астерієм непереможні."
"Integrated","Theseus_","0194","Theseus_0194","","","","Чудово, Астерій!"
"Integrated","Theseus_","0195","Theseus_0195","","","","З нас вийшов грізний дует, так, Астерій?"
"Integrated","Theseus_","0196","Theseus_0196","","","","Ти дурень, якщо пішов проти нашої сили."
"Integrated","Theseus_","0197","Theseus_0197","","","","Повертайся до пекла, де тебе породили."
"Integrated","Theseus_","0198","Theseus_0198","","","","Я скину тебе в глибини пекла."
"Integrated","Theseus_","0199","Theseus_0199","","","","Забирайся звідси і не повертайся, демоне."
"Integrated","Theseus_","0200","Theseus_0200","","","","Повертайся туди, звідки прийшов."
"Integrated","Theseus_","0201","Theseus_0201","","","","Тобі не раді в Елізіумі."
"Integrated","Theseus_","0202","Theseus_0202","","","","У тебе не було шансів проти чемпіона."
"Integrated","Theseus_","0203","Theseus_0203","","","","Наступного разу все може закінчитися ще гірше."
"Integrated","Theseus_","0204","Theseus_0204","","","","Елізіум - для великих, а не для таких, як ти!"
"Integrated","Theseus_","0205","Theseus_0205","","","","Тобі слід залишитися в глибинах пекла."
"Integrated","Theseus_","0206","Theseus_0206","","","","Як і очікувалося, ти не впорався."
"Integrated","Theseus_","0207","Theseus_0207","","","","Твої жалюгідні спроби тобі не допоможуть!"
"Integrated","Theseus_","0208","Theseus_0208","","","","Я відправлю тебе в пекло стільки разів, скільки знадобиться!"
"Integrated","Theseus_","0209","Theseus_0209","","","","Ти назавжди приречений програвати."
"Integrated","Theseus_","0210","Theseus_0210","","","","Це тобі за минулий раз, демоне!"
"Integrated","Theseus_","0211","Theseus_0211","","","","Ах, до чого ж солодка помста!"
"Integrated","Theseus_","0212","Theseus_0212","","","","Цим я підтверджую своє звання чемпіона!"
"Integrated","Theseus_","0213","Theseus_0213","","","","Н-н-ні-і-і!"
"Integrated","Theseus_","0214","Theseus_0214","","","","Що... Як?.."
"Integrated","Theseus_","0215","Theseus_0215","","","","Ти... демон!.."
"Integrated","Theseus_","0216","Theseus_0216","","","","Ти... монстр!.."
"Integrated","Theseus_","0217","Theseus_0217","","","","Ти... негідник!.."
"Integrated","Theseus_","0218","Theseus_0218","","","","Як-то... ти міг?.."
"Integrated","Theseus_","0219","Theseus_0219","","","","Кх-х... ах... ти..."
"Integrated","Theseus_","0220","Theseus_0220","","","","Нр-р-р-а-а-а-а!"
"Integrated","Theseus_","0221","Theseus_0221","","","","Гр-р-р-а-а-а!"
"Integrated","Theseus_","0222","Theseus_0222","","","","Бу-у-удь ти про-о-оклятий!"
"Integrated","Theseus_","0223","Theseus_0223","","","","Я ще повернуся!"
"Integrated","Theseus_","0224","Theseus_0224","","","","Я... ще... ах..."
"Integrated","Theseus_","0225","Theseus_0225","","","","Як... ти... ах-х-х."
"Integrated","Theseus_","0226","Theseus_0226","","","","Астерій!"
"Integrated","Theseus_","0227","Theseus_0227","","","","Ні, Астерій!"
"Integrated","Theseus_","0228","Theseus_0228","","","","Астерій, ні!"
"Integrated","Theseus_","0229","Theseus_0229","","","","Бик, ні!"
"Integrated","Theseus_","0230","Theseus_0230","","","","Ти прикінчив бика!"
"Integrated","Theseus_","0231","Theseus_0231","","","","Ти вбив бика!"
"Integrated","Theseus_","0232","Theseus_0232","","","","Він був моїм другом, мерзотник!"
"Integrated","Theseus_","0233","Theseus_0233","","","","Він був моїм другом!"
"Integrated","Theseus_","0234","Theseus_0234","","","","Прокляття, Астерій!"
"Integrated","Theseus_","0235","Theseus_0235","","","","Бик повалений?"
"Integrated","Theseus_","0236","Theseus_0236","","","","Та як ти міг?!"
"Integrated","Theseus_","0237","Theseus_0237","","","","Будь ти проклятий, демоне!"
"Integrated","Theseus_","0238","Theseus_0238","","","","Ні!"
"Integrated","Theseus_","0239","Theseus_0239","","","","А-а!"
"Integrated","Theseus_","0240","Theseus_0240","","","","Демоне! Хто навчив тебе такій незграбній техніці?!"
"Integrated","Theseus_","0241","Theseus_0241","","","","Демоне! Ти не гідний ходити цими священними стежками!"
"Integrated","Theseus_","0242","Theseus_0242","","","","Монстр! Твоя доблесть залишає бажати кращого!"
"Integrated","Theseus_","0243","Theseus_0243","","","","Монстр! У тебе немає ні сили, ні гідності, ні відваги!"
"Integrated","Theseus_","0244","Theseus_0244","","","","Хо-хо, негідник! У тебе, напевно, всі піджилки тремтять!"
"Integrated","Theseus_","0245","Theseus_0245","","","","Що, породження пекла! Ще не готовий визнати поразку?"
"Integrated","Theseus_","0246","Theseus_0246","","","","У тобі багато нахабства, породження пекла! Але воно тобі не допоможе!"
"Integrated","Theseus_","0247","Theseus_0247","","","","Іди сюди, монстре! Атакуй мене всім, чим можеш!"
"Integrated","Theseus_","0248","Theseus_0248","","","","Я не боюсь тебе, демоне! Твоя присутність - це образа для Елізіуму!"
"Integrated","Theseus_","0249","Theseus_0249","","","","Що ж, демоне! Ти не лякаєшся неминучого кінця своїх дурних пошуків?"
"Integrated","Theseus_","0250","Theseus_0250","","","","Ну, монстр! Ти правда думаєш, що тобі вистачить сил перемогти?!"
"Integrated","Theseus_","0251","Theseus_0251","","","","Негідник! Боги допоможуть мені, і ти скоро будеш повалений, присягаюсь своєю честю!"
"Integrated","Theseus_","0252","Theseus_0252","","","","Тепер абсолютно очевидно, що ти не заслуговуєш на мою увагу, демон!"
"Integrated","Theseus_","0253","Theseus_0253","","","","Тобі нема чого сказати на своє виправдання, демоне, перш ніж я знову повалю тебе?"
"Integrated","Theseus_","0254","Theseus_0254","","","","От би в тебе теж була колісниця! Тоді я зміг би перемогти тебе в гонці так само, як у бою!"
"Integrated","Theseus_","0255","Theseus_0255","","","","І що тепер, нелюд? Ти готовий з криками вирушити назад у пітьму пекла?!"
"Integrated","Theseus_","0256","Theseus_0256","","","","Назад, мерзенний демон, або будеш вбитий раніше, ніж чекаєш!"
"Integrated","Theseus_","0257","Theseus_0257","","","","Я в будь-якому випадку тебе переїду, можеш не сумніватися, негіднику!"
"Integrated","Theseus_","0258","Theseus_0258","","","","Побережися, монстре, бо від моєї сили тебе ніщо не врятує!"
"Integrated","Theseus_","0259","Theseus_0259","","","","Попереджаю тебе, нелюд, не чекай на пощаду від мене і мого славного супутника!"
"Integrated","Theseus_","0260","Theseus_0260","","","","Негідний демон, все, чого ти нібито досяг, дісталося тобі на блюдечку!"
"Integrated","Theseus_","0261","Theseus_0261","","","","У чому річ, демон? Твоя тендітна рішучість уже похитнулася?!"
"Integrated","Theseus_","0262","Theseus_0262","","","","Стій на місці, виродку пекла, і я зіб'ю тебе з ніг чи переїду!"
"Integrated","Theseus_","0263","Theseus_0263","","","","Гидкий демон! Ми щоразу прирікатимемо на невдачу твої спроби покинути Елізіум!"
"Integrated","Theseus_","0264","Theseus_0264","","","","Нападай, якщо насмілишся, негіднику! Я в будь-якому разі розчавлю тебе!"
"Integrated","Theseus_","0265","Theseus_0265","","","","Стій, ненависний гнійник! Я тебе переїду!"
"Integrated","Theseus_","0294","Theseus_0294","","","","Фу, ти... демон..."
"Integrated","Theseus_","0295","Theseus_0295","","","","Що ж я... хм..."
"Integrated","Theseus_","0296","Theseus_0296","","","","Ти зрадник!.."
"Integrated","Theseus_","0297","Theseus_0297","","","","Присягаюсь честю, я..!"
"Integrated","Theseus_","0298","Theseus_0298","","","","Ух, що за..."
"Integrated","Theseus_","0299","Theseus_0299","","","","Астерій, я... агх!"
"Integrated","Theseus_","0300","Theseus_0300","","","","Ти, агх!"
"Integrated","Theseus_","0301","Theseus_0301","","","","Що, я... агх!"
"Integrated","Theseus_","0302","Theseus_0302","","","","Як... гха!"
"Integrated","Theseus_","0303","Theseus_0303","","","","Я зачарований..!"
"Integrated","Theseus_","0304","Theseus_0304","","","","Ах, моя ... ні!"
"Integrated","Theseus_","0305","Theseus_0305","","","","Ах, моя колісниця! Нелюд!"
"Integrated","Theseus_","0306","Theseus_0306","","","","Арнгх... ах, ти!"
"Integrated","Theseus_","0307","Theseus_0307","","","","Ах, ні, вона розбита!"
"Integrated","Theseus_","0308","Theseus_0308","","","","Нрх, ти за це поплатишся!"
"Integrated","Theseus_","0309","Theseus_0309","","","","Гх, це ... ти!"
"Integrated","Theseus_","0310","Theseus_0310","","","","Щ... як? Ти!"
"Integrated","Theseus_","0311","Theseus_0311","","","","О боги! Ні!"
"Integrated","Theseus_","0312","Theseus_0312","","","","Колісниця! Я помщуся за тебе!"
"Integrated","Theseus_","0313","Theseus_0313","","","","Не-е-е-є!!!"
"Integrated","Theseus_","0314","Theseus_0314","","","","Агх, та щоб тебе!"
"Integrated","Theseus_","0315","Theseus_0315","","","","Ні! Як низько ти здатний впасти, демон!"
"Integrated","Theseus_","0316","Theseus_0316","","","","Та як ти смієш, монстр!"
"Integrated","Theseus_","0317","Theseus_0317","","","","Ти за це поплатишся!"
"Integrated","Theseus_","0318","Theseus_0318","","","","Що... чому вона вибухнула?!"
"Integrated","Theseus_","0319","Theseus_0319","","","","Македонець!"
"Integrated","Theseus_","0320","Theseus_0320","","","","Ще одна безцінна колісниця?!"
"Integrated","Theseus_","0321","Theseus_0321","","","","Ні, тільки не знову!"
"Integrated","Theseus_","0322","Theseus_0322","","","","Ні! Я ж тільки перестав її лагодити!"
"Integrated","Theseus_","0323","Theseus_0323","","","","Ти знову це зробив?!"
"Integrated","Theseus_","0324","Theseus_0324","","","","Нехай моєї колісниці більше немає, але ми знову повстанемо!"
"Integrated","Theseus_","0325","Theseus_0325","","","","Ах, ні!"
"Integrated","Theseus_","0326","Theseus_0326","","","","Скільки ж разів?!"
"Integrated","Theseus_","0327","Theseus_0327","","","","Моя колісниця, знову?!"
"Integrated","Theseus_","0328","Theseus_0328","","","","Македонеця знищено?!"
"Integrated","Theseus_","0329","Theseus_0329","","","","Відкрити вогонь!!!"
"Integrated","Theseus_","0330","Theseus_0330","","","","Вогонь!"
"Integrated","Theseus_","0331","Theseus_0331","","","","Стріляю!"
"Integrated","Theseus_","0332","Theseus_0332","","","","А тепер вогонь!"
"Integrated","Theseus_","0333","Theseus_0333","","","","Відкрити вогонь!"
"Integrated","Theseus_","0334","Theseus_0334","","","","Відкрити вогонь!"
"Integrated","Theseus_","0335","Theseus_0335","","","","Барабани заряджені!"
"Integrated","Theseus_","0336","Theseus_0336","","","","Барабани готові!"
"Integrated","Theseus_","0337","Theseus_0337","","","","Озброєний до зубів!"
"Integrated","Theseus_","0338","Theseus_0338","","","","Тримаю на прицілі!"
"Integrated","Theseus_","0339","Theseus_0339","","","","Тут фурія?!"
"Integrated","Theseus_","0340","Theseus_0340","","","","Звідки вона взялася?"
"Integrated","Theseus_","0341","Theseus_0341","","","","Фурія Мегера!"
"Integrated","Theseus_","0342","Theseus_0342","","","","Фурія!"
"Integrated","Theseus_","0343","Theseus_0343","","","","Ти негідник!"
"Integrated","Theseus_","0344","Theseus_0344","","","","Ось як?!"
"Integrated","Theseus_","0345","Theseus_0345","","","","Це вона!!!"
"Integrated","Theseus_","0346","Theseus_0346","","","","Пані Мегера!"
"Integrated","Theseus_","0347","Theseus_0347","","","","А демону-то допомагають!"
"Integrated","Theseus_","0348","Theseus_0348","","","","Де... Що?!"
"Integrated","Theseus_","0349","Theseus_0349","","","","Порушник!"
"Integrated","Theseus_","0350","Theseus_0350","","","","Брудний прийом!"
"Integrated","Theseus_","0351","Theseus_0351","","","","Хто?!"
"Integrated","Theseus_","0352","Theseus_0352","","","","Що?!"
"Integrated","Theseus_","0353","Theseus_0353","","","","Ти?!"
"Integrated","Theseus_","0354","Theseus_0354","","","","Забирайся геть!"
"Integrated","Theseus_","0355","Theseus_0355","","","","Це не твоя битва!"
"Integrated","Theseus_","0356","Theseus_0356","","","","Тримайся подалі!"
"Integrated","Theseus_","0357","Theseus_0357","","","","Знову ці хитрощі?"
"Integrated","Theseus_","0358","Theseus_0358","","","","Ну все, бийся чесно!"
"Integrated","Theseus_","0359","Theseus_0359","","","","Звичайно, тобі потрібна допомога!"
"Integrated","Theseus_","0360","Theseus_0360","","","","Що це означає?"
"Integrated","Theseus_","0361","Theseus_0361","","","","Знову ти!!!"
"Integrated","Theseus_","0362","Theseus_0362","","","","Неймовірно!"
"Integrated","Theseus_","0363","Theseus_0363","","","","Що це?!"
"Integrated","Theseus_","0364","Theseus_0364","","","","Ах, щоб тебе!"
"Integrated","Theseus_","0365","Theseus_0365","","","","Хто цей негідник?!"
"Integrated","Theseus_","0366","Theseus_0366","","","","Перепрошую?!"
"Integrated","Theseus_","0367","Theseus_0367","","","","Геть, дурний скелет!"
"Integrated","Theseus_","0368","Theseus_0368","","","","Це той проклятий скелет!"
"Integrated","Theseus_","0369","Theseus_0369","","","","Що це тут робить?!"
"Integrated","Theseus_","0370","Theseus_0370","","","","Тобі не раді в Елізіумі!"
"Integrated","Theseus_","0371","Theseus_0371","","","","Забирайся звідси, скелет!"
"Integrated","Theseus_","0372","Theseus_0372","","","","Скелет!"
"Integrated","Theseus_","0373","Theseus_0373","","","","Що тут робить смерть?"
"Integrated","Theseus_","0374","Theseus_0374","","","","Чому смерть на його боці?!"
"Integrated","Theseus_","0375","Theseus_0375","","","","Смерті тут робити нічого!"
"Integrated","Theseus_","0376","Theseus_0376","","","","Я не боюся смерті!"
"Integrated","Theseus_","0377","Theseus_0377","","","","Якось ти вже забрав мене, Танатос!"
"Integrated","Theseus_","0378","Theseus_0378","","","","Смерть повертається?!"
"Integrated","Theseus_","0379","Theseus_0379","","","","Чому смерть допомагає тобі?"
"Integrated","Theseus_","0380","Theseus_0380","","","","Танатос!"
"Integrated","Theseus_","0381","Theseus_0381","","","","Звідки це взялося?!"
"Integrated","Theseus_","0382","Theseus_0382","","","","Хто цей негідник?!"
"Integrated","Theseus_","0383","Theseus_0383","","","","Нікчемна пастка!"
"Integrated","Theseus_","0384","Theseus_0384","","","","Що? Як?!"
"Integrated","Theseus_","0385","Theseus_0385","","","","Обережно, Астерій!"
"Integrated","Theseus_","0386","Theseus_0386","","","","Обережно!"
"Integrated","Theseus_","0387","Theseus_0387","","","","Що-о-о?!"
"Integrated","Theseus_","0388","Theseus_0388","","","","Це валун?!"
"Integrated","Theseus_","0389","Theseus_0389","","","","Проклятий камінь!"
"Darren","Theseus_","0390","Theseus_0390","","","","Дельта-удар!"
"Darren","Theseus_","0391","Theseus_0391","","","","Омега-удар!"
"Darren","Theseus_","0392","Theseus_0392","","","","Удар напівбика!"
"Darren","Theseus_","0393","Theseus_0393","","","","Альфа-напад!"
"Integrated","Theseus_","0394","Theseus_0394","","","","Загиблі браття!"
"Integrated","Theseus_","0395","Theseus_0395","","","","Як тобі це, демон?!"
"Integrated","Theseus_","0396","Theseus_0396","","","","Ось тобі, демоне!"
"Integrated","Theseus_","0397","Theseus_0397","","","","Що тепер?!"
"Darren","Theseus_","0398","Theseus_0398","","","","Попався!"
"Integrated","Theseus_","0399","Theseus_0399","","","","Ах, моя колісниця!"
"Integrated","Theseus_","0400","Theseus_0400","","","","Вона розвалюється!"
"Integrated","Theseus_","0401","Theseus_0401","","","","Це не все, на що ми здатні!"
"Integrated","Theseus_","0402","Theseus_0402","","","","Ти подряпав корпус!"
"Integrated","Theseus_","0403","Theseus_0403","","","","Намагайся скільки завгодно!"
"Integrated","Theseus_","0404","Theseus_0404","","","","Лише подряпина!"
"Integrated","Theseus_","0405","Theseus_0405","","","","Все одно що нічого!"
"Integrated","Theseus_","0406","Theseus_0406","","","","Гидкий демон!"
"Integrated","Theseus_","0407","Theseus_0407","","","","Ха!"
"Integrated","Theseus_","0408","Theseus_0408","","","","Зрада!"
"Integrated","Theseus_","0409","Theseus_0409","","","","Чому, боги?!"
"Integrated","Theseus_","0410","Theseus_0410","","","","Володарю Зевс, що я зробив?!"
"Integrated","Theseus_","0411","Theseus_0411","","","","Володарю Зевс, я образив тебе?!"
"Integrated","Theseus_","0412","Theseus_0412","","","","Володарю Посейдоне, хіба ти не прихильний до мене?"
"Integrated","Theseus_","0413","Theseus_0413","","","","Володарю Посейдон, чому?!"
"Integrated","Theseus_","0414","Theseus_0414","","","","Володарю Посейдон, це все через...?!"
"Integrated","Theseus_","0415","Theseus_0415","","","","Володарка Афіна, прошу!"
"Integrated","Theseus_","0416","Theseus_0416","","","","Володарка Афіна, пробач мені!"
"Integrated","Theseus_","0417","Theseus_0417","","","","Артеміда, чому?!"
"Integrated","Theseus_","0418","Theseus_0418","","","","Прошу, володарко Артеміда!"
"Integrated","Theseus_","0419","Theseus_0419","","","","Володарю Аресе, ти проти мене?"
"Integrated","Theseus_","0420","Theseus_0420","","","","Як передбачувано, володарю Арес!"
"Integrated","Theseus_","0421","Theseus_0421","","","","Діоніс, я тебе образив?!"
"Integrated","Theseus_","0422","Theseus_0422","","","","Але чому, володарю Діоніс?!"
"Integrated","Theseus_","0423","Theseus_0423","","","","Діоніс, це все через Аріадну?!"
"Integrated","Theseus_","0424","Theseus_0424","","","","Це тобі за Астерія."
"Integrated","Theseus_","0425","Theseus_0425","","","","Астерій, друже мій, ти помщений."
"Integrated","Theseus_","0426","Theseus_0426","","","","Перемога за мною, любий Астерій!"
"Integrated","Theseus_","0427","Theseus_0427","","","","Ти знищив мою колісницю, а я знищив тебе - от і все."
"Integrated","Theseus_","0428","Theseus_0428","","","","Колісницю можна полагодити, відновити! А честь вже не повернеш."
"Integrated","Theseus_","0429","Theseus_0429","","","","Це за мою чудову колісницю, мерзенний демон."
"Integrated","Theseus_","0430","Theseus_0430","","","","Про твої підлі діяння ніхто не згадає, згадай моє слово."
"Integrated","Theseus_","0431","Theseus_0431","","","","Ось. Я почекаю, коли ти наступного разу заберешся так високо."
"Integrated","Theseus_","0432","Theseus_0432","","","","Ми зовсім розбиті, чи не так? Хм!"
"Integrated","Theseus_","0433","Theseus_0433","","","","Якби ти міг почути шум натовпу."
"Integrated","Theseus_","0434","Theseus_0434","","","","Дякую!!! Дякую!"
"Integrated","Theseus_","0435","Theseus_0435","","","","Любов натовпу!"
"Integrated","Theseus_","0436","Theseus_0436","","","","Ти чуєш це, Астерій?"
"Integrated","Theseus_","0437","Theseus_0437","","","","Ах, ха-ха-ха, так!"
"Integrated","Theseus_","0438","Theseus_0438","","","","Ось так видовище, чи не так?"
"Integrated","Theseus_","0439","Theseus_0439","","","","Шляхетна публіка!"
"Integrated","Theseus_","0440","Theseus_0440","","","","Вони люблять нас, Астерій!"
"Integrated","Theseus_","0441","Theseus_0441","","","","Ніщо не зрівняється з боєм на очах у глядачів!"
"Integrated","Theseus_","0442","Theseus_0442","","","",""
"Integrated","Theseus_","0443","Theseus_0443","","","",""
"Integrated","Theseus_","0444","Theseus_0444","","","",""
"Integrated","Theseus_","0445","Theseus_0445","","","",""
"Integrated","Theseus_","0446","Theseus_0446","","","",""
"Integrated","Theseus_","0447","Theseus_0447","","","",""
"Integrated","Theseus_","0450","Theseus_0450","","","","Боги Олімпу, я кличу до вас про допомогу!"
"Integrated","Theseus_","0451","Theseus_0451","","","","Боги Олімпу, мені терміново потрібна ваша допомога!"
"Integrated","Theseus_","0452","Theseus_0452","","","","Боги Олімпу, прошу вас, допоможіть!"
"Integrated","Theseus_","0453","Theseus_0453","","","","Боги Олімпу, прошу, помститися за мою колісницю!"
"Integrated","Theseus_","0454","Theseus_0454","","","","Боги Олімпу, помстіться за Македонця!"
"Integrated","Theseus_","0455","Theseus_0455","","","","Боги Олімпу, мені потрібна ваша допомога!"
"Integrated","Theseus_","0456","Theseus_0456","","","",""
"Integrated","Theseus_","0457","Theseus_0457","","","",""
"Integrated","Theseus_","0458","Theseus_0458","","","",""
"Integrated","Theseus_","0459","Theseus_0459","","","",""
"Integrated","Theseus_","0460","Theseus_0460","","","",""
"Integrated","Theseus_","0461","Theseus_0461","","","",""
"Integrated","Theseus_","0462","Theseus_0462","","","",""
"Integrated","Theseus_","0463","Theseus_0463","","","",""
"Integrated","Theseus_","0464","Theseus_0464","","","",""
"Integrated","Theseus_","0465","Theseus_0465","","","",""
"Integrated","Theseus_","0466","Theseus_0466","","","",""
"Integrated","Theseus_","0467","Theseus_0467","","","",""
"Integrated","Theseus_","0468","Theseus_0468","","","",""
"Integrated","Theseus_","0469","Theseus_0469","","","",""
"Integrated","Theseus_","0470","Theseus_0470","","","",""
"Integrated","Theseus_","0471","Theseus_0471","","","",""
"Integrated","Theseus_","0472","Theseus_0472","","","",""
"Integrated","Theseus_","0473","Theseus_0473","","","",""
"Integrated","Theseus_","0474","Theseus_0474","","","",""
"Integrated","Theseus_","0475","Theseus_0475","","","",""
"Integrated","Theseus_","0476","Theseus_0476","","","",""
"Integrated","Theseus_","0477","Theseus_0477","","","",""
"Integrated","Theseus_","0478","Theseus_0478","","","",""
"Integrated","Theseus_","0479","Theseus_0479","","","",""
"Integrated","Theseus_","0480","Theseus_0480","","","",""
"Integrated","Theseus_","0481","Theseus_0481","","","",""
"Integrated","Theseus_","0482","Theseus_0482","","","",""
"Integrated","Theseus_","0483","Theseus_0483","","","",""
"Integrated","Theseus_","0484","Theseus_0484","","","",""
"Integrated","Theseus_","0485","Theseus_0485","","","",""
"Integrated","Theseus_","0486","Theseus_0486","","","",""
"Integrated","Theseus_","0487","Theseus_0487","","","",""
"Integrated","Theseus_","0488","Theseus_0488","","","",""
"Integrated","Theseus_","0489","Theseus_0489","","","",""
"Integrated","Theseus_","0490","Theseus_0490","","","",""
"Integrated","Theseus_","0491","Theseus_0491","","","",""
"Integrated","Theseus_","0492","Theseus_0492","","","",""
"Integrated","Theseus_","0493","Theseus_0493","","","",""
"Integrated","Theseus_","0494","Theseus_0494","","","",""
"Integrated","Theseus_","0495","Theseus_0495","","","",""
"Integrated","Theseus_","0496","Theseus_0496","","","",""
"Integrated","Theseus_","0497","Theseus_0497","","","",""
"Integrated","Theseus_","0498","Theseus_0498","","","",""
"Integrated","Theseus_","0499","Theseus_0499","","","",""
"Integrated","Theseus_","0500","Theseus_0500","","","",""
"Integrated","Theseus_","0501","Theseus_0501","","","",""
"Integrated","Theseus_","0502","Theseus_0502","","","",""
"Integrated","Theseus_","0503","Theseus_0503","","","",""
"Integrated","Theseus_","0504","Theseus_0504","","","",""
"Integrated","Theseus_","0505","Theseus_0505","","","",""
"Integrated","Theseus_","0506","Theseus_0506","","","",""
"Integrated","Theseus_","0507","Theseus_0507","","","",""
"Integrated","Theseus_","0508","Theseus_0508","","","",""
"Integrated","Theseus_","0509","Theseus_0509","","","",""
"Integrated","Theseus_","0510","Theseus_0510","","","",""
"Integrated","Theseus_","0511","Theseus_0511","","","",""
"Integrated","Theseus_","0512","Theseus_0512","","","",""
"Integrated","Theseus_","0513","Theseus_0513","","","",""
"Integrated","Theseus_","0514","Theseus_0514","","","",""
"Integrated","Theseus_","0515","Theseus_0515","","","",""
"Integrated","Theseus_","0516","Theseus_0516","","","",""
"Integrated","Theseus_","0517","Theseus_0517","","","",""
"Integrated","Theseus_","0518","Theseus_0518","","","",""
"Integrated","Theseus_","0519","Theseus_0519","","","",""
"Integrated","Theseus_","0520","Theseus_0520","","","",""
"Integrated","Theseus_","0521","Theseus_0521","","","",""
"Integrated","Theseus_","0522","Theseus_0522","","","",""
"Integrated","Theseus_","0523","Theseus_0523","","","",""
"Integrated","Theseus_","0524","Theseus_0524","","","",""
"Integrated","Theseus_","0525","Theseus_0525","","","",""
"Integrated","Theseus_","0526","Theseus_0526","","","",""
"Integrated","Theseus_","0442","Theseus_0442","","","","О, богине Деметро, мені потрібна твоя допомога!"
"Integrated","Theseus_","0443","Theseus_0443","","","","Богиня Деметра, благаю, допоможи мені!"
"Integrated","Theseus_","0529","Theseus_0529","","","",""
"Integrated","Theseus_","0530","Theseus_0530","","","",""
"Integrated","Theseus_","0446","Theseus_0446","","","","За що, богине Деметро?"
"Integrated","Theseus_","0447","Theseus_0447","","","","Але, богиня Деметра, що я зробив?!"
"Integrated","Theseus_","0450","Theseus_0450","","","","Боги Олімпу, я кличу до вас про допомогу!"
"Integrated","Theseus_","0451","Theseus_0451","","","","Боги Олімпу, мені терміново потрібна ваша допомога!"
"Integrated","Theseus_","0452","Theseus_0452","","","","Боги Олімпу, прошу вас, допоможіть!"
"Integrated","Theseus_","0453","Theseus_0453","","","","Боги Олімпу, прошу, помститися за мою колісницю!"
"Integrated","Theseus_","0454","Theseus_0454","","","","Боги Олімпу, помстіться за Македонця!"
"Integrated","Theseus_","0455","Theseus_0455","","","","Боги Олімпу, мені потрібна ваша допомога!"
"Integrated","Theseus_","0456","Theseus_0456","","","","Ти!"
"Integrated","Theseus_","0457","Theseus_0457","","","","Знову ти!"
"Integrated","Theseus_","0458","Theseus_0458","","","","Суперник!"
"Integrated","Theseus_","0459","Theseus_0459","","","","Суперник?"
"Integrated","Theseus_","0460","Theseus_0460","","","","Ах, нарешті!"
"Integrated","Theseus_","0461","Theseus_0461","","","","Він повертається!"
"Integrated","Theseus_","0462","Theseus_0462","","","","Наш заклятий ворог!"
"Integrated","Theseus_","0463","Theseus_0463","","","","Так!.."
"Integrated","Theseus_","0464","Theseus_0464","","","","Захищайся!"
"Integrated","Theseus_","0465","Theseus_0465","","","","Я тебе бачу, демоне!"
"Integrated","Theseus_","0466","Theseus_0466","","","","Підходь, негіднику!"
"Integrated","Theseus_","0467","Theseus_0467","","","","Ти мій!"
"Integrated","Theseus_","0468","Theseus_0468","","","","Ось тобі, демоне!"
"Integrated","Theseus_","0469","Theseus_0469","","","","Кажу тобі, забирайся!"
"Integrated","Theseus_","0470","Theseus_0470","","","","Спробуй ухилитися від цього!"
"Integrated","Theseus_","0471","Theseus_0471","","","","Клянуся, я ще дістануся тебе!"
"Integrated","Theseus_","0472","Theseus_0472","","","","Бийся зі мною!"
"Integrated","Theseus_","0473","Theseus_0473","","","","Вставай і бийся!"
"Integrated","Theseus_","0474","Theseus_0474","","","","Дякую, мої супутники-тіні!"
"Integrated","Theseus_","0475","Theseus_0475","","","","Вони знають, що ми точно переможемо!"
"Integrated","Theseus_","0476","Theseus_0476","","","","Ці оплески не для тебе, монстре!"
"Integrated","Theseus_","0477","Theseus_0477","","","","Ми переможемо тебе на очах у публіки!"
"Integrated","Theseus_","0478","Theseus_0478","","","","Найзахопленіша публіка!"
"Integrated","Theseus_","0479","Theseus_0479","","","","Вам подобається вистава?!"
"Integrated","Theseus_","0480","Theseus_0480","","","","Від натовпу йде таке натхнення!"
"Integrated","Theseus_","0481","Theseus_0481","","","","Дякуємо всім, хто прийшов подивитися на нашу битву!"
"Integrated","Theseus_","0482","Theseus_0482","","","","Ми всім завдячуємо нашим глядачам!"
"Integrated","Theseus_","0483","Theseus_0483","","","","Продовжуйте підтримувати нас, поки ми б'ємося на смерть!"
"Integrated","Theseus_","0484","Theseus_0484","","","","Шум натовпу надає мені сил!"
"Integrated","Theseus_","0485","Theseus_0485","","","","Ти тільки послухай, друже Астерій!"
"Integrated","Theseus_","0486","Theseus_0486","","","","Ви побачите те, за чим прийшли!"
"Integrated","Theseus_","0487","Theseus_0487","","","","Ми присвячуємо цю битву всім нашим шанувальникам!"
"Integrated","Theseus_","0488","Theseus_0488","","","","Твої незграбні рухи - просто посміховисько в порівнянні з моєю чудовою технікою!"
"Integrated","Theseus_","0489","Theseus_0489","","","","Тобі не врятуватися від мого священного списа, негіднику!"
"Integrated","Theseus_","0490","Theseus_0490","","","","Ти тільки базікати і вмієш, чи не так, нелюд?!"
"Integrated","Theseus_","0491","Theseus_0491","","","","Ховайтеся будь-де! Мій священний спис знайде тебе скрізь!"
"Integrated","Theseus_","0492","Theseus_0492","","","","Вийди і бийся зі мною відкрито, демон, чи ти злякався?!"
"Integrated","Theseus_","0493","Theseus_0493","","","","Він думає, що зможе перемогти нас, Астерій!"
"Integrated","Theseus_","0494","Theseus_0494","","","","Ти завдав мені надто багато образ, негіднику!"
"Integrated","Theseus_","0495","Theseus_0495","","","","Не чекай від мене пощади, демоне!"
"Integrated","Theseus_","0496","Theseus_0496","","","","О, вставай і бийся, та вистачить уже корчитися, виродку пекла!"
"Integrated","Theseus_","0497","Theseus_0497","","","","Тобі не раді в Елізіумі, і я із задоволенням тебе випроводжу!"
"Integrated","Theseus_","0498","Theseus_0498","","","","Такий монстр, як ти, ніколи не матиме такої прекрасної колісниці!"
"Integrated","Theseus_","0499","Theseus_0499","","","","Ти неминуче опинишся під колесами моєї колісниці, нелюд!"
"Integrated","Theseus_","0500","Theseus_0500","","","","Я або зіб'ю тебе, або переїду, виродку пекла!"
"Integrated","Theseus_","0501","Theseus_0501","","","","Не допускай навіть думки про те, що ти можеш обігнати Македонця!"
"Integrated","Theseus_","0502","Theseus_0502","","","","Ти справді думаєш, що зможеш протистояти нашій неповторній техніці бичачого рогу?!"
"Integrated","Theseus_","0503","Theseus_0503","","","","Ніщо не зрівняється з тією радістю, яку я відчую, пронизавши тебе своїм списом, демон!"
"Integrated","Theseus_","0504","Theseus_0504","","","","Обережно, Астерій!"
"Integrated","Theseus_","0505","Theseus_0505","","","","З дороги, друже мій!"
"Integrated","Theseus_","0506","Theseus_0506","","","","Астерій, обережно!"
"Integrated","Theseus_","0507","Theseus_0507","","","","Відійди, Астерію!"
"Integrated","Theseus_","0508","Theseus_0508","","","","Ах, прокляття!"
"Integrated","Theseus_","0509","Theseus_0509","","","","Посунься, Астерій!"
"Integrated","Theseus_","0510","Theseus_0510","","","","Не мене, Астерій!"
"Integrated","Theseus_","0511","Theseus_0511","","","","Та він з нас знущається!"
"Integrated","Theseus_","0512","Theseus_0512","","","","Будь обережніше, друже мій!"
"Integrated","Theseus_","0513","Theseus_0513","","","","Проклятий демон провів нас!"
"Integrated","Theseus_","0514","Theseus_0514","","","","Ох, бережи себе, друже мій!"
"Integrated","Theseus_","0515","Theseus_0515","","","","Мої супутники! Чому?!"
"Integrated","Theseus_","0516","Theseus_0516","","","","Великий Ахіллес!"
"Integrated","Theseus_","0517","Theseus_0517","","","","Ахіллес повернувся!"
"Integrated","Theseus_","0518","Theseus_0518","","","","Ахіллес, але я... Чому?!"
"Integrated","Theseus_","0519","Theseus_0519","","","","Мої славні воїни, ви примкнете до нього?"
"Integrated","Theseus_","0520","Theseus_0520","","","","Знову ці воїни!"
"Integrated","Theseus_","0521","Theseus_0521","","","","Ах!"
"Integrated","Theseus_","0522","Theseus_0522","","","","Агх!"
"Integrated","Theseus_","0523","Theseus_0523","","","","Гх, я не програю тобі знову!"
"Integrated","Theseus_","0524","Theseus_0524","","","","Кх-х, я ще не закінчив!"
"Integrated","Theseus_","0525","Theseus_0525","","","","Агх, це абсурд!"
"Integrated","Theseus_","0526","Theseus_0526","","","","Нргх... ах, ти!"
