"ZagreusScratch","ID","ID","ID","","","","Line"
"Integrated","ZagreusScratch_","0002","ZagreusScratch_0002b","","","","Помовч, дідугане."
"Integrated","ZagreusScratch_","0003","ZagreusScratch_0003","","","","Чекай мене, мамо. Я скоро прийду."
"Integrated","ZagreusScratch_","0004","ZagreusScratch_0004","","","","Будь прокляте це місце."
"Integrated","ZagreusScratch_","0005","ZagreusScratch_0005","","","","Я йду. Тільки спробуй мене зупинити."
"Integrated","ZagreusScratch_","0006","ZagreusScratch_0006","","","","Ага."
"Integrated","ZagreusScratch_","0007","ZagreusScratch_0007","","","","Хвала богам."
"Integrated","ZagreusScratch_","0008","ZagreusScratch_0008","","","","Дякую, богине. Твоя сила, об'єднана з моєю... Це мені допоможе."
"Integrated","ZagreusScratch_","0009","ZagreusScratch_0009b","","","","Ні!.."
"Integrated","ZagreusScratch_","0010","ZagreusScratch_0010b","","","","Гр-р... Дідько."
"Integrated","ZagreusScratch_","0011","ZagreusScratch_0011b","","","","Я вдома..."
"Integrated","ZagreusScratch_","0012","ZagreusScratch_0012b","","","","Так-так, не відволікайтеся, хлопці, це лише я!.."
"Integrated","ZagreusScratch_","0016","ZagreusScratch_0016a","","","","Я запам'ятаю це, приятелю."
"Integrated","ZagreusScratch_","0020","ZagreusScratch_0020","","","","Мені немає навіщо тут залишатися. Час іти."
"Integrated","ZagreusScratch_","0021","ZagreusScratch_0021a","","","","Ну, час знову йти на вірную смерть."
"Integrated","ZagreusScratch_","0022","ZagreusScratch_0021b","","","","Ну, час знову йти на вірную смерть."
"Integrated","ZagreusScratch_","0023","ZagreusScratch_0023","","","","Мене тут нічого не тримає."
"Integrated","ZagreusScratch_","0024","ZagreusScratch_0024","","","","Час іти."
"Integrated","ZagreusScratch_","0079","ZagreusScratch_0008ALT","","","","Дякую, богине."
