"Zeus","ID","ID","ID","","","Line","","Notes by AR","Notes by DK"
"Darren","Zeus_","0066","Zeus_0066","","","О, ти знаєш, що я ніколи не відмовляюся від підношень. Навпаки, я часто готовий відразу ж подарувати щось натомість. Ось тримай!","","",""
"Darren","Zeus_","0067","Zeus_0067","","","Такий дар вимагає не менш гідного подарунка у відповідь, юначе, тому я хочу, щоб ти прийняв ось це. Ні, я наполягаю.","","",""
"Integrated","Zeus_","0069","Zeus_0069","","","Олімп зламає тебе!","","",""
"Integrated","Zeus_","0070","Zeus_0070","","","Як насмілився ти викликати мій гнів?!","","",""
"Integrated","Zeus_","0071","Zeus_0071","","","Я навчу тебе гарним манерам!","","",""
"Darren","Zeus_","0077","Zeus_0077","","","Вітаю тебе, мій племіннику!","","",""
"Integrated","Zeus_","0078","Zeus_0078","","","Як поживаєш, юначе?","","",""
"Darren","Zeus_","0079","Zeus_0079","","","Я дуже радий бачити тебе, Загрей.","","",""
"Integrated","Zeus_","0080","Zeus_0080","","","Привіт, племіннику!","","",""
"Integrated","Zeus_","0081","Zeus_0081","","","Як ідуть справи у мого племінника?","","",""
"Integrated","Zeus_","0082","Zeus_0082","","","Нехай буде так.","","",""
"Integrated","Zeus_","0083","Zeus_0083","","","Це можна зробити.","","",""
"Integrated","Zeus_","0084","Zeus_0084","","","Легко.","","",""
"Integrated","Zeus_","0085","Zeus_0085","","","Чому б і ні.","","",""
"Darren","Zeus_","0086","Zeus_0086","","","Що ж, чудово!","","",""
"Integrated","Zeus_","0087","Zeus_0087","","","Я дуже вдячний тобі.","","",""
"Integrated","Zeus_","0088","Zeus_0088","","","О, це честь для мене!","","",""
"Integrated","Zeus_","0089","Zeus_0089","","","Це мені до вподоби.","","",""
"Integrated","Zeus_","0090","Zeus_0090","","","Дякую тобі, юначе.","","",""
"Integrated","Zeus_","0091","Zeus_0091","","","Я цього не забуду, племінник.","","",""
"Integrated","Zeus_","0092","Zeus_0092","","","Благословляю тебе, Загрей.","","",""
"Integrated","Zeus_","0093","Zeus_0093","","","Дуже мило з твого боку.","","",""
"Darren","Zeus_","0094","Zeus_0094","","","Невеликий подарунок на знак моєї прихильності.","","",""
"Darren","Zeus_","0095","Zeus_0095","","","Будь ласка, прийми від мене невеликий подарунок.","","",""
"Darren","Zeus_","0096","Zeus_0096","","","Прошу, прийми це, я наполягаю.","","",""
"Integrated","Zeus_","0097","Zeus_0097","","","У мене для тебе дещо є.","","",""
"Darren","Zeus_","0098","Zeus_0098","","","Це тобі, мій племінник.","","",""
"Darren","Zeus_","0099","Zeus_0099","","","Яке розчарування.","","",""
"Darren","Zeus_","0100","Zeus_0100","","","Можна було уникнути цього, якби ти подумав наперед.","","",""
"Darren","Zeus_","0101","Zeus_0101","","","Можливо, мені не слід очікувати більшого.","","",""
"Darren","Zeus_","0102","Zeus_0102","","","Серйозна помилка.","","",""
"Darren","Zeus_","0103","Zeus_0103","","","Це сталося випадково.","","",""
"Darren","Zeus_","0104","Zeus_0104","","","Так, невдало вийшло.","","",""
"Integrated","Zeus_","0105","Zeus_0105","","","Не дури, юначе.","","",""
"Integrated","Zeus_","0106","Zeus_0106","","","Тобі варто було бути розумнішим, племіннику.","","",""
"Integrated","Zeus_","0107","Zeus_0107","","","Ти справжній син мого брата.","","",""
"Integrated","Zeus_","0108","Zeus_0108","","","Як ти смієш, юначе?","","",""
"Darren","Zeus_","0109","Zeus_0109","","","Я думав, ти розумніший.","","",""
"Darren","Zeus_","0110","Zeus_0110","","","Як необдумано, Загрей!","","",""
"Integrated","Zeus_","0111","Zeus_0111","","","Краще не зли мене, племіннику.","","",""
"Darren","Zeus_","0112","Zeus_0112","","","Зараз не час для розмови.","","",""
"Darren","Zeus_","0113","Zeus_0113","","","Мене чекають інші справи, дякую.","","",""
"Darren","Zeus_","0114","Zeus_0114","","","Мабуть, нам краще поговорити про це іншим разом.","","",""
"Darren","Zeus_","0115","Zeus_0115","","","Що це було?..","","",""
"Darren","Zeus_","0116","Zeus_0116","","","Це було дійсно дивно.","","",""
"Integrated","Zeus_","0117","Zeus_0117","","","О, це було несподівано.","","",""
"Darren","Zeus_","0118","Zeus_0118","","","Як так? Я не можу в це повірити!..","","",""
"Darren","Zeus_","0119","Zeus_0119","","","Як таке можливо?","","",""
"Darren","Zeus_","0120","Zeus_0120","","","Славна вистава, Загрей.","","",""
"Darren","Zeus_","0121","Zeus_0121","","","Ти блискуче продемонстрував свої вміння, племінник.","","",""
"Darren","Zeus_","0122","Zeus_0122","","","Чудова робота.","","",""
"Darren","Zeus_","0123","Zeus_0123","","","Ти народився для цього!","","",""
"Darren","Zeus_","0124","Zeus_0124","","","Ти справді добре постарався, юначе.","","",""
"Darren","Zeus_","0128","Zeus_0128","","","Що це було?..","","",""
"Darren","Zeus_","0129","Zeus_0129","","","Це було дійсно дивно.","","",""
"Darren","Zeus_","0130","Zeus_0130","","","О, це було несподівано.","","",""
"Darren","Zeus_","0131","Zeus_0131","","","Як так? Я не можу в це повірити!..","","",""
"Darren","Zeus_","0132","Zeus_0132","","","Як таке можливо?","","",""
"Integrated","Zeus_","0069","Zeus_0069","","","Олімп поламає тебе!","","",""
"Integrated","Zeus_","0070","Zeus_0070","","","Як насмілився ти викликати мій гнів?!","","",""
"Integrated","Zeus_","0071","Zeus_0071","","","Я навчу тебе гарним манерам!","","",""
"Darren","Zeus_","0077","Zeus_0077","","","Вітаю тебе, мій племіннику!","","",""
"Integrated","Zeus_","0078","Zeus_0078","","","Як поживаєш, юначе?","","",""
"Darren","Zeus_","0079","Zeus_0079","","","Я дуже радий бачити тебе, Загрей.","","",""
"Integrated","Zeus_","0080","Zeus_0080","","","Привіт, племіннику!","","",""
"Integrated","Zeus_","0081","Zeus_0081","","","Як ідуть справи у мого племінника?","","",""
"Integrated","Zeus_","0082","Zeus_0082","","","Нехай буде так.","","",""
"Integrated","Zeus_","0083","Zeus_0083","","","Це можна зробити.","","",""
"Integrated","Zeus_","0084","Zeus_0084","","","Легко.","","",""
"Integrated","Zeus_","0085","Zeus_0085","","","Чому б і ні.","","",""
"Darren","Zeus_","0086","Zeus_0086","","","Що ж, чудово!","","",""
"Integrated","Zeus_","0087","Zeus_0087","","","Я дуже вдячний тобі.","","",""
"Integrated","Zeus_","0088","Zeus_0088","","","О, це честь для мене!","","",""
"Integrated","Zeus_","0089","Zeus_0089","","","Це мені до вподоби.","","",""
"Integrated","Zeus_","0090","Zeus_0090","","","Дякую тобі, юначе.","","",""
"Integrated","Zeus_","0091","Zeus_0091","","","Я цього не забуду, племінник.","","",""
"Integrated","Zeus_","0092","Zeus_0092","","","Благословляю тебе, Загрей.","","",""
"Integrated","Zeus_","0093","Zeus_0093","","","Дуже мило з твого боку.","","",""
"Darren","Zeus_","0094","Zeus_0094","","","Невеликий подарунок на знак мого розташування.","","",""
"Darren","Zeus_","0095","Zeus_0095","","","Прошу, прийми від мене невеликий подарунок.","","",""
"Darren","Zeus_","0096","Zeus_0096","","","Прошу, прийми це, я наполягаю.","","",""
"Integrated","Zeus_","0097","Zeus_0097","","","У мене для тебе дещо є.","","",""
"Darren","Zeus_","0098","Zeus_0098","","","Це тобі, мій племінник.","","",""
"Darren","Zeus_","0099","Zeus_0099","","","Яке розчарування.","","",""
"Darren","Zeus_","0100","Zeus_0100","","","Можна було уникнути цього, якби ти подумав наперед.","","",""
"Darren","Zeus_","0101","Zeus_0101","","","Можливо, мені не слід очікувати більшого.","","",""
"Darren","Zeus_","0102","Zeus_0102","","","Серйозна помилка.","","",""
"Darren","Zeus_","0103","Zeus_0103","","","Це сталося випадково.","","",""
"Darren","Zeus_","0104","Zeus_0104","","","Так, невдало вийшло.","","",""
"Integrated","Zeus_","0105","Zeus_0105","","","Не дури, юначе.","","",""
"Integrated","Zeus_","0106","Zeus_0106","","","Тобі варто було бути розумнішим, племіннику.","","",""
"Integrated","Zeus_","0107","Zeus_0107","","","Ти справжній син мого брата.","","",""
"Integrated","Zeus_","0108","Zeus_0108","","","Як ти смієш, юначе?","","",""
"Darren","Zeus_","0109","Zeus_0109","","","Я думав, ти розумніший.","","",""
"Darren","Zeus_","0110","Zeus_0110","","","Як необдумано, Загрей.","","",""
"Integrated","Zeus_","0111","Zeus_0111","","","Краще не зли мене, племіннику.","","",""
"Darren","Zeus_","0112","Zeus_0112","","","Зараз не час для розмови.","","",""
"Darren","Zeus_","0113","Zeus_0113","","","Мене чекають інші справи, дякую.","","",""
"Darren","Zeus_","0114","Zeus_0114","","","Мабуть, нам краще поговорити про це іншим разом.","","",""
"Darren","Zeus_","0115","Zeus_0115","","","Що це було?..","","",""
"Darren","Zeus_","0116","Zeus_0116","","","Це було дійсно дивно.","","",""
"Integrated","Zeus_","0117","Zeus_0117","","","О, це було несподівано.","","",""
"Darren","Zeus_","0118","Zeus_0118","","","Як так? Я не можу в це повірити!..","","",""
"Darren","Zeus_","0119","Zeus_0119","","","Як таке можливо?","","",""
"Darren","Zeus_","0120","Zeus_0120","","","Славний виступ, Загрей.","","",""
"Darren","Zeus_","0121","Zeus_0121","","","Ти блискуче продемонстрував свої вміння, племінник.","","",""
"Darren","Zeus_","0122","Zeus_0122","","","Чудова робота.","","",""
"Darren","Zeus_","0123","Zeus_0123","","","Ти народився для цього!","","",""
"Darren","Zeus_","0124","Zeus_0124","","","Ти справді добре постарався, юначе.","","",""
"Unused","Zeus_","0128","Zeus_0128","","","Що це було?..","","",""
"Unused","Zeus_","0129","Zeus_0129","","","Це було дійсно дивно.","","",""
"Unused","Zeus_","0130","Zeus_0130","","","О, це було несподівано.","","",""
"Unused","Zeus_","0131","Zeus_0131","","","Як так? Я не можу в це повірити!..","","",""
"Unused","Zeus_","0132","Zeus_0132","","","Як таке можливо?","","",""
"Integrated","Zeus_","0165","Zeus_0165","","","Ти прийняв мудре рішення, юначе!","","",""
"Integrated","Zeus_","0166","Zeus_0166","","","Ох, це випробування не могло бути ще простіше, мабуть, племінник?","","",""
"Integrated","Zeus_","0167","Zeus_0167","","","О, я дуже задоволений!","","",""
"Integrated","Zeus_","0168","Zeus_0168","","","Напевно, цей вибір легко тобі дався!","","",""
"Integrated","Zeus_","0169","Zeus_0169","","","Вітаю, ти ухвалив правильне рішення!","","",""
"Integrated","Zeus_","0170","Zeus_0170","","","Ох, юначе, ти декого образив!","","",""
"Integrated","Zeus_","0171","Zeus_0171","","","Настав час завдати удару!","","",""
"Integrated","Zeus_","0172","Zeus_0172","","","Ха, ти тільки подивися, юначе!","","",""
"Integrated","Zeus_","0173","Zeus_0173","","","Я оберну їх на порох негайно!","","",""
"Integrated","Zeus_","0174","Zeus_0174","","","Я про це подбаю!","","",""
"Integrated","Zeus_","0175","Zeus_0175","","","Обурювальна зухвалість!","","",""
"Integrated","Zeus_","0176","Zeus_0176","","","Я оберну тебе на порох!","","",""
"Integrated","Zeus_","0177","Zeus_0177","","","Ти зовсім збожеволів, племіннику?!","","",""
"Integrated","Zeus_","0178","Zeus_0178","","","Тепер тобі потрібна моя допомога, Загрей?","","",""
"Integrated","Zeus_","0179","Zeus_0179","","","Милосердна відплата дарує швидку смерть.","","",""
"Integrated","Zeus_","0180","Zeus_0180","","","Я не став би правителем Олімпу, якби прощав зрадників, юнак.","","",""
"Integrated","Zeus_","0181","Zeus_0181","","","Від небес не втекти.","","",""
"Integrated","Zeus_","0182","Zeus_0182","","","Перетворений на порох.","","",""
"Integrated","Zeus_","0232","Zeus_0232","","","Слухай, старший брате! Ти і твоя прекрасна дружина підготували чудову вечірку! Ми всі щасливі, що Персіфона перебуває в цілості та безпеці і до того ж народила такого гідного сина — мого племінника.!","","",""
"Integrated","Zeus_","0247","Zeus_0247","","","Ох, ха-ха, звичайно-звичайно, Аїд! А тепер прощайте! З цього моменту нумо жити дружно!","","",""
