{
    "l10n.home": "Αρχική σελίδα",
    "l10n.gfn": "GeForce NOW",
    "l10n.gallery": "Γκαλερί",
    "l10n.gameroom": "Αίθουσα παιχνιδιού",
    "l10n.news": "Ειδήσεις",
    "l10n.search": "Αναζήτηση",
    "l10n.notifications": "Ειδοποιήσεις",
    "l10n.updates": "Ενημερώσεις",
    "l10n.settings": "Ρυθμίσεις",
    "l10n.debug": "Αποσφαλμάτωση",
    "l10n.preferences": "Προτιμήσεις",
    "l10n.screenshots": "Στιγμιότυπα",
    "l10n.username": "Όνομα χρήστη",
    "l10n.account": "Λογαριασμός",
    "l10n.logOut": "Αποσύνδεση",
    "l10n.cancel": "Ακύρωση",
    "l10n.continue": "Συνέχεια",
    "l10n.submit": "Υποβολή",
    "l10n.back": "Πίσω",
    "l10n.alt.nvidiaLogo": "Λογότυπο NVIDIA",
    "l10n.optimize": "Βελτιστοποίηση",
    "l10n.all": "Όλα",
    "l10n.more": "Περισσότερα",
    "l10n.moreDots": "Περισσότερα...",
    "l10n.sort": "Ταξινόμηση",
    "l10n.filter": "Φίλτρο",
    "l10n.done": "Τέλος",
    "l10n.skip": "Παράλειψη",
    "l10n.or": "Ή",
    "l10n.gamesOptimized": "{{numGamesOptimized}} παιχνίδια και εφαρμογές έχουν βελτιστοποιηθεί",
    "l10n.scanGamesProgress": "{{numGamesScanned}} παιχνίδια και εφαρμογές βρέθηκαν",
    "l10n.scanGameProgress": "{{numGamesScanned}} παιχνίδι ή εφαρμογή βρέθηκε",
    "l10n.noGamesFound": "Δεν βρέθηκαν παιχνίδια ή εφαρμογές",
    "l10n.zeroGamesFound": "0 παιχνίδια και εφαρμογές βρέθηκαν",
    "l10n.nonOptimizeProgress": "{{numGamesNotOptimized}} παιχνίδια και εφαρμογές δεν βελτιστοποιήθηκαν",
    "l10n.unhandledexception": "Εξαίρεση που δεν αντιμετωπίστηκε",
    "l10n.sendfeedback": "Αποστολή σχολίων",
    "l10n.alphabetical": "Αλφαβητικά",
    "l10n.details": "Λεπτομέρειες",
    "l10n.share": "υπέρθεση εντός παιχνιδιού",
    "l10n.close": "Κλείσιμο",
    "l10n.second": "δευτερόλεπτο",
    "l10n.seconds": "δευτερόλεπτα",
    "l10n.minute": "λεπτό",
    "l10n.minutes": "λεπτά",
    "l10n.hour": "ώρα",
    "l10n.hours": "ώρες",
    "l10n.day": "ημέρα",
    "l10n.days": "ημέρες",
    "l10n.month": "μήνας",
    "l10n.months": "μήνες",
    "l10n.year": "έτος",
    "l10n.years": "έτη",
    "l10n.week": "εβδομάδα",
    "l10n.weeks": "εβδομάδες",
    "l10n.edit": "Επεξεργασία",
    "l10n.detail": "Λεπτομέρεια",
    "l10n.genre.other": "Άλλο",
    "l10n.genre.actionAdventure": "Περιπέτεια δράσης",
    "l10n.genre.action": "Ενέργεια",
    "l10n.genre.adventure": "Περιπέτεια",
    "l10n.genre.arcade": "Arcade",
    "l10n.genre.family": "Οικογένεια",
    "l10n.genre.fps": "Σκοποβολή πρώτου προσώπου",
    "l10n.genre.puzzle": "Παζλ",
    "l10n.genre.racing": "Αγώνες",
    "l10n.genre.rolePlaying": "Ρόλοι",
    "l10n.genre.actionRPG": "RPG δράσης",
    "l10n.genre.actionMMO": "MMO δράσης",
    "l10n.genre.mmorpg": "MMO RPG",
    "l10n.genre.rts": "Στρατηγική πραγματικού χρόνου",
    "l10n.pause": "Παύση",
    "l10n.volume": "Ένταση ήχου",
    "l10n.fullscreen": "Πλήρης οθόνη",
    "l10n.mediaerror.aborted": "Η αναπαραγωγή ματαιώθηκε",
    "l10n.mediaerror.network": "Σφάλμα λήψης",
    "l10n.mediaerror.decode": "Σφάλμα αποκωδικοποίησης",
    "l10n.mediaerror.notsupported": "Τύπος βίντεο δεν υποστηρίζεται",
    "l10n.mediaerror.generic": "Δεν είναι δυνατή η αναπαραγωγή",
    "l10n.allSet": "Είσαι έτοιμος",
    "l10n.shield": "shield",
    "l10n.hr": "{{value}} ώρα",
    "l10n.hrs": "{{value}} ώρες",
    "l10n.aboutHrs": "Περίπου {{value}} ώρες",
    "l10n.mins": "{{value}} λεπτά",
    "l10n.min": "{{value}} λεπτό",
    "l10n.secs": "{{value}} δευτερόλεπτα",
    "l10n.sec": "{{value}} δευτερόλεπτο",
    "l10n.byte": "{{value}} byte",
    "l10n.bytes": "{{value}} byte",
    "l10n.mb": "{{value}} MB",
    "l10n.kb": "{{value}} KB",
    "l10n.gb": "{{value}} GB",
    "l10n.tb": "{{value}} TB",
    "l10n.send": "Αποστολή",
    "l10n.feedbackCategory": "Κατηγορία ανατροφοδότησης",
    "l10n.subCategory": "Υποκατηγορία",
    "l10n.emailOptional": "Email (προαιρετικό)",
    "l10n.drivers": "Προγράμματα οδήγησης",
    "l10n.downloadDriver": "Δεν είναι δυνατή η λήψη του συνιστώμενου προγράμματος οδήγησης",
    "l10n.installDriver": "Δεν είναι δυνατή η εγκατάσταση του συνιστώμενου προγράμματος οδήγησης",
    "l10n.checkUpdate": "Δεν είναι δυνατός ο έλεγχος για ενημερώσεις",
    "l10n.checkTimeLong": "Ο έλεγχος για ενημερώσεις διαρκεί πάρα πολύ",
    "l10n.downloadTimeLong": "Η λήψη προγράμματος οδήγησης διαρκεί πάρα πολύ",
    "l10n.installTimeLong": "Η εγκατάσταση προγράμματος οδήγησης διαρκεί πάρα πολύ",
    "l10n.driverIssue": "Πείτε μας για κάποιο ζήτημα με το πρόγραμμα οδήγησης γραφικών",
    "l10n.others": "Άλλα",
    "l10n.installIssue": "Αναφέρετε ζήτημα με την εγκατάσταση του GeForce Experience",
    "l10n.updateIssue": "Αναφέρετε ζήτημα με την ενημέρωση του GeForce Experience",
    "l10n.translateIssue": "Αναφέρετε μια λανθασμένη ή ελλιπή μετάφραση",
    "l10n.geforceIssue": "Αναφέρετε ζήτημα με το GeForce Experience",
    "l10n.shareIssue": "Αναφορά ζητήματος με την κοινή χρήση του παιχνιδιού σας",
    "l10n.ledIssue": "Αναφορά ζητήματος με το LED Visualizer",
    "l10n.whatLike": "Πείτε μας τι σας αρέσει από το GeForce Experience",
    "l10n.suggestion": "Προτείνετε βελτίωση για το GeForce Experience",
    "l10n.gameDetectionAndSupport": "Ανίχνευση και υποστήριξη παιχνιδιών και εφαρμογών",
    "l10n.gameNotFoundSupported": "Δεν βρέθηκε υποστηριζόμενο παιχνίδι ή εφαρμογή",
    "l10n.gameWrongDetection": "Το παιχνίδι ή η εφαρμογή ανιχνεύτηκε λανθασμένα ή δεν εγκαταστάθηκε",
    "l10n.gameDuplicateDetection": "Βρέθηκαν διπλότυπα αντίγραφα του ίδιου παιχνιδιού ή εφαρμογής",
    "l10n.gameLaunchFail": "Δεν είναι δυνατή η εκκίνηση παιχνιδιού ή εφαρμογής",
    "l10n.gameCurrentSettingsNotAvailable": "Δεν βρέθηκαν οι τρέχουσες ρυθμίσεις παιχνιδιών ή εφαρμογών",
    "l10n.gameTooLongScan": "Η σάρωση για παιχνίδια και εφαρμογές διαρκεί πάρα πολύ",
    "l10n.gameSupportSuggestion": "Προτείνετε παιχνίδι ή εφαρμογή που πρέπει να υποστηρίξουμε",
    "l10n.ops": "Βέλτιστες ρυθμίσεις",
    "l10n.opsMissing": "Λείπουν συστάσεις",
    "l10n.opsLowImageQuality": "Η ποιότητα εικόνας είναι πολύ χαμηλή",
    "l10n.opsLowPerformance": "Τα καρέ ανά δευτερόλεπτο είναι πολύ χαμηλά",
    "l10n.opsRemoved": "Οι συστάσεις αφαιρέθηκαν",
    "l10n.opsSuggestion": "Προτείνετε μια βελτίωση για τις βέλτιστες ρυθμίσεις",
    "l10n.shareInstantReplay": "Πείτε μας για την εμπειρία σας με τη χρήση της άμεσης επανάληψης",
    "l10n.shareRecord": "Πείτε μας για την εμπειρία σας με τη χρήση της εγγραφής",
    "l10n.shareStream": "Πείτε μας για την εμπειρία σας με τη χρήση της ροής",
    "l10n.shareBroadcast": "Πείτε μας για την εμπειρία σας με τη χρήση της μετάδοσης",
    "l10n.shareImprovement": "Προτείνετε τρόπους για τη βελτίωση της κοινής χρήσης του παιχνιδιού σας",
    "l10n.gameStream": "GameStream",
    "l10n.gameStreamGameIssue": "Αναφορά ζητήματος με παιχνίδια και εφαρμογές που πρόσθεσα",
    "l10n.gameStreamPairing": "Δεν είναι δυνατή η σύζευξη συσκευών SHIELD με αυτόν τον υπολογιστή",
    "l10n.gameStreamInternet": "Δεν είναι δυνατή η ροή στο Internet",
    "l10n.gameStreamGameLaunch": "Το παιχνίδι ή η εφαρμογή απέτυχε να εκκινηθεί",
    "l10n.gameStreamController": "Ο ελεγκτής δεν λειτουργεί",
    "l10n.gameStreamSuggestion": "Προτείνετε βελτίωση για το GameStream",
    "l10n.feedbackDisableMessage": "Η ανατροφοδότησή σας μας ενδιαφέρει. Για να μας πείτε τη γνώμη σας, μεταβείτε στις Ρυθμίσεις > Γενικά.",
    "l10n.feedbackThanksMessage": "Ευχαριστούμε για την ανατροφοδότησή σας. Το ψάχνουμε.",
    "l10n.affectedGame": "Επηρεαζόμενο παιχνίδι ή εφαρμογή",
    "l10n.location": "Θέση",
    "l10n.affectedGames": "Επηρεαζόμενα παιχνίδια και εφαρμογές",
    "l10n.noInformationAvailable": "Οι πληροφορίες δεν διατίθενται!",
    "l10n.invalidYear": "Εισαγωγή τετραψήφιου έτους",
    "l10n.invalidDate": "Εισάγετε έγκυρη ημερομηνία γέννησης",
    "l10n.higherPerformance": "Υψηλότερες επιδόσεις",
    "l10n.longerBatteryLife": "Μακρύτερη ζωή μπαταρίας",
    "l10n.youAreOffline": "Είστε εκτός σύνδεσης. Συνδεθείτε σε ένα δίκτυο και δοκιμάστε ξανά.",
    "l10n.unableToFetchVideo": "Δεν είναι δυνατή η ανάκτηση του βίντεο. Δοκιμάστε ξανά σε λίγο.",
    "l10n.launchingShareToast": "Γίνεται προετοιμασία για την κοινή χρήση του παιχνιδιού σας...",
    "l10n.openShareFailure": "Δεν είναι δυνατό το άνοιγμα της κοινής χρήσης.",
    "l10n.somethingWrong": "Υπήρξε πρόβλημα.",
    "l10n.errorRestartApplication": "Δοκιμάστε να επανεκκινήσετε το GeForce Experience.",
    "l10n.errorRestartPC": "Δοκιμάστε να επανεκκινήσετε τον υπολογιστή σας και μετά εκκινήστε το GeForce Experience.",
    "l10n.errorCode": "ΚΩΔΙΚΟΣ ΣΦΑΛΜΑΤΟΣ:",
    "l10n.pageCouldNotBeLoaded": "Η σελίδα δεν φορτώθηκε. Ελέγξτε τη σύνδεσή σας στο Διαδίκτυο και προσπαθήστε ξανά.",
    "l10n.retry": "Προσπαθήστε ξανά",
    "l10n.learnMore": "Μάθετε περισσότερα",
    "l10n.virtualReality": "Εικονική πραγματικότητα",
    "l10n.tellAboutExperience": "Πείτε μας για την εμπειρία σας",
    "l10n.suggestVirtualRealityImprovement": "Προτείνετε βελτίωση για την Εικονική πραγματικότητα",
    "l10n.tellAboutVirtualRealityIssue": "Πείτε μας για κάποιο ζήτημα με την Εικονική πραγματικότητα",
    "l10n.shareBeta": "Κοινή χρήση (Beta)",
    "l10n.restart": "Επανεκκίνηση",
    "l10n.doesNotMeetSpecVR": "Δεν πληροί τις συνιστώμενες προδιαγραφές για παιχνίδι εικονικής πραγματικότητας",
    "l10n.recommendedSpecVR": "Συνιστώμενες προδιαγραφές για παιχνίδι εικονικής πραγματικότητας",
    "l10n.shareShortcut": "Alt + Z",
    "l10n.featureEnabled": "Το {{featureName}} είναι ενεργοποιημένο",
    "l10n.updateNow": "Ενημέρωση τώρα",
    "l10n.shareNotReady": "Η υπέρθεση εντός παιχνιδιού δεν είναι έτοιμη",
    "l10n.featureErrorMessage": "Δοκιμάστε επανεκκίνηση του συστήματός σας ή εκ νέου εγκατάσταση του GeForce Experience.",
    "l10n.gotItText": "Το κατάλαβα",
    "l10n.gameStreamNotReady": "Το GameStream δεν είναι έτοιμο",
    "l10n.loading": "Γίνεται φόρτωση...",
    "l10n.openGfeInGame": "Άνοιγμα του στοιχείου Υπέρθεσης εντός παιχνιδιού",
    "l10n.joinWeChat": "Βρείτε το {{clubName}} στο WeChat!",
    "l10n.scanNvidiaNewsWeChatQrCode": "Σαρώστε τον κωδικό QR για να αποκτήσετε τις πιο πρόσφατες ειδήσεις NVIDIA",
    "l10n.recentSearches": "Πρόσφατες αναζητήσεις",
    "l10n.noResultsAvailable": "Δεν βρέθηκε κανένα αποτέλεσμα στην αναζήτηση σας.",
    "l10n.nextTip": "Επόμενη συμβουλή",
    "l10n.achievements": "Επιτεύγματα",
    "l10n.noResults": "Κανένα αποτέλεσμα",
    "l10n.noResultsSearchMessage": "Δοκιμάστε άλλες λέξεις-κλειδιά",
    "l10n.myProfile": "Το προφίλ μου (PILOT)",
    "l10n.later": "Αργότερα",
    "l10n.updateDriver": "Ενημέρωση προγράμματος οδήγησης",
    "l10n.driverUpdateRequired": "Απαιτείται ενημέρωση προγράμματος οδήγησης",
    "l10n.criticalUpdateForFeaturesOne": "Κρίσιμη ενημέρωση για {{featureOne}}",
    "l10n.criticalUpdateForFeaturesTwo": "Κρίσιμη ενημέρωση για {{featureOne}} και {{featureTwo}}",
    "l10n.criticalUpdateForFeaturesThree": "Κρίσιμη ενημέρωση για {{featureOne}}, {{featureTwo}} και {{featureThree}}",
    "l10n.criticalUpdateForFeaturesFour": "Κρίσιμη ενημέρωση για {{featureOne}}, {{featureTwo}}, {{featureThree}} και {{featureFour}}",
    "l10n.criticalUpdateForFeaturesFive": "Κρίσιμη ενημέρωση για {{featureOne}}, {{featureTwo}}, {{featureThree}}, {{featureFour}} και {{featureFive}}",
    "l10n.criticalUpdateForFeaturesSix": "Κρίσιμη ενημέρωση για {{featureOne}}, {{featureTwo}}, {{featureThree}}, {{featureFour}}, {{featureFive}} και {{featureSix}}",
    "l10n.launchYourGames": "Εκκινήστε τα παιχνίδια και τις εφαρμογές σας ή επεξεργαστείτε τις βέλτιστες ρυθμίσεις σας.",
    "l10n.getTheLatestGrds": "Αποκτήστε τα πιο πρόσφατα προγράμματα οδήγησης Game Ready ή προγράμματα οδήγησης Studio για τα παιχνίδια και εφαρμογές σας.",
    "l10n.accessTheIgo": "Αποκτήστε πρόσβαση στην υπέρθεση εντός παιχνιδιού για να καταγράψετε και να μοιραστείτε βίντεο, στιγμιότυπα οθόνης και ζωντανές ροές.",
    "l10n.joinTheCommunity": "Ελάτε στην κοινότητα και κερδίστε επιβραβεύσεις.",
    "l10n.accessClientSettings": "Αποκτήστε πρόσβαση σε ρυθμίσεις πελατών, εξαργυρώστε κουπόνια και ενεργοποιήστε το GameStream",
    "l10n.unableToSendFeedback": "Δεν είναι δυνατή η αποστολή ανατροφοδότησης, δοκιμάστε ξανά αργότερα",
    "l10n.includeTechnicalData": "Για να μας βοηθήσετε να εξετάσουμε τα σχόλιά σας, θα συμπεριλαμβάνουμε αυτόματα τεχνικά δεδομένα, όπως τις πληροφορίες συστήματος του υπολογιστή σας και αρχεία καταγραφής σφαλμάτων.",
    "l10n.configureOptions": "Ρυθμίστε επιλογές, όπως τις ρυθμίσεις Υπερθέσεων, τις πειραματικές δυνατότητες και το GameStream.",
    "l10n.redeemCodesAndRewards": "Εξαργύρωση κωδικών και ανταμοιβών",
    "l10n.privacyPolicy": "Πολιτική απορρήτου NVIDIA",
    "l10n.ctaStartCountdown": "Έναρξη σε {{countdown}}",
    "l10n.ctaEndCountdown": "Τέλος σε {{countdown}}",
    "l10n.ctaEnded": "Τελείωσε",
    "l10n.connectionSecure": "Η σύνδεση στην υπηρεσία {{provider}} είναι ασφαλής.",
    "l10n.informationSecure": "Οι πληροφορίες σας, όπως το όνομα χρήστη και οι κωδικοί πρόσβασης, είναι ασφαλείς όταν στέλνονται στον ιστότοπο.",
    "l10n.viewCertificate": "Προβολή πιστοποιητικού",
    "l10n.anselPhotoMode": "Τρόπος λειτουργίας φωτογραφιών Ansel",
    "l10n.freestyle": "Φίλτρα παιχνιδιού Freestyle",
    "l10n.shadowplayRecords": "Εγγραφή και άμεση επανάληψη ShadowPlay",
    "l10n.openForDiscussion": "Ναι, συμφωνώ να επικοινωνήσει η NVIDIA μαζί μου αν έχει επιπρόσθετες ερωτήσεις.",
    "l10n.nvidiaGfeTitle": "NVIDIA GeForce Experience",
    "l10n.gfePartnerInfoDescription": "Το NVIDIA GeForce Experience χρησιμοποιεί υπηρεσίες YouTube API, οι οποίες διέπονται από τους ακόλουθούς όρους χρήσης και πολιτικές απορρήτου:",
    "l10n.gfeYouTubeTOS": "Όροι υπηρεσίας YouTube",
    "l10n.gfeGoogleSecuritySettings": "Ρύθμιση ασφάλειας Google",
    "l10n.gfeGooglePrivacyPolicy": "Πολιτική απορρήτου Google",
    "l10n.gfePartnerPrivacyPolicy": "Πολιτικές απορρήτου και όροι υπηρεσίες συνεργατών"
}
