{
    "l10n.home": "Inicio",
    "l10n.gfn": "GeForce NOW",
    "l10n.gallery": "Galería",
    "l10n.gameroom": "Sala de juego",
    "l10n.news": "Novedades",
    "l10n.search": "Buscar",
    "l10n.notifications": "Notificaciones",
    "l10n.updates": "Actualizaciones",
    "l10n.settings": "Configuración",
    "l10n.debug": "Depurar",
    "l10n.preferences": "Preferencias",
    "l10n.screenshots": "Capturas de pantalla",
    "l10n.username": "Nombre de usuario",
    "l10n.account": "Cuenta",
    "l10n.logOut": "Cerrar sesión",
    "l10n.cancel": "Cancelar",
    "l10n.continue": "Continuar",
    "l10n.submit": "Enviar",
    "l10n.back": "Volver",
    "l10n.alt.nvidiaLogo": "Logo de NVIDIA",
    "l10n.optimize": "Optimizar",
    "l10n.all": "Todos",
    "l10n.more": "Más",
    "l10n.moreDots": "Más...",
    "l10n.sort": "Clasificar",
    "l10n.filter": "Filtrar",
    "l10n.done": "Terminado",
    "l10n.skip": "Omitir",
    "l10n.or": "O",
    "l10n.gamesOptimized": "{{numGamesOptimized}} juegos y aplicaciones están optimizados",
    "l10n.scanGamesProgress": "Se encontraron {{numGamesScanned}} juegos y aplicaciones",
    "l10n.scanGameProgress": "Se encontró {{numGamesScanned}} juego o aplicación",
    "l10n.noGamesFound": "No se encontraron juegos ni aplicaciones",
    "l10n.zeroGamesFound": "Se encontraron 0 juegos y aplicaciones",
    "l10n.nonOptimizeProgress": "{{numGamesNotOptimized}} juegos y aplicaciones no están optimizados",
    "l10n.unhandledexception": "Excepción no controlada",
    "l10n.sendfeedback": "Enviar comentarios",
    "l10n.alphabetical": "Alfabético",
    "l10n.details": "Detalles",
    "l10n.share": "superposición dentro del juego",
    "l10n.close": "Cerrar",
    "l10n.second": "segundo",
    "l10n.seconds": "segundos",
    "l10n.minute": "minuto",
    "l10n.minutes": "minutos",
    "l10n.hour": "hora",
    "l10n.hours": "horas",
    "l10n.day": "día",
    "l10n.days": "días",
    "l10n.month": "mes",
    "l10n.months": "meses",
    "l10n.year": "año",
    "l10n.years": "años",
    "l10n.week": "semana",
    "l10n.weeks": "semanas",
    "l10n.edit": "Edición",
    "l10n.detail": "Detalle",
    "l10n.genre.other": "Otro",
    "l10n.genre.actionAdventure": "Acción/aventura",
    "l10n.genre.action": "Acción",
    "l10n.genre.adventure": "Aventura",
    "l10n.genre.arcade": "Arcade",
    "l10n.genre.family": "Familia",
    "l10n.genre.fps": "Tirador de primera persona",
    "l10n.genre.puzzle": "Rompecabezas",
    "l10n.genre.racing": "Carrera",
    "l10n.genre.rolePlaying": "Juego de rol",
    "l10n.genre.actionRPG": "Juego de rol de acción",
    "l10n.genre.actionMMO": "Juego multijugador masivo en línea de acción",
    "l10n.genre.mmorpg": "Juego de rol multijugador masivo en línea",
    "l10n.genre.rts": "Estrategia en tiempo real",
    "l10n.pause": "Pausa",
    "l10n.volume": "Volumen",
    "l10n.fullscreen": "Pantalla completa",
    "l10n.mediaerror.aborted": "Reproducción cancelada",
    "l10n.mediaerror.network": "Error de descarga",
    "l10n.mediaerror.decode": "Error de decodificación",
    "l10n.mediaerror.notsupported": "Tipo de video no admitido",
    "l10n.mediaerror.generic": "No es posible la reproducción.",
    "l10n.allSet": "Preparado",
    "l10n.shield": "shield",
    "l10n.hr": "{{value}} hr.",
    "l10n.hrs": "{{value}} hrs.",
    "l10n.aboutHrs": "Unas {{value}} hrs.",
    "l10n.mins": "{{value}} mins.",
    "l10n.min": "{{value}} min.",
    "l10n.secs": "{{value}} segs.",
    "l10n.sec": "{{value}} seg.",
    "l10n.byte": "{{value}} byte",
    "l10n.bytes": "{{value}} bytes",
    "l10n.mb": "{{value}} MB",
    "l10n.kb": "{{value}} KB",
    "l10n.gb": "{{value}} GB",
    "l10n.tb": "{{value}} TB",
    "l10n.send": "Enviar",
    "l10n.feedbackCategory": "Categoría de comentarios",
    "l10n.subCategory": "Subcategoría",
    "l10n.emailOptional": "Correo electrónico (opcional):",
    "l10n.drivers": "Controladores",
    "l10n.downloadDriver": "No se puede descargar el controlador recomendado.",
    "l10n.installDriver": "No se puede instalar el controlador recomendado.",
    "l10n.checkUpdate": "No se pueden buscar actualizaciones.",
    "l10n.checkTimeLong": "La búsqueda de actualizaciones tarda demasiado.",
    "l10n.downloadTimeLong": "La descarga del controlador tarda demasiado.",
    "l10n.installTimeLong": "La instalación del controlador tarda demasiado.",
    "l10n.driverIssue": "Informar de un problema con un controlador de gráficos",
    "l10n.others": "Otros",
    "l10n.installIssue": "Informar de un problema con la instalación de GeForce Experience",
    "l10n.updateIssue": "Informar de un problema con la actualización de GeForce Experience",
    "l10n.translateIssue": "Informar de una traducción que falta o es incorrecta",
    "l10n.geforceIssue": "Informar de un problema con GeForce Experience",
    "l10n.shareIssue": "Informar de un problema al compartir su juego",
    "l10n.ledIssue": "Informar de un problema con LED Visualizer",
    "l10n.whatLike": "Díganos lo que quiera sobre GeForce Experience",
    "l10n.suggestion": "Sugerir una mejora para GeForce Experience",
    "l10n.gameDetectionAndSupport": "Detección y compatibilidad de juegos o aplicaciones",
    "l10n.gameNotFoundSupported": "No se encontró un juego o una aplicación compatible",
    "l10n.gameWrongDetection": "La aplicación o el juego no se detectaron correctamente o no están instalados",
    "l10n.gameDuplicateDetection": "Se encontraron copias duplicadas del mismo juego o aplicación",
    "l10n.gameLaunchFail": "No se puede iniciar el juego o la aplicación",
    "l10n.gameCurrentSettingsNotAvailable": "No se encontró la configuración del juego o la aplicación actual",
    "l10n.gameTooLongScan": "La búsqueda de juegos y aplicaciones tarda demasiado",
    "l10n.gameSupportSuggestion": "Sugerir un juego o una aplicación con los que deberíamos ofrecer compatibilidad",
    "l10n.ops": "Configuración óptima",
    "l10n.opsMissing": "Faltan recomendaciones.",
    "l10n.opsLowImageQuality": "La calidad de imagen es demasiado baja.",
    "l10n.opsLowPerformance": "El valor de fotogramas por segundo está demasiado bajo.",
    "l10n.opsRemoved": "Se quitaron las recomendaciones.",
    "l10n.opsSuggestion": "Sugerir una mejora para la configuración óptima",
    "l10n.shareInstantReplay": "Indique su experiencia con Instant Replay",
    "l10n.shareRecord": "Indique su experiencia con Record",
    "l10n.shareStream": "Indique su experiencia con Stream",
    "l10n.shareBroadcast": "Indique su experiencia con Broadcast",
    "l10n.shareImprovement": "Sugerir formas de mejorar la manera en que se comparte un juego",
    "l10n.gameStream": "GameStream",
    "l10n.gameStreamGameIssue": "Informar de un problema con juegos y aplicaciones que agregué",
    "l10n.gameStreamPairing": "No es posible combinar dispositivos SHIELD con esta PC.",
    "l10n.gameStreamInternet": "No es posible realizar una transmisión por secuencias a través de Internet.",
    "l10n.gameStreamGameLaunch": "La aplicación o el juego no se inician",
    "l10n.gameStreamController": "El controlador no está funcionando.",
    "l10n.gameStreamSuggestion": "Sugerir una mejora para GameStream",
    "l10n.feedbackDisableMessage": "Sus comentarios nos importan. Para decirnos lo que piensa, vaya a Configuraciones > Generales.",
    "l10n.feedbackThanksMessage": "Gracias por sus comentarios. Lo estamos analizando.",
    "l10n.affectedGame": "Juego o aplicación afectados",
    "l10n.location": "Ubicación",
    "l10n.affectedGames": "Juegos y aplicaciones afectados",
    "l10n.noInformationAvailable": "Información no disponible",
    "l10n.invalidYear": "Ingrese un año con cuatro dígitos.",
    "l10n.invalidDate": "Ingrese una fecha de nacimiento válida.",
    "l10n.higherPerformance": "Mayor rendimiento",
    "l10n.longerBatteryLife": "Mayor duración de la batería",
    "l10n.youAreOffline": "Usted se encuentra desconectado. Conéctese a una red y vuelva a intentarlo.",
    "l10n.unableToFetchVideo": "No es posible obtener el video. Inténtelo de nuevo más tarde.",
    "l10n.launchingShareToast": "Preparándose para compartir su juego...",
    "l10n.openShareFailure": "No es posible abrir Compartir.",
    "l10n.somethingWrong": "Algo salió mal.",
    "l10n.errorRestartApplication": "Intente reiniciar GeForce Experience.",
    "l10n.errorRestartPC": "Intente reiniciar su computadora y luego ingrese a GeForce Experience.",
    "l10n.errorCode": "CÓDIGO DE ERROR:",
    "l10n.pageCouldNotBeLoaded": "No se pudo cargar la página. Compruebe su conexión a Internet e intente de nuevo.",
    "l10n.retry": "Reintentar",
    "l10n.learnMore": "Más información",
    "l10n.virtualReality": "Realidad virtual",
    "l10n.tellAboutExperience": "Indique su experiencia",
    "l10n.suggestVirtualRealityImprovement": "Sugerir una mejora para realidad virtual",
    "l10n.tellAboutVirtualRealityIssue": "Informar de un problema con realidad virtual",
    "l10n.shareBeta": "Compartir (Beta)",
    "l10n.restart": "Reiniciar",
    "l10n.doesNotMeetSpecVR": "No reúne las especificaciones recomendadas para juegos de realidad virtual",
    "l10n.recommendedSpecVR": "Especificaciones recomendadas para juegos de realidad virtual",
    "l10n.shareShortcut": "Alt + Z",
    "l10n.featureEnabled": "{{featureName}} está activado",
    "l10n.updateNow": "Actualizar ahora",
    "l10n.shareNotReady": "La superposición dentro del juego no está lista",
    "l10n.featureErrorMessage": "Intente volver a iniciar su sistema o vuelva a instalar GeForce Experience. Si eso no funciona, espere una actualización de parche para la aplicación.",
    "l10n.gotItText": "De acuerdo",
    "l10n.gameStreamNotReady": "GameStream no está listo",
    "l10n.loading": "Cargando...",
    "l10n.openGfeInGame": "Superposición abierta dentro del juego",
    "l10n.joinWeChat": "¡Únase a {{clubName}} en WeChat!",
    "l10n.scanNvidiaNewsWeChatQrCode": "Escanee el código QR para obtener las últimas novedades de NVIDIA",
    "l10n.recentSearches": "Búsquedas recientes",
    "l10n.noResultsAvailable": "No se encontraron resultados que coincidan con su consulta.",
    "l10n.nextTip": "Siguiente consejo",
    "l10n.achievements": "Logros",
    "l10n.noResults": "Sin resultados",
    "l10n.noResultsSearchMessage": "Intente realizar la búsqueda con palabras clave diferentes.",
    "l10n.myProfile": "Mi perfil (PILOT)",
    "l10n.later": "Más tarde",
    "l10n.updateDriver": "Actualizar controlador",
    "l10n.driverUpdateRequired": "Se requiere la actualización del controlador",
    "l10n.criticalUpdateForFeaturesOne": "Actualización esencial para {{featureOne}}",
    "l10n.criticalUpdateForFeaturesTwo": "Actualización esencial para {{featureOne}} y {{featureTwo}}",
    "l10n.criticalUpdateForFeaturesThree": "Actualización esencial para {{featureOne}}, {{featureTwo}} y {{featureThree}}",
    "l10n.criticalUpdateForFeaturesFour": "Actualización esencial para {{featureOne}}, {{featureTwo}}, {{featureThree}} y {{featureFour}}",
    "l10n.criticalUpdateForFeaturesFive": "Actualización esencial para {{featureOne}}, {{featureTwo}}, {{featureThree}}, {{featureFour}} y {{featureFive}}",
    "l10n.criticalUpdateForFeaturesSix": "Actualización esencial para {{featureOne}}, {{featureTwo}}, {{featureThree}}, {{featureFour}}, {{featureFive}} y {{featureSix}}",
    "l10n.launchYourGames": "Inicie sus juegos y aplicaciones o edite sus configuraciones óptimas.",
    "l10n.getTheLatestGrds": "Obtenga los controladores compatibles con los juegos o los controladores compatibles con Studio más recientes para sus juegos y aplicaciones.",
    "l10n.accessTheIgo": "Acceda a la superposición dentro del juego para grabar y compartir videos, capturas de pantalla y livestreams.",
    "l10n.joinTheCommunity": "Únase a la comunidad y gane recompensas.",
    "l10n.accessClientSettings": "Acceda a la configuración del cliente, canjee los cupones y habilite GameStream",
    "l10n.unableToSendFeedback": "No es posible enviar comentarios. Intentar de nuevo más tarde",
    "l10n.includeTechnicalData": "Para ayudarnos a revisar sus comentarios, incluiremos automáticamente datos técnicos, como la información del sistema de su PC y los registros de errores.",
    "l10n.configureOptions": "Configure opciones como Configuración de superposición, funciones experimentales y GameStream.",
    "l10n.redeemCodesAndRewards": "Canjear códigos y recompensas",
    "l10n.privacyPolicy": "Política de privacidad de NVIDIA",
    "l10n.ctaStartCountdown": "Inicia en {{countdown}}",
    "l10n.ctaEndCountdown": "Finaliza en {{countdown}}",
    "l10n.ctaEnded": "Finalizada",
    "l10n.connectionSecure": "La conexión a {{provider}} es segura.",
    "l10n.informationSecure": "Su nombre de usuario y su contraseña están seguros cuando esta información se envía al sitio.",
    "l10n.viewCertificate": "Ver certificado",
    "l10n.anselPhotoMode": "Modo fotográfico Ansel",
    "l10n.freestyle": "Filtro de juegos Freestyle",
    "l10n.shadowplayRecords": "Grabación de ShadowPlay y repetición instantánea",
    "l10n.openForDiscussion": "Sí, pueden contactarme si NVIDIA tiene más preguntas.",
    "l10n.nvidiaGfeTitle": "NVIDIA GeForce Experience",
    "l10n.gfePartnerInfoDescription": "NVIDIA GeForce Experience utiliza los Servicios API de YouTube, que se rigen por los siguientes términos de uso y políticas de privacidad:",
    "l10n.gfeYouTubeTOS": "Términos de servicio de YouTube",
    "l10n.gfeGoogleSecuritySettings": "Configuración de seguridad de Google",
    "l10n.gfeGooglePrivacyPolicy": "Política de privacidad de Google",
    "l10n.gfePartnerPrivacyPolicy": "Políticas de privacidad y términos de servicio de asociado"
}
