{
    "l10n.home": "Kotisivu",
    "l10n.gfn": "GeForce NOW",
    "l10n.gallery": "Galleria",
    "l10n.gameroom": "Pelihuone",
    "l10n.news": "Uutiset",
    "l10n.search": "Hae",
    "l10n.notifications": "Ilmoitukset",
    "l10n.updates": "Päivitykset",
    "l10n.settings": "Asetukset",
    "l10n.debug": "Virheenkorjaus",
    "l10n.preferences": "Määritykset",
    "l10n.screenshots": "Näyttökuvat",
    "l10n.username": "Käyttäjänimi",
    "l10n.account": "Tili",
    "l10n.logOut": "Kirjaudu ulos",
    "l10n.cancel": "Peruuta",
    "l10n.continue": "Jatka",
    "l10n.submit": "Lähetä",
    "l10n.back": "Takaisin",
    "l10n.alt.nvidiaLogo": "NVIDIA-logo",
    "l10n.optimize": "Optimoi",
    "l10n.all": "Kaikki",
    "l10n.more": "Lisää",
    "l10n.moreDots": "Lisää...",
    "l10n.sort": "Lajittele",
    "l10n.filter": "Suodin",
    "l10n.done": "Valmis",
    "l10n.skip": "Ohita",
    "l10n.or": "Tai",
    "l10n.gamesOptimized": "{{numGamesOptimized}} peliä ja sovellusta on optimoitu",
    "l10n.scanGamesProgress": "{{numGamesScanned}} peliä ja sovellusta löydetty",
    "l10n.scanGameProgress": "{{numGamesScanned}} peli tai sovellus löydetty",
    "l10n.noGamesFound": "Pelejä tai sovelluksia ei löydetty",
    "l10n.zeroGamesFound": "0 peliä ja sovellusta löydetty",
    "l10n.nonOptimizeProgress": "{{numGamesNotOptimized}} peliä ja sovellusta ei ole optimoitu",
    "l10n.unhandledexception": "Käsittelemätön poikkeus",
    "l10n.sendfeedback": "Lähetä palautetta",
    "l10n.alphabetical": "Aakkosellinen",
    "l10n.details": "Tiedot",
    "l10n.share": "pelinsisäiset limitykset",
    "l10n.close": "Sulje",
    "l10n.second": "sekunti",
    "l10n.seconds": "sekuntia",
    "l10n.minute": "minuuutti",
    "l10n.minutes": "minuuttia",
    "l10n.hour": "tunti",
    "l10n.hours": "tuntia",
    "l10n.day": "päivä",
    "l10n.days": "päivää",
    "l10n.month": "kuukausi",
    "l10n.months": "kuukautta",
    "l10n.year": "vuosi",
    "l10n.years": "vuotta",
    "l10n.week": "viikko",
    "l10n.weeks": "viikkoa",
    "l10n.edit": "Muokkaa",
    "l10n.detail": "Yksityiskohta",
    "l10n.genre.other": "Muu",
    "l10n.genre.actionAdventure": "Toiminta/seikkailu",
    "l10n.genre.action": "Toiminta",
    "l10n.genre.adventure": "Seikkailu",
    "l10n.genre.arcade": "Pelihalli",
    "l10n.genre.family": "Mallit",
    "l10n.genre.fps": "Itse ampuja",
    "l10n.genre.puzzle": "Palapeli",
    "l10n.genre.racing": "Autopeli",
    "l10n.genre.rolePlaying": "Roolipeli",
    "l10n.genre.actionRPG": "Toiminta-RPG",
    "l10n.genre.actionMMO": "Toiminta-MMO",
    "l10n.genre.mmorpg": "MMO RPG",
    "l10n.genre.rts": "Reaaliaikainen strategia",
    "l10n.pause": "Keskeytä",
    "l10n.volume": "Äänenvoimakkuus",
    "l10n.fullscreen": "Koko näyttö",
    "l10n.mediaerror.aborted": "Toisto keskeytetty",
    "l10n.mediaerror.network": "Latausvirhe",
    "l10n.mediaerror.decode": "Koodausvirhe",
    "l10n.mediaerror.notsupported": "Videotyyppiä ei tueta",
    "l10n.mediaerror.generic": "Ei voi toistaa",
    "l10n.allSet": "Olet valmis",
    "l10n.shield": "shield",
    "l10n.hr": "{{value}} h",
    "l10n.hrs": "{{value}} h",
    "l10n.aboutHrs": "Noin {{value}} h",
    "l10n.mins": "{{value}} min",
    "l10n.min": "{{value}} min",
    "l10n.secs": "{{value}} s",
    "l10n.sec": "{{value}} s",
    "l10n.byte": "{{value}} tavu",
    "l10n.bytes": "{{value}} tavua",
    "l10n.mb": "{{value}} Mt",
    "l10n.kb": "{{value}} kt",
    "l10n.gb": "{{value}} Gt",
    "l10n.tb": "{{value}} Tt",
    "l10n.send": "Lähetä",
    "l10n.feedbackCategory": "Palauteluokka",
    "l10n.subCategory": "Alaluokka",
    "l10n.emailOptional": "Sähköposti (valinnainen)",
    "l10n.drivers": "Ohjaimet",
    "l10n.downloadDriver": "Ei voi ladata suositeltua ohjainta",
    "l10n.installDriver": "Ei voi asentaa suositeltua ohjainta",
    "l10n.checkUpdate": "Ei voi tarkistaa, onko päivityksiä",
    "l10n.checkTimeLong": "Päivitysten tarkistus vie liian kauan",
    "l10n.downloadTimeLong": "Ohjaimen lataaminen vie liian kauan",
    "l10n.installTimeLong": "Ohjaimen asennus vie liian kauan",
    "l10n.driverIssue": "Kerro grafiikkaohjaimeen liittyvästä ongelmasta",
    "l10n.others": "Muut",
    "l10n.installIssue": "Ilmoita GeForce Experiencen asennukseen liittyvästä ongelmasta",
    "l10n.updateIssue": "Ilmoita GeForce Experiencen päivitykseen liittyvästä ongelmasta",
    "l10n.translateIssue": "Ilmoita väärästä tai puuttuvasta käännöksestä",
    "l10n.geforceIssue": "Ilmoita GeForce Experienceen liittyvästä ongelmasta",
    "l10n.shareIssue": "Ilmoita jakamisongelmasta pelioiminnossa",
    "l10n.ledIssue": "Ilmoita LED Visualizer -ongelmasta",
    "l10n.whatLike": "Kerro, mitä pidät GeForce Experiencestä",
    "l10n.suggestion": "Ehdota parannusta GeForce Experienceen",
    "l10n.gameDetectionAndSupport": "Pelin tai sovelluksen tunnistus ja tuki",
    "l10n.gameNotFoundSupported": "Tuettua peliä tai sovellusta ei löytynyt",
    "l10n.gameWrongDetection": "Peli tai sovellus havaittiin väärin tai sitä ei ole asennettu",
    "l10n.gameDuplicateDetection": "Toinen kopio samasta pelistä tai sovelluksesta löytynyt",
    "l10n.gameLaunchFail": "Ei voida käynnistää peliä tai sovellusta",
    "l10n.gameCurrentSettingsNotAvailable": "Nykyisiä peli- tai sovellusasetuksia ei löytynyt",
    "l10n.gameTooLongScan": "Pelien ja sovelluksien etsiminen vie liian kauan",
    "l10n.gameSupportSuggestion": "Ehdota peliä tai sovellusta, jota meidän pitäisi tukea",
    "l10n.ops": "Optimaaliset asetukset",
    "l10n.opsMissing": "Suositukset puuttuvat",
    "l10n.opsLowImageQuality": "Kuvanlaatu on liian huono",
    "l10n.opsLowPerformance": "Kehysten määrä sekunnissa on liian alhainen",
    "l10n.opsRemoved": "Suositukset poistettiin",
    "l10n.opsSuggestion": "Ehdota parannuksia optimaalisiin asetuksiin",
    "l10n.shareInstantReplay": "Kerro meille kokemuksestasi pikauusinnan (Instant Replayn) käytöstä",
    "l10n.shareRecord": "Kerro meille kokemuksestasi nauhoituksen käytöstä",
    "l10n.shareStream": "Kerro meille kokemuksestasi suoratoiston käytöstä",
    "l10n.shareBroadcast": "Kerro meille kokemuksestasi lähetyksen käytöstä",
    "l10n.shareImprovement": "Ehdota parannusta jakamistoimintoon",
    "l10n.gameStream": "GameStream",
    "l10n.gameStreamGameIssue": "Ilmoita lisättyihin peleihin ja sovelluksiin liittyvästä ongelmasta",
    "l10n.gameStreamPairing": "SHIELD-laitteiden liittäminen tähän tietokoneeseen epäonnistui",
    "l10n.gameStreamInternet": "Toisto Internetissä epäonnistui",
    "l10n.gameStreamGameLaunch": "Pelin tai sovelluksen käynnistäminen epäonnistui",
    "l10n.gameStreamController": "Ohjain ei toimi",
    "l10n.gameStreamSuggestion": "Ehdota parannusta GameStreamiin",
    "l10n.feedbackDisableMessage": "Antamasi palaute on hyvin tärkeää meille. Siirry kohtaan Asetukset > Yleistä, jos haluat kertoa meille mielipiteesi.",
    "l10n.feedbackThanksMessage": "Kiitos palautteesta. Tarkistamme asiaa.",
    "l10n.affectedGame": "Peli tai sovellus, johon tämä vaikuttaa",
    "l10n.location": "Sijainti",
    "l10n.affectedGames": "Pelit tai sovellukset, joihin tämä vaikuttaa",
    "l10n.noInformationAvailable": "Tiedot eivät ole käytettävissä.",
    "l10n.invalidYear": "Anna nelinumeroinen vuosiluku",
    "l10n.invalidDate": "Anna oikea syntymäaika",
    "l10n.higherPerformance": "Parempi suorituskyky",
    "l10n.longerBatteryLife": "Pitempi akun käyttöikä",
    "l10n.youAreOffline": "Olet offline-tilassa. Luo yhteys verkkoon, ja yritä uudelleen.",
    "l10n.unableToFetchVideo": "Videon noutaminen epäonnistui. Yritä jonkin ajan kuluttua.",
    "l10n.launchingShareToast": "Valmistellaan pelitoimintosi jakamista…",
    "l10n.openShareFailure": "Jaon avaaminen epäonnistui.",
    "l10n.somethingWrong": "Jokin meni pieleen.",
    "l10n.errorRestartApplication": "Yritä käynnistää GeForce Experience uudelleen.",
    "l10n.errorRestartPC": "Kokeile käynnistää tietokone uudelleen, ja käynnistä sitten GeForce Experience.",
    "l10n.errorCode": "VIRHEKOODI:",
    "l10n.pageCouldNotBeLoaded": "Tämän sivun lataaminen ei onnistunut. Tarkista Internet-yhteys ja yritä uudelleen.",
    "l10n.retry": "Yritä uudelleen",
    "l10n.learnMore": "Lisätietoja",
    "l10n.virtualReality": "Virtuaalinen todellisuus",
    "l10n.tellAboutExperience": "Kerro meille kokemuksestasi",
    "l10n.suggestVirtualRealityImprovement": "Ehdota parannusta virtuaaliseen todellisuuteen",
    "l10n.tellAboutVirtualRealityIssue": "Kerro virtuaaliseen todellisuuteen liittyvästä ongelmasta",
    "l10n.shareBeta": "Jaa (Beta)",
    "l10n.restart": "Käynnistä uudelleen",
    "l10n.doesNotMeetSpecVR": "Ei vastaa virtuaalisen todellisuuden pelien suosituksia",
    "l10n.recommendedSpecVR": "Virtuaalisen todellisuuden pelien suositukset",
    "l10n.shareShortcut": "Alt + Z",
    "l10n.featureEnabled": "{{featureName}} on käytössä",
    "l10n.updateNow": "Päivitä nyt",
    "l10n.shareNotReady": "Pelinsisäiset limitykset eivät ole valmiita",
    "l10n.featureErrorMessage": "Yritä käynnistää järjestelmäsi uudelleen tai asenna GeForce Experience uudelleen. Jos se ei auta, odota korjaustiedoston päivitystä.",
    "l10n.gotItText": "Selvä",
    "l10n.gameStreamNotReady": "GameStream ei ole valmis",
    "l10n.loading": "Ladataan...",
    "l10n.openGfeInGame": "Avaa pelinaikainen taso",
    "l10n.joinWeChat": "Liity kohteeseen {{clubName}} WeChatissa.",
    "l10n.scanNvidiaNewsWeChatQrCode": "Hanki viimeisimmät NVIDIA-uutiset skannaamalla QR-koodi",
    "l10n.recentSearches": "Viimeisimmät haut",
    "l10n.noResultsAvailable": "Kyselyä vastaavia tuloksia ei löytynyt.",
    "l10n.nextTip": "Seuraava vinkki",
    "l10n.achievements": "Saavutukset",
    "l10n.noResults": "Ei tuloksia",
    "l10n.noResultsSearchMessage": "Yritä hakea eri avainsanoilla",
    "l10n.myProfile": "Oma profiili (PILOTTI)",
    "l10n.later": "Myöhemmin",
    "l10n.updateDriver": "Päivitä ohjain",
    "l10n.driverUpdateRequired": "Ohjain on päivitettävä",
    "l10n.criticalUpdateForFeaturesOne": "Kriittinen päivitys kohteelle {{featureOne}}",
    "l10n.criticalUpdateForFeaturesTwo": "Kriittinen päivitys kohteille {{featureOne}} ja {{featureTwo}}",
    "l10n.criticalUpdateForFeaturesThree": "Kriittinen päivitys kohteille {{featureOne}}, {{featureTwo}} ja {{featureThree}}",
    "l10n.criticalUpdateForFeaturesFour": "Kriittinen päivitys kohteille {{featureOne}}, {{featureTwo}}, {{featureThree}} ja {{featureFour}}",
    "l10n.criticalUpdateForFeaturesFive": "Kriittinen päivitys kohteille {{featureOne}}, {{featureTwo}}, {{featureThree}}, {{featureFour}} ja {{featureFive}}",
    "l10n.criticalUpdateForFeaturesSix": "Kriittinen päivitys kohteille {{featureOne}}, {{featureTwo}}, {{featureThree}}, {{featureFour}}, {{featureFive}} ja {{featureSix}}",
    "l10n.launchYourGames": "Käynnistä pelit ja sovellukset tai muokkaa optimaalisia asetuksia.",
    "l10n.getTheLatestGrds": "Hanki viimeisimmät pelivalmiit tai studiovalmiit ohjaimet pelejäsi ja sovelluksiasi varten.",
    "l10n.accessTheIgo": "Käytä pelinsisäistä tasoa videoiden, näyttökuvien ja live-nauhoitusten nauhoittamiseen ja jakamiseen.",
    "l10n.joinTheCommunity": "Liity yhteisöön ja ansaitse palkkioita.",
    "l10n.accessClientSettings": "Käytä asiakkaiden asetuksia, lunasta kuponkeja ja ota käyttöön GameStream",
    "l10n.unableToSendFeedback": "Palautteen lähettäminen epäonnistui, kokeile uudelleen myöhemmin",
    "l10n.includeTechnicalData": "Jotta voisimme tarkastaa kommenttisi, sisällytämme automaattisesti teknisiä tietoja, kuten tietokoneen järjestelmätiedot ja virhelokit.",
    "l10n.configureOptions": "Määritä asetukset kuten päällekkäisten videotasojen asetukset, kokeelliset ominaisuudet ja GameStream.",
    "l10n.redeemCodesAndRewards": "Lunasta koodit ja palkinnot",
    "l10n.privacyPolicy": "NVIDIAn tietosuojakäytäntö",
    "l10n.ctaStartCountdown": "Alkaa {{countdown}}",
    "l10n.ctaEndCountdown": "Vanhenee {{countdown}}",
    "l10n.ctaEnded": "Vanhentunut",
    "l10n.connectionSecure": "{{provider}}-yhteys on turvallinen",
    "l10n.informationSecure": "Tietosi, kuten käyttäjätunnus ja salasanat, ovat suojattuja, kun ne lähetetään sivustoon.",
    "l10n.viewCertificate": "Näytä varmenne",
    "l10n.anselPhotoMode": "Ansel-valokuvatila",
    "l10n.freestyle": "FreeStyle-pelisuodattimet",
    "l10n.shadowplayRecords": "ShadowPlay Nauhoitus ja Instant Replay",
    "l10n.openForDiscussion": "Kyllä, on OK ottaa yhteyttä minuun, jos NVIDIAlla on lisäkysymyksiä.",
    "l10n.nvidiaGfeTitle": "NVIDIA GeForce Experience",
    "l10n.gfePartnerInfoDescription": "NVIDIA GeForce Experience käyttää YouTuber API -palveluja, joita ohjaavat seuraavat käyttöehdot ja tietosuojakäytännöt:",
    "l10n.gfeYouTubeTOS": "YouTube-palvelun ehdot",
    "l10n.gfeGoogleSecuritySettings": "Googlen turvallisuusasetukset",
    "l10n.gfeGooglePrivacyPolicy": "Googlen tietosuojakäytäntö",
    "l10n.gfePartnerPrivacyPolicy": "Kumppaneiden tietosuojakäytännöt ja käyttöehdot"
}
