{
    "l10n.home": "Accueil",
    "l10n.gfn": "GeForce NOW",
    "l10n.gallery": "Galerie",
    "l10n.gameroom": "Salle de jeux",
    "l10n.news": "Nouvelles",
    "l10n.search": "Rechercher",
    "l10n.notifications": "Notifications",
    "l10n.updates": "Mises à jour",
    "l10n.settings": "Paramètres",
    "l10n.debug": "Déboguer",
    "l10n.preferences": "Préférences",
    "l10n.screenshots": "Captures d'écran",
    "l10n.username": "Nom d'utilisateur",
    "l10n.account": "Compte",
    "l10n.logOut": "Déconnexion",
    "l10n.cancel": "Annuler",
    "l10n.continue": "Continuer",
    "l10n.submit": "Soumettre",
    "l10n.back": "Précédent",
    "l10n.alt.nvidiaLogo": "Logo NVIDIA",
    "l10n.optimize": "Optimiser",
    "l10n.all": "Tous",
    "l10n.more": "Plus",
    "l10n.moreDots": "Plus...",
    "l10n.sort": "Tri",
    "l10n.filter": "Filtre",
    "l10n.done": "Terminé",
    "l10n.skip": "Ignorer",
    "l10n.or": "Ou",
    "l10n.gamesOptimized": "{{numGamesOptimized}} jeux et applications sont optimisés",
    "l10n.scanGamesProgress": "{{numGamesScanned}} jeux et applications trouvés",
    "l10n.scanGameProgress": "{{numGamesScanned}} jeu ou application trouvé(e)",
    "l10n.noGamesFound": "Aucun jeu ou application trouvé",
    "l10n.zeroGamesFound": "0 jeu ou application trouvé",
    "l10n.nonOptimizeProgress": "{{numGamesNotOptimized}} jeux et applications ne sont pas optimisés",
    "l10n.unhandledexception": "Exception non gérée",
    "l10n.sendfeedback": "Envoyer un commentaire",
    "l10n.alphabetical": "Alphabétique",
    "l10n.details": "Détails",
    "l10n.share": "superposition en jeu",
    "l10n.close": "Fermer",
    "l10n.second": "seconde",
    "l10n.seconds": "secondes",
    "l10n.minute": "minute",
    "l10n.minutes": "minutes",
    "l10n.hour": "heure",
    "l10n.hours": "heures",
    "l10n.day": "jour",
    "l10n.days": "jours",
    "l10n.month": "mois",
    "l10n.months": "mois",
    "l10n.year": "année",
    "l10n.years": "années",
    "l10n.week": "semaine",
    "l10n.weeks": "semaines",
    "l10n.edit": "Modifier",
    "l10n.detail": "Niveau de détail",
    "l10n.genre.other": "Autre",
    "l10n.genre.actionAdventure": "Action Aventure",
    "l10n.genre.action": "Action",
    "l10n.genre.adventure": "Aventure",
    "l10n.genre.arcade": "Arcade",
    "l10n.genre.family": "Gamme",
    "l10n.genre.fps": "Tir à la première personne",
    "l10n.genre.puzzle": "Énigme",
    "l10n.genre.racing": "Course",
    "l10n.genre.rolePlaying": "Jeu de rôle",
    "l10n.genre.actionRPG": "Action RPG",
    "l10n.genre.actionMMO": "Action MMO",
    "l10n.genre.mmorpg": "MMO RPG",
    "l10n.genre.rts": "Stratégie en temps réel",
    "l10n.pause": "Pause",
    "l10n.volume": "Volume",
    "l10n.fullscreen": "Plein écran",
    "l10n.mediaerror.aborted": "Lecture annulée",
    "l10n.mediaerror.network": "Erreur de téléchargement",
    "l10n.mediaerror.decode": "Erreur de décodage",
    "l10n.mediaerror.notsupported": "Type vidéo non pris en charge",
    "l10n.mediaerror.generic": "Lecture impossible",
    "l10n.allSet": "Vous êtes prêt",
    "l10n.shield": "shield",
    "l10n.hr": "{{value}} h",
    "l10n.hrs": "{{value}} h",
    "l10n.aboutHrs": "Environ {{value}} h",
    "l10n.mins": "{{value}} min",
    "l10n.min": "{{value}} min",
    "l10n.secs": "{{value}} s",
    "l10n.sec": "{{value}} s",
    "l10n.byte": "{{value}} byte",
    "l10n.bytes": "{{value}} bytes",
    "l10n.mb": "{{value}} Mo",
    "l10n.kb": "{{value}} Ko",
    "l10n.gb": "{{value}} Go",
    "l10n.tb": "{{value}} To",
    "l10n.send": "Envoyer",
    "l10n.feedbackCategory": "Catégorie de commentaire",
    "l10n.subCategory": "Sous-catégorie",
    "l10n.emailOptional": "Adresse électronique (facultative)",
    "l10n.drivers": "Pilotes",
    "l10n.downloadDriver": "Téléchargement impossible du pilote recommandé",
    "l10n.installDriver": "Installation impossible du pilote recommandé",
    "l10n.checkUpdate": "Recherche impossible des mises à jour",
    "l10n.checkTimeLong": "La recherche des mises à jour dure trop longtemps",
    "l10n.downloadTimeLong": "Le téléchargement du pilote dure trop longtemps",
    "l10n.installTimeLong": "L'installation du pilote dure trop longtemps",
    "l10n.driverIssue": "Informez-nous d'un problème éventuel de pilote graphique",
    "l10n.others": "Autres",
    "l10n.installIssue": "Signalez un problème éventuel d'installation de GeForce Experience",
    "l10n.updateIssue": "Signalez un problème éventuel de mise à jour de GeForce Experience",
    "l10n.translateIssue": "Signalez une traduction incorrecte ou manquante",
    "l10n.geforceIssue": "Signalez un problème éventuel de GeForce Experience",
    "l10n.shareIssue": "Signalez un problème avec le partage de vos parties",
    "l10n.ledIssue": "Signalez un problème avec LED Visualizer",
    "l10n.whatLike": "Dites-nous ce qui vous plaît dans GeForce Experience.",
    "l10n.suggestion": "Suggérez une amélioration pour GeForce Experience",
    "l10n.gameDetectionAndSupport": "Détection et prise en charge de jeux et applications",
    "l10n.gameNotFoundSupported": "Un jeu ou application pris en charge est introuvable",
    "l10n.gameWrongDetection": "Un jeu ou application a été incorrectement détecté ou n'est pas installé",
    "l10n.gameDuplicateDetection": "Plusieurs copies du même jeu ou application ont été détectées",
    "l10n.gameLaunchFail": "Lancement du jeu ou de l'application impossible",
    "l10n.gameCurrentSettingsNotAvailable": "Les paramètres actuels du jeu ou de l'application sont introuvables",
    "l10n.gameTooLongScan": "La recherche de jeux et d'applications prend trop de temps",
    "l10n.gameSupportSuggestion": "Suggérer un jeu ou une application que nous devrions prendre en charge",
    "l10n.ops": "Paramètres optimaux",
    "l10n.opsMissing": "Les recommandations sont manquantes",
    "l10n.opsLowImageQuality": "La qualité de l'image est trop faible",
    "l10n.opsLowPerformance": "Les images par seconde sont insuffisantes",
    "l10n.opsRemoved": "Les recommandations ont été supprimées",
    "l10n.opsSuggestion": "Suggérez une amélioration pour les paramètres optimaux",
    "l10n.shareInstantReplay": "Faites-nous part de votre expérience avec le replay instantané",
    "l10n.shareRecord": "Faites-nous part de votre expérience avec l'enregistrement",
    "l10n.shareStream": "Faites-nous part de votre expérience avec la diffusion en continu",
    "l10n.shareBroadcast": "Faites-nous part de votre expérience avec la diffusion",
    "l10n.shareImprovement": "Suggérez-nous une amélioration du partage de vos parties",
    "l10n.gameStream": "GameStream",
    "l10n.gameStreamGameIssue": "Signaler un problème avec les jeux et les applications que j'ai ajoutés",
    "l10n.gameStreamPairing": "Impossible de jumeler des périphériques SHIELD avec ce PC",
    "l10n.gameStreamInternet": "Impossible de diffuser en continu sur Internet",
    "l10n.gameStreamGameLaunch": "Impossible d'exécuter le jeu ou l'application",
    "l10n.gameStreamController": "La manette ne fonctionne pas",
    "l10n.gameStreamSuggestion": "Suggérez-nous une amélioration de GameStream",
    "l10n.feedbackDisableMessage": "Votre avis nous intéresse. Accédez à Settings puis à General pour nous donner votre avis.",
    "l10n.feedbackThanksMessage": "Merci pour votre contribution. Nous examinons la question.",
    "l10n.affectedGame": "Jeu ou application concerné(e)",
    "l10n.location": "Emplacement",
    "l10n.affectedGames": "Jeux ou applications concerné(e)s",
    "l10n.noInformationAvailable": "Informations indisponibles",
    "l10n.invalidYear": "Veuillez entrer une année à quatre chiffres",
    "l10n.invalidDate": "Entrez une date de naissance valide",
    "l10n.higherPerformance": "Meilleures performances",
    "l10n.longerBatteryLife": "Autonomie prolongée de la batterie",
    "l10n.youAreOffline": "Vous êtes hors ligne. Connectez-vous à un réseau et réessayez.",
    "l10n.unableToFetchVideo": "Impossible de récupérer la vidéo. Veuillez réessayer ultérieurement.",
    "l10n.launchingShareToast": "Préparation du partage de votre partie…",
    "l10n.openShareFailure": "Impossible d'ouvrir Partage.",
    "l10n.somethingWrong": "Une erreur s'est produite.",
    "l10n.errorRestartApplication": "Essayez de relancer GeForce Experience.",
    "l10n.errorRestartPC": "Essayez de redémarrer votre ordinateur, puis lancez GeForce Experience.",
    "l10n.errorCode": "CODE D'ERREUR :",
    "l10n.pageCouldNotBeLoaded": "La page n'a pas pu être chargée. Vérifiez votre connexion Internet et réessayez.",
    "l10n.retry": "Réessayer",
    "l10n.learnMore": "En savoir plus",
    "l10n.virtualReality": "Réalité virtuelle",
    "l10n.tellAboutExperience": "Faites-nous part de votre expérience",
    "l10n.suggestVirtualRealityImprovement": "Suggérez une amélioration pour la réalité virtuelle",
    "l10n.tellAboutVirtualRealityIssue": "Informez-nous d'un problème éventuel avec la réalité virtuelle",
    "l10n.shareBeta": "Partage (bêta)",
    "l10n.restart": "Redémarrer",
    "l10n.doesNotMeetSpecVR": "N'atteint pas les spécifications recommandées pour les jeux en réalité virtuelle",
    "l10n.recommendedSpecVR": "Spécifications recommandées pour les jeux en réalité virtuelle",
    "l10n.shareShortcut": "Alt + Z",
    "l10n.featureEnabled": "{{featureName}} est activé",
    "l10n.updateNow": "Mettre à jour maintenant",
    "l10n.shareNotReady": "La superposition en jeu n'est pas prête",
    "l10n.featureErrorMessage": "Essayez de redémarrer le système ou de réinstaller GeForce Experience. Si cela ne marche pas, veuillez attendre un correctif de mise à jour de l'application.",
    "l10n.gotItText": "J'ai compris",
    "l10n.gameStreamNotReady": "GameStream non prêt",
    "l10n.loading": "Chargement en cours...",
    "l10n.openGfeInGame": "Ouvrir l'interface superposée en jeu",
    "l10n.joinWeChat": "Rejoignez {{clubName}} sur WeChat !",
    "l10n.scanNvidiaNewsWeChatQrCode": "Scannez le Code QR pour obtenir les dernières actualités de NVIDIA",
    "l10n.recentSearches": "Recherches récentes",
    "l10n.noResultsAvailable": "Aucun résultat correspondant à votre requête n'a été trouvé.",
    "l10n.nextTip": "Astuce suivante",
    "l10n.achievements": "Accomplissements",
    "l10n.noResults": "Aucun résultat",
    "l10n.noResultsSearchMessage": "Essayez une recherche avec d'autres mots-clés",
    "l10n.myProfile": "Mon profil (PILOTE)",
    "l10n.later": "Plus tard",
    "l10n.updateDriver": "Mettre le pilote à jour",
    "l10n.driverUpdateRequired": "Mise à jour de pilote requise",
    "l10n.criticalUpdateForFeaturesOne": "Mise à jour critique pour {{featureOne}}",
    "l10n.criticalUpdateForFeaturesTwo": "Mise à jour critique pour {{featureOne}} et {{featureTwo}}",
    "l10n.criticalUpdateForFeaturesThree": "Mise à jour critique pour {{featureOne}}, {{featureTwo}} et {{featureThree}}",
    "l10n.criticalUpdateForFeaturesFour": "Mise à jour critique pour {{featureOne}}, {{featureTwo}}, {{featureThree}} et {{featureFour}}",
    "l10n.criticalUpdateForFeaturesFive": "Mise à jour critique pour {{featureOne}}, {{featureTwo}}, {{featureThree}}, {{featureFour}} et {{featureFive}}",
    "l10n.criticalUpdateForFeaturesSix": "Mise à jour critique pour {{featureOne}}, {{featureTwo}}, {{featureThree}}, {{featureFour}}, {{featureFive}} et {{featureSix}}",
    "l10n.launchYourGames": "Lancez vos jeux et applications ou modifiez les paramètres optimaux.",
    "l10n.getTheLatestGrds": "Téléchargez les derniers pilotes Game Ready ou Studio pour vos jeux et applications.",
    "l10n.accessTheIgo": "Accédez à l'interface superposée en jeu pour enregistrer et partager des vidéos, des captures d'écran et des parties en direct.",
    "l10n.joinTheCommunity": "Rejoignez la communauté et gagnez des récompenses.",
    "l10n.accessClientSettings": "Accédez aux paramètres client, échangez des coupons et activez GameStream",
    "l10n.unableToSendFeedback": "Impossible d'envoyer le commentaire, veuillez réessayer ultérieurement",
    "l10n.includeTechnicalData": "Pour nous aider à examiner vos commentaires, nous inclurons automatiquement des données techniques telles que des informations sur votre système et les journaux d'erreur.",
    "l10n.configureOptions": "Configurer les options telles que les paramètres de superposition, les caractéristiques expérimentales et GameStream.",
    "l10n.redeemCodesAndRewards": "Valider les codes et récompenses",
    "l10n.privacyPolicy": "Politique de confidentialité NVIDIA",
    "l10n.ctaStartCountdown": "Démarre dans {{countdown}}",
    "l10n.ctaEndCountdown": "Expire dans {{countdown}}",
    "l10n.ctaEnded": "Terminé",
    "l10n.connectionSecure": "La connexion à {{provider}} est sécurisée.",
    "l10n.informationSecure": "Vos informations telles que votre nom d'utilisateur et vos mots de passe sont sécurisées lorsqu'elles sont envoyées au site.",
    "l10n.viewCertificate": "Afficher le certificat",
    "l10n.anselPhotoMode": "Mode Photo Ansel",
    "l10n.freestyle": "Filtres de jeu Freestyle",
    "l10n.shadowplayRecords": "Enregistrement et Replay instantané ShadowPlay",
    "l10n.openForDiscussion": "Oui, j'accepte d'être contacté si NVIDIA souhaite me poser des questions supplémentaires.",
    "l10n.nvidiaGfeTitle": "NVIDIA GeForce Experience",
    "l10n.gfePartnerInfoDescription": "NVIDIA GeForce Experience utilise les services API de YouTube, qui sont régis par les conditions d'utilisation et les politiques de confidentialité suivantes :",
    "l10n.gfeYouTubeTOS": "Conditions d'utilisation de YouTube",
    "l10n.gfeGoogleSecuritySettings": "Paramètres de sécurité de Google",
    "l10n.gfeGooglePrivacyPolicy": "Politique de confidentialité de Google",
    "l10n.gfePartnerPrivacyPolicy": "Politiques de confidentialité et conditions d'utilisation des partenaires"
}
