{
    "l10n.home": "Kezdőlap",
    "l10n.gfn": "GeForce NOW",
    "l10n.gallery": "Galéria",
    "l10n.gameroom": "Játékszoba",
    "l10n.news": "Hírek",
    "l10n.search": "Keresés",
    "l10n.notifications": "Értesítések",
    "l10n.updates": "Frissítések",
    "l10n.settings": "Beállítások",
    "l10n.debug": "Hibakeresés",
    "l10n.preferences": "Beállítások",
    "l10n.screenshots": "Képernyőképek",
    "l10n.username": "Felhasználónév",
    "l10n.account": "Fiók",
    "l10n.logOut": "Kijelentkezés",
    "l10n.cancel": "Mégse",
    "l10n.continue": "Folytatás",
    "l10n.submit": "Elküldés",
    "l10n.back": "Vissza",
    "l10n.alt.nvidiaLogo": "NVIDIA embléma",
    "l10n.optimize": "Optimalizálás",
    "l10n.all": "Összes",
    "l10n.more": "Több",
    "l10n.moreDots": "Több...",
    "l10n.sort": "Rendezés",
    "l10n.filter": "Szűrő",
    "l10n.done": "Kész",
    "l10n.skip": "Kihagyás",
    "l10n.or": "Vagy",
    "l10n.gamesOptimized": "{{numGamesOptimized}} játék és alkalmazás optimalizálva",
    "l10n.scanGamesProgress": "{{numGamesScanned}} játék és alkalmazás található",
    "l10n.scanGameProgress": "{{numGamesScanned}} játék vagy alkalmazás található",
    "l10n.noGamesFound": "Nem találhatók játékok és alkalmazások",
    "l10n.zeroGamesFound": "0 játék és alkalmazás található",
    "l10n.nonOptimizeProgress": "{{numGamesNotOptimized}} játék és alkalmazás nincs optimalizálva",
    "l10n.unhandledexception": "Nem kezelt kivétel",
    "l10n.sendfeedback": "Visszajelzés küldése",
    "l10n.alphabetical": "Betűrendben",
    "l10n.details": "Részletek",
    "l10n.share": "játékon belüli réteg",
    "l10n.close": "Bezárás",
    "l10n.second": "másodperc",
    "l10n.seconds": "másodperc",
    "l10n.minute": "perc",
    "l10n.minutes": "perc",
    "l10n.hour": "óra",
    "l10n.hours": "óra",
    "l10n.day": "nap",
    "l10n.days": "nap",
    "l10n.month": "hónap",
    "l10n.months": "hónap",
    "l10n.year": "év",
    "l10n.years": "év",
    "l10n.week": "hét",
    "l10n.weeks": "hét",
    "l10n.edit": "Szerkesztés",
    "l10n.detail": "Részletek",
    "l10n.genre.other": "Egyéb",
    "l10n.genre.actionAdventure": "Akció és kaland",
    "l10n.genre.action": "Akció",
    "l10n.genre.adventure": "Kaland",
    "l10n.genre.arcade": "Árkád",
    "l10n.genre.family": "Család",
    "l10n.genre.fps": "Lövöldöző (FPS)",
    "l10n.genre.puzzle": "Rejtvény",
    "l10n.genre.racing": "Verseny",
    "l10n.genre.rolePlaying": "Szerepjáték",
    "l10n.genre.actionRPG": "Akció, szerepjáték (RPG)",
    "l10n.genre.actionMMO": "Akció, többszereplős (MMO)",
    "l10n.genre.mmorpg": "Többszereplős szerepjáték (MMO RPG)",
    "l10n.genre.rts": "Valós idejű stratégiai",
    "l10n.pause": "Szünet",
    "l10n.volume": "Hangerő",
    "l10n.fullscreen": "Teljes képernyős",
    "l10n.mediaerror.aborted": "Lejátszás megszakítva",
    "l10n.mediaerror.network": "Letöltési hiba",
    "l10n.mediaerror.decode": "Dekódolási hiba",
    "l10n.mediaerror.notsupported": "A videó típusa nem támogatott",
    "l10n.mediaerror.generic": "Nem játszható le",
    "l10n.allSet": "Készen áll",
    "l10n.shield": "shield",
    "l10n.hr": "{{value}} óra",
    "l10n.hrs": "{{value}} óra",
    "l10n.aboutHrs": "Kb. {{value}} óra",
    "l10n.mins": "{{value}} perc",
    "l10n.min": "{{value}} perc",
    "l10n.secs": "{{value}} mp",
    "l10n.sec": "{{value}} mp",
    "l10n.byte": "{{value}} bájt",
    "l10n.bytes": "{{value}} bájt",
    "l10n.mb": "{{value}} MB",
    "l10n.kb": "{{value}} KB",
    "l10n.gb": "{{value}} GB",
    "l10n.tb": "{{value}} TB",
    "l10n.send": "Küldés",
    "l10n.feedbackCategory": "Visszajelzés kategóriája",
    "l10n.subCategory": "Alkategória",
    "l10n.emailOptional": "E-mail (opcionális)",
    "l10n.drivers": "Illesztőprogramok",
    "l10n.downloadDriver": "Az ajánlott illesztőprogram nem tölthető le",
    "l10n.installDriver": "Az ajánlott illesztőprogram nem telepíthető",
    "l10n.checkUpdate": "Nem sikerült frissítéseket keresni",
    "l10n.checkTimeLong": "A frissítések keresése túl sokáig tart",
    "l10n.downloadTimeLong": "Az illesztőprogram letöltése túl sokáig tart",
    "l10n.installTimeLong": "Az illesztőprogram telepítése túl sokáig tart",
    "l10n.driverIssue": "Mondja el, milyen problémája van a grafikus illesztőprogrammal",
    "l10n.others": "Egyebek",
    "l10n.installIssue": "Mondja el, milyen problémába ütközött a GeForce Experience telepítése során",
    "l10n.updateIssue": "Mondja el, milyen problémába ütközött a GeForce Experience frissítése során",
    "l10n.translateIssue": "Jelentse a helytelen vagy hiányzó fordítást",
    "l10n.geforceIssue": "Mondja el, milyen problémába ütközött a GeForce Experience használata során",
    "l10n.shareIssue": "Probléma bejelentése a játékmenet megosztásával kapcsolatban",
    "l10n.ledIssue": "Probléma bejelentése a LED Visualizerrel kapcsolatban",
    "l10n.whatLike": "Mondja el, miért tetszik Önnek a GeForce Experience",
    "l10n.suggestion": "Javasoljon fejlesztést a GeForce Experience-hez",
    "l10n.gameDetectionAndSupport": "Játék- vagy alkalmazásészlelés és -támogatás",
    "l10n.gameNotFoundSupported": "Egy támogatott játék vagy alkalmazás nem található",
    "l10n.gameWrongDetection": "Egy játék vagy alkalmazás észlelése helytelen volt, vagy nincs telepítve",
    "l10n.gameDuplicateDetection": "A játékból vagy alkalmazásból két példány található",
    "l10n.gameLaunchFail": "A játék vagy alkalmazás nem indítható el",
    "l10n.gameCurrentSettingsNotAvailable": "A játék vagy alkalmazás jelenlegi beállításai nem találhatók",
    "l10n.gameTooLongScan": "A játékok és alkalmazások keresése túl sokáig tart",
    "l10n.gameSupportSuggestion": "Javasolj olyan játékot vagy alkalmazást, amelyet támogatnunk kellene",
    "l10n.ops": "Optimális beállítások",
    "l10n.opsMissing": "Hiányoznak a javaslatok",
    "l10n.opsLowImageQuality": "A képminőség túl alacsony",
    "l10n.opsLowPerformance": "A képkockasebesség túl alacsony",
    "l10n.opsRemoved": "A javaslatok el lettek távolítva",
    "l10n.opsSuggestion": "Javasoljon fejlesztést az Optimális beállításokhoz",
    "l10n.shareInstantReplay": "Ossza meg velünk az azonnali visszajátszással kapcsolatos tapasztalatait",
    "l10n.shareRecord": "Ossza meg velünk a rögzítéssel kapcsolatos tapasztalatait",
    "l10n.shareStream": "Ossza meg velünk a streameléssel kapcsolatos tapasztalatait",
    "l10n.shareBroadcast": "Ossza meg velünk a közvetítéssel kapcsolatos tapasztalatait",
    "l10n.shareImprovement": "Javasoljon fejlesztéseket a játékmenet megosztásához",
    "l10n.gameStream": "GameStream",
    "l10n.gameStreamGameIssue": "Probléma bejelentése az általam hozzáadott játékokkal és alkalmazásokkal kapcsolatban",
    "l10n.gameStreamPairing": "Nem tudom párosítani a SHIELD-eszközöket ezzel a számítógéppel",
    "l10n.gameStreamInternet": "Nem lehet streamelni az interneten",
    "l10n.gameStreamGameLaunch": "Egy játék vagy alkalmazás nem indul el",
    "l10n.gameStreamController": "A játékvezérlő nem működik",
    "l10n.gameStreamSuggestion": "Javasoljon fejlesztést a GameStreamhez",
    "l10n.feedbackDisableMessage": "Visszajelzése fontos nekünk. Lépjen a Beállítások > Általános részhez, és mondja el, mit gondol.",
    "l10n.feedbackThanksMessage": "Köszönjük visszajelzését. Utánajárunk.",
    "l10n.affectedGame": "Érintett játék vagy alkalmazás",
    "l10n.location": "Hely",
    "l10n.affectedGames": "Érintett játékok vagy alkalmazások",
    "l10n.noInformationAvailable": "Az információ nem érhető el!",
    "l10n.invalidYear": "Adjon meg egy évszámot négy számjeggyel",
    "l10n.invalidDate": "Adjon meg érvényes születési dátumot",
    "l10n.higherPerformance": "Nagyobb teljesítmény",
    "l10n.longerBatteryLife": "Hosszabb telepüzemidő",
    "l10n.youAreOffline": "Offline vagy. Csatlakozz egy hálózathoz, és próbáld meg újra.",
    "l10n.unableToFetchVideo": "A videó nem érhető el. Próbálja meg később.",
    "l10n.launchingShareToast": "Felkészülés a játékmenet megosztására...",
    "l10n.openShareFailure": "A megosztás nem nyitható meg.",
    "l10n.somethingWrong": "Hiba történt.",
    "l10n.errorRestartApplication": "Próbálja újraindítani a GeForce Experience-t.",
    "l10n.errorRestartPC": "Próbáld újraindítani a számítógépet, majd indítsd el a GeForce Experience-t.",
    "l10n.errorCode": "HIBAKÓD:",
    "l10n.pageCouldNotBeLoaded": "Az oldalt nem sikerült betölteni. Ellenőrizze az internetkapcsolatot, és próbálja meg újra.",
    "l10n.retry": "Újra",
    "l10n.learnMore": "További tudnivalók",
    "l10n.virtualReality": "Virtuális valóság",
    "l10n.tellAboutExperience": "Ossza meg velünk tapasztalatait",
    "l10n.suggestVirtualRealityImprovement": "Javasoljon fejlesztést a Virtuális valósághoz",
    "l10n.tellAboutVirtualRealityIssue": "Mondja el, milyen problémája van a Virtuális valósággal",
    "l10n.shareBeta": "Megosztás (béta)",
    "l10n.restart": "Újraindítás",
    "l10n.doesNotMeetSpecVR": "Nincsenek meg az ajánlott rendszerkövetelmények a virtuális valóság játékokhoz",
    "l10n.recommendedSpecVR": "Ajánlott rendszerkövetelmények a virtuális valóság játékokhoz",
    "l10n.shareShortcut": "Alt + Z",
    "l10n.featureEnabled": "A(z) {{featureName}} engedélyezve van",
    "l10n.updateNow": "Frissítés most",
    "l10n.shareNotReady": "A játékon belüli réteg nincs kész",
    "l10n.featureErrorMessage": "Próbálja az Ön rendszer újraindítását vagy újra telepítse a GeForce Experience-et. Ha az nem sikerül, várja meg az alkalmazás javítócsomag frissítését.",
    "l10n.gotItText": "Értem",
    "l10n.gameStreamNotReady": "A GameStream nincs készen",
    "l10n.loading": "Betöltés...",
    "l10n.openGfeInGame": "Játékon belüli felület megnyitása",
    "l10n.joinWeChat": "Csatlakozzon a WeChat-en a következőhöz: {{clubName}}!",
    "l10n.scanNvidiaNewsWeChatQrCode": "Ha szeretne értesülni az NVIDIA legújabb híreiről, szkennelje be a QR-kódot",
    "l10n.recentSearches": "Legutóbbi keresések",
    "l10n.noResultsAvailable": "Nincs a lekérdezésnek megfelelő eredmény.",
    "l10n.nextTip": "Következő tipp",
    "l10n.achievements": "Eredmények",
    "l10n.noResults": "Nincs eredmény",
    "l10n.noResultsSearchMessage": "Próbáljon más kulcsszavakkal keresni",
    "l10n.myProfile": "Profilom (PILOT)",
    "l10n.later": "Később",
    "l10n.updateDriver": "Illesztőprogram frissítése",
    "l10n.driverUpdateRequired": "Frissíteni kell az illesztőprogramot",
    "l10n.criticalUpdateForFeaturesOne": "Kritikus frissítés a következőhöz: {{featureOne}}",
    "l10n.criticalUpdateForFeaturesTwo": "Kritikus frissítés a következőkhöz: {{featureOne}} és {{featureTwo}}",
    "l10n.criticalUpdateForFeaturesThree": "Kritikus frissítés a következőkhöz: {{featureOne}}, {{featureTwo}} és {{featureThree}}",
    "l10n.criticalUpdateForFeaturesFour": "Kritikus frissítés a következőkhöz: {{featureOne}}, {{featureTwo}}, {{featureThree}} és {{featureFour}}",
    "l10n.criticalUpdateForFeaturesFive": "Kritikus frissítés a következőkhöz: {{featureOne}}, {{featureTwo}}, {{featureThree}}, {{featureFour}} és {{featureFive}}",
    "l10n.criticalUpdateForFeaturesSix": "Kritikus frissítés a következőkhöz: {{featureOne}}, {{featureTwo}}, {{featureThree}}, {{featureFour}}, {{featureFive}} és {{featureSix}}",
    "l10n.launchYourGames": "Indítsd el a játékaidat és alkalmazásaidat, vagy szerkeszd az optimális játékbeállításokat.",
    "l10n.getTheLatestGrds": "Szerezd be a legújabb Game Ready illesztőprogramokat vagy Studio illesztőprogramokat a játékaidhoz és alkalmazásaidhoz.",
    "l10n.accessTheIgo": "Videók, képernyőképek és élő adatfolyamok rögzítéséhez és megosztásához nyisd meg a játékon belüli réteget.",
    "l10n.joinTheCommunity": "Csatlakozz a közösséghez, és szerezz jutalmakat.",
    "l10n.accessClientSettings": "Nyisd meg az ügyfélbeállításokat, válts be kuponokat, és engedélyezd a GameStream funkciót",
    "l10n.unableToSendFeedback": "Nem lehet visszajelzést küldeni. Próbáld meg később.",
    "l10n.includeTechnicalData": "Megjegyzéseid könnyebb feldolgozása érdekében automatikusan csatolunk bizonyos technikai adatokat, például számítógéped rendszerinformációit és hibanaplóit.",
    "l10n.configureOptions": "Konfiguráljon olyan opciókat, mint az átfedési beállítások, a kísérleti funkciók és a GameStream.",
    "l10n.redeemCodesAndRewards": "Váltson be kódokat és jutalmakat",
    "l10n.privacyPolicy": "Az NVIDIA adatvédelmi irányelvei",
    "l10n.ctaStartCountdown": "Kezdődik {{countdown}} múlva",
    "l10n.ctaEndCountdown": "Véget ér {{countdown}} múlva",
    "l10n.ctaEnded": "Lejárt",
    "l10n.connectionSecure": "A csatlakozás a következőhöz biztonságos: {{provider}}",
    "l10n.informationSecure": "Az adataid (a felhasználóneved és a jelszavaid) biztonságban vannak, amikor erre a helyre küldöd őket.",
    "l10n.viewCertificate": "Tanúsítvány ellenőrzése",
    "l10n.anselPhotoMode": "Ansel fotómód",
    "l10n.freestyle": "Freestyle játékszűrők",
    "l10n.shadowplayRecords": "ShadowPlay Rögzítés és Azonnali visszajátszás",
    "l10n.openForDiscussion": "Igen, az NVIDIA kapcsolatba léphet velem további kérdések esetén.",
    "l10n.nvidiaGfeTitle": "NVIDIA GeForce Experience",
    "l10n.gfePartnerInfoDescription": "Az NVIDIA GeForce Experience a YouTube API szolgáltatásait használja, amelyekre a következő használati feltételek és adatvédelmi irányelvek érvényesek:",
    "l10n.gfeYouTubeTOS": "A YouTube szolgáltatási feltételei",
    "l10n.gfeGoogleSecuritySettings": "A Google biztonsági beállításai",
    "l10n.gfeGooglePrivacyPolicy": "A Google adatvédelmi irányelvei",
    "l10n.gfePartnerPrivacyPolicy": "A partner adatvédelmi irányelvei és szolgáltatási feltételei"
}
