{
    "l10n.home": "首頁",
    "l10n.gfn": "GeForce NOW",
    "l10n.gallery": "圖庫",
    "l10n.gameroom": "遊戲室",
    "l10n.news": "新聞",
    "l10n.search": "搜尋",
    "l10n.notifications": "通知",
    "l10n.updates": "更新",
    "l10n.settings": "設定",
    "l10n.debug": "偵錯",
    "l10n.preferences": "喜好設定",
    "l10n.screenshots": "螢幕擷取畫面",
    "l10n.username": "使用者名稱",
    "l10n.account": "帳戶",
    "l10n.logOut": "登出",
    "l10n.cancel": "取消",
    "l10n.continue": "繼續",
    "l10n.submit": "送交",
    "l10n.back": "返回",
    "l10n.alt.nvidiaLogo": "NVIDIA 標誌",
    "l10n.optimize": "最佳化",
    "l10n.all": "全部",
    "l10n.more": "較多",
    "l10n.moreDots": "更多...",
    "l10n.sort": "排序",
    "l10n.filter": "過濾器",
    "l10n.done": "完成",
    "l10n.skip": "跳過",
    "l10n.or": "或者",
    "l10n.gamesOptimized": "已最佳化 {{numGamesOptimized}} 個遊戲和應用程式",
    "l10n.scanGamesProgress": "找到 {{numGamesScanned}} 個遊戲和應用程式",
    "l10n.scanGameProgress": "找到{{numGamesScanned}} 個遊戲或應用程式",
    "l10n.noGamesFound": "找不到任何遊戲或應用程式",
    "l10n.zeroGamesFound": "找到 0 個遊戲和應用程式",
    "l10n.nonOptimizeProgress": "未最佳化 {{numGamesNotOptimized}} 個遊戲和應用程式",
    "l10n.unhandledexception": "未處理的例外",
    "l10n.sendfeedback": "傳送回饋意見",
    "l10n.alphabetical": "按字母排序",
    "l10n.details": "詳細資料",
    "l10n.share": "遊戲內重疊",
    "l10n.close": "關閉",
    "l10n.second": "秒",
    "l10n.seconds": "秒",
    "l10n.minute": "分",
    "l10n.minutes": "分",
    "l10n.hour": "小時",
    "l10n.hours": "小時",
    "l10n.day": "天",
    "l10n.days": "天",
    "l10n.month": "月",
    "l10n.months": "月",
    "l10n.year": "年",
    "l10n.years": "年",
    "l10n.week": "週",
    "l10n.weeks": "週",
    "l10n.edit": "編輯",
    "l10n.detail": "細節",
    "l10n.genre.other": "其他",
    "l10n.genre.actionAdventure": "動作與冒險",
    "l10n.genre.action": "動作",
    "l10n.genre.adventure": "冒險",
    "l10n.genre.arcade": "過關挑戰賽",
    "l10n.genre.family": "系列",
    "l10n.genre.fps": "第一人稱射擊",
    "l10n.genre.puzzle": "拼圖",
    "l10n.genre.racing": "競速",
    "l10n.genre.rolePlaying": "角色扮演",
    "l10n.genre.actionRPG": "動作角色扮演",
    "l10n.genre.actionMMO": "動作大型多人連線",
    "l10n.genre.mmorpg": "大型多人連線角色扮演",
    "l10n.genre.rts": "即時策略",
    "l10n.pause": "暫停",
    "l10n.volume": "音量",
    "l10n.fullscreen": "全螢幕",
    "l10n.mediaerror.aborted": "播放已中止",
    "l10n.mediaerror.network": "下載錯誤",
    "l10n.mediaerror.decode": "解碼錯誤",
    "l10n.mediaerror.notsupported": "影片類型不支援",
    "l10n.mediaerror.generic": "無法播放",
    "l10n.allSet": "都準備好了",
    "l10n.shield": "shield",
    "l10n.hr": "{{value}} 時",
    "l10n.hrs": "{{value}} 時",
    "l10n.aboutHrs": "大約 {{value}} 小時",
    "l10n.mins": "{{value}} 分",
    "l10n.min": "{{value}} 分",
    "l10n.secs": "{{value}} 秒",
    "l10n.sec": "{{value}} 秒",
    "l10n.byte": "{{value}} 個位元組",
    "l10n.bytes": "{{value}} 個位元組",
    "l10n.mb": "{{value}} MB",
    "l10n.kb": "{{value}} KB",
    "l10n.gb": "{{value}} GB",
    "l10n.tb": "{{value}} TB",
    "l10n.send": "傳送",
    "l10n.feedbackCategory": "回饋意見類別",
    "l10n.subCategory": "子類別",
    "l10n.emailOptional": "電子郵件（選擇性）",
    "l10n.drivers": "驅動程式",
    "l10n.downloadDriver": "無法下載建議的驅動程式",
    "l10n.installDriver": "無法安裝建議的驅動程式",
    "l10n.checkUpdate": "無法檢查更新",
    "l10n.checkTimeLong": "檢查更新費時過久",
    "l10n.downloadTimeLong": "驅動程式下載費時過久",
    "l10n.installTimeLong": "驅動程式安裝費時過久",
    "l10n.driverIssue": "告訴我們圖形驅動程式的問題",
    "l10n.others": "其他",
    "l10n.installIssue": "報告安裝 GeForce Experience 的問題",
    "l10n.updateIssue": "報告更新 GeForce Experience 的問題",
    "l10n.translateIssue": "報告不正確或遺漏的翻譯",
    "l10n.geforceIssue": "報告 GeForce Experience 的問題",
    "l10n.shareIssue": "報告共用您的遊戲體驗的問題",
    "l10n.ledIssue": "報告 LED Visualizer 的問題",
    "l10n.whatLike": "告訴我們您喜歡 GeForce Experience 的什麼",
    "l10n.suggestion": "建議一個 GeForce Experience 的改善",
    "l10n.gameDetectionAndSupport": "遊戲或應用程式偵測與支援",
    "l10n.gameNotFoundSupported": "找不到任何受支援的遊戲或應用程式",
    "l10n.gameWrongDetection": "遊戲或應用程式被錯誤地偵測或者未安裝",
    "l10n.gameDuplicateDetection": "找到重複的相同遊戲或應用程式副本",
    "l10n.gameLaunchFail": "無法啟動遊戲或應用程式",
    "l10n.gameCurrentSettingsNotAvailable": "找不到目前的遊戲或應用程式設定",
    "l10n.gameTooLongScan": "遊戲和應用程式掃描費時過久",
    "l10n.gameSupportSuggestion": "建議一個我們應該支援的遊戲或應用程式",
    "l10n.ops": "最佳設定",
    "l10n.opsMissing": "遺漏建議",
    "l10n.opsLowImageQuality": "影像品質太低",
    "l10n.opsLowPerformance": "每秒畫面格數太低",
    "l10n.opsRemoved": "建議已移除",
    "l10n.opsSuggestion": "建議一個可以實現最佳設定的改善",
    "l10n.shareInstantReplay": "告訴我們關於您使用立即重複播放的體驗",
    "l10n.shareRecord": "告訴我們關於您使用錄製的體驗",
    "l10n.shareStream": "告訴我們關於您使用串流的體驗",
    "l10n.shareBroadcast": "告訴我們關於您使用廣播的體驗",
    "l10n.shareImprovement": "建議改進共用您的遊戲體驗的方法",
    "l10n.gameStream": "GameStream",
    "l10n.gameStreamGameIssue": "報告我新增的遊戲和應用程式出現的問題",
    "l10n.gameStreamPairing": "無法將 SHIELD 裝置與這台電腦配對",
    "l10n.gameStreamInternet": "無法在網際網路上串流",
    "l10n.gameStreamGameLaunch": "無法啟動遊戲或應用程式",
    "l10n.gameStreamController": "控制器無法運作",
    "l10n.gameStreamSuggestion": "提出對 GameStream 的改進",
    "l10n.feedbackDisableMessage": "您的回饋意見對我們很重要。請前往「設定 > 一般」以告訴我們您的想法。",
    "l10n.feedbackThanksMessage": "感謝您的回饋意見。我們正在深入探討。",
    "l10n.affectedGame": "受影響的遊戲或應用程式",
    "l10n.location": "位置",
    "l10n.affectedGames": "受影響的遊戲和應用程式",
    "l10n.noInformationAvailable": "資訊無法使用！",
    "l10n.invalidYear": "請輸入四位數的年份",
    "l10n.invalidDate": "輸入有效的出生日期",
    "l10n.higherPerformance": "更高效能",
    "l10n.longerBatteryLife": "延長電池壽命",
    "l10n.youAreOffline": "您目前是離線狀態。請連接到網路，然後再試一次。",
    "l10n.unableToFetchVideo": "無法擷取影片。請稍後再試。",
    "l10n.launchingShareToast": "正在準備分享您的遊戲體驗...",
    "l10n.openShareFailure": "無法開啟共用。",
    "l10n.somethingWrong": "發生錯誤。",
    "l10n.errorRestartApplication": "請試著重新啟動 GeForce Experience。",
    "l10n.errorRestartPC": "請試著重新啟動您的電腦，然後再啟動 GeForce Experience。",
    "l10n.errorCode": "錯誤碼：",
    "l10n.pageCouldNotBeLoaded": "無法載入頁面。請檢查您的網際網路連線，然後再試一次。",
    "l10n.retry": "重試",
    "l10n.learnMore": "瞭解詳情",
    "l10n.virtualReality": "虛擬實境",
    "l10n.tellAboutExperience": "告訴我們關於您的使用體驗",
    "l10n.suggestVirtualRealityImprovement": "建議對「虛擬實境」的改善",
    "l10n.tellAboutVirtualRealityIssue": "告訴我們「虛擬實境」的問題",
    "l10n.shareBeta": "共用 (Beta 版)",
    "l10n.restart": "重新啟動",
    "l10n.doesNotMeetSpecVR": "不符合虛擬實境遊戲的建議規格",
    "l10n.recommendedSpecVR": "虛擬實境遊戲的建議規格",
    "l10n.shareShortcut": "Alt + Z",
    "l10n.featureEnabled": "{{featureName}} 已啟用",
    "l10n.updateNow": "立即更新",
    "l10n.shareNotReady": "遊戲內重疊未就緒",
    "l10n.featureErrorMessage": "嘗試重新開啟系統或重新安裝 GeForce Experience。如果沒用，請等待此應用程式的修補程式更新。",
    "l10n.gotItText": "知道了",
    "l10n.gameStreamNotReady": "GameStream尚未就緒",
    "l10n.loading": "正在載入...",
    "l10n.openGfeInGame": "開啟遊戲內重疊",
    "l10n.joinWeChat": "在微信上加入 {{clubName}}！",
    "l10n.scanNvidiaNewsWeChatQrCode": "掃描 QR 代碼以獲取 NVIDIA 的最新消息",
    "l10n.recentSearches": "最近的搜尋",
    "l10n.noResultsAvailable": "找不到符合您查詢的結果。",
    "l10n.nextTip": "下一個提示",
    "l10n.achievements": "成就",
    "l10n.noResults": "沒有結果",
    "l10n.noResultsSearchMessage": "試著以不同的關鍵字搜尋",
    "l10n.myProfile": "我的設定檔 (PILOT)",
    "l10n.later": "稍後",
    "l10n.updateDriver": "更新驅動程式",
    "l10n.driverUpdateRequired": "需要驅動程式更新",
    "l10n.criticalUpdateForFeaturesOne": "{{featureOne}} 的重大更新",
    "l10n.criticalUpdateForFeaturesTwo": "{{featureOne}} 和 {{featureTwo}} 的重大更新",
    "l10n.criticalUpdateForFeaturesThree": "{{featureOne}}、{{featureTwo}} 和 {{featureThree}} 的重大更新",
    "l10n.criticalUpdateForFeaturesFour": "{{featureOne}}、{{featureTwo}}、{{featureThree}} 和 {{featureFour}} 的重大更新",
    "l10n.criticalUpdateForFeaturesFive": "{{featureOne}}、{{featureTwo}}、{{featureThree}}、{{featureFour}} 和 {{featureFive}} 的重大更新",
    "l10n.criticalUpdateForFeaturesSix": "{{featureOne}}、{{featureTwo}}、{{featureThree}}、{{featureFour}}、{{featureFive}} 和 {{featureSix}} 的重大更新",
    "l10n.launchYourGames": "啟動您的遊戲和應用程式或編輯您的最佳設定。",
    "l10n.getTheLatestGrds": "為您的遊戲和應用程式取得最新的具遊戲功能的驅動程式或工作室就緒驅動程式。",
    "l10n.accessTheIgo": "存取遊戲內重疊以錄製與分享視訊、螢幕擷取畫面和即時資料流。",
    "l10n.joinTheCommunity": "加入社群並賺取獎勵。",
    "l10n.accessClientSettings": "存取用戶端設定、兌換折價卷以及啟用 GameStream",
    "l10n.unableToSendFeedback": "無法傳送回饋意見，請稍後再試一次",
    "l10n.includeTechnicalData": "為了幫助我們審閱您的評語，我們將會自動包含技術資料，例如您電腦的系統資訊和錯誤記錄檔。",
    "l10n.configureOptions": "設定選項，如重疊設定、實驗性功能和 GameStream。",
    "l10n.redeemCodesAndRewards": "兌換代碼與獎勵",
    "l10n.privacyPolicy": "NVIDIA 隱私權原則",
    "l10n.ctaStartCountdown": "於 {{countdown}}開始",
    "l10n.ctaEndCountdown": "於 {{countdown}}結束",
    "l10n.ctaEnded": "已結束",
    "l10n.connectionSecure": "至 {{provider}} 的連線是安全的",
    "l10n.informationSecure": "您的使用者名稱和密碼等資訊在傳送到網站時是安全的。",
    "l10n.viewCertificate": "檢視認證",
    "l10n.anselPhotoMode": "Ansel 相片模式",
    "l10n.freestyle": "自由風格遊戲濾鏡",
    "l10n.shadowplayRecords": "ShadowPlay 錄製與立即重新播放",
    "l10n.openForDiscussion": "是的，如果 NVIDIA 還有其他問題，可以與我聯絡。",
    "l10n.nvidiaGfeTitle": "NVIDIA GeForce Experience",
    "l10n.gfePartnerInfoDescription": "NVIDIA GeForce Experience 使用 YouTube API 服務，這些服務受以下使用條款和隱私權原則的約束：",
    "l10n.gfeYouTubeTOS": "YouTube 服務條款",
    "l10n.gfeGoogleSecuritySettings": "Google 安全性設定",
    "l10n.gfeGooglePrivacyPolicy": "Google 隱私權原則",
    "l10n.gfePartnerPrivacyPolicy": "合作夥伴隱私權原則和服務條款"
}
