{
    "l10n.rewards": "Odměny",
    "l10n.expiredRewards": "Odměny, jejichž platnost vypršela",
    "l10n.showExpired": "Zobrazení, jehož platnost vypršela",
    "l10n.unclaimedRewards": "Nevyzvednuté odměny",
    "l10n.claimedRewards": "Vyzvednuté odměny",
    "l10n.noRewards": "Nemáte žádné odměny",
    "l10n.terms": "Smluvní podmínky",
    "l10n.agree": "Souhlasím",
    "l10n.expiresOn": "Datum platnosti: {{date}}",
    "l10n.expiredOn": "Platnost vypršela: {{date}}",
    "l10n.claimedOn": "Vyzvednuto",
    "l10n.redeemedOn": "Uplatněno: {{date}}",
    "l10n.acceptTerms": "Abyste mohli získat tuto odměnu, musíte souhlasit se smluvními podmínkami.",
    "l10n.printTerms": "Pokud budete chtít, smluvní podmínky si vytiskněte.",
    "l10n.redeem": "Uplatnit",
    "l10n.code": "Kód",
    "l10n.viewCode": "Zobrazit kód",
    "l10n.new": "Nový",
    "l10n.referAFriend": "Doporučit kamaráda",
    "l10n.enterCode": "Zadat kód",
    "l10n.owned": "Vlastněna",
    "l10n.redeemed": "Uplatněno",
    "l10n.expired": "Platnost vypršela",
    "l10n.redeemCode": "Kód k uplatnění odměny",
    "l10n.redemptionHistory": "Historie uplatnění odměny",
    "l10n.codeVerified": "Kód ověřen",
    "l10n.noRedemptionsYet": "Vypadá to, že nemáte dosud nemáte žádné uplatněné odměny",
    "l10n.enterCouponCodeOld": "Zadejte svůj kód kupónu přesně tak, jak je vytištěn na kupónu nebo který jste obdrželi e-mailem.",
    "l10n.byClickingContinueAgreeToTerms": "Kliknutím na získat odměnu souhlasíte <a ng-click=\"redeemReward.onTermsAndConditionsClicked($event)\" class=\"md-accent foreground\">souhlasíte se smluvními podmínkami</a>",
    "l10n.couponExpired": "Platnost kódu kupónu, který jste zadali, vypršela",
    "l10n.checkCodeAndTryAgain": "Neplatný kód. Ověřte, zda jste zadali kód správně, a zkuste to znovu.",
    "l10n.couponAlreadyRedeemed": "Kód kupónu, který jste zadali, byl již uplatněn",
    "l10n.minReqsNotMet": "Nesplňujete požadavky pro uplatnění nároku na tento kupón.",
    "l10n.minHardwareReqsNotMet": "Pro uplatnění tohoto kupónu nesplňujete požadavky na hardware.",
    "l10n.minRegionReqsNotMet": "Pro uplatnění tohoto kupónu nesplňujete požadavky na region.",
    "l10n.gameCongratulations": "Gratulujeme! Nyní se vám zpřístupnila propagační nabídka {{packageName}}. Pokračujte kliknutím na možnost uplatnění.",
    "l10n.cannotBeRedeemedYet": "Tento kupón nelze ještě uplatnit.",
    "l10n.couldNotRetrieveRedemptionHistory": "Nastal problém při načítání vaší historie uplatnění odměn. Zkuste to znovu později.",
    "l10n.someRedemptionHistoryItemsMissing": "Nastal problém při získání údajů o historii uplatnění odměn. Některé položky chybí.",
    "l10n.sorryPromotionOver": "Kupón nelze uplatnit, protože propagační nabídka již byla ukončena",
    "l10n.unableToRedeemRewards": "Kód kupónu nelze uplatnit",
    "l10n.unableToAddRewards": "Odměna nebyla přidán do mého propojeného účtu",
    "l10n.unableToViewHistory": "Nelze zobrazit historii čerpání odměn",
    "l10n.unableToProcessRedemption": "Nebyli jsme schopni zpracovat uplatnění vašeho kódu kvůli technickým potížím. Zkuste to znovu později",
    "l10n.redeemedAndExpired": "Uplatněné a po ukončení platnosti",
    "l10n.noRewardsRedeemedYet": "Doposud jste neuplatnili žádné odměny.",
    "l10n.gfeRewards": "Odměny GeForce Experience",
    "l10n.haveACouponCode": "Máte kód kupónu?",
    "l10n.refresh": "Obnovit",
    "l10n.availableTill": "Dostupné do {{date}}",
    "l10n.offlineCheckNetwork": "Jste offline. Zkontrolujte připojení k síti a zkuste to znovu.",
    "l10n.unableToReachNvidia": "Se serverem NVIDIA nejde momentálně navázat spojení. Zkuste to prosím znova později.",
    "l10n.trackFutureRedemptions": "Zde můžete sledovat vaše budoucí uplatnění odměn.",
    "l10n.couponRedemption": "Uplatnění kupónu",
    "l10n.redeemACode": "Uplatněte svůj kód na odměnu",
    "l10n.redemptionPortal": "Portál pro uplatnění kódu na odměnu",
    "l10n.updateToRedeem": "Aktualizujte váš ovladač optimalizovaný pro hry, abyste mohli získat odměnu",
    "l10n.campaignAlreadyOwned": "Kupón v kampani {{campaignName}} na vaší jednotce GPU jste již uplatnili.",
    "l10n.couponAlreadyOwned": "Kupón v této kampani na vaší jednotce GPU jste již uplatnili.",
    "l10n.minHwRegReqsNotMet": "Pro uplatnění tohoto kupónu nesplňujete požadavky na hardware a region.",
    "l10n.outOfStock": "Kód kupónu, který jste zadali, již není dostupný.",
    "l10n.availableNumber": "K dispozici ({{number}})",
    "l10n.redeemedNumber": "Uplatněno ({{number}})",
    "l10n.expiredNumber": "Platnost vypršela ({{number}})",
    "l10n.alreadyOwnedUser": "Už jste si uplatnili nárok na kupón pro {{campaignName}}.",
    "l10n.alreadyOwnedUserFallback": "Už jste si uplatnili nárok na kupón pro tuto akci.",
    "l10n.enterCouponCode": "Zadejte svůj kód kuponu",
    "l10n.learnMoreAboutCoupons": "Přečtěte si více o kupónech",
    "l10n.rewardsHwReqNotMet": "Váš hardware nesplňuje podmínky pro uplatnění kódu na odměnu.",
    "l10n.rewardsRegionReqNotMet": "Nesplňujete podmínky pro region pro uplatnění kódu na odměnu.",
    "l10n.rewardsHwAndRegionReqsNotMet": "Nesplňujete podmínky hardwaru a regionu pro uplatnění kódu na odměnu.",
    "l10n.rewardsMinReqsNotMet": "Nesplňujete podmínky pro uplatnění kódu na odměnu.",
    "l10n.whereToFindCoupons": "Kde najdu můj kód kuponu?",
    "l10n.checkCouponRetailer": "GeForce&reg; RTX Balík: Zkontrolujte, jestli máte účtenku, e-mail, nebo kupon z místa nákupu.",
    "l10n.gfeGiveaway": "GeForce Experience&trade; Akce zadarmo: NVIDIA pravidelně posíla e-maily s kódy her uživatelům, kteří se přihlásili do GeForce komunikace.",
    "l10n.redemptionIncomplete": "Získání odměny nedokončeno.",
    "l10n.updatingContent": "Probíhá aktualizace obsahu...",
    "l10n.redeemOffline": "Možnost získání odměn je dočasně vypnutá.",
    "l10n.cpnMinRegUsrHwReqsNotMet": "Ve vašem regionu, pro váš účet a nainstalovanou grafickou kartu nejste oprávněni k aktivaci tohoto kódu.",
    "l10n.rwdMinRegUsrHwReqsNotMet": "Ve vašem regionu, pro váš účet a nainstalovanou grafickou kartu nejste oprávněni k uplatnění odměny.",
    "l10n.cpnMinUsrHwReqsNotMet": "Pro váš účet a nainstalovanou grafickou kartu nejste oprávněni k aktivaci tohoto kódu.",
    "l10n.rwdMinUsrHwReqsNotMet": "Pro váš účet a nainstalovanou grafickou kartu nejste oprávněni k uplatnění odměny.",
    "l10n.cpnMinRegUsrReqsNotMet": "Ve vašem regionu a pro váš účet nejste oprávněni k aktivaci tohoto kódu.",
    "l10n.rwdMinRegUsrReqsNotMet": "Ve vašem regionu a pro váš účet nejste oprávněni k uplatnění odměny.",
    "l10n.cpnMinUsrReqsNotMet": "Váš účet není oprávněn k aktivaci tohoto kódu.",
    "l10n.rwdMinUsrReqsNotMet": "Váš účet není oprávněn k uplatnění odměny.",
    "l10n.perksToBeUnlocked": "Benefity k odemknutí",
    "l10n.readyToRedeem": "Nyní lze získat",
    "l10n.dismiss": "Zavřít",
    "l10n.answer": "Odpovědět",
    "l10n.incorrectAnswer": "Nesprávná odpověď. Zkuste to znovu.",
    "l10n.mathQuestion": "Vynásobte {{mulA}} x {{mulB}}, potom přičtěte {{add}}, potom vydělte {{div}}, potom odečtěte {{sub}} = ?",
    "l10n.answerMathQuestion": "Na základě požadavků kanadského práva prosím odpovězte správně na následující otázku sloužící k vyzkoušení dovedností, abyste mohli být prohlášeni za vítěze.",
    "l10n.moreItemsAvailable": "K uplatnění vám zbývá několik dalších položek"
}
