{
    "l10n.rewards": "Præmier",
    "l10n.expiredRewards": "Udløbne præmier",
    "l10n.showExpired": "Vis udløbne",
    "l10n.unclaimedRewards": "Ikke indløste præmier",
    "l10n.claimedRewards": "Indløste præmier",
    "l10n.noRewards": "Du har ingen præmier.",
    "l10n.terms": "Betingelser og vilkår",
    "l10n.agree": "Jeg accepterer",
    "l10n.expiresOn": "Udløber den: {{date}}",
    "l10n.expiredOn": "Udløb den: {{date}}",
    "l10n.claimedOn": "Indløst den",
    "l10n.redeemedOn": "Indløst d.: {{date}}",
    "l10n.acceptTerms": "Du skal acceptere Betingelser og vilkår for at kunne indløse denne præmie.",
    "l10n.printTerms": "Du kan udskrive disse betingelser og vilkår til din reference.",
    "l10n.redeem": "Indløs",
    "l10n.code": "Kode",
    "l10n.viewCode": "Vis kode",
    "l10n.new": "Nye",
    "l10n.referAFriend": "Henvis en ven",
    "l10n.enterCode": "Indtast kode",
    "l10n.owned": "Ejet",
    "l10n.redeemed": "Indløst",
    "l10n.expired": "Udløbet",
    "l10n.redeemCode": "Indløs kode",
    "l10n.redemptionHistory": "Historik for indløsning",
    "l10n.codeVerified": "Kode bekræftet",
    "l10n.noRedemptionsYet": "Det ser ud til, at du endnu ikke har nogen indløsninger",
    "l10n.enterCouponCodeOld": "Indtast din kuponkode nøjagtigt som den er trykt på din kupon eller blev e-mailet til dig.",
    "l10n.byClickingContinueAgreeToTerms": "Ved at klikke på Indløs accepterer jeg <a ng-click=\"redeemReward.onTermsAndConditionsClicked($event)\" class=\"md-accent foreground\">betingelser og vilkår</a>",
    "l10n.couponExpired": "Den indtastede kuponkode er udløbet",
    "l10n.checkCodeAndTryAgain": "Ugyldig kode. Kontrollér den indtastede kode og prøv igen.",
    "l10n.couponAlreadyRedeemed": "Den indtastede kode er allerede blevet indløst",
    "l10n.minReqsNotMet": "Du opfylder ikke kravene til at indløse denne kupon.",
    "l10n.minHardwareReqsNotMet": "Du opfylder ikke hardwarekravene for at indløse denne kupon.",
    "l10n.minRegionReqsNotMet": "Du opfylder ikke regionskravene for at indløse denne kupon.",
    "l10n.gameCongratulations": "Tillykke! Nu har du adgang til {{packageName}} promotion. Klik på Indløs for at fortsætte",
    "l10n.cannotBeRedeemedYet": "Denne kupon kan endnu ikke indløses.",
    "l10n.couldNotRetrieveRedemptionHistory": "Der opstod et problem under hentning af din historik for indløsning. Prøv igen senere.",
    "l10n.someRedemptionHistoryItemsMissing": "Der opstod et problem med at hente din historik for indløsning. Visse genstande kan mangle i øjeblikket.",
    "l10n.sorryPromotionOver": "Kupon kan ikke indløses, eftersom denne promotion er slut",
    "l10n.unableToRedeemRewards": "Kan ikke indløse kuponkode",
    "l10n.unableToAddRewards": "Præmie blev ikke føjet til min sammenkædede konto",
    "l10n.unableToViewHistory": "Kan ikke vise historik for indløsning",
    "l10n.unableToProcessRedemption": "Vi kunne ikke behandle din indløsning på grund af tekniske vanskeligheder. Prøv igen senere",
    "l10n.redeemedAndExpired": "Indløst og udløbet",
    "l10n.noRewardsRedeemedYet": "Du har endnu ikke indløst nogen præmier",
    "l10n.gfeRewards": "GeForce Experience-præmier",
    "l10n.haveACouponCode": "Har du en kuponkode?",
    "l10n.refresh": "Opdater",
    "l10n.availableTill": "Tilgængelig indtil {{date}}",
    "l10n.offlineCheckNetwork": "Du er offline. Kontrollér din netværksforbindelse og prøv igen.",
    "l10n.unableToReachNvidia": "Kunne ikke få forbindelse til NVIDIA på nuværende tidspunkt. Prøv igen på et senere tidspunkt",
    "l10n.trackFutureRedemptions": "Du kan holde øje med dine fremtidige indløsninger her.",
    "l10n.couponRedemption": "Indløsning af kupon",
    "l10n.redeemACode": "Indløs en kode",
    "l10n.redemptionPortal": "Indløsningsportal",
    "l10n.updateToRedeem": "Opdater din spilleparate driver for at indløse",
    "l10n.campaignAlreadyOwned": "Du har allerede indløst en kupon for {{campaignName}} på din GPU.",
    "l10n.couponAlreadyOwned": "Du har allerede indløst en kupon for denne kampagne på din GPU.",
    "l10n.minHwRegReqsNotMet": "Du opfylder ikke kravene for hardware og region til at kunne indløse denne kupon.",
    "l10n.outOfStock": "Der kan ikke indløses flere af den indtastede kuponkode, eller den er ikke længere tilgængelig.",
    "l10n.availableNumber": "Tilgængelige ({{number}})",
    "l10n.redeemedNumber": "Indløste ({{number}})",
    "l10n.expiredNumber": "Udløbne ({{number}})",
    "l10n.alreadyOwnedUser": "Du har allerede indløst en kupon til {{campaignname}}.",
    "l10n.alreadyOwnedUserFallback": "Du har allerede indløst en kupon til denne kampagne.",
    "l10n.enterCouponCode": "Indtast kuponkode",
    "l10n.learnMoreAboutCoupons": "Lær mere om kuponer",
    "l10n.rewardsHwReqNotMet": "Du opfylder ikke hardware kravet til at indløse.",
    "l10n.rewardsRegionReqNotMet": "Du opfylder ikke region kravet til at indløse.",
    "l10n.rewardsHwAndRegionReqsNotMet": "Du opfylder ikke hardware og region kravene til at indløse.",
    "l10n.rewardsMinReqsNotMet": "Du opfylder ikke kravene til at indløse.",
    "l10n.whereToFindCoupons": "Hvor finder jeg min kuponkode?",
    "l10n.checkCouponRetailer": "GeForce&reg; RTX bundle: Check for kvittering, e-mail, eller fysisk kupon fra forhandleren.",
    "l10n.gfeGiveaway": "GeForce Experience&trade; give væk: NVIDIA sender periodisk e-mails med gratis spil koder til brugere, der har tilvalgt GeForce kommunikation.",
    "l10n.redemptionIncomplete": "Indløsning ikke fuldført.",
    "l10n.updatingContent": "Opdaterer indhold ...",
    "l10n.redeemOffline": "Indløsning er offline midlertidigt.",
    "l10n.cpnMinRegUsrHwReqsNotMet": "Den region, som du befinder dig i, den konto, som du benytter, og det grafikkort, som du har installeret, er alle sammen ikke berettiget til at aktivere denne kode.",
    "l10n.rwdMinRegUsrHwReqsNotMet": "Den region, som du befinder dig i, den konto, som du benytter, og det grafikkort, som du har installeret, er alle sammen ikke berettiget til at indløse.",
    "l10n.cpnMinUsrHwReqsNotMet": "Den konto, som du benytter, og det grafikkort, som du har installeret, er ikke berettiget til at aktivere denne kode.",
    "l10n.rwdMinUsrHwReqsNotMet": "Den konto, som du benytter, og det grafikkort, som du har installeret, er ikke berettiget til at indløse.",
    "l10n.cpnMinRegUsrReqsNotMet": "Den region, som du befinder dig i, og den konto, som du benytter, er ikke berettiget til at aktivere denne kode.",
    "l10n.rwdMinRegUsrReqsNotMet": "Den region, som du befinder dig i, og den konto, som du benytter, er ikke berettiget til at indløse.",
    "l10n.cpnMinUsrReqsNotMet": "Den konto, som du benytter, er ikke berettiget til at aktivere denne kode.",
    "l10n.rwdMinUsrReqsNotMet": "Den konto, som du benytter, er ikke berettiget til at indløse.",
    "l10n.perksToBeUnlocked": "Mulige gevinster",
    "l10n.readyToRedeem": "Klar til at indløse",
    "l10n.dismiss": "Afvis",
    "l10n.answer": "Svar",
    "l10n.incorrectAnswer": "Forkert svar. Prøv igen.",
    "l10n.mathQuestion": "Gang {{mulA}} x {{mulB}}, læg derefter {{add}} til, og divider derefter med {{div}}, og træk derefter {{sub}} fra = ?",
    "l10n.answerMathQuestion": "I henhold til canadisk lovgivning skal følgende kvalifikationsspørgsmål besvares korrekt for at kunne blive erklæret vinder.",
    "l10n.moreItemsAvailable": "Du har flere tilgængelige elementer til indløsning"
}
