{
    "l10n.rewards": "Prämien",
    "l10n.expiredRewards": "Abgelaufene Prämien",
    "l10n.showExpired": "Abgelaufene anzeigen",
    "l10n.unclaimedRewards": "Nicht beanspruchte Prämien",
    "l10n.claimedRewards": "Beanspruchte Prämien",
    "l10n.noRewards": "Sie haben keine Prämien.",
    "l10n.terms": "Nutzungsbedingungen",
    "l10n.agree": "Ich stimme zu",
    "l10n.expiresOn": "Läuft ab am: {{date}}",
    "l10n.expiredOn": "Abgelaufen am: {{date}}",
    "l10n.claimedOn": "Beansprucht am",
    "l10n.redeemedOn": "Eingelöst am: {{date}}",
    "l10n.acceptTerms": "Sie müssen den Nutzungsbedingungen zustimmen, um diese Prämie einzulösen.",
    "l10n.printTerms": "Unter Umständen möchten Sie die Nutzungsbedingungen für Ihre Unterlagen ausdrucken.",
    "l10n.redeem": "Einlösen",
    "l10n.code": "Code",
    "l10n.viewCode": "Code anzeigen",
    "l10n.new": "Neu",
    "l10n.referAFriend": "Einen Freund werben",
    "l10n.enterCode": "Code eingeben",
    "l10n.owned": "Gehört Ihnen",
    "l10n.redeemed": "Eingelöst",
    "l10n.expired": "Abgelaufen",
    "l10n.redeemCode": "Code einlösen",
    "l10n.redemptionHistory": "Einlösungshistorie",
    "l10n.codeVerified": "Code überprüft",
    "l10n.noRedemptionsYet": "Es sieht aus, als hätten Sie noch nichts zum Einlösen.",
    "l10n.enterCouponCodeOld": "Geben Sie Ihren Gutscheincode genau so ein, wie er auf dem Gutschein abgedruckt ist oder wie er Ihnen per E-Mail zugesendet worden ist.",
    "l10n.byClickingContinueAgreeToTerms": "Durch Klicken auf „Einlösen“ erkläre ich mich mit den <a ng-click=\"redeemReward.onTermsAndConditionsClicked($event)\" class=\"md-accent foreground\">Nutzungsbedingungen</a> einverstanden.",
    "l10n.couponExpired": "Der von Ihnen eingegebene Gutscheincode ist abgelaufen",
    "l10n.checkCodeAndTryAgain": "Ungültiger Code. Überprüfen Sie den eingegebenen Code und versuchen Sie es erneut.",
    "l10n.couponAlreadyRedeemed": "Der von Ihnen eingegebene Gutscheincode wurde bereits eingelöst",
    "l10n.minReqsNotMet": "Sie erfüllen nicht die Voraussetzungen zum Einlösen dieses Gutscheins.",
    "l10n.minHardwareReqsNotMet": "Ihre Anforderungen in Bezug auf die Hardware sind nicht erfüllt, um diesen Gutschein einzulösen.",
    "l10n.minRegionReqsNotMet": "Ihre Anforderungen in Bezug auf die Region sind nicht erfüllt, um diesen Gutschein einzulösen.",
    "l10n.gameCongratulations": "Herzlichen Glückwunsch! Sie haben jetzt Zugriff auf die {{packageName}} Aktion. Klicken Sie auf „Einlösen“, um fortzufahren.",
    "l10n.cannotBeRedeemedYet": "Dieser Gutschein kann noch nicht eingelöst werden.",
    "l10n.couldNotRetrieveRedemptionHistory": "Es gab ein Problem beim Abrufen Ihres Einlösungsverlaufs. Bitte versuchen Sie es später erneut.",
    "l10n.someRedemptionHistoryItemsMissing": "Es gab ein Problem beim Abrufen Ihrer Einlösungshistorie. Möglicherweise fehlen zu dieser Zeit einige Elemente.",
    "l10n.sorryPromotionOver": "Coupon kann nicht eingelöst werden, da die Aktion bereits beendet ist.",
    "l10n.unableToRedeemRewards": "Gutscheincode kann nicht eingelöst werden",
    "l10n.unableToAddRewards": "Prämie wurde meinem verknüpften Konto nicht hinzugefügt",
    "l10n.unableToViewHistory": "Einlösungsverlauf kann nicht angezeigt werden",
    "l10n.unableToProcessRedemption": "Es war aufgrund von technischen Problemen nicht möglich, Ihre Einlösung zu verarbeiten. Bitte versuchen Sie es später.",
    "l10n.redeemedAndExpired": "Eingelöst und abgelaufen",
    "l10n.noRewardsRedeemedYet": "Sie haben noch keine Prämien eingelöst",
    "l10n.gfeRewards": "GeForce Experience Prämien",
    "l10n.haveACouponCode": "Haben Sie einen Gutscheincode?",
    "l10n.refresh": "Aktualisieren",
    "l10n.availableTill": "Verfügbar bis {{date}}",
    "l10n.offlineCheckNetwork": "Sie sind offline. Bitte überprüfen Sie Ihre Netzwerkverbindung und versuchen Sie es erneut.",
    "l10n.unableToReachNvidia": "NVIDIA ist im Augenblick nicht erreichbar. Bitte versuchen Sie es zu einem späteren Zeitpunkt erneut.",
    "l10n.trackFutureRedemptions": "Künftige Einlösungen können Sie hier verfolgen.",
    "l10n.couponRedemption": "Gutschein einlösen",
    "l10n.redeemACode": "Code einlösen",
    "l10n.redemptionPortal": "Einlösungsportal",
    "l10n.updateToRedeem": "Aktualisieren Sie zum Einlösen Ihren Game Ready Treiber",
    "l10n.campaignAlreadyOwned": "Sie haben bereits einen Gutschein für {{campaignName}} auf Ihrer GPU eingelöst.",
    "l10n.couponAlreadyOwned": "Sie haben bereits einen Gutschein für diese Kampagne auf Ihrer GPU eingelöst.",
    "l10n.minHwRegReqsNotMet": "Sie erfüllen nicht die Hardware- und Regionsvoraussetzungen zum Einlösen dieses Gutscheins.",
    "l10n.outOfStock": "Der Gutscheincode, den Sie eingegeben haben, ist nicht vorrätig und nicht mehr verfügbar.",
    "l10n.availableNumber": "Verfügbar ({{number}})",
    "l10n.redeemedNumber": "Eingelöst ({{number}})",
    "l10n.expiredNumber": "Abgelaufen ({{number}})",
    "l10n.alreadyOwnedUser": "Sie haben bereits einen Gutschein für {{campaignName}} eingelöst.",
    "l10n.alreadyOwnedUserFallback": "Sie haben bereits einen Gutschein für diese Kampagne eingelöst.",
    "l10n.enterCouponCode": "Geben Sie Ihren Coupon-Code ein",
    "l10n.learnMoreAboutCoupons": "Erfahren Sie mehr über Coupons",
    "l10n.rewardsHwReqNotMet": "Sie erfüllen nicht die Hardware-Bedingungen zum Einlösen.",
    "l10n.rewardsRegionReqNotMet": "Sie erfüllen nicht die regionalen Bedingungen zum Einlösen.",
    "l10n.rewardsHwAndRegionReqsNotMet": "Sie erfüllen weder die Hardware-Bedingungen noch die regionalen Bedingungen zum Einlösen.",
    "l10n.rewardsMinReqsNotMet": "Sie erfüllen nicht die Bedingungen zum Einlösen.",
    "l10n.whereToFindCoupons": "Wo finde ich meinen Coupon-Code?",
    "l10n.checkCouponRetailer": "GeForce&reg; RTX Bündel: Nach der Rechnung, Email, oder dem Papiergutschein von Ihrem Händler suchen.",
    "l10n.gfeGiveaway": "GeForce Experience&trade; Werbegeschenk: NVIDIA schickt manchmal via Email Gratiscodes für Spiele an Nutzer, die ihre Einwilligung für Werbekommunikationen von GeForce geben.",
    "l10n.redemptionIncomplete": "Einlösung unvollständig.",
    "l10n.updatingContent": "Inhalt wird aktualisiert ...",
    "l10n.redeemOffline": "Einlösen ist vorübergehend offline.",
    "l10n.cpnMinRegUsrHwReqsNotMet": "Ihre Region, das verwendete Konto und die installierte Grafikkarte sind nicht zur Aktivierung dieses Codes berechtigt.",
    "l10n.rwdMinRegUsrHwReqsNotMet": "Ihre Region, das verwendete Konto und die installierte Grafikkarte sind nicht zum Einlösen berechtigt.",
    "l10n.cpnMinUsrHwReqsNotMet": "Das verwendete Konto und die installierte Grafikkarte sind nicht zur Aktivierung dieses Codes berechtigt.",
    "l10n.rwdMinUsrHwReqsNotMet": "Das verwendete Konto und die installierte Grafikkarte sind nicht zum Einlösen berechtigt.",
    "l10n.cpnMinRegUsrReqsNotMet": "Ihre Region und das verwendete Konto sind nicht zur Aktivierung dieses Codes berechtigt.",
    "l10n.rwdMinRegUsrReqsNotMet": "Ihre Region und das verwendete Konto sind nicht zum Einlösen berechtigt.",
    "l10n.cpnMinUsrReqsNotMet": "Das verwendete Konto ist nicht zur Aktivierung dieses Codes berechtigt.",
    "l10n.rwdMinUsrReqsNotMet": "Das verwendete Konto ist nicht zum Einlösen berechtigt.",
    "l10n.perksToBeUnlocked": "Freischaltbare Vorteile",
    "l10n.readyToRedeem": "Bereit zum Einlösen",
    "l10n.dismiss": "Verwerfen",
    "l10n.answer": "Antwort",
    "l10n.incorrectAnswer": "Falsche Antwort. Versuchen Sie es erneut.",
    "l10n.mathQuestion": "Multiplizieren Sie {{mulA}} x {{mulB}}, addieren Sie dann {{add}}, dividieren Sie anschließend durch {{div}} und subtrahieren Sie {{sub}} = ?",
    "l10n.answerMathQuestion": "Bitte beantworten Sie wie nach kanadischem Recht vorgesehen die nachfolgende Testfrage richtig, um zum Gewinner erklärt zu werden.",
    "l10n.moreItemsAvailable": "Sie können noch mehr Elemente einlösen"
}
