{
    "l10n.rewards": "Επιβραβεύσεις",
    "l10n.expiredRewards": "Ληγμένες επιβραβεύσεις",
    "l10n.showExpired": "Εμφάνιση ληγμένων",
    "l10n.unclaimedRewards": "Αζήτητες επιβραβεύσεις",
    "l10n.claimedRewards": "Ληφθείσες επιβραβεύσεις",
    "l10n.noRewards": "Δεν έχετε καμία επιβράβευση.",
    "l10n.terms": "Όροι και προϋποθέσεις",
    "l10n.agree": "Συμφωνώ",
    "l10n.expiresOn": "Λήγει: {{date}}",
    "l10n.expiredOn": "Έληξε: {{date}}",
    "l10n.claimedOn": "Λήφθηκε",
    "l10n.redeemedOn": "Εξαργυρώθηκε: {{date}}",
    "l10n.acceptTerms": "Πρέπει να συμφωνήσετε με τους όρους και προϋποθέσεις για να εξαργυρώσετε αυτή την επιβράβευση.",
    "l10n.printTerms": "Ίσως να θέλετε να εκτυπώσετε αυτούς τους όρους και προϋποθέσεις για το αρχείο σας.",
    "l10n.redeem": "Εξαργύρωση",
    "l10n.code": "Κωδικός",
    "l10n.viewCode": "Προβολή κωδικού",
    "l10n.new": "Νέα",
    "l10n.referAFriend": "Σύσταση φίλου",
    "l10n.enterCode": "Εισαγωγή κωδικού",
    "l10n.owned": "Κατέχει",
    "l10n.redeemed": "Εξαργυρώθηκε",
    "l10n.expired": "Έληξε",
    "l10n.redeemCode": "Εξαργύρωση κωδικού",
    "l10n.redemptionHistory": "Ιστορικό εξαργύρωσης",
    "l10n.codeVerified": "Κωδικός επιβεβαιώθηκε",
    "l10n.noRedemptionsYet": "Φαίνεται ότι δεν έχετε ακόμη καμία εξαργύρωση",
    "l10n.enterCouponCodeOld": "Εισαγάγετε τον κωδικό κουπονιού σας ακριβώς όπως το βλέπετε τυπωμένο στο κουπόνι σας ή όπως σας στάλθηκε με email.",
    "l10n.byClickingContinueAgreeToTerms": "Κάνοντας κλικ στην εξαργύρωση, συμφωνώ με τους <a ng-click=\"redeemReward.onTermsAndConditionsClicked($event)\" class=\"md-accent foreground\">όρους και προϋποθέσεις</a>",
    "l10n.couponExpired": "Ο κωδικός κουπονιού που εισήγατε έχει λήξει",
    "l10n.checkCodeAndTryAgain": "Μη έγκυρος κωδικός. Ελέγξτε τον κωδικό που έχετε εισάγει και δοκιμάστε ξανά.",
    "l10n.couponAlreadyRedeemed": "Ο κωδικός κουπονιού που έχετε εισάγει έχει ήδη εξαργυρωθεί",
    "l10n.minReqsNotMet": "Δεν πληρείτε τις  προϋποθέσεις για να εξαργυρώσετε αυτό το κουπόνι.",
    "l10n.minHardwareReqsNotMet": "Δεν ικανοποιείτε τις απαιτήσεις εξοπλισμού για την εξαργύρωση αυτού του κουπονιού.",
    "l10n.minRegionReqsNotMet": "Δεν ικανοποιείτε τις απαιτήσεις περιοχής για την εξαργύρωση αυτού του κουπονιού.",
    "l10n.gameCongratulations": "Συγχαρητήρια! Πλέον, έχετε πρόσβαση στην {{packageName}} προωθητική ενέργεια. Κάντε κλικ στην \"εξαργύρωση\" για να συνεχίσετε",
    "l10n.cannotBeRedeemedYet": "Δεν είναι ακόμη δυνατή η εξαργύρωση αυτού του κουπονιού.",
    "l10n.couldNotRetrieveRedemptionHistory": "Παρουσιάστηκε πρόβλημα κατά την ανάκτηση του ιστορικού εξαργύρωσής σας. Δοκιμάστε ξανά αργότερα.",
    "l10n.someRedemptionHistoryItemsMissing": "Υπήρξε πρόβλημα με την ανάκτηση του ιστορικού εξαργύρωσής σας. Αυτή τη στιγμή, μπορεί να λείπουν μερικά στοιχεία.",
    "l10n.sorryPromotionOver": "Το κουπόνι δεν μπορεί να εξαργυρωθεί, καθώς η προωθητική ενέργεια έχει λήξει",
    "l10n.unableToRedeemRewards": "Δεν υπάρχει δυνατότητα εξαργύρωσης του κωδικού κουπονιού",
    "l10n.unableToAddRewards": "Η ανταμοιβή δεν προστέθηκε στον συνδεδεμένο λογαριασμό μου",
    "l10n.unableToViewHistory": "Δεν υπάρχει δυνατότητα προβολής του ιστορικού εξαργύρωσης",
    "l10n.unableToProcessRedemption": "Δεν ήταν δυνατή η επεξεργασία της εξαργύρωσής σας εξαιτίας τεχνικών δυσκολιών. Δοκιμάστε ξανά αργότερα",
    "l10n.redeemedAndExpired": "Εξαργυρώθηκε και έληξε",
    "l10n.noRewardsRedeemedYet": "Δεν έχετε εξαργυρώσει καμία επιβράβευση ακόμη",
    "l10n.gfeRewards": "Επιβραβεύσεις GeForce Experience",
    "l10n.haveACouponCode": "Έχετε κωδικό κουπονιού;",
    "l10n.refresh": "Ανανέωση",
    "l10n.availableTill": "Διατίθεται μέχρι {{date}}",
    "l10n.offlineCheckNetwork": "Είστε εκτός σύνδεσης. Ελέγξτε τη σύνδεση δικτύου σας και δοκιμάστε ξανά.",
    "l10n.unableToReachNvidia": "Αυτή τη στιγμή, δεν είναι δυνατή η επικοινωνία με την NVIDIA. Δοκιμάστε ξανά αργότερα",
    "l10n.trackFutureRedemptions": "Μπορείτε να παρακολουθήσετε οποιεσδήποτε από τις μελλοντικές εξαργυρώσεις σας εδώ.",
    "l10n.couponRedemption": "Εξαργύρωση κουπονιού",
    "l10n.redeemACode": "Εξαργύρωση κωδικού",
    "l10n.redemptionPortal": "Πύλη εξαργύρωσης",
    "l10n.updateToRedeem": "Ενημερώστε το πρόγραμμα οδήγησης Game Ready για να πραγματοποιήσετε την εξαργύρωση",
    "l10n.campaignAlreadyOwned": "Έχετε ήδη εξαργυρώσει ένα κουπόνι για {{campaignName}} στην GPU που διαθέτετε.",
    "l10n.couponAlreadyOwned": "Έχετε ήδη εξαργυρώσει ένα κουπόνι για αυτή την προωθητική ενέργεια της GPU σας.",
    "l10n.minHwRegReqsNotMet": "Δεν ικανοποιείτε τις απαιτήσεις υλικού και περιοχής για την εξαργύρωση αυτού του κουπονιού.",
    "l10n.outOfStock": "Ο κωδικός κουπονιού που έχετε εισάγει εξαντλήθηκε και πλέον δεν διατίθεται.",
    "l10n.availableNumber": "Διαθέσιμα ({{number}})",
    "l10n.redeemedNumber": "Εξαργυρώθηκαν ({{number}})",
    "l10n.expiredNumber": "Έληξαν ({{number}})",
    "l10n.alreadyOwnedUser": "Έχετε ήδη εξαργυρώσει ένα κουπόνι για {{campaignName}}.",
    "l10n.alreadyOwnedUserFallback": "Έχετε ήδη εξαργυρώσει ένα κουπόνι για αυτή την προωθητική ενέργεια.",
    "l10n.enterCouponCode": "Εισαγάγετε τον κωδικό κουπονιού",
    "l10n.learnMoreAboutCoupons": "Μάθετε περισσότερα για τα κουπόνια",
    "l10n.rewardsHwReqNotMet": "Δεν ικανοποιείτε τις απαιτήσεις εξοπλισμού για την εξαργύρωση.",
    "l10n.rewardsRegionReqNotMet": "Δεν ικανοποιείτε τις απαιτήσεις περιοχής για την εξαργύρωση.",
    "l10n.rewardsHwAndRegionReqsNotMet": "Δεν ικανοποιείτε τις απαιτήσεις εξοπλισμού και περιοχής για την εξαργύρωση.",
    "l10n.rewardsMinReqsNotMet": "Δεν ικανοποιείτε τις απαιτήσεις για την εξαργύρωση.",
    "l10n.whereToFindCoupons": "Πού μπορώ να βρω τον κωδικό κουπονιού μου;",
    "l10n.checkCouponRetailer": "Δέσμη GeForce&reg; RTX: Ελέγξτε την απόδειξη πληρωμής, email, ή κουπόνι από τον τόπο αγοράς.",
    "l10n.gfeGiveaway": "Δώρα GeForce Experience&trade;: Η NVIDIA στέλνει περιοδικά μηνύματα email με κωδικούς για παιχνίδια δωρεάν για χρήστες που επιλέγουν να συμμετέχουν στις επικοινωνίες GeForce.",
    "l10n.redemptionIncomplete": "Η εξαργύρωση δεν έχει ολοκληρωθεί.",
    "l10n.updatingContent": "Γίνεται ενημέρωση περιεχομένων...",
    "l10n.redeemOffline": "Η εξαργύρωση είναι προσωρινά εκτός σύνδεσης.",
    "l10n.cpnMinRegUsrHwReqsNotMet": "Η περιοχή που βρίσκεστε, ο λογαριασμός που χρησιμοποιείτε και η κάρτα γραφικών που έχετε εγκαταστήσει δεν είναι όλα κατάλληλα για την ενεργοποίηση αυτού του κωδικού.",
    "l10n.rwdMinRegUsrHwReqsNotMet": "Η περιοχή που βρίσκεστε, ο λογαριασμός που χρησιμοποιείτε και η κάρτα γραφικών που έχετε εγκαταστήσει δεν είναι όλα κατάλληλα για την εξαργύρωση.",
    "l10n.cpnMinUsrHwReqsNotMet": "Ο λογαριασμός που χρησιμοποιείτε και η κάρτα γραφικών που έχετε εγκαταστήσει δεν είναι κατάλληλα για την ενεργοποίηση αυτού του κωδικού.",
    "l10n.rwdMinUsrHwReqsNotMet": "Ο λογαριασμός που χρησιμοποιείτε και η κάρτα γραφικών που έχετε εγκαταστήσει δεν είναι κατάλληλα για την εξαργύρωση.",
    "l10n.cpnMinRegUsrReqsNotMet": "Η περιοχή που βρίσκεστε και ο λογαριασμός που χρησιμοποιείτε δεν είναι κατάλληλα για την ενεργοποίηση αυτού του κωδικού.",
    "l10n.rwdMinRegUsrReqsNotMet": "Η περιοχή που βρίσκεστε και ο λογαριασμός που χρησιμοποιείτε δεν είναι κατάλληλα για την εξαργύρωση.",
    "l10n.cpnMinUsrReqsNotMet": "Ο λογαριασμός που χρησιμοποιείτε δεν είναι κατάλληλος για την ενεργοποίηση αυτού του κωδικού.",
    "l10n.rwdMinUsrReqsNotMet": "Ο λογαριασμός που χρησιμοποιείτε δεν είναι κατάλληλος για την εξαργύρωση.",
    "l10n.perksToBeUnlocked": "Προνόμια που θα ξεκλειδωθούν",
    "l10n.readyToRedeem": "Έτοιμα για εξαργύρωση",
    "l10n.dismiss": "Απόρριψη",
    "l10n.answer": "Απάντηση",
    "l10n.incorrectAnswer": "Λανθασμένη απάντηση. Δοκιμάστε ξανά.",
    "l10n.mathQuestion": "Πολλαπλασιάστε  {{mulA}} x {{mulB}}, και μετά προσθέστε {{add}}, μετά διαιρέστε με {{div}}, μετά αφαιρέστε {{sub}} = ;",
    "l10n.answerMathQuestion": "Όπως απαιτείται από τον καναδικό νόμο, απαντήστε στις ακόλουθες ερωτήσεις δεξιοτήτων σωστά για να κηρυχτείτε νικητής.",
    "l10n.moreItemsAvailable": "Έχετε περισσότερα στοιχεία για εξαργύρωση"
}
