{
    "l10n.rewards": "Нагороди",
    "l10n.expiredRewards": "Нагороди, що минули",
    "l10n.showExpired": "Показати минулі",
    "l10n.unclaimedRewards": "Неотримані нагороди",
    "l10n.claimedRewards": "Отримані нагороди",
    "l10n.noRewards": "У вас нет наград",
    "l10n.terms": "Умови та положення",
    "l10n.agree": "Я приймаю",
    "l10n.expiresOn": "Термін дії закінчується {{date}}",
    "l10n.expiredOn": "Термін дії закінчився {{date}}",
    "l10n.claimedOn": "Отримана",
    "l10n.redeemedOn": "Активований {{date}}",
    "l10n.acceptTerms": "Ви повинні прийняти Умови та положення для отримання цієї нагороди.",
    "l10n.printTerms": "Рекомендується роздрукувати ці умови та положення для довідки",
    "l10n.redeem": "Активувати код",
    "l10n.code": "Код",
    "l10n.viewCode": "Переглянути код",
    "l10n.new": "Новий",
    "l10n.referAFriend": "Порадити другові",
    "l10n.enterCode": "Уведіть код",
    "l10n.owned": "Придбані",
    "l10n.redeemed": "Активований",
    "l10n.expired": "Термін дії закінчився",
    "l10n.redeemCode": "Активувати код",
    "l10n.redemptionHistory": "Історія активації",
    "l10n.codeVerified": "Код підтверджено",
    "l10n.noRedemptionsYet": "Схоже, у вас ще нема активацій",
    "l10n.enterCouponCodeOld": "Введіть код купона, надрукований на вашому купоні або надісланий вам електронною поштою.",
    "l10n.byClickingContinueAgreeToTerms": "Натискаючи «Погасити», я погоджуюсь з <a ng-click=\"redeemReward.onTermsAndConditionsClicked($event)\" class=\"md-accent foreground\">умовами та положеннями</a>",
    "l10n.couponExpired": "Термін дії введеного вами коду купона минув",
    "l10n.checkCodeAndTryAgain": "Неправильний код. Перевірте введений код і спробуйте ще раз..",
    "l10n.couponAlreadyRedeemed": "Введений вами код купона вже активовано",
    "l10n.minReqsNotMet": "Ви не відповідаєте вимогам для активації цього купону.",
    "l10n.minHardwareReqsNotMet": "Ви не відповідаєте вимогам до обладнання для активації даного купону.",
    "l10n.minRegionReqsNotMet": "Ви не відповідаєте вимогам до регіону для активації купона.",
    "l10n.gameCongratulations": "Вітаємо! Тепер у вас є доступ до акції {{packageName}}. Натисніть «Активувати», щоб продовжити",
    "l10n.cannotBeRedeemedYet": "Цей купон поки що не може бути активований.",
    "l10n.couldNotRetrieveRedemptionHistory": "Під час отримання історії активацій виникла проблема. Повторіть спробу пізніше.",
    "l10n.someRedemptionHistoryItemsMissing": "Виникла проблема із завантаженням історії активацій. Деякі елементи можуть бути відсутніми.",
    "l10n.sorryPromotionOver": "Купон неможливо активувати, оскільки акція вже завершилась",
    "l10n.unableToRedeemRewards": "Не вдалося активувати код купона",
    "l10n.unableToAddRewards": "Нагорода не була присвоєна прив'язаному обліковому запису",
    "l10n.unableToViewHistory": "Не вдалося переглянути історію активацій",
    "l10n.unableToProcessRedemption": "Ми не змогли активувати ваші купони через технічні труднощі. Спробуй пізніше",
    "l10n.redeemedAndExpired": "Активовані та прострочені",
    "l10n.noRewardsRedeemedYet": "Ви ще не отримали жодних нагород",
    "l10n.gfeRewards": "Нагороди GeForce Experience",
    "l10n.haveACouponCode": "У вас є код купона?",
    "l10n.refresh": "Оновити",
    "l10n.availableTill": "Доступно до {{date}}",
    "l10n.offlineCheckNetwork": "Ви перебуваєте в автономному режимі. Перевірте підключення до мережі та повторіть спробу.",
    "l10n.unableToReachNvidia": "Наразі немає зв'язку з NVIDIA. Повторіть спробу пізніше.",
    "l10n.trackFutureRedemptions": "Ви можете відстежувати всі подальші активації тут.",
    "l10n.couponRedemption": "Активація купона",
    "l10n.redeemACode": "Активувати код",
    "l10n.redemptionPortal": "Портал активації кодів",
    "l10n.updateToRedeem": "Оновіть драйвер Game Ready для активації",
    "l10n.campaignAlreadyOwned": "Ви вже активували купон {{campaignName}} для вашого ГП.",
    "l10n.couponAlreadyOwned": "Ви вже активували купон за цією кампанією для вашого ГП.",
    "l10n.minHwRegReqsNotMet": "Ви не відповідаєте апаратним та регіональним вимогам для активації даного купону.",
    "l10n.outOfStock": "Введений код купона витрачений і більше не доступний.",
    "l10n.availableNumber": "Доступно ({{number}})",
    "l10n.redeemedNumber": "Активовано ({{number}})",
    "l10n.expiredNumber": "Закінчилося ({{number}})",
    "l10n.alreadyOwnedUser": "Ви вже активували купон для {{campaignName}}.",
    "l10n.alreadyOwnedUserFallback": "Ви вже активували купон для цієї компанії.",
    "l10n.enterCouponCode": "Введіть код купона",
    "l10n.learnMoreAboutCoupons": "Додаткова інформація про купони",
    "l10n.rewardsHwReqNotMet": "Ваше апаратне забезпечення не відповідає вимогам, необхідним для активації купонів.",
    "l10n.rewardsRegionReqNotMet": "Розташування вашого регіону не відповідає вимогам, необхідним для активації купонів.",
    "l10n.rewardsHwAndRegionReqsNotMet": "Розташування вашого регіону та апаратне забезпечення не відповідають вимогам, необхідним для активації купонів.",
    "l10n.rewardsMinReqsNotMet": "Ви не задовольняєте умовам, необхідним для активації купонів.",
    "l10n.whereToFindCoupons": "Де я можу знайти код купона?",
    "l10n.checkCouponRetailer": "Комплект GeForce&reg; RTX: Перевірте наявність квитанції, ел. листи або купона з місця покупки.",
    "l10n.gfeGiveaway": "Роздача GeForce Experience&trade; NVIDIA періодично надсилає безкоштовні ключі на ігри передплатникам розсилки GeForce.",
    "l10n.redemptionIncomplete": "Активація не завершена.",
    "l10n.updatingContent": "Оновлення контенту...",
    "l10n.redeemOffline": "Активація тимчасово недоступна.",
    "l10n.cpnMinRegUsrHwReqsNotMet": "Регіон, обліковий запис та відеокарта не відповідають вимогам для активації цього коду.",
    "l10n.rwdMinRegUsrHwReqsNotMet": "Регіон, обліковий запис та відеокарта не відповідають вимогам активації.",
    "l10n.cpnMinUsrHwReqsNotMet": "Обліковий запис та відеокарта не відповідають вимогам активації даного коду.",
    "l10n.rwdMinUsrHwReqsNotMet": "Обліковий запис та відеокарта не відповідають вимогам активації.",
    "l10n.cpnMinRegUsrReqsNotMet": "Регіон та обліковий запис не відповідають вимогам для активації цього коду.",
    "l10n.rwdMinRegUsrReqsNotMet": "Регіон та обліковий запис не відповідають вимогам для активації.",
    "l10n.cpnMinUsrReqsNotMet": "Обліковий запис не відповідає вимогам для активації цього коду.",
    "l10n.rwdMinUsrReqsNotMet": "Обліковий запис не відповідає вимогам для активації.",
    "l10n.perksToBeUnlocked": "Ще не відкриті бонуси",
    "l10n.readyToRedeem": "Готово до активації",
    "l10n.dismiss": "Скасувати",
    "l10n.answer": "Відповідь",
    "l10n.incorrectAnswer": "Неправильна відповідь. Повторіть спробу.",
    "l10n.mathQuestion": "Помножити {{mulA}} x {{mulB}}, потім додати {{add}}, потім поділити на {{div}}, потім вирахувати {{sub}} = ?",
    "l10n.answerMathQuestion": "Відповідно до вимог канадського законодавства, ви повинні правильно відповісти на наступне питання для оцінки навичок, щоб стати переможцем.",
    "l10n.moreItemsAvailable": "Ви можете отримати більше нагород"
}
