{
    "l10n.rewards": "Premios",
    "l10n.expiredRewards": "Contraseñas caducadas",
    "l10n.showExpired": "Mostrar caducadas",
    "l10n.unclaimedRewards": "Premios no solicitados",
    "l10n.claimedRewards": "Premios solicitados",
    "l10n.noRewards": "No tiene contraseñas",
    "l10n.terms": "Términos y condiciones",
    "l10n.agree": "Estoy de acuerdo",
    "l10n.expiresOn": "Caduca el: {{date}}",
    "l10n.expiredOn": "Caduca el: {{date}}",
    "l10n.claimedOn": "Solicitado el",
    "l10n.redeemedOn": "Canjeado el: {{date}}",
    "l10n.acceptTerms": "Debe aceptar los Términos y condiciones para canjear este premio.",
    "l10n.printTerms": "Tal vez quiera imprimir los términos y condiciones para conservarlos.",
    "l10n.redeem": "Canjear",
    "l10n.code": "Código",
    "l10n.viewCode": "Ver código",
    "l10n.new": "Nuevo",
    "l10n.referAFriend": "Recomendar a un amigo",
    "l10n.enterCode": "Introduzca el código",
    "l10n.owned": "Ya lo tiene",
    "l10n.redeemed": "Canjeado",
    "l10n.expired": "Caducado",
    "l10n.redeemCode": "Código para canjear",
    "l10n.redemptionHistory": "Historial de canjes",
    "l10n.codeVerified": "Código verificado",
    "l10n.noRedemptionsYet": "Parece que aún no ha canjeado ningún código",
    "l10n.enterCouponCodeOld": "Introduzca el código exactamente como aparece en el cupón o correo electrónico recibido.",
    "l10n.byClickingContinueAgreeToTerms": "Al hacer clic en Estoy de acuerdo con las <a ng-click=\"redeemReward.onTermsAndConditionsClicked($event)\" class=\"md-accent foreground\">condiciones</a>",
    "l10n.couponExpired": "El código de cupón introducido ha caducado",
    "l10n.checkCodeAndTryAgain": "Código no válido. Compruebe el código introducido y vuelva a intentarlo.",
    "l10n.couponAlreadyRedeemed": "El código de cupón introducido ya ha sido canjeado",
    "l10n.minReqsNotMet": "No cumple con los requisitos para canjear este cupón.",
    "l10n.minHardwareReqsNotMet": "No cumple el requisito de hardware para canjear este cupón.",
    "l10n.minRegionReqsNotMet": "No cumple el requisito de región para canjear este cupón.",
    "l10n.gameCongratulations": "¡Enhorabuena! Ahora ya tiene acceso a la promoción {{packageName}}. Haga clic en Canjear para continuar",
    "l10n.cannotBeRedeemedYet": "Este cupón aún no puede canjearse.",
    "l10n.couldNotRetrieveRedemptionHistory": "Ha habido un problema al recuperar su historial de canjes. Inténtelo de nuevo más tarde.",
    "l10n.someRedemptionHistoryItemsMissing": "Hubo un problema al recuperar el historial de canjes. Es posible que falten algunos elementos.",
    "l10n.sorryPromotionOver": "El cupón no se puede canjear porque la promoción ya ha finalizado",
    "l10n.unableToRedeemRewards": "No ha sido posible canjear el código de cupón",
    "l10n.unableToAddRewards": "El premio no se ha añadido a mi cuenta enlazada",
    "l10n.unableToViewHistory": "No se puede ver el historial de canjes",
    "l10n.unableToProcessRedemption": "No podemos procesar tu canjeo por dificultades técnicas. Vuelve a intentarlo más tarde",
    "l10n.redeemedAndExpired": "Canjeados y expirados",
    "l10n.noRewardsRedeemedYet": "Aún no ha canjeado ningún premio",
    "l10n.gfeRewards": "Premios GeForce Experience",
    "l10n.haveACouponCode": "¿Tiene un código promocional?",
    "l10n.refresh": "Actualizar",
    "l10n.availableTill": "Disponible hasta {{date}}",
    "l10n.offlineCheckNetwork": "Está desconectado. Compruebe su conexión y vuelva a intentarlo.",
    "l10n.unableToReachNvidia": "Imposible conectar con NVIDIA. Vuelva a intentarlo más tarde.",
    "l10n.trackFutureRedemptions": "Puede realizar un seguimiento de sus canjes futuros aquí.",
    "l10n.couponRedemption": "Canjeo de cupones",
    "l10n.redeemACode": "Canjear un código",
    "l10n.redemptionPortal": "Portal de canjeo",
    "l10n.updateToRedeem": "Actualice su controlador Game Ready para canjear",
    "l10n.campaignAlreadyOwned": "Ya ha canjeado un cupón para  {{campaignName}} en su GPU.",
    "l10n.couponAlreadyOwned": "Ya ha canjeado un cupón para esta campaña en su GPU.",
    "l10n.minHwRegReqsNotMet": "No cumple con los requisitos de hardware y región para canjear este cupón.",
    "l10n.outOfStock": "El código del cupón que ha introducido está fuera de stock y ya no está disponible",
    "l10n.availableNumber": "Disponible ({{number}})",
    "l10n.redeemedNumber": "Canjeado ({{number}})",
    "l10n.expiredNumber": "Caducado ({{number}})",
    "l10n.alreadyOwnedUser": "Ya ha canjeado un cupón para {{campaignName}}.",
    "l10n.alreadyOwnedUserFallback": "Ya ha canjeado un cupón para esta campaña.",
    "l10n.enterCouponCode": "Escribe el código del cupón",
    "l10n.learnMoreAboutCoupons": "Averigua más sobre los cupones",
    "l10n.rewardsHwReqNotMet": "No cumples los requisitos de hardware para canjear.",
    "l10n.rewardsRegionReqNotMet": "No cumples los requisitos de zona para canjear.",
    "l10n.rewardsHwAndRegionReqsNotMet": "No cumples los requisitos de hardware y zona para canjear.",
    "l10n.rewardsMinReqsNotMet": "No cumples los requisitos para canjear.",
    "l10n.whereToFindCoupons": "¿Dónde puedo encontrar el código de mi cupón?",
    "l10n.checkCouponRetailer": "Paquete GeForce&reg; RTX: Comprueba el recibo, correo electrónico o cupón físico del lugar de compra.",
    "l10n.gfeGiveaway": "Regalos GeForce Experience&trade;: NVIDIA envía correos electrónicos periódicamente con códigos para juegos gratuitos a usuarios que optaron por las comunicaciones GeForce.",
    "l10n.redemptionIncomplete": "Canje incompleto.",
    "l10n.updatingContent": "Actualizando contenido...",
    "l10n.redeemOffline": "Canjear está temporalmente sin conexión.",
    "l10n.cpnMinRegUsrHwReqsNotMet": "La región en la que se encuentra, la cuenta que utiliza y la tarjeta gráfica que tiene instalada no cumplen los requisitos para activar este código.",
    "l10n.rwdMinRegUsrHwReqsNotMet": "La región en la que se encuentra, la cuenta que utiliza y la tarjeta gráfica que tiene instalada no cumplen los requisitos para el canje.",
    "l10n.cpnMinUsrHwReqsNotMet": "La cuenta que utiliza y la tarjeta gráfica que tiene instalada no cumplen los requisitos para activar este código.",
    "l10n.rwdMinUsrHwReqsNotMet": "La cuenta que utiliza y la tarjeta gráfica que tiene instalada no cumplen los requisitos para el canje.",
    "l10n.cpnMinRegUsrReqsNotMet": "La región en la que se encuentra y la cuenta que utiliza no cumplen los requisitos para activar este código.",
    "l10n.rwdMinRegUsrReqsNotMet": "La región en la que se encuentra y la cuenta que utiliza no cumplen los requisitos para el canje.",
    "l10n.cpnMinUsrReqsNotMet": "La cuenta que utiliza no cumple los requisitos para activar este código.",
    "l10n.rwdMinUsrReqsNotMet": "La cuenta que utiliza no cumple los requisitos para el canje.",
    "l10n.perksToBeUnlocked": "Ventajas por desbloquear",
    "l10n.readyToRedeem": "Listos para canjear",
    "l10n.dismiss": "Descartar",
    "l10n.answer": "Respuesta",
    "l10n.incorrectAnswer": "Respuesta incorrecta. Inténtalo de nuevo.",
    "l10n.mathQuestion": "Multiplica {{mulA}} x {{mulB}}, luego suma {{add}}, divide entre {{div}}, y luego resta {{sub}} = ?",
    "l10n.answerMathQuestion": "Como se exige según la legislación canadiense, contesta correctamente a la siguiente pregunta de destreza para ser nombrado ganador.",
    "l10n.moreItemsAvailable": "Tiene más elementos disponibles que canjear"
}
