{
    "l10n.rewards": "Recompensas",
    "l10n.expiredRewards": "Recompensas expiradas",
    "l10n.showExpired": "Mostrar expiradas",
    "l10n.unclaimedRewards": "Recompensas no reclamadas",
    "l10n.claimedRewards": "Recompensas reclamadas",
    "l10n.noRewards": "No tiene recompensas.",
    "l10n.terms": "Términos y condiciones",
    "l10n.agree": "Acepto",
    "l10n.expiresOn": "Expira el: {{date}}",
    "l10n.expiredOn": "Expira el: {{date}}",
    "l10n.claimedOn": "Reclamada el",
    "l10n.redeemedOn": "Canjeado el: {{date}}",
    "l10n.acceptTerms": "Debe aceptar nuestros términos y condiciones para canjear esta recompensa.",
    "l10n.printTerms": "Puede imprimir estos términos y condiciones para su información.",
    "l10n.redeem": "Canjear",
    "l10n.code": "Código",
    "l10n.viewCode": "Ver código",
    "l10n.new": "Nuevo",
    "l10n.referAFriend": "Recomendar a un amigo",
    "l10n.enterCode": "Ingresar código",
    "l10n.owned": "Propio",
    "l10n.redeemed": "Canjeado",
    "l10n.expired": "Expirado",
    "l10n.redeemCode": "Canjear código",
    "l10n.redemptionHistory": "Historial de canjes",
    "l10n.codeVerified": "Código verificado",
    "l10n.noRedemptionsYet": "Parece que aún no ha canjeado nada",
    "l10n.enterCouponCodeOld": "Ingrese el código del cupón exactamente como lo ve impreso sobre el cupón o como se lo enviaron por correo electrónico.",
    "l10n.byClickingContinueAgreeToTerms": "Al hacer clic en “Canjear”, acepto los <a ng-click=\"redeemReward.onTermsAndConditionsClicked($event)\" class=\"md-accent foreground\">términos y condiciones</a>",
    "l10n.couponExpired": "El código del cupón que ingresó ha expirado.",
    "l10n.checkCodeAndTryAgain": "Código inválido. Verifique el código que ingresó e intente de nuevo.",
    "l10n.couponAlreadyRedeemed": "El código del cupón que ingresó ya se ha canjeado.",
    "l10n.minReqsNotMet": "No cumple con los requisitos para canjear este cupón.",
    "l10n.minHardwareReqsNotMet": "Usted no cumple con los requisitos relativos al hardware necesarios para canjear este cupón.",
    "l10n.minRegionReqsNotMet": "Usted no cumple con los requisitos relativos a la región necesarios para canjear este cupón.",
    "l10n.gameCongratulations": "¡Felicitaciones! Ahora tiene acceso a la {{packageName}} promoción. Haga clic en Canjear para continuar",
    "l10n.cannotBeRedeemedYet": "Aún no se puede canjear este cupón.",
    "l10n.couldNotRetrieveRedemptionHistory": "Hubo un problema con la recuperación del historial de canjes. Intentar de nuevo más tarde.",
    "l10n.someRedemptionHistoryItemsMissing": "Hubo un problema con la recuperación del historial de canjes. Quizás falten algunos elementos en este momento.",
    "l10n.sorryPromotionOver": "No se puede canjear el cupón porque la promoción ha finalizado.",
    "l10n.unableToRedeemRewards": "No se puede canjear el código del cupón",
    "l10n.unableToAddRewards": "No se agregó la recompensa a mi cuenta vinculada",
    "l10n.unableToViewHistory": "No se puede ver el historial de canje",
    "l10n.unableToProcessRedemption": "No pudimos procesar tu canjeo debido a dificultades técnicas. Vuelve a intentarlo más tarde",
    "l10n.redeemedAndExpired": "Canjeado y vencido",
    "l10n.noRewardsRedeemedYet": "Aún no ha canjeado ningún premio",
    "l10n.gfeRewards": "Premios de GeForce Experience",
    "l10n.haveACouponCode": "¿Tiene un código de cupón?",
    "l10n.refresh": "Actualizar",
    "l10n.availableTill": "Disponible hasta el {{date}}",
    "l10n.offlineCheckNetwork": "No está conectado. Verifique su conexión a la red y vuelva a intentarlo.",
    "l10n.unableToReachNvidia": "No es posible conectarse a NVIDIA en este momento. Vuelva a intentarlo más tarde.",
    "l10n.trackFutureRedemptions": "Puede realizar el seguimiento de sus próximos canjes aquí.",
    "l10n.couponRedemption": "Canje de cupones",
    "l10n.redeemACode": "Canjear un código",
    "l10n.redemptionPortal": "Portal de canjeo",
    "l10n.updateToRedeem": "Actualice su controlador compatible con los juegos para canjear",
    "l10n.campaignAlreadyOwned": "Ya canjeó un cupón para {{campaignName}} en su GPU.",
    "l10n.couponAlreadyOwned": "Ya canjeó un cupón para esta campaña en su GPU.",
    "l10n.minHwRegReqsNotMet": "Usted no cumple con los requisitos relativos al hardware o la región necesarios para canjear este cupón.",
    "l10n.outOfStock": "El código de cupón que ingresó no está en stock y ya no está disponible.",
    "l10n.availableNumber": "Disponibles ({{number}})",
    "l10n.redeemedNumber": "Canjeados ({{number}})",
    "l10n.expiredNumber": "Expirados ({{number}})",
    "l10n.alreadyOwnedUser": "Ya ha canjeado un cupón para {{campaignName}}.",
    "l10n.alreadyOwnedUserFallback": "Ya ha canjeado un cupón para esta campaña.",
    "l10n.enterCouponCode": "Ingrese el código de tu cupón",
    "l10n.learnMoreAboutCoupons": "Aprende más sobre los cupones",
    "l10n.rewardsHwReqNotMet": "No cumples los requisitos de hardware para canjear.",
    "l10n.rewardsRegionReqNotMet": "No cumples los requisitos de región para canjear.",
    "l10n.rewardsHwAndRegionReqsNotMet": "No cumples los requisitos de hardware y región para canjear.",
    "l10n.rewardsMinReqsNotMet": "No cumples los requisitos para canjear.",
    "l10n.whereToFindCoupons": "¿Dónde encuentro el código de mi cupón?",
    "l10n.checkCouponRetailer": "Paquete GeForce&reg; RTX: Comprueba el recibo, el correo electrónico o el cupón físico del lugar de compra.",
    "l10n.gfeGiveaway": "Regalos GeForce Experience&trade;: NVIDIA envía periódicamente correos electrónicos con códigos para juegos gratuitos a usuarios que optan por las comunicaciones GeForce.",
    "l10n.redemptionIncomplete": "Canje incompleto.",
    "l10n.updatingContent": "Actualizando configuraciones...",
    "l10n.redeemOffline": "La opción Canjear se encuentra temporalmente desconectada.",
    "l10n.cpnMinRegUsrHwReqsNotMet": "La región en la que se encuentra, la cuenta que utiliza y la tarjeta de gráficos que ha instalado no reúnen los requisitos para activar este código.",
    "l10n.rwdMinRegUsrHwReqsNotMet": "La región en la que se encuentra, la cuenta que utiliza y la tarjeta de gráficos que ha instalado no reúnen los requisitos para canjear.",
    "l10n.cpnMinUsrHwReqsNotMet": "La cuenta que utiliza y la tarjeta de gráficos que ha instalado no reúnen los requisitos para activar este código.",
    "l10n.rwdMinUsrHwReqsNotMet": "La cuenta que utiliza y la tarjeta de gráficos que ha instalado no reúnen los requisitos para canjear.",
    "l10n.cpnMinRegUsrReqsNotMet": "La región en la que se encuentra y la cuenta que utiliza no reúnen los requisitos para activar este código.",
    "l10n.rwdMinRegUsrReqsNotMet": "La región en la que se encuentra y la cuenta que utiliza no reúnen los requisitos para canjear.",
    "l10n.cpnMinUsrReqsNotMet": "La cuenta que utiliza no reúne los requisitos para activar este código.",
    "l10n.rwdMinUsrReqsNotMet": "La cuenta que utiliza no reúne los requisitos para canjear.",
    "l10n.perksToBeUnlocked": "Gratificaciones a desbloquear",
    "l10n.readyToRedeem": "Listo para canjear",
    "l10n.dismiss": "Descartar",
    "l10n.answer": "Respuesta",
    "l10n.incorrectAnswer": "Respuesta incorrecta. Inténtelo de nuevo.",
    "l10n.mathQuestion": "Multiplique {{mulA}} x {{mulB}}, luego sume {{add}}, después divida por {{div}} y reste {{sub}} = ?",
    "l10n.answerMathQuestion": "Según lo exigen las leyes canadienses, responda correctamente la siguiente pregunta de evaluación de habilidades para declararlo ganador.",
    "l10n.moreItemsAvailable": "Tiene más elementos disponibles para canjear"
}
