{
    "l10n.rewards": "Palkinnot",
    "l10n.expiredRewards": "Vanhentuneet palkinnot",
    "l10n.showExpired": "Näytä vanhentuneet",
    "l10n.unclaimedRewards": "Hakemattomat palkinnot",
    "l10n.claimedRewards": "Haetut palkinnot",
    "l10n.noRewards": "Sinulla ei ole palkintoja.",
    "l10n.terms": "Käyttöehdot",
    "l10n.agree": "Hyväksyn",
    "l10n.expiresOn": "Vanhenee: {{date}}",
    "l10n.expiredOn": "Vanhentunut: {{date}}",
    "l10n.claimedOn": "Haettu",
    "l10n.redeemedOn": "Lunastettu {{date}}",
    "l10n.acceptTerms": "Sinun on hyväksyttävä käyttöehdot, jotta voit hakea tämän palkinnon.",
    "l10n.printTerms": "Sinun kannattaa ehkä tulostaa nämä käyttöehdot.",
    "l10n.redeem": "Lunasta",
    "l10n.code": "Koodi",
    "l10n.viewCode": "Näytä koodi",
    "l10n.new": "Uusi",
    "l10n.referAFriend": "Lähetä ystävä",
    "l10n.enterCode": "Syötä koodi",
    "l10n.owned": "Omistaja",
    "l10n.redeemed": "Lunastettu",
    "l10n.expired": "Vanhentuneet",
    "l10n.redeemCode": "Lunastamiskoodi",
    "l10n.redemptionHistory": "Lunastamishistoria",
    "l10n.codeVerified": "Koodi vahvistettu",
    "l10n.noRedemptionsYet": "Näyttäisi, että sinulle ei ole vielä lunastuksia",
    "l10n.enterCouponCodeOld": "Anna kuponkikoodi tarkasti sellaisena kuin se on tulostettuna tai lähetetty sähköpostilla sinulle.",
    "l10n.byClickingContinueAgreeToTerms": "Lunastusta klikkaamalla hyväksyn <a ng-click=\"redeemReward.onTermsAndConditionsClicked($event)\" class=\"md-accent foreground\">käyttöehdot</a>",
    "l10n.couponExpired": "Syöttämäsi kuponkikoodi on vanhentunut",
    "l10n.checkCodeAndTryAgain": "Koodi ei kelpaa. Tarkista syöttämäsi koodi ja yritä uudestaan.",
    "l10n.couponAlreadyRedeemed": "Syöttämäsi kuponkikoodi on jo lunastettu",
    "l10n.minReqsNotMet": "Et täytä kuponkiin tarvittavia vaatimuksia.",
    "l10n.minHardwareReqsNotMet": "Et täytä laitteistovaatimusta tämän kupongin lunastamiseksi.",
    "l10n.minRegionReqsNotMet": "Et täytä aluevaatimusta tämän kupongin lunastamiseksi.",
    "l10n.gameCongratulations": "Onneksi olkoon! Voit nyt käyttää tarjousta {{packageName}}. Jatka napsauttamalla lunastusta.",
    "l10n.cannotBeRedeemedYet": "Kuponkia ei voida vielä lunastaa.",
    "l10n.couldNotRetrieveRedemptionHistory": "Ongelma lunastushistorian noutamisessa. Yritä myöhemmin uudelleen.",
    "l10n.someRedemptionHistoryItemsMissing": "Lunastushistorian noudossa oli ongelma. Jotkut kohteet saattavat puuttua tällä hetkellä.",
    "l10n.sorryPromotionOver": "Kuponkia ei voi lunastaa, koska tarjous on päättynyt.",
    "l10n.unableToRedeemRewards": "Kuponkikoodin lunastaminen epäonnistui",
    "l10n.unableToAddRewards": "Palkkiota ei lisätty linkitetylle tilille",
    "l10n.unableToViewHistory": "Lunastamishistoria katselu epäonnistui",
    "l10n.unableToProcessRedemption": "Lunastaminen ei onnistunut teknisten vaikeuksien vuoksi. Yritä myöhemmin uudelleen",
    "l10n.redeemedAndExpired": "Lunastettu & vanhentunut",
    "l10n.noRewardsRedeemedYet": "Et ole vielä lunastanut palkintoja",
    "l10n.gfeRewards": "GeForce Experience -palkinnot",
    "l10n.haveACouponCode": "Onko sinulla kuponkikoodi?",
    "l10n.refresh": "Virkistä",
    "l10n.availableTill": "Käytettävissä {{date}} asti",
    "l10n.offlineCheckNetwork": "Olet offline. Tarkista verkkoyhteys ja yritä uudelleen.",
    "l10n.unableToReachNvidia": "Ei saa yhteyttä NVIDIAan tällä hetkellä. Yritä myöhemmin uudelleen",
    "l10n.trackFutureRedemptions": "Voit seurata tulevia lunastuksiasi tässä.",
    "l10n.couponRedemption": "Kupongin lunastus",
    "l10n.redeemACode": "Lunasta koodi",
    "l10n.redemptionPortal": "Lunastusportaali",
    "l10n.updateToRedeem": "Päivitä lunastettava pelivalmis ohjain",
    "l10n.campaignAlreadyOwned": "Olet jo lunastanut kupongin kampanjalle {{campaignName}} grafiikkasuorittimellasi.",
    "l10n.couponAlreadyOwned": "Olet jo lunastanut kupongin tälle kampanjalle grafiikkasuorittimellasi.",
    "l10n.minHwRegReqsNotMet": "Et täytä laitteisto- ja aluevaatimuksia tämän kupongin lunastamiseksi.",
    "l10n.outOfStock": "Syöttämäsi kuponkikoodi on loppuunmyyty, eikä se ole enää saatavilla.",
    "l10n.availableNumber": "Saatavilla ({{number}})",
    "l10n.redeemedNumber": "Lunastettu ({{number}})",
    "l10n.expiredNumber": "Vanhentunut ({{number}})",
    "l10n.alreadyOwnedUser": "Olet jo lunastanut kupongin kampanjasta {{campaignName}}.",
    "l10n.alreadyOwnedUserFallback": "Olet jo lunastanut kupongin tästä kampanjasta.",
    "l10n.enterCouponCode": "Kirjoita kupongin koodi",
    "l10n.learnMoreAboutCoupons": "Lue lisää kupongeista",
    "l10n.rewardsHwReqNotMet": "Et täytä lunastuksen laitteistoedellytyksiä.",
    "l10n.rewardsRegionReqNotMet": "Et täytä lunastuksen alue-edellytyksiä.",
    "l10n.rewardsHwAndRegionReqsNotMet": "Et täytä lunastuksen alue- etkä laitteistoedellytyksiä.",
    "l10n.rewardsMinReqsNotMet": "Et täytä lunastuksen edellytyksiä.",
    "l10n.whereToFindCoupons": "Mistä löydän kuponkikoodini?",
    "l10n.checkCouponRetailer": "GeForce&reg; RTX-paketti: Pyydä jälleenmyyjältä kuitti, sähköposti tai kuponki.",
    "l10n.gfeGiveaway": "GeForce Experience&trade; Lahja: NVIDIA lähettää ajoittain sähköpostilla ilmaisia pelikoodeja käyttäjille, jotka haluavat vastaanottaa GeForcen tiedotteita.",
    "l10n.redemptionIncomplete": "Lunastus epätäydellinen.",
    "l10n.updatingContent": "Päivittää sisältöä...",
    "l10n.redeemOffline": "Lunastus on väliaikaisesti pois käytöstä.",
    "l10n.cpnMinRegUsrHwReqsNotMet": "Käyttöalue, käyttämäsi tili ja asennettu grafiikkakortti eivät kaikki ole oikeutettuja aktivoimaan tätä koodia.",
    "l10n.rwdMinRegUsrHwReqsNotMet": "Käyttöalue, käyttämäsi tili ja asennettu grafiikkakortti eivät kaikki ole oikeutettuja lunastamaan.",
    "l10n.cpnMinUsrHwReqsNotMet": "Käyttämäsi tili ja asennettu grafiikkakortti eivät ole oikeutettuja aktivoimaan tätä koodia.",
    "l10n.rwdMinUsrHwReqsNotMet": "Käyttämäsi tili ja asennettu grafiikkakortti eivät ole oikeutettuja lunastamaan.",
    "l10n.cpnMinRegUsrReqsNotMet": "Käyttöalue ja käyttämäsi tili eivät ole oikeutettuja aktivoimaan tätä koodia.",
    "l10n.rwdMinRegUsrReqsNotMet": "Käyttöalue ja käyttämäsi tili eivät ole oikeutettuja lunastamaan.",
    "l10n.cpnMinUsrReqsNotMet": "Käyttämäsi tili ei ole oikeutettu aktivoimaan tätä koodia.",
    "l10n.rwdMinUsrReqsNotMet": "Käyttämäsi tili ei ole oikeutettu lunastamaan.",
    "l10n.perksToBeUnlocked": "Avattavat kannusteet",
    "l10n.readyToRedeem": "Valmis lunastettavaksi",
    "l10n.dismiss": "Ohita",
    "l10n.answer": "Vastaa",
    "l10n.incorrectAnswer": "Väärä vastaus. Yritä uudelleen.",
    "l10n.mathQuestion": "Kerro {{mulA}} x {{mulB}}, lisää sitten {{add}}, jaa sitten luvulla {{div}}, vähennä sitten {{sub}} = ?",
    "l10n.answerMathQuestion": "Kanadan lain vaatimusten mukaisesti vastaa seuraavaan taitotestauskysymykseen oikein päästäksesi julistetuksi voittajaksi.",
    "l10n.moreItemsAvailable": "Voit lunastaa lisää kohteita"
}
