{
    "l10n.rewards": "Récompenses",
    "l10n.expiredRewards": "Récompenses expirées",
    "l10n.showExpired": "Afficher les expirations",
    "l10n.unclaimedRewards": "Récompenses non réclamées",
    "l10n.claimedRewards": "Récompenses réclamées",
    "l10n.noRewards": "Vous n'avez pas de récompenses.",
    "l10n.terms": "Termes et conditions",
    "l10n.agree": "J'accepte",
    "l10n.expiresOn": "Expire le : {{date}}",
    "l10n.expiredOn": "A expiré le : {{date}}",
    "l10n.claimedOn": "Réclamée le",
    "l10n.redeemedOn": "Échangé le : {{date}}",
    "l10n.acceptTerms": "Vous devez accepter les termes et conditions pour pouvoir échanger cette récompense.",
    "l10n.printTerms": "Vous pouvez imprimer ces termes et conditions pour vos dossiers.",
    "l10n.redeem": "Échanger",
    "l10n.code": "Code",
    "l10n.viewCode": "Afficher le code",
    "l10n.new": "Nouveau",
    "l10n.referAFriend": "Parrainer un ami",
    "l10n.enterCode": "Entrer le code",
    "l10n.owned": "Détenu",
    "l10n.redeemed": "Échangé",
    "l10n.expired": "Expiré",
    "l10n.redeemCode": "Échanger le code",
    "l10n.redemptionHistory": "Historique d'échange",
    "l10n.codeVerified": "Code vérifié",
    "l10n.noRedemptionsYet": "On dirait que vous n'avez pas encore fait d'échange",
    "l10n.enterCouponCodeOld": "Entrez le code du coupon exactement tel qu'il est imprimé sur le coupon ou écrit dans l'e-mail qui vous a été envoyé.",
    "l10n.byClickingContinueAgreeToTerms": "En cliquant sur Échanger, j'accepte les <a ng-click=\"redeemReward.onTermsAndConditionsClicked($event)\" class=\"md-accent foreground\">conditions générales d'utilisation</a>",
    "l10n.couponExpired": "Le code du coupon que vous avez entré a expiré",
    "l10n.checkCodeAndTryAgain": "Code incorrect. Vérifiez le code que vous avez entré et réessayez.",
    "l10n.couponAlreadyRedeemed": "Le code du coupon que vous avez entré a déjà été échangé",
    "l10n.minReqsNotMet": "Vous ne remplissez pas les conditions pour valider ce coupon.",
    "l10n.minHardwareReqsNotMet": "Votre configuration matérielle ne remplit pas les conditions nécessaires pour pouvoir échanger le coupon.",
    "l10n.minRegionReqsNotMet": "Votre région de résidence ne remplit pas les conditions nécessaires pour pouvoir échanger le coupon.",
    "l10n.gameCongratulations": "Félicitations ! Vous avez désormais accès à la promotion {{packageName}}. Cliquez sur « Échanger » pour continuer",
    "l10n.cannotBeRedeemedYet": "Ce coupon ne peut pas encore être échangé.",
    "l10n.couldNotRetrieveRedemptionHistory": "Un problème est survenu lors de la récupération de votre historique d'échange. Veuillez réessayer ultérieurement.",
    "l10n.someRedemptionHistoryItemsMissing": "Un problème s'est produit lors de la récupération de votre historique d'échange. Certains éléments peuvent être absents pour le moment.",
    "l10n.sorryPromotionOver": "Le coupon ne peut pas être échangé car la promotion a pris fin",
    "l10n.unableToRedeemRewards": "Impossible d'échanger le code du coupon",
    "l10n.unableToAddRewards": "La récompense n'a pas été ajoutée à mon compte lié",
    "l10n.unableToViewHistory": "Impossible d'afficher l'historique des échanges",
    "l10n.unableToProcessRedemption": "Nous n'avons pas été en mesure de traiter votre échange suite à un problème technique. Veuillez essayer plus tard",
    "l10n.redeemedAndExpired": "Échangés et expirés",
    "l10n.noRewardsRedeemedYet": "Vous n'avez pas encore échangé aucune récompense",
    "l10n.gfeRewards": "Récompenses GeForce Experience",
    "l10n.haveACouponCode": "Vous avez un coupon avec un code ?",
    "l10n.refresh": "Actualiser",
    "l10n.availableTill": "Disponible jusqu'au {{date}}",
    "l10n.offlineCheckNetwork": "Vous êtes déconnecté. Vérifiez votre connexion à Internet et réessayez.",
    "l10n.unableToReachNvidia": "Impossible de contacter NVIDIA pour le moment. Réessayez ultérieurement.",
    "l10n.trackFutureRedemptions": "Vos échanges de coupons seront listés ici.",
    "l10n.couponRedemption": "Échange du coupon",
    "l10n.redeemACode": "Échanger un code",
    "l10n.redemptionPortal": "Portail d'échange",
    "l10n.updateToRedeem": "Mettez votre pilote Game Ready à jour pour valider votre code",
    "l10n.campaignAlreadyOwned": "Vous avez déjà validé un coupon {{campaignName}} correspondant à votre processeur graphique.",
    "l10n.couponAlreadyOwned": "Vous avez déjà validé un coupon correspondant à votre processeur graphique pour cette campagne.",
    "l10n.minHwRegReqsNotMet": "Votre configuration matérielle et votre localisation géographique ne vous permettent pas de valider ce coupon.",
    "l10n.outOfStock": "Le code de coupon que vous avez saisi est en rupture de stock.",
    "l10n.availableNumber": "Disponible(s) ({{number}})",
    "l10n.redeemedNumber": "Échangé(s) ({{number}})",
    "l10n.expiredNumber": "Expiré(s) ({{number}})",
    "l10n.alreadyOwnedUser": "Vous avez déjà validé un coupon pour {{campaignName}}.",
    "l10n.alreadyOwnedUserFallback": "Vous avez déjà validé un coupon pour cette campagne.",
    "l10n.enterCouponCode": "Entrez votre code de coupon",
    "l10n.learnMoreAboutCoupons": "En savoir plus sur les coupons",
    "l10n.rewardsHwReqNotMet": "Vous ne répondez pas aux exigences matérielles pour échanger.",
    "l10n.rewardsRegionReqNotMet": "Vous ne répondez pas aux exigences de régions pour échanger.",
    "l10n.rewardsHwAndRegionReqsNotMet": "Vous ne répondez pas aux exigences matérielles et de régions pour échanger.",
    "l10n.rewardsMinReqsNotMet": "Vous ne répondez pas aux exigences pour échanger.",
    "l10n.whereToFindCoupons": "Où puis-je trouver mon code coupon ?",
    "l10n.checkCouponRetailer": "Offre groupée GeForce&reg; RTX : Vérifiez le reçu, l'e-mail, ou le coupon du lieu d'achat.",
    "l10n.gfeGiveaway": "GeForce Experience&trade; cadeau : NVIDIA envoie périodiquement des codes de jeux gratuits par e-mail aux utilisateurs qui ont consenti à recevoir des communications de GeForce.",
    "l10n.redemptionIncomplete": "Validation interrompue.",
    "l10n.updatingContent": "Mise à jour du contenu...",
    "l10n.redeemOffline": "La validation est actuellement hors ligne.",
    "l10n.cpnMinRegUsrHwReqsNotMet": "La région dans laquelle vous vous trouvez, le compte que vous utilisez et la carte graphique dont vous disposez ne sont pas éligibles pour l'activation de ce code.",
    "l10n.rwdMinRegUsrHwReqsNotMet": "La région dans laquelle vous vous trouvez, le compte que vous utilisez et la carte graphique dont vous disposez ne sont pas éligibles pour l'échange du coupon ou de la récompense.",
    "l10n.cpnMinUsrHwReqsNotMet": "Le compte que vous utilisez et la carte graphique dont vous disposez ne sont pas éligibles pour l'activation de ce code.",
    "l10n.rwdMinUsrHwReqsNotMet": "Le compte que vous utilisez et la carte graphique dont vous disposez ne sont pas éligibles pour l'échange du coupon ou de la récompense.",
    "l10n.cpnMinRegUsrReqsNotMet": "La région dans laquelle vous vous trouvez et le compte que vous utilisez ne sont pas éligibles pour l'activation de ce code.",
    "l10n.rwdMinRegUsrReqsNotMet": "La région dans laquelle vous vous trouvez et le compte que vous utilisez ne sont pas éligibles pour l'échange du coupon ou de la récompense.",
    "l10n.cpnMinUsrReqsNotMet": "Le compte que vous utilisez n'est pas éligible pour l'activation de ce code.",
    "l10n.rwdMinUsrReqsNotMet": "Le compte que vous utilisez n'est pas éligible pour l'échange du coupon ou de la récompense.",
    "l10n.perksToBeUnlocked": "Avantages à déverrouiller",
    "l10n.readyToRedeem": "Prêt à échanger",
    "l10n.dismiss": "Rejeter",
    "l10n.answer": "Réponse",
    "l10n.incorrectAnswer": "Réponse incorrecte. Réessayez.",
    "l10n.mathQuestion": "Multipliez {{mulA}} x {{mulB}}, puis ajoutez {{add}}, puis divisez par {{div}}, puis soustrayez {{sub}} = ?",
    "l10n.answerMathQuestion": "Comme la loi canadienne nous l'impose, nous vous demandons de répondre à une question pour être déclaré gagnant.",
    "l10n.moreItemsAvailable": "D'autres articles peuvent être obtenus"
}
