{
    "l10n.rewards": "Jutalmak",
    "l10n.expiredRewards": "Lejárt jutalmak",
    "l10n.showExpired": "Lejártak mutatása",
    "l10n.unclaimedRewards": "Nem igényelt jutalmak",
    "l10n.claimedRewards": "Igényelt jutalmak",
    "l10n.noRewards": "Nincsenek jutalmai.",
    "l10n.terms": "Feltételek",
    "l10n.agree": "Elfogadom",
    "l10n.expiresOn": "Lejárat: {{date}}",
    "l10n.expiredOn": "Lejárt: {{date}}",
    "l10n.claimedOn": "Igényelve ekkor:",
    "l10n.redeemedOn": "Beváltva: {{date}}",
    "l10n.acceptTerms": "A jutalom beváltásához el kell fogadnia a Feltételeket.",
    "l10n.printTerms": "Ezeket a feltételeket ki is nyomtathatja.",
    "l10n.redeem": "Beváltás",
    "l10n.code": "Kód",
    "l10n.viewCode": "Kód megtekintése",
    "l10n.new": "Új",
    "l10n.referAFriend": "Ismerős ajánlása",
    "l10n.enterCode": "Kód megadása",
    "l10n.owned": "Megvan",
    "l10n.redeemed": "Beváltva",
    "l10n.expired": "Lejárt",
    "l10n.redeemCode": "Beváltási kód",
    "l10n.redemptionHistory": "Beváltási előzmények",
    "l10n.codeVerified": "Kód ellenőrizve",
    "l10n.noRedemptionsYet": "Úgy tűnik, még nincs beváltása",
    "l10n.enterCouponCodeOld": "Adja meg a kuponkódot pontosan úgy, ahogyan az a kuponon vagy az e-mailben szerepel.",
    "l10n.byClickingContinueAgreeToTerms": "A Beváltás gombra kattintva elfogadom a <a ng-click=\"redeemReward.onTermsAndConditionsClicked($event)\" class=\"md-accent foreground\">feltételeit</a>",
    "l10n.couponExpired": "A megadott kuponkód már lejárt",
    "l10n.checkCodeAndTryAgain": "Érvénytelen kód. Ellenőrizze a megadott kódot, majd próbálja meg újra.",
    "l10n.couponAlreadyRedeemed": "A megadott kuponkódot már beváltották",
    "l10n.minReqsNotMet": "Nem felel meg a követelményeknek, hogy beváltsa ezt a kupont.",
    "l10n.minHardwareReqsNotMet": "Nem felel meg a szükséges hardverkövetelményeknek a kupon beváltásához.",
    "l10n.minRegionReqsNotMet": "Nem felel meg a szükséges régiókövetelményeknek a kupon beváltásához.",
    "l10n.gameCongratulations": "Gratulálunk! Mostantól hozzáfér a következő promócióhoz: {{packageName}}. A folytatáshoz kattintson a Beváltás gombra",
    "l10n.cannotBeRedeemedYet": "Ez a kupon még nem váltható be.",
    "l10n.couldNotRetrieveRedemptionHistory": "Probléma történt a beváltási előzmények lekérésekor. Próbálja meg később.",
    "l10n.someRedemptionHistoryItemsMissing": "Probléma történt a beváltási előzmények lekérésekor. Lehet, hogy ezúttal néhány elem hiányzik.",
    "l10n.sorryPromotionOver": "A kupon nem váltható be, mert a promóció már véget ért.",
    "l10n.unableToRedeemRewards": "A kuponkód nem váltható be",
    "l10n.unableToAddRewards": "A jutalmat nem adták hozzá a csatlakoztatott fiókomhoz",
    "l10n.unableToViewHistory": "A beváltási előzmények nem tekinthetők meg",
    "l10n.unableToProcessRedemption": "Technikai okok miatt az Ön beváltását nem tudtuk feldologozni. Próbálja újra Később",
    "l10n.redeemedAndExpired": "Beváltott és lejárt",
    "l10n.noRewardsRedeemedYet": "Még nem váltott be egy jutalmat sem",
    "l10n.gfeRewards": "GeForce Experience-jutalmak",
    "l10n.haveACouponCode": "Van kuponkódja?",
    "l10n.refresh": "Frissítés",
    "l10n.availableTill": "Elérhető eddig: {{date}}",
    "l10n.offlineCheckNetwork": "Ön offline. Ellenőrizze a hálózati kapcsolatot, és próbálja meg újra.",
    "l10n.unableToReachNvidia": "Az NVIDIA jelenleg nem érhető el. Próbálja meg később.",
    "l10n.trackFutureRedemptions": "Itt követheti nyomon jövőbeli beváltásait.",
    "l10n.couponRedemption": "Kuponbeváltás",
    "l10n.redeemACode": "Kódot beváltani",
    "l10n.redemptionPortal": "Beváltási portál",
    "l10n.updateToRedeem": "A beváltáshoz frissítse Game Ready illesztőprogramjait",
    "l10n.campaignAlreadyOwned": "A(z) {{campaignName}} kampányhoz már beváltott egy kupont a GPU-ján.",
    "l10n.couponAlreadyOwned": "Ehhez a kampányhoz már beváltott egy kupont a GPU-ján.",
    "l10n.minHwRegReqsNotMet": "Ennek a kuponnak a beváltáshoz nem felel meg a hardver- és régiókövetelményeknek.",
    "l10n.outOfStock": "A megadott kódú kupon elfogyott, és már nem érhető el.",
    "l10n.availableNumber": "Elérhető ({{number}})",
    "l10n.redeemedNumber": "Beváltva ({{number}})",
    "l10n.expiredNumber": "Lejárt ({{number}})",
    "l10n.alreadyOwnedUser": "Már beváltott egy kupont a/az {{campaignName}} kampányhoz.",
    "l10n.alreadyOwnedUserFallback": "Már beváltott egy kupont ehhez a kampányhoz.",
    "l10n.enterCouponCode": "A kupon kódot adja meg",
    "l10n.learnMoreAboutCoupons": "Kuponokról értesüljön",
    "l10n.rewardsHwReqNotMet": "Ön nem felel meg a beváltásra való hardver feltételeknek",
    "l10n.rewardsRegionReqNotMet": "Ön nem felel meg a beváltásra való regionális feltételeknek",
    "l10n.rewardsHwAndRegionReqsNotMet": "Ön nem felel meg a beváltásra való hardver és regionális feltételeknek",
    "l10n.rewardsMinReqsNotMet": "Ön nem felel meg a beváltásra való feltételeknek",
    "l10n.whereToFindCoupons": "Hol találhatom meg a kupon kódomat?",
    "l10n.checkCouponRetailer": "GeForce&reg; RTX Csomag: Ellenőrizze a vásárlási helyen kapott nyugtát, emailt vagy papír kupont.",
    "l10n.gfeGiveaway": "GeForce Experience&trade; Ajándék: Az NVIDIA időnként emailben küld ingyenes játék kódokat azoknak a felhasználóknak akik jóváhagyják a GeForce érintkezéseket.",
    "l10n.redemptionIncomplete": "A beváltás nincs befejezve.",
    "l10n.updatingContent": "Tartalom frissítése...",
    "l10n.redeemOffline": "A beváltás átmenetileg offline.",
    "l10n.cpnMinRegUsrHwReqsNotMet": "Sem a régió, sem a használt fiók, sem a telepített grafikus kártya nem megfelelő ennek a kódnak az aktiválásához.",
    "l10n.rwdMinRegUsrHwReqsNotMet": "Sem a régió, sem a használt fiók, sem a telepített grafikus kártya nem megfelelő a beváltáshoz.",
    "l10n.cpnMinUsrHwReqsNotMet": "Sem a használt fiók, sem a telepített grafikus kártya nem megfelelő ennek a kódnak az aktiválásához.",
    "l10n.rwdMinUsrHwReqsNotMet": "Sem a használt fiók, sem a telepített grafikus kártya nem megfelelő a beváltáshoz.",
    "l10n.cpnMinRegUsrReqsNotMet": "Sem a régió, sem a használt fiók nem megfelelő ennek a kódnak az aktiválásához.",
    "l10n.rwdMinRegUsrReqsNotMet": "Sem a régió, sem a használt fiók nem megfelelő a beváltáshoz.",
    "l10n.cpnMinUsrReqsNotMet": "A használt fiók nem megfelelő ennek a kódnak az aktiválásához.",
    "l10n.rwdMinUsrReqsNotMet": "A használt fiók nem megfelelő a beváltáshoz.",
    "l10n.perksToBeUnlocked": "Megszerezhető bónuszok",
    "l10n.readyToRedeem": "Beváltásra kész",
    "l10n.dismiss": "Elvetés",
    "l10n.answer": "Válasz",
    "l10n.incorrectAnswer": "Helytelen válasz. Próbáld meg újra.",
    "l10n.mathQuestion": "Szorozd össze a következőt: {{mulA}} x {{mulB}}, majd add hozzá ezt: {{add}}, majd oszd el ezzel: {{div}}, majd vond le ezt: {{sub}} = ?",
    "l10n.answerMathQuestion": "A kanadai törvények értelmében helyesen kell válaszolnod a következő készségtesztre, hogy nyertes lehess.",
    "l10n.moreItemsAvailable": "Több beváltható tételed is van"
}
