{
    "l10n.rewards": "報酬",
    "l10n.expiredRewards": "期限切れの報酬",
    "l10n.showExpired": "期限切れを表示",
    "l10n.unclaimedRewards": "未請求の報酬",
    "l10n.claimedRewards": "請求済みの報酬",
    "l10n.noRewards": "報酬はありません。",
    "l10n.terms": "使用条件",
    "l10n.agree": "同意する",
    "l10n.expiresOn": "期間満了日：{{date}}",
    "l10n.expiredOn": "期間満了日：{{date}}",
    "l10n.claimedOn": "請求日：",
    "l10n.redeemedOn": "引き換え日：{{date}}",
    "l10n.acceptTerms": "この報酬を引き換えるためには使用条件に同意しなければなりません。",
    "l10n.printTerms": "お客様の記録用に使用条件を印刷することもできます。",
    "l10n.redeem": "引き換え",
    "l10n.code": "コード",
    "l10n.viewCode": "コードの表示",
    "l10n.new": "新規",
    "l10n.referAFriend": "友人を紹介",
    "l10n.enterCode": "コードの入力",
    "l10n.owned": "所有",
    "l10n.redeemed": "引き換え済み",
    "l10n.expired": "期間満了",
    "l10n.redeemCode": "コードを引き換え",
    "l10n.redemptionHistory": "換金履歴",
    "l10n.codeVerified": "確認済コード",
    "l10n.noRedemptionsYet": "お客様はまだ換金されていないようです",
    "l10n.enterCouponCodeOld": "クーポンに印刷またはメールに記載のクーポンコードを正確に入力してください。",
    "l10n.byClickingContinueAgreeToTerms": "引き換えをクリックして、利用条件<a ng-click=\"redeemReward.onTermsAndConditionsClicked($event)\" class=\"md-accent foreground\">に同意します</a>",
    "l10n.couponExpired": "入力されたクーポンコードの期限が切れています",
    "l10n.checkCodeAndTryAgain": "無効なコードです。入力されたコードを確認して、もう一度やり直してください。",
    "l10n.couponAlreadyRedeemed": "入力されたクーポンコードはすでに引き換えられています",
    "l10n.minReqsNotMet": "このクーポンを引き換えるための要件を満たしていません。",
    "l10n.minHardwareReqsNotMet": "お客様はこのクーポンを引き換えるためのハードウェア要件を満たしていません。",
    "l10n.minRegionReqsNotMet": "お客様はこのクーポンを引き換えるためのリージョン要件を満たしていません。",
    "l10n.gameCongratulations": "おめでとうございます！{{packageName}}プロモーションにアクセスできます。引き換えをクリックして続行します。",
    "l10n.cannotBeRedeemedYet": "このクーポンはまだ引き換えることができません。",
    "l10n.couldNotRetrieveRedemptionHistory": "換金履歴の取得に問題があります。後でもう一度やり直してください。",
    "l10n.someRedemptionHistoryItemsMissing": "換金履歴の取得に問題があります。今回はいくつかのアイテムが抜けている場合があります。",
    "l10n.sorryPromotionOver": "プロモーションが終了しているためクーポンを引き換えることができません。",
    "l10n.unableToRedeemRewards": "クーポンコードを引き換えることができません",
    "l10n.unableToAddRewards": "報酬はリンク済みアカウントに追加されませんでした",
    "l10n.unableToViewHistory": "償還履歴を表示できません",
    "l10n.unableToProcessRedemption": "技術的問題のため換金処理ができません。しばらくたってからもう一度やり直してください",
    "l10n.redeemedAndExpired": "引き換え済み & 期限切れ",
    "l10n.noRewardsRedeemedYet": "お客様は報酬をまだ引き換えられていません",
    "l10n.gfeRewards": "GeForce Experience の報酬",
    "l10n.haveACouponCode": "クーポンコードはお持ちですか？",
    "l10n.refresh": "リフレッシュ",
    "l10n.availableTill": "{{date}} まで有効",
    "l10n.offlineCheckNetwork": "オフライン状態です。ネットワーク接続を確認してから再試行してください。",
    "l10n.unableToReachNvidia": "現在 NVIDIA に接続できません。後で再試行してください",
    "l10n.trackFutureRedemptions": "こちらで、お客様の今後の換金を追跡できます。",
    "l10n.couponRedemption": "クーポンの換金",
    "l10n.redeemACode": "コードを引き換え",
    "l10n.redemptionPortal": "換金ポータル",
    "l10n.updateToRedeem": "Game Ready ドライバーを更新して引き換える",
    "l10n.campaignAlreadyOwned": "お客様の GPU で {{campaignName}} のクーポンをすでに引き換えられています。",
    "l10n.couponAlreadyOwned": "お客様の GPU でこのキャンペーンのクーポンをすでに引き換えられています。",
    "l10n.minHwRegReqsNotMet": "このクーポンを引き換えるためのハードウェアとリージョン要件を満たしていません。",
    "l10n.outOfStock": "入力されたクーポン コードは限定数に達したため、ご利用いただけなくなりました。",
    "l10n.availableNumber": "利用可能 ({{number}})",
    "l10n.redeemedNumber": "引き換え済み ({{number}})",
    "l10n.expiredNumber": "期間満了 ({{number}})",
    "l10n.alreadyOwnedUser": "既に {{campaignName}} のクーポンを引き換え済みです。",
    "l10n.alreadyOwnedUserFallback": "このキャンペーンのクーポンを既に引き換え済みです。",
    "l10n.enterCouponCode": "クーポンコードを入力してください",
    "l10n.learnMoreAboutCoupons": "クーポンの詳細情報",
    "l10n.rewardsHwReqNotMet": "引き換えるためのハードウェア要件を満たしていません。",
    "l10n.rewardsRegionReqNotMet": "引き換えるためのリージョン要件を満たしていません。",
    "l10n.rewardsHwAndRegionReqsNotMet": "引き換えるためのハードウェアとリージョン要件を満たしていません。",
    "l10n.rewardsMinReqsNotMet": "引き換えるための要件を満たしていません。",
    "l10n.whereToFindCoupons": "クーポンコードはどこで入手できますか？",
    "l10n.checkCouponRetailer": "GeForce&reg; RTX バンドル：購入店からのレシート、メール、またはクーポンをご確認ください。",
    "l10n.gfeGiveaway": "GeForce Experience&trade; 景品：NVIDIA は、GeForce からのメールをオプトインされているユーザーに定期的に無料ゲームコードをお送りさせていただいています。",
    "l10n.redemptionIncomplete": "引き換えに失敗しました",
    "l10n.updatingContent": "コンテンツを更新しています...",
    "l10n.redeemOffline": "引き換えは一時的にオフラインです。",
    "l10n.cpnMinRegUsrHwReqsNotMet": "現在所在している地域、使用中のアカウント、インストール済みのグラフィックス・カードは、いずれもこのコードをアクティブ化する条件を満たしていません。",
    "l10n.rwdMinRegUsrHwReqsNotMet": "現在所在している地域、使用中のアカウント、インストール済みのグラフィックス・カードは、いずれも引き換えの条件を満たしていません。",
    "l10n.cpnMinUsrHwReqsNotMet": "現在使用中のアカウント、インストール済みのグラフィックス・カードは、いずれもこのコードをアクティブ化する条件を満たしていません。",
    "l10n.rwdMinUsrHwReqsNotMet": "現在使用中のアカウント、インストール済みのグラフィックス・カードは、いずれも引き換えの条件を満たしていません。",
    "l10n.cpnMinRegUsrReqsNotMet": "現在所在している地域、使用中のアカウントは、このコードをアクティブ化する条件を満たしていません。",
    "l10n.rwdMinRegUsrReqsNotMet": "現在所在している地域、使用中のアカウントは、引き換えの条件を満たしていません。",
    "l10n.cpnMinUsrReqsNotMet": "使用中のアカウントは、このコードをアクティブ化する条件を満たしていません。",
    "l10n.rwdMinUsrReqsNotMet": "使用中のアカウントは、引き換えの条件を満たしていません。",
    "l10n.perksToBeUnlocked": "特典がアンロックされます",
    "l10n.readyToRedeem": "引き換え準備完了",
    "l10n.dismiss": "却下",
    "l10n.answer": "回答",
    "l10n.incorrectAnswer": "回答が間違っています。再試行してください。",
    "l10n.mathQuestion": "{{mulA}} x {{mulB}} を掛け算し、{{add}} を足します。それから {{div}} で割って {{sub}} を引くと答えは？",
    "l10n.answerMathQuestion": "カナダの法律で要求されていますので、次の技能試験の質問に正しく答えて、勝利者として宣言を受けましょう。",
    "l10n.moreItemsAvailable": "引き換え可能なアイテムがまだあります"
}
