{
    "l10n.rewards": "보상",
    "l10n.expiredRewards": "만료된 보상",
    "l10n.showExpired": "만료된 항목 표시",
    "l10n.unclaimedRewards": "청구하지 않은 보상",
    "l10n.claimedRewards": "청구한 보상",
    "l10n.noRewards": "보상이 없습니다.",
    "l10n.terms": "이용 약관",
    "l10n.agree": "동의",
    "l10n.expiresOn": "만료일: {{date}}",
    "l10n.expiredOn": "만료일: {{date}}",
    "l10n.claimedOn": "청구일",
    "l10n.redeemedOn": "사용일: {{date}}",
    "l10n.acceptTerms": "이 보상을 사용하려면 이용 약관에 동의해야 합니다.",
    "l10n.printTerms": "보관용으로 이 이용 약관을 인쇄할 수 있습니다.",
    "l10n.redeem": "사용",
    "l10n.code": "코드",
    "l10n.viewCode": "코드 보기",
    "l10n.new": "새로 만들기",
    "l10n.referAFriend": "친구 조회",
    "l10n.enterCode": "코드 입력",
    "l10n.owned": "소유",
    "l10n.redeemed": "사용",
    "l10n.expired": "만료",
    "l10n.redeemCode": "코드 사용",
    "l10n.redemptionHistory": "사용 기록",
    "l10n.codeVerified": "코드 검증됨",
    "l10n.noRedemptionsYet": "아직 사용한 적이 없는 것 같습니다.",
    "l10n.enterCouponCodeOld": "쿠폰에 인쇄되어 있거나 이메일로 전달된 쿠폰의 코드를 정확히 입력하십시오.",
    "l10n.byClickingContinueAgreeToTerms": "사용을 클릭하면 <a ng-click=\"redeemReward.onTermsAndConditionsClicked($event)\" class=\"md-accent foreground\">이용 약관</a>에 동의하는 것입니다.",
    "l10n.couponExpired": "입력한 쿠폰 코드가 만료되었습니다.",
    "l10n.checkCodeAndTryAgain": "유효하지 않은 코드입니다. 입력한 코드를 확인하고 다시 시도하십시오.",
    "l10n.couponAlreadyRedeemed": "입력한 쿠폰 코드가 이미 사용되었습니다.",
    "l10n.minReqsNotMet": "귀하는 이 쿠폰을 사용하기 위한 요구사항을 충족하지 않습니다.",
    "l10n.minHardwareReqsNotMet": "이 쿠폰을 교환하기 위한 지역 요건을 충족하지 않습니다.",
    "l10n.minRegionReqsNotMet": "이 쿠폰을 교환하기 위한 지역 요건을 충족하지 않습니다.",
    "l10n.gameCongratulations": "축하합니다! 이제 {{packageName}} 프로모션에 액세스할 수 있습니다. 사용을 클릭해 계속 진행",
    "l10n.cannotBeRedeemedYet": "이 쿠폰은 아직 사용할 수 없습니다.",
    "l10n.couldNotRetrieveRedemptionHistory": "사용 기록을 검색하는 동안 오류가 발생했습니다. 나중에 다시 시도하십시오.",
    "l10n.someRedemptionHistoryItemsMissing": "사용 기록을 검색하는 동안 오류가 발생했습니다. 이번 검색 결과에 일부 항목이 누락되었을 수 있습니다.",
    "l10n.sorryPromotionOver": "프로모션이 종료되어 쿠폰을 사용할 수 없음",
    "l10n.unableToRedeemRewards": "쿠폰 코드를 사용할 수 없음",
    "l10n.unableToAddRewards": "나의 연결된 계정에 보상이 추가되지 않음",
    "l10n.unableToViewHistory": "사용 내역을 확인할 수 없음",
    "l10n.unableToProcessRedemption": "기술상의 어려움으로 쿠폰 상환 처리를 할 수 없습니다. 나중에 다시 시도하십시오.",
    "l10n.redeemedAndExpired": "교환 및 만료됨",
    "l10n.noRewardsRedeemedYet": "아직 보너스를 교환하지 않았습니다",
    "l10n.gfeRewards": "GeForce Experience 보너스",
    "l10n.haveACouponCode": "쿠폰 코드가 있습니까?",
    "l10n.refresh": "새로고침",
    "l10n.availableTill": "{{date}}까지 사용 가능",
    "l10n.offlineCheckNetwork": "오프라인 상태입니다. 네트워크 연결을 확인한 후 다시 시도하십시오.",
    "l10n.unableToReachNvidia": "현재 NVIDIA에 연결할 수 없습니다. 나중에 다시 시도하십시오.",
    "l10n.trackFutureRedemptions": "모든 향후 교환 상태는 여기에서 확인할 수 있습니다.",
    "l10n.couponRedemption": "쿠폰 사용",
    "l10n.redeemACode": "코드 사용",
    "l10n.redemptionPortal": "쿠폰 사용 포털",
    "l10n.updateToRedeem": "사용하기 위해 Game Ready 드라이버를 업데이트하십시오",
    "l10n.campaignAlreadyOwned": "GPU에서 이미 {{campaignName}}에 대한 쿠폰을 사용했습니다.",
    "l10n.couponAlreadyOwned": "GPU에서 이미 이 캠페인에 대한 쿠폰을 사용했습니다.",
    "l10n.minHwRegReqsNotMet": "이 쿠폰을 사용하기 위한 하드웨어 및 지역 요건을 충족하지 않습니다.",
    "l10n.outOfStock": "입력한 쿠폰 코드의 재고가 소진되어 더 이상 사용할 수 없습니다.",
    "l10n.availableNumber": "사용 가능({{number}})",
    "l10n.redeemedNumber": "사용함({{number}})",
    "l10n.expiredNumber": "만료됨({{number}})",
    "l10n.alreadyOwnedUser": "귀하는 이미 쿠폰을 {{campaignName}}에 사용하셨습니다.",
    "l10n.alreadyOwnedUserFallback": "귀하는 이미 쿠폰을 이 캠페인에 사용하셨습니다.",
    "l10n.enterCouponCode": "쿠폰 코드를 입력하십시오",
    "l10n.learnMoreAboutCoupons": "쿠폰에 대해 자세히 알아보기",
    "l10n.rewardsHwReqNotMet": "상환 받기 위한 하드웨어의 요구 사항을 충족하지 않았습니다.",
    "l10n.rewardsRegionReqNotMet": "상환 받기 위한 영역의 요구 사항을 충족하지 않았습니다.",
    "l10n.rewardsHwAndRegionReqsNotMet": "상환 받기 위한 영역 및 하드웨어의 요구 사항을 충족하지 않았습니다.",
    "l10n.rewardsMinReqsNotMet": "상환 받기 위한 요구 사항을 충족하지 않았습니다.",
    "l10n.whereToFindCoupons": "쿠폰 코드는 어디에서 찾을 수 있습니까?",
    "l10n.checkCouponRetailer": "GeForce&reg; RTX 번들: 구매 장소에서 영수증, 이메일 또는 물리적 쿠폰을 확인하십시오.",
    "l10n.gfeGiveaway": "GeForce Experience&trade; 무료증정: NVIDIA는 주기적으로 GeForce 통신을 선택하는 사용자에게 무료 게임 코드를 이메일로 보내드립니다.",
    "l10n.redemptionIncomplete": "사용 중단됨.",
    "l10n.updatingContent": "내용 업데이트 중…",
    "l10n.redeemOffline": "사용이 일시적으로 오프라인 상태입니다.",
    "l10n.cpnMinRegUsrHwReqsNotMet": "사용자의 지역, 사용자의 계정, 사용자가 설치한 그래픽카드 모두 이 코드를 활성화할 수 있는 대상이 아닙니다.",
    "l10n.rwdMinRegUsrHwReqsNotMet": "사용자의 지역, 사용자의 계정, 사용자가 설치한 그래픽카드 모두 사용할 수 있는 대상이 아닙니다.",
    "l10n.cpnMinUsrHwReqsNotMet": "사용자의 계정 및 사용자가 설치한 그래픽카드는 이 코드를 활성화할 수 있는 대상이 아닙니다.",
    "l10n.rwdMinUsrHwReqsNotMet": "사용자의 계정 및 사용자가 설치한 그래픽카드는 사용할 수 있는 대상이 아닙니다.",
    "l10n.cpnMinRegUsrReqsNotMet": "사용자의 지역 및 사용자의 계정은 이 코드를 활성화할 수 있는 대상이 아닙니다.",
    "l10n.rwdMinRegUsrReqsNotMet": "사용자의 지역 및 사용자의 계정은 사용할 수 있는 대상이 아닙니다.",
    "l10n.cpnMinUsrReqsNotMet": "사용자의 계정은 이 코드를 활성화할 수 있는 대상이 아닙니다.",
    "l10n.rwdMinUsrReqsNotMet": "사용자의 계정은 사용할 수 있는 대상이 아닙니다.",
    "l10n.perksToBeUnlocked": "혜택이 풀림",
    "l10n.readyToRedeem": "사용 준비됨",
    "l10n.dismiss": "취소",
    "l10n.answer": "답",
    "l10n.incorrectAnswer": "오답입니다. 다시 시도하십시오.",
    "l10n.mathQuestion": "{{mulA}}와(과) {{mulB}}을(를) 곱한 후 {{add}}을(를) 더합니다. 그 후 {{div}}(으)로 나눈 후 {{sub}}(을)를 빼면 얼마입니까?",
    "l10n.answerMathQuestion": "캐나다법에서 요구하는 대로, 승리자 선언을 받으려면 다음 기술 테스트용 질문에 정확히 답변하십시오.",
    "l10n.moreItemsAvailable": "사용할 항목이 더 있습니다."
}
