{
    "l10n.rewards": "Premier",
    "l10n.expiredRewards": "Utløpte premier",
    "l10n.showExpired": "Vis utløpte",
    "l10n.unclaimedRewards": "Uavhentede premier",
    "l10n.claimedRewards": "Hentede premier",
    "l10n.noRewards": "Du har ingen premier.",
    "l10n.terms": "Bestemmelser og vilkår",
    "l10n.agree": "Jeg godtar",
    "l10n.expiresOn": "Utløper: {{date}}",
    "l10n.expiredOn": "Utløp den: {{date}}",
    "l10n.claimedOn": "Hentet den",
    "l10n.redeemedOn": "Innløst den: {{date}}",
    "l10n.acceptTerms": "Du må godta bestemmelsene og vilkårene for å løse inn denne premien.",
    "l10n.printTerms": "Det kan være lurt å skrive ut disse bestemmelsene og vilkårene for sikkerhets skyld.",
    "l10n.redeem": "Innløs",
    "l10n.code": "Kode",
    "l10n.viewCode": "Vis kode",
    "l10n.new": "Nytt",
    "l10n.referAFriend": "Verv en venn",
    "l10n.enterCode": "Angi kode",
    "l10n.owned": "Eier",
    "l10n.redeemed": "Innløst",
    "l10n.expired": "Utløpt",
    "l10n.redeemCode": "Løs inn kode",
    "l10n.redemptionHistory": "Innløsningshistorikk",
    "l10n.codeVerified": "Kode bekreftet",
    "l10n.noRedemptionsYet": "Ser ut som du ikke har noen innløsninger ennå",
    "l10n.enterCouponCodeOld": "Skriv inn kupongkode nøyaktig slik den står skrevet på kupongen som ble sendt til deg.",
    "l10n.byClickingContinueAgreeToTerms": "Ved å klikke på innløsning samtykker jeg i <a ng-click=\"redeemReward.onTermsAndConditionsClicked($event)\" class=\"md-accent foreground\">-vilkårene</a>",
    "l10n.couponExpired": "Den angitte kupongkoden er utløpt",
    "l10n.checkCodeAndTryAgain": "Ugyldig kode. Kontroller koden du har angitt og prøv igjen.",
    "l10n.couponAlreadyRedeemed": "Kupongkoden du har skrevet inn, er allerede innløst",
    "l10n.minReqsNotMet": "Du oppfyller ikke kravene til å løse inn denne kupongen.",
    "l10n.minHardwareReqsNotMet": "Du oppfyller ikke maskinvarekravene for å løse inn denne kupongen.",
    "l10n.minRegionReqsNotMet": "Du oppfyller ikke de regionale kravene for å løse inn denne kupongen.",
    "l10n.gameCongratulations": "Gratulerer! Du har nå tilgang til {{packageName}}-kampanjen. Klikk på innløsing for å fortsette",
    "l10n.cannotBeRedeemedYet": "Denne kupongen kan ikke innløses ennå.",
    "l10n.couldNotRetrieveRedemptionHistory": "Det oppstod et problem ved henting av innløsingshistorikken din. Prøv på nytt senere.",
    "l10n.someRedemptionHistoryItemsMissing": "Det var et problem å hente din innløsningshistorikk. Noen elementer kan mangle på dette tidspunktet.",
    "l10n.sorryPromotionOver": "Kupongen kan ikke løses inn fordi kampanjen er avsluttet",
    "l10n.unableToRedeemRewards": "Kan ikke løse inn kupongkoden",
    "l10n.unableToAddRewards": "Belønningen ble ikke lagt til min tilknyttede konto",
    "l10n.unableToViewHistory": "Kan ikke vise innløsningshistorikk",
    "l10n.unableToProcessRedemption": "Vi kunne ikke behandle din innløsning som følge av tekniske problemer. Prøv igjen senere.",
    "l10n.redeemedAndExpired": "Innløst og utløpt",
    "l10n.noRewardsRedeemedYet": "Du har ikke innløst noen premier ennå",
    "l10n.gfeRewards": "GeForce Experience-premier",
    "l10n.haveACouponCode": "Har du en kupongkode?",
    "l10n.refresh": "Oppdater",
    "l10n.availableTill": "Tilgjengelig til {{date}}",
    "l10n.offlineCheckNetwork": "Du er frakoblet. Kontroller nettverkstilkoblingen og prøv på nytt.",
    "l10n.unableToReachNvidia": "Får ikke kontakt med NVIDIA på dette tidspunktet. Prøv på nytt senere.",
    "l10n.trackFutureRedemptions": "Du kan spore dine fremtidige innløsninger her.",
    "l10n.couponRedemption": "Kuponginnløsning",
    "l10n.redeemACode": "Løs inn en kode",
    "l10n.redemptionPortal": "Innløsningsportal",
    "l10n.updateToRedeem": "Oppdater din Spillklar-driver for å innløse",
    "l10n.campaignAlreadyOwned": "Du har allerede innløst en kupong for {{campaignName}} på din GPU.",
    "l10n.couponAlreadyOwned": "Du har allerede innløst en kupong for denne kampanjen på din GPU.",
    "l10n.minHwRegReqsNotMet": "Du oppfyller ikke kravene til maskinvare og region for å innløse denne kupongen.",
    "l10n.outOfStock": "Kupongkoden du har skrevet inn, er utsolgt og ikke lenger tilgjengelig.",
    "l10n.availableNumber": "Tilgjengelig ({{number}})",
    "l10n.redeemedNumber": "Innløst ({{number}})",
    "l10n.expiredNumber": "Utløpt ({{number}})",
    "l10n.alreadyOwnedUser": "Du har allerede løse inn en kupong for {{campaignName}}.",
    "l10n.alreadyOwnedUserFallback": "Du har allerede løse inn en kupong for denne kampanjen.",
    "l10n.enterCouponCode": "Skriv inn koden.",
    "l10n.learnMoreAboutCoupons": "Lær mer om kuponger",
    "l10n.rewardsHwReqNotMet": "Du oppfyller ikke maskinvarekravet for å innløse",
    "l10n.rewardsRegionReqNotMet": "Du oppfyller ikke regionkravet for å innløse",
    "l10n.rewardsHwAndRegionReqsNotMet": "Du oppfyller ikke maskinvare- og regionkravet for å innløse",
    "l10n.rewardsMinReqsNotMet": "Du oppfyller ikke kravene for å innløse",
    "l10n.whereToFindCoupons": "Hvor finner jeg kupongkoden?",
    "l10n.checkCouponRetailer": "GeForce&reg; RTX bunt: Sjekk for kvittering, e-post, eller fysisk kupong fra kjøpestedet.",
    "l10n.gfeGiveaway": "GeForce Experience&trade; gi bort: NVIDIA periodisk e-post gratis spill koder til brukerne som har valgt GeForce kommunikasjon.",
    "l10n.redemptionIncomplete": "Innløsning ikke fullført.",
    "l10n.updatingContent": "Oppdaterer innhold ...",
    "l10n.redeemOffline": "'Løs inn' er midlertidig frakoblet.",
    "l10n.cpnMinRegUsrHwReqsNotMet": "Verken regionen du befinner deg i, kontoen du bruker, og grafikkortet du har installert er kvalifiserte til å aktivere denne koden.",
    "l10n.rwdMinRegUsrHwReqsNotMet": "Verken regionen du befinner deg i, kontoen du bruker, og grafikkortet du har installert er kvalifiserte for innløsing.",
    "l10n.cpnMinUsrHwReqsNotMet": "Verken kontoen du bruker eller grafikkortet du har installert er kvalifiserte til å aktivere denne koden.",
    "l10n.rwdMinUsrHwReqsNotMet": "Verken kontoen du bruker eller grafikkortet du har installert er kvalifiserte for innløsing.",
    "l10n.cpnMinRegUsrReqsNotMet": "Verken regionen du befinner deg i eller kontoen du bruker er kvalifiserte til å aktivere denne koden.",
    "l10n.rwdMinRegUsrReqsNotMet": "Verken regionen du befinner deg i eller kontoen du bruker er kvalifiserte for innløsing.",
    "l10n.cpnMinUsrReqsNotMet": "Kontoen du bruker er ikke kvalifisert til å aktivere denne koden.",
    "l10n.rwdMinUsrReqsNotMet": "Kontoen du bruker er ikke kvalifisert for innløsing.",
    "l10n.perksToBeUnlocked": "Fordeler som skal låses opp",
    "l10n.readyToRedeem": "Klar for innløsing",
    "l10n.dismiss": "Avvis",
    "l10n.answer": "Svar",
    "l10n.incorrectAnswer": "Feil svar. Prøv på nytt.",
    "l10n.mathQuestion": "Multipliser {{mulA}} x {{mulB}}, legg til {{add}}, del med {{div}}, og trekk fra {{sub}} = ?",
    "l10n.answerMathQuestion": "Som påkrevd av kanadisk lov, må følgende kunnskapstest besvares korrekt før du kan erklæres en vinner.",
    "l10n.moreItemsAvailable": "Du har flere artikler tilgjengelig for innløsing"
}
