{
    "l10n.rewards": "Prémios",
    "l10n.expiredRewards": "Prémios expirados",
    "l10n.showExpired": "Mostrar expirados",
    "l10n.unclaimedRewards": "Prémios não reclamados",
    "l10n.claimedRewards": "Prémios reclamados",
    "l10n.noRewards": "Não tem prémios.",
    "l10n.terms": "Termos e condições",
    "l10n.agree": "Aceito",
    "l10n.expiresOn": "Expira a: {{date}}",
    "l10n.expiredOn": "Expirado a: {{date}}",
    "l10n.claimedOn": "Reclamado em",
    "l10n.redeemedOn": "Resgatado a: {{date}}",
    "l10n.acceptTerms": "É necessário aceitar os Termos e condições para resgatar este prémio.",
    "l10n.printTerms": "Pode imprimir estes termos e condições para seu registo.",
    "l10n.redeem": "Resgatar",
    "l10n.code": "Código",
    "l10n.viewCode": "Ver código",
    "l10n.new": "Novo",
    "l10n.referAFriend": "Indicar um amigo",
    "l10n.enterCode": "Introduzir código",
    "l10n.owned": "Indisponível",
    "l10n.redeemed": "Resgatado",
    "l10n.expired": "Expirado",
    "l10n.redeemCode": "Resgatar código",
    "l10n.redemptionHistory": "História de resgates",
    "l10n.codeVerified": "Código verificado",
    "l10n.noRedemptionsYet": "Parece que ainda não efectuou quaisquer resgates",
    "l10n.enterCouponCodeOld": "Introduza o código do cupão exactamente tal como está impresso no seu cupão, ou como está apresentado na mensagem de correio electrónico que recebeu.",
    "l10n.byClickingContinueAgreeToTerms": "Ao clicar em \"Resgatar\", eu aceito os <a ng-click=\"redeemReward.onTermsAndConditionsClicked($event)\" class=\"md-accent foreground\">termos e condições</a>",
    "l10n.couponExpired": "O código de cupão que introduziu já expirou",
    "l10n.checkCodeAndTryAgain": "Código não válido. Verifique o código que introduziu e tente novamente.",
    "l10n.couponAlreadyRedeemed": "O código de cupão que introduziu já foi resgatado",
    "l10n.minReqsNotMet": "Não cumpre os requisitos para resgatar este cupão.",
    "l10n.minHardwareReqsNotMet": "Não cumpre os requisitos de hardware para resgatar este cupão.",
    "l10n.minRegionReqsNotMet": "Não cumpre os requisitos de região para resgatar este cupão.",
    "l10n.gameCongratulations": "Parabéns! Agora tem acesso à promoção {{packageName}}. Faça clique em \"Resgatar\" para continuar",
    "l10n.cannotBeRedeemedYet": "Ainda não é possível resgatar este cupão.",
    "l10n.couldNotRetrieveRedemptionHistory": "Ocorreu um problema ao obter o seu histórico de resgates. Tente novamente mais tarde.",
    "l10n.someRedemptionHistoryItemsMissing": "Ocorreu um problema ao obter o seu histórico de resgates. Alguns itens podem estar em falta neste momento.",
    "l10n.sorryPromotionOver": "Não é possível resgatar o cupão, uma vez que a promoção já terminou.",
    "l10n.unableToRedeemRewards": "Não foi possível resgatar o código do cupão",
    "l10n.unableToAddRewards": "O prémio não foi adicionado à minha conta associada",
    "l10n.unableToViewHistory": "Não é possível ver o histórico de resgates",
    "l10n.unableToProcessRedemption": "Não foi possível processar seu resgate devido à dificuldades técnicas. Tente novamente mais tarde.",
    "l10n.redeemedAndExpired": "Resgatado e expirado",
    "l10n.noRewardsRedeemedYet": "Ainda não resgatou nenhum prémio",
    "l10n.gfeRewards": "Prémios GeForce Experience",
    "l10n.haveACouponCode": "Tem um código de cupão?",
    "l10n.refresh": "Actualizar",
    "l10n.availableTill": "Disponível até {{date}}",
    "l10n.offlineCheckNetwork": "Está offline. Verifique a ligação à rede e tente novamente.",
    "l10n.unableToReachNvidia": "De momento, não é possível estabelecer ligação com a NVIDIA. Tente novamente mais tarde",
    "l10n.trackFutureRedemptions": "Pode efectuar o seguimento de todos os regastes futuros aqui.",
    "l10n.couponRedemption": "Resgate de cupão",
    "l10n.redeemACode": "Resgatar um código",
    "l10n.redemptionPortal": "Portal de resgate",
    "l10n.updateToRedeem": "Actualize o Controlador Game Ready para resgatar",
    "l10n.campaignAlreadyOwned": "Já resgatou um cupão para {{campaignName}} na sua GPU.",
    "l10n.couponAlreadyOwned": "Já resgatou um cupão para esta campanha na sua GPU.",
    "l10n.minHwRegReqsNotMet": "Não cumpre os requisitos de hardware e de região para resgatar este cupão.",
    "l10n.outOfStock": "O código do cupão inserido está esgotado e já não se encontra disponível.",
    "l10n.availableNumber": "Disponível ({{number}})",
    "l10n.redeemedNumber": "Resgatado ({{number}})",
    "l10n.expiredNumber": "Expirado ({{number}})",
    "l10n.alreadyOwnedUser": "Já resgatou um cupão para {{campaignName}}.",
    "l10n.alreadyOwnedUserFallback": "Já resgatou um cupão para esta campanha.",
    "l10n.enterCouponCode": "Introduza o código de cupom",
    "l10n.learnMoreAboutCoupons": "Saiba mais acerca de cupons",
    "l10n.rewardsHwReqNotMet": "Não satisfaz os requisitos de hardware para resgatar.",
    "l10n.rewardsRegionReqNotMet": "Não satisfaz os requisitos de região para resgatar.",
    "l10n.rewardsHwAndRegionReqsNotMet": "Não satisfaz os requisitos de hardware e região para resgatar.",
    "l10n.rewardsMinReqsNotMet": "Não satisfaz os requisitos para resgatar.",
    "l10n.whereToFindCoupons": "Onde posso encontrar o meu código de cupom?",
    "l10n.checkCouponRetailer": "GeForce&reg; Pacote RTX: Verifique o recibo, email ou cupão físico do local de compra.",
    "l10n.gfeGiveaway": "GeForce Experience&trade; Prémio: A NVIDIA envia periodicamente códigos de jogos gratuitos para utilizadores que autorizarem as comunicações da GeForce.",
    "l10n.redemptionIncomplete": "Resgate incompleto.",
    "l10n.updatingContent": "A actualizar conteúdo...",
    "l10n.redeemOffline": "A opção de resgate está temporariamente offline.",
    "l10n.cpnMinRegUsrHwReqsNotMet": "A região onde está, a conta que está a utilizar e a placa gráfica que tem instalada, não são elegíveis para activar este código.",
    "l10n.rwdMinRegUsrHwReqsNotMet": "A região onde está, a conta que está a utilizar e a placa gráfica que tem instalada, não são elegíveis para resgatar.",
    "l10n.cpnMinUsrHwReqsNotMet": "A conta que está a utilizar e a placa gráfica que tem instalada, não são elegíveis para activar este código.",
    "l10n.rwdMinUsrHwReqsNotMet": "A conta que está a utilizar e a placa gráfica que tem instalada, não são elegíveis para resgatar.",
    "l10n.cpnMinRegUsrReqsNotMet": "A região onde está e a conta que está a utilizar não são elegíveis para activar este código.",
    "l10n.rwdMinRegUsrReqsNotMet": "A região onde está e a conta que está a utilizar não são elegíveis para redimir.",
    "l10n.cpnMinUsrReqsNotMet": "A conta que está a utilizar não é elegível para activar este código.",
    "l10n.rwdMinUsrReqsNotMet": "A conta que está a utilizar não é elegível para resgatar.",
    "l10n.perksToBeUnlocked": "Vantagens de estar desbloqueado",
    "l10n.readyToRedeem": "Preparado para resgatar",
    "l10n.dismiss": "Ignorar",
    "l10n.answer": "Responder",
    "l10n.incorrectAnswer": "Resposta incorrecta. Tente novamente.",
    "l10n.mathQuestion": "Multiplique {{mulA}} x {{mulB}}, adicione {{add}}, divida por {{div}} e subtraia {{sub}} = ?",
    "l10n.answerMathQuestion": "Conforme requerido pela lei do Canadá, responda corretamente à seguinte pergunta de teste para ser declarado vencedor.",
    "l10n.moreItemsAvailable": "Tem mais artigos disponíveis para resgatar"
}
