{
    "l10n.rewards": "Награды",
    "l10n.expiredRewards": "Истекшие награды",
    "l10n.showExpired": "Показать истекшие",
    "l10n.unclaimedRewards": "Неполученные награды",
    "l10n.claimedRewards": "Полученные награды",
    "l10n.noRewards": "У вас нет наград",
    "l10n.terms": "Условия и положения",
    "l10n.agree": "Я принимаю",
    "l10n.expiresOn": "Срок действия истекает {{date}}",
    "l10n.expiredOn": "Срок действия истек {{date}}",
    "l10n.claimedOn": "Получена",
    "l10n.redeemedOn": "Активирован {{date}}",
    "l10n.acceptTerms": "Вы должны принять Условия и положения для получения этой награды.",
    "l10n.printTerms": "Рекомендуется распечатать эти условия и положения для справки",
    "l10n.redeem": "Активировать код",
    "l10n.code": "Код",
    "l10n.viewCode": "Просмотреть код",
    "l10n.new": "Новый",
    "l10n.referAFriend": "Порекомендовать другу",
    "l10n.enterCode": "Введите код",
    "l10n.owned": "Приобретенные",
    "l10n.redeemed": "Активирован",
    "l10n.expired": "Срок действия истек",
    "l10n.redeemCode": "Активировать код",
    "l10n.redemptionHistory": "История активаций",
    "l10n.codeVerified": "Код подтвержден",
    "l10n.noRedemptionsYet": "Похоже, у вас еще нет активаций",
    "l10n.enterCouponCodeOld": "Введите код купона, напечатанный на вашем купоне или отправленный вам по электронной почте.",
    "l10n.byClickingContinueAgreeToTerms": "Нажимая «Погасить», я соглашаюсь с <a ng-click=\"redeemReward.onTermsAndConditionsClicked($event)\" class=\"md-accent foreground\">условиями и положениями</a>",
    "l10n.couponExpired": "Срок действия введенного вами кода купона истек",
    "l10n.checkCodeAndTryAgain": "Неверный код. Проверьте введенный код и повторите попытку.",
    "l10n.couponAlreadyRedeemed": "Введенный вами код купона уже был активирован",
    "l10n.minReqsNotMet": "Вы не отвечаете требованиям для активации этого купона.",
    "l10n.minHardwareReqsNotMet": "Вы не соответствуете требованиям к оборудованию для активации данного купона.",
    "l10n.minRegionReqsNotMet": "Вы не соответствуете требованиям к региону для активации данного купона.",
    "l10n.gameCongratulations": "Поздравляем! Теперь у вас есть доступ к акции {{packageName}}. Нажмите «Активировать» для продолжения",
    "l10n.cannotBeRedeemedYet": "Данный купон пока не может быть активирован.",
    "l10n.couldNotRetrieveRedemptionHistory": "При получении вашей истории активаций возникла проблема. Повторите попытку позже.",
    "l10n.someRedemptionHistoryItemsMissing": "Возникла проблема с загрузкой истории активаций. Некоторые элементы могут отсутствовать.",
    "l10n.sorryPromotionOver": "Купон невозможно активировать, поскольку акция уже завершилась",
    "l10n.unableToRedeemRewards": "Не удалось активировать код купона",
    "l10n.unableToAddRewards": "Награда не была присвоена привязанной учетной записи",
    "l10n.unableToViewHistory": "Не удалось просмотреть историю активаций",
    "l10n.unableToProcessRedemption": "Мы не смогли активировать ваши купоны из-за технических трудностей. Попробуйте позже",
    "l10n.redeemedAndExpired": "Активированные и просроченные",
    "l10n.noRewardsRedeemedYet": "Вы еще не получили никаких наград",
    "l10n.gfeRewards": "Награды GeForce Experience",
    "l10n.haveACouponCode": "У вас есть код купона?",
    "l10n.refresh": "Обновить",
    "l10n.availableTill": "Доступно до {{date}}",
    "l10n.offlineCheckNetwork": "Вы находитесь в автономном режиме. Проверьте подключение к сети и повторите попытку.",
    "l10n.unableToReachNvidia": "Сейчас нет связи с NVIDIA. Повторите попытку позже.",
    "l10n.trackFutureRedemptions": "Вы можете отслеживать все дальнейшие активации здесь.",
    "l10n.couponRedemption": "Активация купона",
    "l10n.redeemACode": "Активировать код",
    "l10n.redemptionPortal": "Портал активации кодов",
    "l10n.updateToRedeem": "Обновите драйвер Game Ready для активации",
    "l10n.campaignAlreadyOwned": "Вы уже активировали купон {{campaignName}} для вашего ГП.",
    "l10n.couponAlreadyOwned": "Вы уже активировали купон по данной кампании для вашего ГП.",
    "l10n.minHwRegReqsNotMet": "Вы не соответствуете аппаратным и региональным требованиям для активации данного купона.",
    "l10n.outOfStock": "Введенный вами код купона израсходован и больше не доступен.",
    "l10n.availableNumber": "Доступно ({{number}})",
    "l10n.redeemedNumber": "Активировано ({{number}})",
    "l10n.expiredNumber": "Истекло ({{number}})",
    "l10n.alreadyOwnedUser": "Вы уже активировали купон для {{campaignName}}.",
    "l10n.alreadyOwnedUserFallback": "Вы уже активировали купон для этой кампании.",
    "l10n.enterCouponCode": "Введите код купона",
    "l10n.learnMoreAboutCoupons": "Дополнительная информация о купонах",
    "l10n.rewardsHwReqNotMet": "Ваше аппаратное обеспечение не отвечает требованиям, необходимым для активации купонов.",
    "l10n.rewardsRegionReqNotMet": "Местоположение вашего региона не отвечает требованиям, необходимым для активации купонов.",
    "l10n.rewardsHwAndRegionReqsNotMet": "Местоположение вашего региона и ваше аппаратное обеспечение не отвечают требованиям, необходимым для активации купонов.",
    "l10n.rewardsMinReqsNotMet": "Вы не удовлетворяете условиям, необходимым для активации купонов.",
    "l10n.whereToFindCoupons": "Где я могу найти код купона?",
    "l10n.checkCouponRetailer": "Комплект GeForce&reg; RTX: Проверьте наличие квитанции, эл. письма или купона с места покупки.",
    "l10n.gfeGiveaway": "Раздача GeForce Experience&trade; NVIDIA периодически высылает бесплатные ключи на игры подписчикам рассылки GeForce.",
    "l10n.redemptionIncomplete": "Активация не завершена.",
    "l10n.updatingContent": "Обновление контента...",
    "l10n.redeemOffline": "Активация временно недоступна.",
    "l10n.cpnMinRegUsrHwReqsNotMet": "Регион, учетная запись и видеокарта не соответствуют требованиям для активации данного кода.",
    "l10n.rwdMinRegUsrHwReqsNotMet": "Регион, учетная запись и видеокарта не соответствуют требованиям для активации.",
    "l10n.cpnMinUsrHwReqsNotMet": "Учетная запись и видеокарта не соответствуют требованиям для активации данного кода.",
    "l10n.rwdMinUsrHwReqsNotMet": "Учетная запись и видеокарта не соответствуют требованиям для активации.",
    "l10n.cpnMinRegUsrReqsNotMet": "Регион и учетная запись не соответствуют требованиям для активации данного кода.",
    "l10n.rwdMinRegUsrReqsNotMet": "Регион и учетная запись не соответствуют требованиям для активации.",
    "l10n.cpnMinUsrReqsNotMet": "Учетная запись не соответствует требованиям для активации данного кода.",
    "l10n.rwdMinUsrReqsNotMet": "Учетная запись не соответствует требованиям для активации.",
    "l10n.perksToBeUnlocked": "Еще не открытые бонусы",
    "l10n.readyToRedeem": "Готово к активации",
    "l10n.dismiss": "Отклонить",
    "l10n.answer": "Ответ",
    "l10n.incorrectAnswer": "Неверный ответ. Повторите попытку.",
    "l10n.mathQuestion": "Умножить {{mulA}} x {{mulB}}, затем прибавить {{add}}, затем поделить на {{div}}, затем вычесть {{sub}} = ?",
    "l10n.answerMathQuestion": "Согласно требованиям канадского законодательства, вы должны верно ответить на следующий вопрос для оценки навыков, чтобы стать победителем.",
    "l10n.moreItemsAvailable": "Вы можете получить больше наград"
}
