{
    "l10n.rewards": "Odmeny",
    "l10n.expiredRewards": "Odmeny s uplynutou platnosťou",
    "l10n.showExpired": "Zobraziť položky s uplynutou platnosťou",
    "l10n.unclaimedRewards": "Uplatnené odmeny",
    "l10n.claimedRewards": "Neuplatnené odmeny",
    "l10n.noRewards": "Nemáte žiadne odmeny.",
    "l10n.terms": "Ustanovenia a podmienky",
    "l10n.agree": "Súhlasím",
    "l10n.expiresOn": "Platnosť uplynie: {{date}}",
    "l10n.expiredOn": "Platnosť uplynula: {{date}}",
    "l10n.claimedOn": "Uplatnené:",
    "l10n.redeemedOn": "Uplatnený nárok: {{date}}",
    "l10n.acceptTerms": "Ak si chcete uplatniť nárok na odmenu, vyjadrite súhlas s ustanoveniami s podmienkami.",
    "l10n.printTerms": "Tieto ustanovenia a podmienky si môžete vytlačiť a uložiť medzi záznamy.",
    "l10n.redeem": "Uplatniť nárok",
    "l10n.code": "Kód",
    "l10n.viewCode": "Zobraziť kód",
    "l10n.new": "Nové",
    "l10n.referAFriend": "Odporučiť priateľa",
    "l10n.enterCode": "Zadajte kód",
    "l10n.owned": "Vlastnené",
    "l10n.redeemed": "Uplatnený nárok",
    "l10n.expired": "S uplynutou platnosťou",
    "l10n.redeemCode": "Uplatniť nárok na kód",
    "l10n.redemptionHistory": "História uplatnenia nárokov",
    "l10n.codeVerified": "Overený kód",
    "l10n.noRedemptionsYet": "Zdá sa, že ste si zatiaľ neuplatnili žiadne nároky",
    "l10n.enterCouponCodeOld": "Zadajte kód z kupónu presne tak, ako je vytlačený na kupóne alebo ako ste ho dostali v e-maile.",
    "l10n.byClickingContinueAgreeToTerms": "Kliknutím na položku Uplatniť nárok vyjadrujem súhlas s <a ng-click=\"redeemReward.onTermsAndConditionsClicked($event)\" class=\"md-accent foreground\">ustanoveniami a podmienkami</a>",
    "l10n.couponExpired": "Platnosť kódu z kupónu, ktorý ste zadali, uplynula",
    "l10n.checkCodeAndTryAgain": "Neplatný kód. Skontrolujte zadaný kód a skúste to znova.",
    "l10n.couponAlreadyRedeemed": "Nárok na kód z kupónu, ktorý ste zadali, už bol uplatnený",
    "l10n.minReqsNotMet": "Nespĺňate požiadavky na uplatnenie nároku na tento kupón.",
    "l10n.minHardwareReqsNotMet": "Na uplatnenie nároku na tento kupón nespĺňate požiadavku na hardvér.",
    "l10n.minRegionReqsNotMet": "Na uplatnenie nároku na tento kupón nespĺňate požiadavku na oblasť.",
    "l10n.gameCongratulations": "Blahoželáme! Teraz máte prístup k akcii na {{packageName}}. Pokračujte kliknutím na tlačidlo Uplatniť",
    "l10n.cannotBeRedeemedYet": "Nárok na tento kupón sa zatiaľ nedá uplatniť.",
    "l10n.couldNotRetrieveRedemptionHistory": "Pri načítaní histórie uplatnení sa vyskytol problém. Skúste to znova neskôr.",
    "l10n.someRedemptionHistoryItemsMissing": "Vyskytol sa problém s načítavaním histórie uplatnenia nárokov. Niektoré položky môžu momentálne chýbať.",
    "l10n.sorryPromotionOver": "Kupón nemožno uplatniť, pretože akcia sa skončila",
    "l10n.unableToRedeemRewards": "Kód z kupónu sa nedá uplatniť",
    "l10n.unableToAddRewards": "Odmena nebola pridaná do môjho prepojeného účtu",
    "l10n.unableToViewHistory": "História uplatnení sa nedá zobraziť",
    "l10n.unableToProcessRedemption": "Z technických príčin sa nám nepodarilo spracovať uplatnenie vášho kódu. Skúste to znova neskôr.",
    "l10n.redeemedAndExpired": "Uplatnené a s uplynutou platnosťou",
    "l10n.noRewardsRedeemedYet": "Zatiaľ ste si neuplatnili nárok na žiadnu odmenu",
    "l10n.gfeRewards": "Odmeny programu GeForce Experience",
    "l10n.haveACouponCode": "Máte kód z kupónu?",
    "l10n.refresh": "Obnoviť",
    "l10n.availableTill": "K dispozícii do {{date}}",
    "l10n.offlineCheckNetwork": "Ste offline. Skontrolujte svoje sieťové pripojenie a skúste to znova.",
    "l10n.unableToReachNvidia": "Momentálne sa nedarí pripojiť k lokalite NVIDIA. Skúste to znova neskôr",
    "l10n.trackFutureRedemptions": "Tu môžete sledovať všetky svoje ďalšie uplatnenia nárokov.",
    "l10n.couponRedemption": "Uplatnenie kupónu",
    "l10n.redeemACode": "Uplatnite si kód",
    "l10n.redemptionPortal": "Portál na uplatnenie kódu",
    "l10n.updateToRedeem": "Ak chcete uplatniť nárok, aktualizujte ovládač Game Ready",
    "l10n.campaignAlreadyOwned": "Kupón z kampane {{campaignName}} ste už pre svoj procesor GPU uplatnili.",
    "l10n.couponAlreadyOwned": "Kupón z tejto kampane ste už pre svoj procesor GPU uplatnili.",
    "l10n.minHwRegReqsNotMet": "Na uplatnenie nároku na tento kupón nespĺňate požiadavky na hardvér a oblasť.",
    "l10n.outOfStock": "Zadaný kód kupónu je už vypredaný a nie je k dispozícii.",
    "l10n.availableNumber": "K dispozícii: ({{number}})",
    "l10n.redeemedNumber": "Uplatnené: ({{number}})",
    "l10n.expiredNumber": "S uplynutou platnosťou: ({{number}})",
    "l10n.alreadyOwnedUser": "Už ste si uplatnili nárok na kupón pre {{campaignName}}.",
    "l10n.alreadyOwnedUserFallback": "Už ste si uplatnili nárok na kupón pre túto akciu.",
    "l10n.enterCouponCode": "Zadajte kód vášho kupónu",
    "l10n.learnMoreAboutCoupons": "Prečítajte si viac o kupónoch",
    "l10n.rewardsHwReqNotMet": "Váš hardvér nespĺňa podmienky pre uplatnenie kódu.",
    "l10n.rewardsRegionReqNotMet": "Nespĺňate podmienky pre regióny pre uplatnenie kódu.",
    "l10n.rewardsHwAndRegionReqsNotMet": "Nespĺňate podmienky pre hardvér a regióny pre uplatnenie kódu.",
    "l10n.rewardsMinReqsNotMet": "Nespĺňate podmienky pre uplatnenie kódu.",
    "l10n.whereToFindCoupons": "Kde nájdem môj kód kupónu?",
    "l10n.checkCouponRetailer": "GeForce&reg; RTX Balík: Skontrolujte si, či máte účtenku, e-mail, alebo kupón z miesta nákupu.",
    "l10n.gfeGiveaway": "GeForce Experience&trade; Akcia zadarmo: NVIDIA pravidelne posiela e-maily s kódmi užívateľom, ktorí sa prihlásili do GeForce komunikácie.",
    "l10n.redemptionIncomplete": "Uplatnenie nároku sa nedokončilo.",
    "l10n.updatingContent": "Aktualizuje sa obsah...",
    "l10n.redeemOffline": "Časť Uplatnenie nároku je dočasne offline.",
    "l10n.cpnMinRegUsrHwReqsNotMet": "Oblasť, v ktorej sa nachádzate, používané konto ani nainštalovaná grafická karta vás neoprávňujú na aktiváciu tohto kódu.",
    "l10n.rwdMinRegUsrHwReqsNotMet": "Oblasť, v ktorej sa nachádzate, používané konto ani nainštalovaná grafická karta vás neoprávňujú na uplatnenie.",
    "l10n.cpnMinUsrHwReqsNotMet": "Používané konto ani nainštalovaná grafická karta vás neoprávňujú na aktiváciu tohto kódu.",
    "l10n.rwdMinUsrHwReqsNotMet": "Používané konto ani nainštalovaná grafická karta vás neoprávňujú na uplatnenie.",
    "l10n.cpnMinRegUsrReqsNotMet": "Oblasť, v ktorej sa nachádzate, ani používané konto vás neoprávňujú na aktiváciu tohto kódu.",
    "l10n.rwdMinRegUsrReqsNotMet": "Oblasť, v ktorej sa nachádzate, ani používané konto vás neoprávňujú na uplatnenie.",
    "l10n.cpnMinUsrReqsNotMet": "Používané konto vás neoprávňuje na aktiváciu tohto kódu.",
    "l10n.rwdMinUsrReqsNotMet": "Používané konto vás neoprávňuje na uplatnenie.",
    "l10n.perksToBeUnlocked": "Výhody, ktoré sa odomknú",
    "l10n.readyToRedeem": "Pripravené na uplatnenie",
    "l10n.dismiss": "Zrušiť",
    "l10n.answer": "Odpoveď",
    "l10n.incorrectAnswer": "Nesprávna odpoveď. Skúste to znova.",
    "l10n.mathQuestion": "Vynásobte {{mulA}} x {{mulB}}, potom pripočítajte číslo {{add}}, potom to vydeľte číslom {{div}}, potom odpočítajte číslo {{sub}}. Výsledok = ?",
    "l10n.answerMathQuestion": "Ak chcete byť vyhlásení za víťaza, musíte na základe požiadaviek kanadského práva správne odpovedať na otázku, ktorá otestuje vaše schopnosti.",
    "l10n.moreItemsAvailable": "Máte viac položiek, pri ktorých si môžete uplatniť nárok"
}
