{
    "l10n.rewards": "Nagrade",
    "l10n.expiredRewards": "Potečene nagrade",
    "l10n.showExpired": "Prikaži potečene",
    "l10n.unclaimedRewards": "Neterjane nagrade",
    "l10n.claimedRewards": "Terjane nagrade",
    "l10n.noRewards": "Nimate nobenih nagrad.",
    "l10n.terms": "Pogoji in določila",
    "l10n.agree": "Strinjam se",
    "l10n.expiresOn": "Poteče dne: {{date}}",
    "l10n.expiredOn": "Poteklo dne: {{date}}",
    "l10n.claimedOn": "Terjano dne",
    "l10n.redeemedOn": "Prevzeto dne: {{date}}",
    "l10n.acceptTerms": "Strinjati se morate s pogoji in določili, če želite prevzeti to nagrado.",
    "l10n.printTerms": "Morda boste želeli natisniti te pogoje in določila za svojo evidenco.",
    "l10n.redeem": "Prevzem",
    "l10n.code": "Koda",
    "l10n.viewCode": "Ogled kode",
    "l10n.new": "Novo",
    "l10n.referAFriend": "Priporočite prijatelja",
    "l10n.enterCode": "Vnesite kodo",
    "l10n.owned": "V lasti",
    "l10n.redeemed": "Prevzeto",
    "l10n.expired": "Poteklo",
    "l10n.redeemCode": "Koda za prevzem",
    "l10n.redemptionHistory": "Zgodovina prevzema",
    "l10n.codeVerified": "Koda preverjena",
    "l10n.noRedemptionsYet": "Videti je, da še nimate prevzemov",
    "l10n.enterCouponCodeOld": "Vnesite kodo kupona točno tako, kot jo vidite natisnjeno na kuponu ali kot vam je bila poslana v e-sporočilu.",
    "l10n.byClickingContinueAgreeToTerms": "S klikom na prevzem se strinjam z <a ng-click=\"redeemReward.onTermsAndConditionsClicked($event)\" class=\"md-accent foreground\">določili in pogoji</a>",
    "l10n.couponExpired": "Vnesena koda kupona je potekla",
    "l10n.checkCodeAndTryAgain": "Neveljavna koda. Preverite vneseno kodo in poizkusite znova.",
    "l10n.couponAlreadyRedeemed": "Vnesena koda kupona je bila že prevzeta",
    "l10n.minReqsNotMet": "Ne izpolnjujete pogojev za prevzem tega kupona.",
    "l10n.minHardwareReqsNotMet": "Ne izpolnjujete pogojev strojne opreme za prevzem tega kupona.",
    "l10n.minRegionReqsNotMet": "Ne izpolnjujete pogojev območja za prevzem tega kupona.",
    "l10n.gameCongratulations": "Čestitamo! Zdaj imate dostop do {{packageName}} ponudbe. Za nadaljevanje kliknite Prevzem",
    "l10n.cannotBeRedeemedYet": "Kupona še ni mogoče prevzeti.",
    "l10n.couldNotRetrieveRedemptionHistory": "Prišlo je do napake pri pridobivanju zgodovine prevzemov. Poskusite še enkrat kasneje.",
    "l10n.someRedemptionHistoryItemsMissing": "Prišlo je do težave pri pridobitvi zgodovine prevzema. Nekateri elementi morda manjkajo ob tem času.",
    "l10n.sorryPromotionOver": "Kupona ne morete pridobiti, ker je ponudba potekla",
    "l10n.unableToRedeemRewards": "Ni mogoče prevzeti kode kupona",
    "l10n.unableToAddRewards": "Nagrada ni bila dodana mojemu povezanemu računu",
    "l10n.unableToViewHistory": "Ni mogoče videti zgodovine prevzemov",
    "l10n.unableToProcessRedemption": "Zaradi tehničnih težav ni bilo mogoče obdelati vašega prevzema.",
    "l10n.redeemedAndExpired": "Prevzeto in poteklo",
    "l10n.noRewardsRedeemedYet": "Niste še prevzeli nobenih nagrad",
    "l10n.gfeRewards": "Nagrade GeForce Experience",
    "l10n.haveACouponCode": "Ali imate kodo kupona?",
    "l10n.refresh": "Osveži",
    "l10n.availableTill": "Na voljo do {{date}}",
    "l10n.offlineCheckNetwork": "Niste povezani. Preverite svojo omrežno povezavo in poizkusite znova.",
    "l10n.unableToReachNvidia": "Trenutno ni mogoče doseči NVIDIA. Prosimo, poizkusite znova kasneje",
    "l10n.trackFutureRedemptions": "Svojim prihodnjim prevzemom lahko sledite tu.",
    "l10n.couponRedemption": "Prevzem kupona",
    "l10n.redeemACode": "Prevzemi kodo",
    "l10n.redemptionPortal": "Portal za prevzem",
    "l10n.updateToRedeem": "Posodobite svoj za igro pripravljeni gonilnik, da prevzamete",
    "l10n.campaignAlreadyOwned": "Na svojem grafičnem procesorju ste že prevzeli kupon za {{campaignName}}.",
    "l10n.couponAlreadyOwned": "Na svojem grafičnem procesorju ste že prevzeli kupon za to kampanjo.",
    "l10n.minHwRegReqsNotMet": "Ne ustrezate zahtevam za strojno opremo in območje, da bi lahko prevzeli kupon.",
    "l10n.outOfStock": "Vnesene kode za kupon ni na zalogi in ni več na voljo.",
    "l10n.availableNumber": "Na voljo ({{number}})",
    "l10n.redeemedNumber": "Prevzeto ({{number}})",
    "l10n.expiredNumber": "Poteklo ({{number}})",
    "l10n.alreadyOwnedUser": "Kupon za {{campaignName}} ste že prevzeli.",
    "l10n.alreadyOwnedUserFallback": "Kupon za to akcijo ste že prevzeli.",
    "l10n.enterCouponCode": "Vnesite kodo kupona",
    "l10n.learnMoreAboutCoupons": "Izvedite več o kuponih",
    "l10n.rewardsHwReqNotMet": "Ne ustrezate zahtevam glede strojne opreme za prevzem.",
    "l10n.rewardsRegionReqNotMet": "Ne ustrezate zahtevam glede območja za prevzem.",
    "l10n.rewardsHwAndRegionReqsNotMet": "Ne ustrezate zahtevam glede strojne opreme in območja za prevzem.",
    "l10n.rewardsMinReqsNotMet": "Ne ustrezate zahtevam za prevzem.",
    "l10n.whereToFindCoupons": "Kje lahko najdem kodo kupona?",
    "l10n.checkCouponRetailer": "GeForce&reg; RTX Sveženj: Preverite račun, e-pošto ali fizični kupon od nakupnega mesta.",
    "l10n.gfeGiveaway": "GeForce Experience&trade; Reklamno darilo: NVIDIA občasno po e-pošti pošlje brezplačne kode za igre uporabnikom, ki se prijavijo na GeForce komunikacije.",
    "l10n.redemptionIncomplete": "Prevzem nepopoln.",
    "l10n.updatingContent": "Posodabljanje vsebin...",
    "l10n.redeemOffline": "Prevzem trenutno ni dosegljiv.",
    "l10n.cpnMinRegUsrHwReqsNotMet": "Območje, v katerem ste, račun, ki ga uporabljate, in grafična kartica, ki ste jo namestili, niso primerni za aktiviranje te kode.",
    "l10n.rwdMinRegUsrHwReqsNotMet": "Območje, v katerem ste, račun, ki ga uporabljate, in grafična kartica, ki ste jo namestili, niso primerni za prevzem.",
    "l10n.cpnMinUsrHwReqsNotMet": "Račun, ki ga uporabljate, in grafična kartica, ki ste jo namestili, niso primerni za aktiviranje te kode.",
    "l10n.rwdMinUsrHwReqsNotMet": "Račun, ki ga uporabljate, in grafična kartica, ki ste jo namestili, niso primerni za prevzem.",
    "l10n.cpnMinRegUsrReqsNotMet": "Območje, v katerem ste, in račun, ki ga uporabljate, niso primerni za aktiviranje te kode.",
    "l10n.rwdMinRegUsrReqsNotMet": "Območje, v katerem ste, in račun, ki ga uporabljate, niso primerni za prevzem.",
    "l10n.cpnMinUsrReqsNotMet": "Račun, ki ga uporabljate, ni primeren za aktiviranje te kode.",
    "l10n.rwdMinUsrReqsNotMet": "Račun, ki ga uporabljate, ni primeren za prevzem.",
    "l10n.perksToBeUnlocked": "Ugodnosti bodo sproščene",
    "l10n.readyToRedeem": "Pripravljen za prevzem",
    "l10n.dismiss": "Opusti",
    "l10n.answer": "Odgovori",
    "l10n.incorrectAnswer": "Nepravilen odgovor. Poskusite znova.",
    "l10n.mathQuestion": "Zmnožite {{mulA}} x {{mulB}}, nato dodajte {{add}}, nato delite s {{div}}, nato odštejte {{sub}} = ?",
    "l10n.answerMathQuestion": "V skladu s kanadskim zakonom, morate pravilno odgovoriti na vprašanje za testiranje naslednje veščine, če želite zmagati.",
    "l10n.moreItemsAvailable": "Imate več elementov, ki jih lahko prevzamete"
}
