{
    "l10n.rewards": "รางวัล",
    "l10n.expiredRewards": "รางวัลที่หมดอายุแล้ว",
    "l10n.showExpired": "การแสดงหมดอายุแล้ว",
    "l10n.unclaimedRewards": "รางวัลที่ไม่ได้อ้างสิทธิ์",
    "l10n.claimedRewards": "รางวัลที่อ้างสิทธิ์แล้ว",
    "l10n.noRewards": "คุณไม่มีรางวัลใหม่",
    "l10n.terms": "ข้อกำหนดและเงื่อนไข",
    "l10n.agree": "ข้าพเจ้าตกลง",
    "l10n.expiresOn": "หมดอายุเมื่อ: {{date}}",
    "l10n.expiredOn": "หมดอายุเมื่อ: {{date}}",
    "l10n.claimedOn": "อ้างสิทธิ์เมื่อ",
    "l10n.redeemedOn": "แลกรางวัลเมื่อ: {{date}}",
    "l10n.acceptTerms": "คุณจะต้องยอมรับในข้อกำหนดและเงื่อนไขเพื่อที่จะสามารถแลกรางวัลได้",
    "l10n.printTerms": "คุณอาจต้องการพิมพ์ข้อกำหนดและเงื่อนไขเหล่านี้เพื่อเก็บบันทึกไว้",
    "l10n.redeem": "แลกรางวัล",
    "l10n.code": "รหัส",
    "l10n.viewCode": "ดูรหัส",
    "l10n.new": "ใหม่",
    "l10n.referAFriend": "อ้างถึงเพื่อน",
    "l10n.enterCode": "ป้อนรหัส",
    "l10n.owned": "เป็นเจ้าของแล้ว",
    "l10n.redeemed": "แลกรางวัลแล้ว",
    "l10n.expired": "หมดอายุแล้ว",
    "l10n.redeemCode": "รหัสแลกรางวัล",
    "l10n.redemptionHistory": "ประวัติการแลกรางวัล",
    "l10n.codeVerified": "รหัสได้รับการตรวจรับรองแล้ว",
    "l10n.noRedemptionsYet": "ดูเหมือนว่าคุณยังไม่ได้ใช้สิทธิ์แลกรางวัล",
    "l10n.enterCouponCodeOld": "ป้อนรหัสคูปองให้ตรงกับที่คุณเห็นพิมพ์บนคูปองของคุณหรือที่อีเมลถึงคุณ",
    "l10n.byClickingContinueAgreeToTerms": "โดยการคลิกแลกรางวัล ฉันได้ยอมรับใน<a ng-click=\"redeemReward.onTermsAndConditionsClicked($event)\" class=\"md-accent foreground\">ข้อกำหนดและเงื่อนไข</a>",
    "l10n.couponExpired": "รหัสคูปองที่คุณป้อนหมดอายุแล้ว",
    "l10n.checkCodeAndTryAgain": "รหัสไม่ถูกต้อง กรุณาตรวจสอบรหัสที่คุณป้อนและลองใหม่",
    "l10n.couponAlreadyRedeemed": "รหัสคูปองที่คุณป้อนได้ใช้สิทธิ์แลกรางวัลแล้ว",
    "l10n.minReqsNotMet": "คุณไม่ผ่านข้อกำหนดสำหรับการแลกรางวัลด้วยคูปองนี้",
    "l10n.minHardwareReqsNotMet": "คุณไม่ผ่านข้อกำหนดของฮาร์ดแวร์หรือภูมิภาคสำหรับการแลกรางวัลด้วยคูปองนี้",
    "l10n.minRegionReqsNotMet": "คุณไม่ผ่านข้อกำหนดของภูมิภาคสำหรับการแลกรางวัลด้วยคูปองนี้",
    "l10n.gameCongratulations": "ขอแสดงความยินดี! คุณได้เข้าถึงการส่งเสริมการขาย {{packageName}} แล้วในตอนนี้ คลิกแลกใช้ เพื่อดำเนินการต่อ",
    "l10n.cannotBeRedeemedYet": "คูปองนี้ยังไม่ได้ใช้สิทธิ์แลกรางวัล",
    "l10n.couldNotRetrieveRedemptionHistory": "มีปัญหาในการเรียกดูประวัติการแลกรับของคุณ ลองใหม่ในภายหลัง",
    "l10n.someRedemptionHistoryItemsMissing": "มีปัญหาในการเรียกดูประวัติการใช้สิทธิ์แลกรางวัลของคุณ บางรายการอาจไม่มีในขณะนี้",
    "l10n.sorryPromotionOver": "ไม่สามารถแลกรักคูปองได้ เนื่องจากการส่งเสริมการขายสิ้นสุดแล้ว",
    "l10n.unableToRedeemRewards": "ไม่สามารถแลกใช้รหัสคูปอง",
    "l10n.unableToAddRewards": "รางวัลไม่ถูกเพิ่มไปยังบัญชีที่เชื่อมโยงของฉัน",
    "l10n.unableToViewHistory": "ไม่สามารถดูประวัติการแลกใช้",
    "l10n.unableToProcessRedemption": "เราไม่สามารถดำเนินการแลกรางวัลของคุณได้ เนื่องจากมีปัญหาทางเทคนิค โปรดลองใหม่อีกครั้งภายหลัง",
    "l10n.redeemedAndExpired": "แลกใช้แล้วและหมดอายุแล้ว",
    "l10n.noRewardsRedeemedYet": "คุณยังไม่ได้แลกใช้รางวัลใด ๆ",
    "l10n.gfeRewards": "รางวัลของ GeForce Experience",
    "l10n.haveACouponCode": "มีคูปองหรือไม่",
    "l10n.refresh": "รีเฟรช",
    "l10n.availableTill": "ใช้ได้ถึงวันที่ {{date}}",
    "l10n.offlineCheckNetwork": "คุณกำลังออฟไลน์ โปรดตรวจสอบการเชื่อมต่อเครือข่ายแล้วลองอีกครั้ง",
    "l10n.unableToReachNvidia": "ไม่สามารถเข้าถึง  NVIDIA ในขณะนี้ โปรดลองใหม่อีกครั้งภายหลัง",
    "l10n.trackFutureRedemptions": "คุณสามารถติดตามการแลกรางวัลในอนาคตของคุณได้ที่นี่",
    "l10n.couponRedemption": "การแลกรางวัลคูปอง",
    "l10n.redeemACode": "แลกใช้ด้วยรหัส",
    "l10n.redemptionPortal": "ช่องทางการแลกรางวัล",
    "l10n.updateToRedeem": "อัปเดตไดรฟ์เวอร์ Game Ready ของคุณเพื่อแลกรางวัล",
    "l10n.campaignAlreadyOwned": "คุณแลกใช้คูปองสำหรับ {{campaignName}} กับ GPU ของคุณแล้ว",
    "l10n.couponAlreadyOwned": "คุณแลกใช้คูปองสำหรับแคมเปญนี้กับ GPU ของคุณแล้ว",
    "l10n.minHwRegReqsNotMet": "คุณไม่ผ่านข้อกำหนดของฮาร์ดแวร์และภูมิภาคสำหรับการแลกรางวัลด้วยคูปองนี้",
    "l10n.outOfStock": "รหัสคูปองที่คุณป้อนหมดแล้วและไม่สามารถใช้งานได้",
    "l10n.availableNumber": "พร้อมใช้งาน ({{number}})",
    "l10n.redeemedNumber": "แลกรางวัลแล้ว ({{number}})",
    "l10n.expiredNumber": "หมดอายุแล้ว ({{number}})",
    "l10n.alreadyOwnedUser": "คุณได้ใช้สิทธิ์แลกรางวัลด้วยคูปองสำหรับ {{campaignName}} แล้ว",
    "l10n.alreadyOwnedUserFallback": "คุณได้ใช้สิทธิ์แลกรางวัลด้วยคูปองสำหรับแคมเปญนี้แล้ว",
    "l10n.enterCouponCode": "ป้อนรหัสคูปอง",
    "l10n.learnMoreAboutCoupons": "เรียนรู้เพิ่มเติมเกี่ยวกับคูปอง",
    "l10n.rewardsHwReqNotMet": "คุณไม่ผ่านข้อกำหนดของฮาร์ดแวร์สำหรับการแลกรางวัล",
    "l10n.rewardsRegionReqNotMet": "คุุณไม่ผ่านข้อกำหนดของภูมิภาคสำหรับการแลกรางวัล",
    "l10n.rewardsHwAndRegionReqsNotMet": "คุณไม่ผ่านข้อกำหนดของฮาร์ดแวร์หรือภูมิภาคสำหรับการแลกรางวัล",
    "l10n.rewardsMinReqsNotMet": "คุณไม่ผ่านข้อกำหนดสำหรับการแลกรางวัล",
    "l10n.whereToFindCoupons": "ฉันจะหารหัสคูปองได้จากที่ใด",
    "l10n.checkCouponRetailer": "ชุดรวม GeForce&reg; RTX: ตรวจสอบใบเสร็จรับเงิน, อีเมล หรือคูปองจากสถานที่ที่จัดจำหน่าย",
    "l10n.gfeGiveaway": "ของแถมจาก GeForce Experience&trade;: NVIDIA จะส่งอีเมลรหัสสำหรับฟรีเกมให้กับผู้ที่เลือกรับการติดต่อสื่อสารกับ GeForce เป็นระยะๆ",
    "l10n.redemptionIncomplete": "การแลกของรางวัลไม่เสร็จสมบูรณ์",
    "l10n.updatingContent": "กำลังอัพเดตเนื้อหา...",
    "l10n.redeemOffline": "การแลกรางวัลอยู่ในโหมดออฟไลน์ชั่วคราว",
    "l10n.cpnMinRegUsrHwReqsNotMet": "ภูมิภาคที่คุณอยู่ บัญชีที่คุณใช้ และการ์ดกราฟิกที่คุณได้ติดตั้ง ไม่ได้รับสิทธิ์ในการเปิดใช้งานรหัสนี้",
    "l10n.rwdMinRegUsrHwReqsNotMet": "ภูมิภาคที่คุณอยู่ บัญชีที่คุณใช้ และการ์ดกราฟิกที่คุณได้ติดตั้ง ไม่ได้รับสิทธิ์ในการแลกรางวัล",
    "l10n.cpnMinUsrHwReqsNotMet": "บัญชีที่คุณใช้ และการ์ดกราฟิกที่คุณได้ติดตั้ง ไม่ได้รับสิทธิ์ในการเปิดใช้งานรหัสนี้",
    "l10n.rwdMinUsrHwReqsNotMet": "บัญชีที่คุณใช้และการ์ดกราฟิกที่คุณได้ติดตั้งไม่ได้รับสิทธิ์ในการแลกรางวัล",
    "l10n.cpnMinRegUsrReqsNotMet": "ภูมิภาคที่คุณอยู่และบัญชีที่คุณใช้ไม่ได้รับสิทธิ์ในการเปิดใช้งานรหัสนี้",
    "l10n.rwdMinRegUsrReqsNotMet": "ภูมิภาคที่คุณอยู่และบัญชีที่คุณใช้ไม่ได้รับสิทธิ์ในการแลกรางวัล",
    "l10n.cpnMinUsrReqsNotMet": "บัญชีที่คุณใช้ไม่ได้รับสิทธิ์ในการเปิดใช้งานรหัสนี้",
    "l10n.rwdMinUsrReqsNotMet": "บัญชีที่คุณใช้ไม่ได้รับสิทธิ์ในการแลกรางวัล",
    "l10n.perksToBeUnlocked": "สามารถปลดล็อกสกิล",
    "l10n.readyToRedeem": "พร้อมแลกรางวัล",
    "l10n.dismiss": "บอกเลิก",
    "l10n.answer": "คำตอบ",
    "l10n.incorrectAnswer": "คำตอบไม่ถูกต้อง ลองอีกครั้ง",
    "l10n.mathQuestion": "คูณ {{mulA}} x {{mulB}} จากนั้นบวกด้วย {{add}}แล้วหาร {{div}} ต่อจากนั้นลบออกด้วย {{sub}} = ?",
    "l10n.answerMathQuestion": "ตามข้อกำหนดของกฎหมายแห่งแคนาดา โปรดตอบคำถามการทดสอบทักษะต่อไปนี้ให้ถูกต้องเพื่อพิสูจน์ว่าเป็นผู้ชนะรางวัล",
    "l10n.moreItemsAvailable": "คุณมีรายการที่พร้อมแลกรางวัลเพิ่มขึ้น"
}
