{
    "l10n.rewards": "Ödüller",
    "l10n.expiredRewards": "Süresi Dolan Ödüller",
    "l10n.showExpired": "Süresi Dolanları Göster",
    "l10n.unclaimedRewards": "Alınmamış Ödüller",
    "l10n.claimedRewards": "Alınmış Ödüller",
    "l10n.noRewards": "Ödülünüz yok.",
    "l10n.terms": "Hükümler ve Şartlar",
    "l10n.agree": "Kabul Ediyorum",
    "l10n.expiresOn": "Süresi şu tarihte dolacak: {{date}}",
    "l10n.expiredOn": "Süresi şu tarihte doldu: {{date}}",
    "l10n.claimedOn": "Şu tarihte alındı:",
    "l10n.redeemedOn": "Kod şu tarihte kullanıldı: {{date}}",
    "l10n.acceptTerms": "Bu ödülü alabilmek için Hükümler ve Şartlar belgesini kabul etmeniz gerekiyor.",
    "l10n.printTerms": "İsterseniz bu hükümler ve şartlar belgesini yazdırıp saklayabilirsiniz.",
    "l10n.redeem": "Kod Kullan",
    "l10n.code": "Kod",
    "l10n.viewCode": "Kodu Görüntüle",
    "l10n.new": "Yeni",
    "l10n.referAFriend": "Bir arkadaşınızı gönderin",
    "l10n.enterCode": "Kod gir",
    "l10n.owned": "Var",
    "l10n.redeemed": "Kod Kullanıldı",
    "l10n.expired": "Süresi doldu",
    "l10n.redeemCode": "Kodu kullan",
    "l10n.redemptionHistory": "Kod kullanma geçmişi",
    "l10n.codeVerified": "Kod doğrulandı",
    "l10n.noRedemptionsYet": "Henüz herhangi bir kod kullanma işlemi yapmamış görünüyorsunuz",
    "l10n.enterCouponCodeOld": "Kuponunuzda basılı olan veya e-postayla size gönderilen kupon kodunu aynen girin.",
    "l10n.byClickingContinueAgreeToTerms": "Kod Kullan düğmesini tıklatarak <a ng-click=\"redeemReward.onTermsAndConditionsClicked($event)\" class=\"md-accent foreground\">Hükümler ve Şartlar</a> belgesini kabul ettiğimi onaylıyorum.",
    "l10n.couponExpired": "Girdiğiniz kupon kodunun süresi dolmuş",
    "l10n.checkCodeAndTryAgain": "Geçersiz kod. Girdiğiniz kodu kontrol edip tekrar deneyin.",
    "l10n.couponAlreadyRedeemed": "Girdiğiniz kupon kodu daha önce zaten kullanıldı",
    "l10n.minReqsNotMet": "Bu kuponu kullanmak için gereklilikleri karşılamıyorsunuz.",
    "l10n.minHardwareReqsNotMet": "Durumunuz, bu kupon kodunu kullanmak için gereken donanım gerekliliklerini karşılamıyor.",
    "l10n.minRegionReqsNotMet": "Durumunuz, bu kupon kodunu kullanmak için gereken bölge gerekliliklerini karşılamıyor.",
    "l10n.gameCongratulations": "Tebrikler! Artık {{packageName}} promosyonuna erişiminiz var. Devam etmek için Kod Kullan düğmesini tıklatın.",
    "l10n.cannotBeRedeemedYet": "Bu kupon kodu henüz kullanılamaz.",
    "l10n.couldNotRetrieveRedemptionHistory": "Kod kullanma geçmişinizin alınması sırasında sorun çıktı. Daha sonra tekrar deneyin.",
    "l10n.someRedemptionHistoryItemsMissing": "Kod kullanma geçmişinizin alınması sırasında sorun çıktı. Şu anda bazı öğeler eksik olabilir.",
    "l10n.sorryPromotionOver": "Promosyon bittiğinden dolayı kupon kodu kullanılamaz",
    "l10n.unableToRedeemRewards": "Kupon kodu kullanılamıyor",
    "l10n.unableToAddRewards": "Ödül, bağlı hesaba eklenmedi",
    "l10n.unableToViewHistory": "Kod kullanma geçmişi görüntülenemiyor",
    "l10n.unableToProcessRedemption": "Teknik zorluklardan dolayı kullanımınızı işleme koyamadık. Daha sonra tekrar deneyin",
    "l10n.redeemedAndExpired": "Kod Kullanıldı ve Süresi Doldu",
    "l10n.noRewardsRedeemedYet": "Henüz herhangi bir ödül kodunu kullanmadınız",
    "l10n.gfeRewards": "GeForce Experience Ödülleri",
    "l10n.haveACouponCode": "Kupon kodunuz mu var?",
    "l10n.refresh": "Yenile",
    "l10n.availableTill": "{{date}} tarihine kadar geçerlidir",
    "l10n.offlineCheckNetwork": "Çevrimdışısınız. Ağ bağlantınızı kontrol edip tekrar deneyin.",
    "l10n.unableToReachNvidia": "Şu anda NVIDIA'ya erişilemiyor. Lütfen daha sonra tekrar deneyin.",
    "l10n.trackFutureRedemptions": "İleride sunulacak ödül veya kodları buradan izleyebilirsiniz.",
    "l10n.couponRedemption": "Kupon kodu kullanma",
    "l10n.redeemACode": "Kod kullan",
    "l10n.redemptionPortal": "Kod kullanma portalı",
    "l10n.updateToRedeem": "Kodu kullanmak için Game Ready Sürücü'nüzü güncelleştirin",
    "l10n.campaignAlreadyOwned": "GPU'nuzda {{campaignName}} için zaten bir kupon kodu kullandınız.",
    "l10n.couponAlreadyOwned": "GPU'nuzda bu kampanya için zaten bir kupon kodu kullandınız.",
    "l10n.minHwRegReqsNotMet": "Durumunuz, bu kupon kodunu kullanmak için gereken donanım ve bölge gerekliliklerini karşılamıyor.",
    "l10n.outOfStock": "Girdiğiniz kupon kodu stokta yok ve artık kullanılamaz.",
    "l10n.availableNumber": "Kullanılabilir durumda ({{number}})",
    "l10n.redeemedNumber": "Kullanıldı ({{number}})",
    "l10n.expiredNumber": "Süresi doldu ({{number}})",
    "l10n.alreadyOwnedUser": "{{campaignName}} için zaten bir kupon kullandınız.",
    "l10n.alreadyOwnedUserFallback": "Bu kampanya için zaten kupon kullandınız.",
    "l10n.enterCouponCode": "Kupon kodunu girin",
    "l10n.learnMoreAboutCoupons": "Kuponlar hakkında daha fazla bilgi edinin",
    "l10n.rewardsHwReqNotMet": "Kullanmak için donanım gereksinimini karşılamıyorsunuz.",
    "l10n.rewardsRegionReqNotMet": "Kullanmak için bölge gereksinimini karşılamıyorsunuz.",
    "l10n.rewardsHwAndRegionReqsNotMet": "Kullanmak için donanım ve bölge gereksinimini karşılamıyorsunuz.",
    "l10n.rewardsMinReqsNotMet": "Kullanmak için gereksinimleri karşılamıyorsunuz.",
    "l10n.whereToFindCoupons": "Kupon kodumu nerede bulabilirim?",
    "l10n.checkCouponRetailer": "GeForce&reg; RTX Paketi: Satın aldığınız yerden makbuz, e-posta veya fiziki kupon olup olmadığını kontrol edin.",
    "l10n.gfeGiveaway": "GeForce Experience&trade; Hediye: NVIDIA düzenli aralıklarla, GeForce iletişim seçeneklerinden yararlanan kullanıcılara ücretsiz oyun kodları gönderir.",
    "l10n.redemptionIncomplete": "Kod kullanma işlemi tamamlanmadı.",
    "l10n.updatingContent": "İçerik güncelleştiriliyor...",
    "l10n.redeemOffline": "Kod kullanımı şu anda çevrimdışı.",
    "l10n.cpnMinRegUsrHwReqsNotMet": "Bulunduğunuz bölge, kullanmakta olduğunuz hesap ve kurulu olan grafik donanımınız bu kodu etkinleştirmek için uygun değil.",
    "l10n.rwdMinRegUsrHwReqsNotMet": "Bulunduğunuz bölge, kullanmakta olduğunuz hesap ve kurulu olan grafik donanımınız bu kodu kullanmak için uygun değil.",
    "l10n.cpnMinUsrHwReqsNotMet": "Kullanmakta olduğunuz hesap ve kurulu olan grafik donanımınız bu kodu etkinleştirmek için uygun değil.",
    "l10n.rwdMinUsrHwReqsNotMet": "Kullanmakta olduğunuz hesap ve kurulu olan grafik donanımınız bu kodu kullanmak için uygun değil.",
    "l10n.cpnMinRegUsrReqsNotMet": "Bulunduğunuz bölge ve kullanmakta olduğunuz hesap bu kodu etkinleştirmek için uygun değil.",
    "l10n.rwdMinRegUsrReqsNotMet": "Bulunduğunuz bölge ve kullanmakta olduğunuz hesap bu kodu kullanmak için uygun değil.",
    "l10n.cpnMinUsrReqsNotMet": "Kullanmakta olduğunuz hesap bu kodu etkinleştirmek için uygun değil.",
    "l10n.rwdMinUsrReqsNotMet": "Kullanmakta olduğunuz hesap bu kodu kullanmak için uygun değil.",
    "l10n.perksToBeUnlocked": "Kilidi açılacak avantajlar",
    "l10n.readyToRedeem": "Kod kullanmaya hazır",
    "l10n.dismiss": "Bırak",
    "l10n.answer": "Yanıtla",
    "l10n.incorrectAnswer": "Yanlış yanıt. Yeniden deneyin.",
    "l10n.mathQuestion": "{{mulA}} x {{mulB}} sayılarını birbiriyle çarpın, sonra {{add}} sayısını ekleyin, sonra {{div}} sayısına bölün, sonra sonuçtan {{sub}} sayısını çıkartın = ?",
    "l10n.answerMathQuestion": "Kanada kanunları uyarınca, kazanan olarak ilan edilebilmek için lütfen şu beceri testini yanıtlayın.",
    "l10n.moreItemsAvailable": "Kullanılabilir durumda daha fazla öğeniz var"
}
