{
    "l10n.rewards": "獎勵",
    "l10n.expiredRewards": "過期的獎勵",
    "l10n.showExpired": "顯示過期的",
    "l10n.unclaimedRewards": "未領取的獎勵",
    "l10n.claimedRewards": "已領取的獎勵",
    "l10n.noRewards": "您沒有任何獎勵。",
    "l10n.terms": "條款和條件",
    "l10n.agree": "我同意",
    "l10n.expiresOn": "到期日：{{date}}",
    "l10n.expiredOn": "已到期日期：{{date}}",
    "l10n.claimedOn": "領取日期",
    "l10n.redeemedOn": "兌換日期：{{date}}",
    "l10n.acceptTerms": "您必須同意條款和條件才能兌換獎勵。",
    "l10n.printTerms": "最好將這些條款和條件列印出來作為存檔記錄。",
    "l10n.redeem": "兌換",
    "l10n.code": "代碼",
    "l10n.viewCode": "檢視代碼",
    "l10n.new": "新增",
    "l10n.referAFriend": "推薦好友",
    "l10n.enterCode": "輸入代碼",
    "l10n.owned": "已擁有",
    "l10n.redeemed": "已兌換",
    "l10n.expired": "已過期",
    "l10n.redeemCode": "兌換代碼",
    "l10n.redemptionHistory": "兌換記錄",
    "l10n.codeVerified": "代碼已確認",
    "l10n.noRedemptionsYet": "看起來您還沒有任何兌換",
    "l10n.enterCouponCodeOld": "完全依照您的優待券上所印的或是送給您的電子郵件中所註明的優待券代碼來輸入。",
    "l10n.byClickingContinueAgreeToTerms": "一旦按一下兌換，即表示我同意接受<a ng-click=\"redeemReward.onTermsAndConditionsClicked($event)\" class=\"md-accent foreground\">條款和條件</a>",
    "l10n.couponExpired": "您所輸入的優待券代碼已經過期",
    "l10n.checkCodeAndTryAgain": "代碼無效。請檢查您所輸入的代碼，然後再試一次。",
    "l10n.couponAlreadyRedeemed": "您所輸入的優待券代碼已經被兌換",
    "l10n.minReqsNotMet": "您不符合兌換這張優待券的規定。",
    "l10n.minHardwareReqsNotMet": "您不需要符合硬體規定即可兌換這張優待券。",
    "l10n.minRegionReqsNotMet": "您不符合兌換這張優待券的區域規定。",
    "l10n.gameCongratulations": "恭喜！您現在可以存取 {{packageName}} 促銷了。按一下兌換以繼續。",
    "l10n.cannotBeRedeemedYet": "這張優待券還不能兌換。",
    "l10n.couldNotRetrieveRedemptionHistory": "擷取您的兌換歷史記錄時發生問題。請稍後再試。",
    "l10n.someRedemptionHistoryItemsMissing": "擷取您的兌換記錄時發生了問題。此時可能缺少某些項目。",
    "l10n.sorryPromotionOver": "因為促銷活動已經結束，所以無法兌換優待券",
    "l10n.unableToRedeemRewards": "無法兌換優待券代碼",
    "l10n.unableToAddRewards": "獎勵並未新增至我的連結帳戶",
    "l10n.unableToViewHistory": "無法檢視兌換記錄",
    "l10n.unableToProcessRedemption": "由於技術問題，我們無法處理您的抵用卷。請稍後再試。",
    "l10n.redeemedAndExpired": "已兌換且已過期",
    "l10n.noRewardsRedeemedYet": "您尚未兌換任何獎勵",
    "l10n.gfeRewards": "GeForce Experience 獎勵",
    "l10n.haveACouponCode": "有優待券代碼嗎？",
    "l10n.refresh": "重新整理",
    "l10n.availableTill": "使用期限為 {{date}}",
    "l10n.offlineCheckNetwork": "您目前是離線狀態。請檢查您的網路連線，然後再試一次。",
    "l10n.unableToReachNvidia": "此時無法連絡 NVIDIA。請稍後再試",
    "l10n.trackFutureRedemptions": "您可以在此追蹤您日後的任何兌換。",
    "l10n.couponRedemption": "優待券兌換",
    "l10n.redeemACode": "兌換代碼",
    "l10n.redemptionPortal": "兌換入口網站",
    "l10n.updateToRedeem": "更新您的具遊戲功能的驅動程式以進行兌換",
    "l10n.campaignAlreadyOwned": "您已經在您的 GPU 上用優待券兌換了 {{campaignName}}。",
    "l10n.couponAlreadyOwned": "您已經在您的 GPU 上用優待券兌換了這項活動。",
    "l10n.minHwRegReqsNotMet": "您不符合兌換這張優待券的硬體和區域規定。",
    "l10n.outOfStock": "您所輸入的優待券代碼產品缺貨並且不再可供使用。",
    "l10n.availableNumber": "可用 ({{number}})",
    "l10n.redeemedNumber": "已兌換 ({{number}})",
    "l10n.expiredNumber": "已過期 ({{number}})",
    "l10n.alreadyOwnedUser": "您已經兌換了 {{campaignName}} 的優待券。",
    "l10n.alreadyOwnedUserFallback": "您已經兌換了這個行銷活動的優待券。",
    "l10n.enterCouponCode": "輸入折價卷代碼",
    "l10n.learnMoreAboutCoupons": "學習更多有關折價卷的資訊",
    "l10n.rewardsHwReqNotMet": "無法滿足硬體需求以致無法兌換",
    "l10n.rewardsRegionReqNotMet": "無法滿足地區要求以致無法兌換",
    "l10n.rewardsHwAndRegionReqsNotMet": "無法滿足硬體與地區要求以致無法兌換",
    "l10n.rewardsMinReqsNotMet": "無法滿足要求以致無法兌換",
    "l10n.whereToFindCoupons": "我可以在哪裡找到折價券代碼?",
    "l10n.checkCouponRetailer": "GeForce&reg; RTX;查看收據，電子郵件,或購買店家所提供的折價卷。",
    "l10n.gfeGiveaway": "贈送 GeForce Experience&trade;: NVIDIA 會定期由電子郵件寄送免費遊戲代碼給參加 GeForce 溝通平台的使用者。",
    "l10n.redemptionIncomplete": "兌換未完成。",
    "l10n.updatingContent": "正在更新內容...",
    "l10n.redeemOffline": "兌換暫時離線。",
    "l10n.cpnMinRegUsrHwReqsNotMet": "您所在的地區、您所使用的帳戶以及您所安裝的圖形卡都不符合啟動此代碼的條件。",
    "l10n.rwdMinRegUsrHwReqsNotMet": "您所在的地區、您所使用的帳戶以及您所安裝的圖形卡都不符合兌換的條件。",
    "l10n.cpnMinUsrHwReqsNotMet": "您所使用的帳戶以及您所安裝的圖形卡都不符合啟動此代碼的條件。",
    "l10n.rwdMinUsrHwReqsNotMet": "您所使用的帳戶以及您所安裝的圖形卡都不符合兌換的條件。",
    "l10n.cpnMinRegUsrReqsNotMet": "您所在的地區以及您所使用的帳戶都不符合啟動此代碼的條件。",
    "l10n.rwdMinRegUsrReqsNotMet": "您所在的地區以及您所使用的帳戶都不符合兌換的條件。",
    "l10n.cpnMinUsrReqsNotMet": "您所使用的帳戶不符合啟動此代碼的條件。",
    "l10n.rwdMinUsrReqsNotMet": "您所使用的帳戶不符合兌換的條件。",
    "l10n.perksToBeUnlocked": "可解鎖的津貼",
    "l10n.readyToRedeem": "可以開始兌換了",
    "l10n.dismiss": "消除",
    "l10n.answer": "回答",
    "l10n.incorrectAnswer": "回答不正確。再試一次。",
    "l10n.mathQuestion": "{{mulA}} x {{mulB}} 相乘，再加 {{add}}，然後除以 {{div}}，再減 {{sub}} = ?",
    "l10n.answerMathQuestion": "根據加拿大的法律規定，請正確地回答以下技能測試問題以被宣佈為優勝者。",
    "l10n.moreItemsAvailable": "您有更多物品可以兌換"
}
