{
    "l10n.gfe": "GeForce Experience",
    "l10n.instantReplay": "Миттєвий повтор",
    "l10n.manualRecord": "Запис",
    "l10n.stream": "Трансляція",
    "l10n.gallery": "Галерея",
    "l10n.highlights": "Найкращі моменти",
    "l10n.on": "Увімк.",
    "l10n.off": "Вимк.",
    "l10n.instantReplayStart": "Увімкнути",
    "l10n.instantReplayStop": "Вимкнути",
    "l10n.customize": "Налаштування",
    "l10n.recording": "Запис",
    "l10n.notRecording": "Запис вимкнений",
    "l10n.start": "Увімкнути",
    "l10n.stop": "Зупинити",
    "l10n.pause": "Пауза",
    "l10n.resume": "Поновити",
    "l10n.save": "Зберегти",
    "l10n.saveToGallery": "Зберегти в Галерею",
    "l10n.upload": "Загальний доступ",
    "l10n.uploadHistory": "Відправити історію",
    "l10n.viewUploadHistory": "Переглянути історію завантажень",
    "l10n.openLocation": "Відкрити папку файла",
    "l10n.stopAndSave": "Зупинити і зберегти",
    "l10n.guest": "Керування гостей",
    "l10n.invite": "Відправити запрошення",
    "l10n.copyInvite": "Копіювати URL-адресу запрошення",
    "l10n.cancelInvite": "Відмінити запрошення",
    "l10n.pushToTalk": "Push-to-talk",
    "l10n.alwaysOn": "Завжди увімк.",
    "l10n.quality": "Якість:",
    "l10n.low": "Низька",
    "l10n.medium": "Средня",
    "l10n.high": "Высока",
    "l10n.ultra": "Ультра",
    "l10n.custom": "Користувацька",
    "l10n.resolution": "Розподільча здатність:",
    "l10n.framerate": "кадріва частота:",
    "l10n.bitrate": "Швидкість передачі:",
    "l10n.replayLength": "Тривалість повтору:",
    "l10n.inGame": "Гра",
    "l10n.open": "Відкрити",
    "l10n.back": "Назад",
    "l10n.done": "Готово",
    "l10n.recent": "Останні нагороди",
    "l10n.all": "Всі нагороди",
    "l10n.remove": "Видалити",
    "l10n.keep": "Зберегти",
    "l10n.openURL": "Відкрити URL",
    "l10n.copyURL": "Копіювати URL-адресу",
    "l10n.clearList": "Очистити список",
    "l10n.noItems": "Немає елементів для відображення.",
    "l10n.confirmRemoveRecording": "Видалити цей запис з вашої системи?",
    "l10n.confirmRemoveScreenshot": "Видалити цей скріншот з вашої системи?",
    "l10n.preferences": "Параметри",
    "l10n.preferencesHome": "Головна",
    "l10n.overlays": "Оверлеї",
    "l10n.hudLayout": "Розташування HUD",
    "l10n.keyboardShortcuts": "Сполучення клавіш",
    "l10n.showAll": "Показати все",
    "l10n.recordings": "Записи",
    "l10n.recordingsMta": "Записи (багатоканальне аудіо)",
    "l10n.screenshots": "Знімки екрана",
    "l10n.screenshotsEXR": "Скріншоти (EXR)",
    "l10n.highResolutionPhotos": "Фото надвисокої розп.здат.",
    "l10n.360PhotoSpheres": "Панорамне фото",
    "l10n.screenshots3D": "Знімки екрана (стерео)",
    "l10n.360PhotoSpheres3D": "Панорамне фото (стерео)",
    "l10n.screenshot": "Знімок екрана",
    "l10n.screenshotEXR": "Скріншот (EXR)",
    "l10n.highResolutionPhoto": "Фото надвисокої розп.здат",
    "l10n.360PhotoSphere": "Панорамне фото",
    "l10n.screenshot3D": "Знімок екрана (стерео)",
    "l10n.360PhotoSphere3D": "Панорамне фото (стерео)",
    "l10n.3Dscreenshot": "Стерео-скріншот",
    "l10n.3D360PhotoSphere": "Стереофотопанорама",
    "l10n.EXRscreenshot": "скріншот EXR",
    "l10n.camera": "Камера",
    "l10n.statusIndicator": "Індикатор стану",
    "l10n.statusIndicators": "Індикатори стану",
    "l10n.fpsCounter": "Лічильник кадрів",
    "l10n.viewers": "Глядачі",
    "l10n.myRigDetails": "Моя система",
    "l10n.comments": "Коментарі",
    "l10n.position": "Положення:",
    "l10n.size": "Розмір:",
    "l10n.general": "Загальне",
    "l10n.openShare": "Відкрити/закрити внутр-ігровий оверлей",
    "l10n.activatePushToTalk": "Увімкнути Push-to-talk",
    "l10n.toggleMic": "Увімкнення/вимкнення мікрофона",
    "l10n.toggleFPS": "Увімкнути/вимкнути лічильник кадрів",
    "l10n.toggleIR": "Увімкнення/вимкнення миттєвого повтору",
    "l10n.saveScreenshot": "Зберегти знімок екрана в галерею",
    "l10n.saveLast5Mins": "Зберегти останні 5 хвилин запису",
    "l10n.saveLastNMins": "Зберегти останні {{minutesToSave}} хв запису",
    "l10n.toggleRecording": "Увімкнути/вимкнути запис у ручному режимі і зберегти її",
    "l10n.toggleBroadcasting": "Увімкнення/вимкнення трансляції",
    "l10n.pauseResume": "Зупинити/відновити трансляцію",
    "l10n.toggleCamera": "Увімкнення/вимкнення камери під час трансляції",
    "l10n.toggleOverlay": "Увімкнення/вимкнення користувацького оверлею під час трансляції",
    "l10n.commentHotkey": "Увімкнути/вимкнути комментарії під час трансляції на Facebook",
    "l10n.broadcastTarget": "Трансляція гри з {{hostMachineName}} на:",
    "l10n.broadcastOverlay": "Користувацький оверлей",
    "l10n.broadcastOverlays": "Користувацькі оверлеї",
    "l10n.slotEmpty": "Слот {{slotNumber}} - порожньо",
    "l10n.switchOverlay": "Перемкнутися на користувацький оверлей {{overlayNumber}}",
    "l10n.broadcastIngest": "Приймаючий сервер",
    "l10n.ingestServerForTwitch": "Приймаючий сервер для Twitch",
    "l10n.alwaysAskMe": "Завжди питати",
    "l10n.twitch": "Twitch",
    "l10n.youTube": "YouTube",
    "l10n.imgur": "Imgur",
    "l10n.googlePhotos": "Google Фото",
    "l10n.facebook": "Facebook",
    "l10n.weibo": "Weibo",
    "l10n.shotWithGeForce": "ShotWithGeForce.com",
    "l10n.qq": "QQ",
    "l10n.doNotBroadcast": "Не транслювати",
    "l10n.customOverlayFile": "Файл:",
    "l10n.twitchIngest": "Twitch:",
    "l10n.privacyControl": "Налаштування конфіденційності",
    "l10n.privacyControlLabel": "Увімкнути запис робочого столу для миттєвого повтору, записи, ПРЯМОЇ трансляції та скріншотів?",
    "l10n.broadcastControlLabel": "Увімкнути трансляцію ігрового процесу вFacebook, Twitch и YouTube?",
    "l10n.yes": "Так",
    "l10n.no": "Ні",
    "l10n.streamLabel": "Дозволити друзям підключатися для гри як гість?",
    "l10n.folderBrowserTitleVideos": "Записи > Відео",
    "l10n.folderBrowserTitleTempFiles": "Записи > Тимчасові файли",
    "l10n.folderBrowserTitleHighlights": "найкращі моменти > Тимчасові файли",
    "l10n.videosLabel": "Відео:",
    "l10n.tempFilesLabel": "Тимчасові файли:",
    "l10n.select": "Виділення",
    "l10n.paused": "Призупинено",
    "l10n.broadcasting": "Трансляція",
    "l10n.notBroadcasting": "Трансляція вимкнена",
    "l10n.memoryInMB": "{{arg1}}МБ",
    "l10n.memoryInGB": "{{arg1}}ГБ",
    "l10n.instantReplayTime1": "{{arg1}} сек. ({{arg2}})",
    "l10n.instantReplayTime2": "{{arg1}} хв. ({{arg2}})",
    "l10n.instantReplayTime2a": "{{arg1}} хв. ({{arg2}})",
    "l10n.instantReplayTime3": "{{arg1}} хв. {{arg2}} сек. ({{arg3}})",
    "l10n.instantReplayTime3a": "{{arg1}} хв. {{arg2}} сек. ({{arg3}})",
    "l10n.notificationOpenShare": "Натисніть {{arg1}}, щоб використовувати внутрішньо-ігровий оверлей GeForce Experience",
    "l10n.notificationInstantReplayStarted": "Запис миттєвого повтора увімкнений",
    "l10n.notificationInstantReplayStopped": "Запис миттєвого повтора вимкнений",
    "l10n.notificationInstantReplaySaved": "Збережено останні {{arg1}} хв. {{arg2}} сек.",
    "l10n.notificationInstantReplaySavedToGallery": "У галерею збережені останні {{arg1}} хв. {{arg2}} сек.",
    "l10n.notificationManualRecordStarted": "Запис розпочато",
    "l10n.notificationManualRecordStopped": "Запис збережено",
    "l10n.notificationManualRecordStoppedAndSavedToGallery": "Запис збережено у галерею",
    "l10n.notificationBroadcastStarted": "Трансляція на {{arg1}} почалася",
    "l10n.notificationBroadcastPaused": "Трансляція на {{arg1}} призупинена",
    "l10n.notificationBroadcastResumed": "Трансляція на {{arg1}} відновлена",
    "l10n.notificationBroadcastStopped": "Трансляція на {{arg1}} зупинена",
    "l10n.notificationBroadcastStoppedByStreamer": "Трансляція на {{arg1}} зупинена. Спробуйте знизити якість трансляції і повторіть спробу.",
    "l10n.notificationBroadcastLogIn": "Спершу потрібно увійти в {{arg1}}. Перейдіть у Налаштування > Підключення і увійдіть.",
    "l10n.notificationBroadcastEnableStreaming": "Включите трансляцию на YouTube для использования этой функции",
    "l10n.notificationBroadcastFailed": "Ошибка трансляции на {{arg1}}",
    "l10n.notificationBroadcastDurationLeft": "Ваша Трансляція на {{arg1}} закончится через {{arg2}} мин.",
    "l10n.notificationBroadcast1MinLeft": "Ваша Трансляція на {{arg1}} закончится через 1 минуту.",
    "l10n.notificationBroadcastDurationEnds": "Ваша Трансляція на {{arg1}} закончилась.",
    "l10n.notificationCustomOverlayFileNotFound": "В слоте {{arg1}} нет пользовательского оверлея",
    "l10n.notificationCustomOverlayTurnedOff": "Нажмите {{arg1}} для отображения пользовательского оверлея во время трансляции.",
    "l10n.notificationCustomOverlayAllSlotEmpty": "Для использования этой функции выберите пользовательский оверлей в разделе Налаштування > ПРЯМА трансляція.",
    "l10n.notificationCoplayInvitationToCancelled": "Приглашение для {{arg1}} отменено",
    "l10n.notificationCoplayDonePlaying": "{{arg1}} закончил(а) играть",
    "l10n.notificationCoplayStoppedPlayingWith": "Прекращена игра с {{arg1}}",
    "l10n.notificationCoplayNowPlayingWith": "Сейчас играет с {{arg1}}",
    "l10n.notificationCoplayUnknownError": "Невозможно отправить приглашение",
    "l10n.notificationCoplayInvalidTo": "{{arg1}} не является допустимым адресом эл. почты",
    "l10n.notificationCoplayNetworkUnavailable": "Эту функцию можно использовать только при наличии подключения к Интернету",
    "l10n.notificationCoplayCopiedInvite": "Приглашение скопировано в буфер обмена",
    "l10n.notificationCoplaySendingInvite": "Отправка приглашения {{arg1}}",
    "l10n.notificationCoplayReadyPlay": "{{arg1}} готов играть в {{arg2}} в качестве гостя",
    "l10n.notificationCoplayCopyingInvite": "URL-адрес приглашения скопирован в буфер обмена. Используйте CTRL+V, чтобы вставить ссылку и пригласить своего друга.",
    "l10n.notificationCoplayPausedPlayingWith": "Приостановлена игра с {{arg1}}",
    "l10n.notificationCoplayStartNotFullscreen": "Невозможно начать игру: Игра отличается от первоначального приглашения",
    "l10n.notificationCoplayGameExited": "Приглашение отменено, поскольку вы вышли из игры",
    "l10n.notificationCoplayInviteFailed": "Приглашение не отправлено",
    "l10n.notificationCoplayCommunicationError": "Возникла внутренняя ошибка",
    "l10n.notificationCoplayStopGameShare": "Остановите трансляцию, чтобы использовать эту функцию",
    "l10n.notificationCoplayInviteExpired": "Действие вашего приглашения {{arg1}} присоединиться к игре {{arg2}} в качестве гостя истекло",
    "l10n.notificationCoplayInviteBlacklisted": "{{arg1}} не поддерживает трансляцию",
    "l10n.notificationCoplay5MinutesLeft": "Осталось играть 5 минут",
    "l10n.notificationCoplay1MinuteLeft": "Осталось играть 1 минуту",
    "l10n.notificationCoplayTimeIsUp": "Время вышло",
    "l10n.notificationScreenShotSaved": "Знімок екрану збережено",
    "l10n.notificationScreenshotSavedToGallery": "Знімок екрану збережено у галерею",
    "l10n.notificationPhotographicScreenshotSavedToGallery": "{{arg1}} збережено у галерею",
    "l10n.notificationWarningPhotographyNotAllowed": "Нельзя делать снимки внутриигровых видеороликов, скриптовых сценок, меню и определенных моментов игрового процесса",
    "l10n.notificationWarningFullscreenGameRequired": "Эту функцию можно использовать только в полноэкранном режиме",
    "l10n.notificationWarningStopBroadcastingToCustomize": "Остановите трансляцию, чтобы изменить Налаштування",
    "l10n.notificationWarningStopRecordingToCustomize": "Остановите запись, чтобы изменить Налаштування",
    "l10n.notificationWarningStopHighlightsToCustomize": "Прекратите играть в {{arg1}}, чтобы изменить Налаштування",
    "l10n.notificationWarningStopRecording": "Остановите запись, чтобы использовать эту функцию",
    "l10n.notificationWarningStopBroadcasting": "Остановите трансляцию, чтобы использовать эту функцию",
    "l10n.notificationWarningStopInstantReplay": "Отключите мгновенный повтор, чтобы воспользоваться этой функцией",
    "l10n.notificationWarningTurnOffHighlights": "Выключите лучшие моменты в меню «Просмотр подробных сведений»{{arg1}} перед началом трансляции.",
    "l10n.notificationWarningFailedToDeleteNotification": "Удаление не удалось. Запись открыта в другом приложении.",
    "l10n.notificationWarningGameRequired": "Цю функцію можна використовувати тільки у грі, що підтримується",
    "l10n.notificationWarningNvidiaGpuRequired": "Для использования этой функции запустите игру на ГП NVIDIA",
    "l10n.notificationUploadSuccess": "Загрузка на {{arg1}} завершена",
    "l10n.notificationUploadFailed": "Загрузка на {{arg1}} не удалась",
    "l10n.notificationUploadStarted": "Загрузка на {{arg1}} началась",
    "l10n.notificationYoutubeUploadNoChannel": "Создайте канал на YouTube, чтобы поделиться",
    "l10n.notificationUploadURLCopied": "URL-адрес скопирован в буфер обмена",
    "l10n.notificationWarningDesktopCaptureDisabled": "Для захвата рабочего стола перейдите в «Налаштування > Управление конфиденциальностью» и включите захват рабочего стола.",
    "l10n.notificationHighlightsSaved": "{{arg1}} сохранен",
    "l10n.notificationHighlightSaved": "Кращий момент збережено",
    "l10n.notificationHighlightSavedToGallery": "Кращий момент збережено у Галерею",
    "l10n.notificationHighlightManualRecordRunning": "Остановите запись {{arg1}} для сохранения лучших моментов {{arg2}}",
    "l10n.notificationHighlightBroadcastRunning": "Остановите трансляцию {{arg1}} для сохранения лучших моментов {{arg2}}",
    "l10n.connect": "Підключитися",
    "l10n.connectAccounts": "Связать учетные записи",
    "l10n.connectLogin": "Вхід",
    "l10n.connectLogout": "Вихід",
    "l10n.connectNotLoggedIn": "Не у системі.",
    "l10n.connectConnectedOn": "Підключено {{date}}",
    "l10n.cancel": "Скасувати",
    "l10n.canceling": "Скасування...",
    "l10n.watchesMePlay": "Смотрит, как я играю",
    "l10n.playsAsMe": "Играет вместо меня",
    "l10n.playsAlongsideMe": "Играет вместе со мной",
    "l10n.inviteAFriend": "Пригласить друга",
    "l10n.coplayFriendsEmail": "Эл. почта друга:",
    "l10n.coplayYourName": "Ваше ім'я:",
    "l10n.error": "Ошибка",
    "l10n.troubleshoot": "Диагностика",
    "l10n.close": "Закрыть",
    "l10n.notSupported": "Не поддерживается...",
    "l10n.notice": "Уведомление...",
    "l10n.systemRequirement": "Системні вимоги...",
    "l10n.copyFromDisplayName": "ваш друг",
    "l10n.aGame": "гра",
    "l10n.playingWith": "Гра з {{name}}",
    "l10n.pausedPlaying": "Гра {{name}} призупинена",
    "l10n.creatingInviteFor": "Стоврення запрошення для {{name}}",
    "l10n.inviteSentTo": "Запрошення відправлено {{name}}",
    "l10n.uploadVideoMarketingSuffix": "{{arg1}} | На основі GeForce",
    "l10n.uploadVideoMarketingSuffixNew": "{{arg1}} | Знято з допомогою GeForce",
    "l10n.uploadVideoMarketingSuffixMoments": "{{arg1}}: {{arg2}} | Знято з допомогою GeForce",
    "l10n.uploadMarketingSuffixWeibo": "{{arg1}} #用GEFORCEGTX摄制#",
    "l10n.screenshotTooLargeError": "Розмір цього знімка — {{arg1}} МБ. Максимально доступний розмір на {{arg2}} — {{arg3}} МБ.",
    "l10n.noHashtagError": "Щоб роділитися, видаліть всі хештеги із заголовку.",
    "l10n.savedAt": "Збережено в {{arg1}}",
    "l10n.placeholderTitle": "Додати заголовок",
    "l10n.bracketsValidationText": "Дужки заборонені",
    "l10n.videoDescriptionGpu": "ГП: {{arg1}}",
    "l10n.videoDescriptionCpu": "ЦП: {{arg1}}",
    "l10n.videoDescriptionMemory": "Пам'ять: {{arg1}} ({{arg2}} доступно)",
    "l10n.videoDescriptionResolution": "Поточна розп.здат: {{arg1}}",
    "l10n.videoDescriptionDriverVersion": "Версія драйвера: {{arg1}}",
    "l10n.videoDescriptionOS": "Операційна система: {{arg1}}",
    "l10n.hangout": "Hangout",
    "l10n.screenshotDiscovery": "Нажмите {{arg1}}, чтобы сохранить скриншот в Галерею",
    "l10n.keyboardShortcutDuplicate": "Уже используется, выберите другую комбинацию ключей",
    "l10n.keyboardShortcutUsedByGFN": "Горячая клавиша уже используется в GeForce NOW",
    "l10n.audio": "Аудіо",
    "l10n.systemSounds": "Системні звуки",
    "l10n.microphone": "Мікрофон",
    "l10n.recordingDevice": "Записувальний пристрій:",
    "l10n.source": "Джерело:",
    "l10n.volume": "Гучність:",
    "l10n.boost": "Підсилення:",
    "l10n.sampleRate": "Частота дискретизації:",
    "l10n.audioTrack": "Аудіодоріжки",
    "l10n.singleTrack": "Створити єдину доріжку",
    "l10n.separateTrack": "Розділити обидві доріжки",
    "l10n.channels": "Канали:",
    "l10n.stereo": "Стерео",
    "l10n.surround": "Surround 5.1/7.1",
    "l10n.percent": "Відсоток",
    "l10n.noMic": "Мікрофон недоступний",
    "l10n.warningAudioIrT1": "Увімкніть миттєвий повтор, щоб змінити кількість аудіодоріжок. Аудіо об'єднується в одну доріжку.",
    "l10n.warningAudioMrT1": "Зупиніть запис, щоб змінити кількість аудіодоріжок. Аудіо об'єднується в одну доріжку.",
    "l10n.warningAudioBrT1": "Зупиніть трансляцію, щоб змінити кількість аудіодоріжок. Аудіо об'єднується в одну доріжку.",
    "l10n.warningAudioHlT1": "Припиніть грати в {{arg1}}, щоб змінити кількість аудіодоріжок. Аудіо об'єднується в одну доріжку.",
    "l10n.warningAudioIrT2": "Вимкніть миттєвий повтор, щоб змінити кількість аудіодоріжок. Системні звуки й мікрофон зараз записуються у дві доріжки.",
    "l10n.warningAudioMrT2": "Вимкніть запис, щоб змінити кількість аудіодоріжок. Системні звуки й мікрофон зараз записуються у дві доріжки.",
    "l10n.warningAudioBrT2": "Вимкніть трансляцію, щоб змінити кількість аудіодоріжок. Системні звуки й мікрофон зараз записуються у дві доріжки.",
    "l10n.warningAudioHlT2": "Прекратите играть в {{arg1}}, щоб змінити кількість аудіодоріжок. Системні звуки й мікрофон зараз записуються у дві доріжки для режимів миттєвого повтору й запису. У режимі кращих моментів записується одна аудіодоріжка з системними звуками.",
    "l10n.inGamePhotography": "Натисніть {{arg1}}, щоб зробити знімок сцени",
    "l10n.capture": "Захоплення",
    "l10n.sizeAndPosition": "Розмір і положення",
    "l10n.captureResolution": "Розподільча здатність",
    "l10n.tilt": "Нахил",
    "l10n.roll": "Кут камери",
    "l10n.rotation": "Поворот",
    "l10n.degreeRight": "На {{arg1}}° вправо",
    "l10n.degreeLeft": "На {{arg1}}° влaво",
    "l10n.fieldOfView": "Кут огляду",
    "l10n.less": "Меньше",
    "l10n.more": "Більше",
    "l10n.darker": "Темніше",
    "l10n.brighter": "Яскравіше",
    "l10n.original": "Оригінал",
    "l10n.enhanced": "Покращений",
    "l10n.none": "Немає",
    "l10n.intense": "Насичений",
    "l10n.thick": "Товщина",
    "l10n.filter": "Фільтр",
    "l10n.snap": "Знімок",
    "l10n.snapPhoto": "Быстрый снимок",
    "l10n.photographTheScene": "Зробити знімок сцени",
    "l10n.photographingScene": "Создание снимка...",
    "l10n.lomo": "Lomo",
    "l10n.warm": "Теплые цвета",
    "l10n.chunkyGrain": "Зернистость",
    "l10n.noise": "Шум",
    "l10n.use": "Использовать",
    "l10n.normal": "Нормально",
    "l10n.images": "Изображения",
    "l10n.videos": "Видео",
    "l10n.myMicroBlog": "Мой микроблог",
    "l10n.experimental": "ЭКСПЕРИМЕНТАЛЬНО",
    "l10n.pageCouldNotBeLoaded": "Невозможно загрузить страницу. Проверьте подключение к Интернету и повторите попытку.",
    "l10n.retry": "Повторить",
    "l10n.notifications": "Сповіщення",
    "l10n.allNotifications": "Всі сповіщення",
    "l10n.savedLastRecordToGallery": "Останні X хвилин(и) Y секунд(и) збережені у Галерею",
    "l10n.statusNotifications": "Статус миттєвого повтору, запису і ПРЯМОЇ трансляції",
    "l10n.instantReplayOnOff": "Миттєвий повтор зараз увімкнено/вимкнено",
    "l10n.broadcastStarted": "Трансляція почалась/зупинена",
    "l10n.broadcastPaused": "Трансляція призупинена/відновлена",
    "l10n.settings": "Налаштування",
    "l10n.destination": "Шлях:",
    "l10n.postAs": "Опубликовать как:",
    "l10n.title": "Заголовок:",
    "l10n.audience": "Аудитория:",
    "l10n.public": "Публичный",
    "l10n.unlisted": "Нет в списке",
    "l10n.private": "Приватный",
    "l10n.friends": "Друзья",
    "l10n.onlyMe": "Только я",
    "l10n.message": "Сообщение:",
    "l10n.fieldNotUsed": "Поле не используется",
    "l10n.versionMismatch": "НЕСООТВЕТСТВИЕ ВЕРСИИ",
    "l10n.fileTooLargeWarning": "Файл PNG больше чем {{width}} x {{height}}. Выберите файл меньшего размера.",
    "l10n.fileCorruptWarning": "Этот файл PNG поврежден. Выберите другой файл.",
    "l10n.timeline": "Моя хроника",
    "l10n.managedPage": "На странице",
    "l10n.channel": "На моем канале",
    "l10n.groupMember": "В группе",
    "l10n.page": "Страница:",
    "l10n.group": "Группа:",
    "l10n.format": "Формат:",
    "l10n.videoRecording": "Запис відео",
    "l10n.animatedGIF": "Анимированные GIF",
    "l10n.GIFLengthUnitsSingular": "{{arg1}} cек.",
    "l10n.GIFLengthUnitsPlural": "{{arg1}} cек.",
    "l10n.location": "Местоположение:",
    "l10n.goLive": "Выставить на сайт",
    "l10n.photos": "Фотографии",
    "l10n.irOn": "Для съемки лучших моментов необходимо включить мгновенный повтор. Включить мгновенный повтор?",
    "l10n.irOff": "Выключение мгновенного повтора выключит функцию сохранения лучших моментов. Все равно выключить мгновенный повтор?",
    "l10n.highlightsInfo": "Автоматически сохраняет лучшие игровые моменты в Галерее. Вы сами задаете папку хранения и максимальный объем дискового пространства для временных файлов.",
    "l10n.highlightsMaxSpace": "Макс. об'єм дискового простору:",
    "l10n.highlightsMaxSpaceUsed": "Макс. об'єм дискового простору, що використовується",
    "l10n.captureScreenshot": "Для снимков всего рабочего стола необходимо включить запись рабочего стола. Включить запись рабочего стола и повторить попытку?",
    "l10n.captureRecording": "Включить запись рабочего стола и начать процесс записи?",
    "l10n.captureBroadcasting": "Включить запись рабочего стола и начать трансляцию?",
    "l10n.undoPrivacySettings": "Вы сможете отменить это в меню Налаштування > Налаштування конфиденциальности.",
    "l10n.tooltipUploadVideosToYouTube": "Поделиться видео на YouTube",
    "l10n.tooltipUploadScreenshotsToGooglePhotos": "Поделиться скриншотами на Google Фото",
    "l10n.tooltipUploadScreenshotsToImgur": "Поделиться скриншотами на Imgur",
    "l10n.tooltipUploadScreenshotsToWeibo": "Поделиться скриншотами на Weibo",
    "l10n.toottipUploadScreenshotsToSWGF": "Войдите в GeForce Experience, чтобы загрузить на ShotWithGeForce.com",
    "l10n.preferencesConnect": "Поделиться отличными моментами игры онлайн — это просто. Используйте текущие имя пользователя и пароль для всех сайтов, к которым подключаетесь. Установите разрешения для GeForce Experience во время входа. После подключения используйте кнопку Галерея в главном меню, чтобы легко загружать видеозаписи и снимки ваших игр.",
    "l10n.preferencesHUD": "Выберите элементы, которые хотите видеть на экране во время игры. Отрегулируйте положение каждого элемента и укажите, будет ли он отображаться. Камера видна только во время трансляции. Элементы отображаются даже во время записи всего рабочего стола. Чтобы включить или выключить запись рабочего стола, зайдите в меню Налаштування конфиденциальности.",
    "l10n.preferencesKeyboard": "Отрегулируйте назначения клавиш, чтобы избежать конфликтов с игровыми настройками управления. Каждое назначение должно быть уникальным, может включать клавиши-модификаторы (control, alt и shift) либо может быть выключено. Используйте клавишу backspace, чтобы выключить назначение. Требуется комбинация клавиш для включения этого оверлея.",
    "l10n.preferencesRecordings": "Мгновенный повтор создает временные файлы, которые занимают место на диске во время записи. Все записанные вручную видео хранятся в системной папке для видео по умолчанию. Чтобы изменить любую из этих папок, можно использовать кнопку «Обзор». В Галерее вы можете просмотреть эти записи, поделиться ими в социальных сетях и выполнить другие действия.",
    "l10n.preferencesStream": "Эта экспериментальная функция позволяет друзьям присоединиться к вашей игре при помощи Google Chrome и бесплатного расширения. Включение этой функции может негативно отразиться на стабильности и производительности, но ознакомиться с ней будет интересно. Не забудьте отправить нам отзыв каждый раз, когда будете ей пользоваться.",
    "l10n.preferencesBroadcast": "Транслируйте игры в реальном времени на Facebook, Twitch и YouTube, чтобы расширить свою аудиторию. Используйте пользовательские оверлеи, чтобы улучшить впечатления зрителей. Вы можете переключаться между ними в ходе трансляции комбинацией клавиш. На странице Сочетания клавиш в меню Налаштування вы можете изменить назначения клавиш.",
    "l10n.preferencesNotifications": "Уведомления GeForce Experience отображаются в верхнем правом углу экрана. Иногда это может раздражать. В таком случае вернитесь на эту страницу и выключите уведомления. Уведомления об ошибках выключить нельзя.",
    "l10n.preferencesPrivacy": "По умолчанию запись рабочего стола выключена, чтобы избежать непреднамеренного общего доступа. Разумеется, бывают моменты, когда необходимо показать все, что происходит на экране. Для этого просто включите запись рабочего стола.",
    "l10n.disabled": "Вимкнено",
    "l10n.openAnsel": "Фоторежим",
    "l10n.openClosePhotoMode": "Открыть/закрыть фото-режим",
    "l10n.notificationAnselReadyAppStarted": "Нажмите {{arg1}}, чтобы запустить фоторежим",
    "l10n.anselNotifHeader": "Внутрішньоігрові фото",
    "l10n.resetToDefaults": "Відновити значення за промовчанням",
    "l10n.resetAll": "Сбросить все",
    "l10n.resetMessage": "Скинути всі сполучення клавіш на значення за промовчанням?",
    "l10n.moveHighlights": "Переместить все существующие временные файлы из {{originalLocation}} в {{newLocation}}?",
    "l10n.movingHighlights": "Перемещение лучших моментов...",
    "l10n.showHideComments": "{{arg1}} — отобразить/скрыть эти комментарии",
    "l10n.moveError": "Что-то пошло не так при перемещении временных файлов из {{arg1}} в {{arg2}}. Повторите попытку, указав другое место.",
    "l10n.gotIt": "Готово!",
    "l10n.turnOnHighlights": "Включить автоматическую запись скриншотов и видео с помощью ShadowPlay?",
    "l10n.enableHighlights": "Вы хотите, чтобы программа {{arg1}} применяла GeForce Experience для автоматической записи лучших моментов из игры?",
    "l10n.enableHighlightsFooter": "Вы можете отключить ее позже, зайдя во внутриигровой оверлей GeForce Experience > Параметры > Лучшие моменты.",
    "l10n.hdrRaw": "Сохранить как HDR",
    "l10n.hdrRawColor": "Высокий динамический диапазон цвета (RAW)",
    "l10n.showGridOfThirds": "Показать сетку",
    "l10n.hideGridOfThirds": "Скрыть сетку",
    "l10n.mods": "Фільтр",
    "l10n.openMods": "Изменить фильтры",
    "l10n.addAFilter": "Добавьте фильтр, чтобы начать",
    "l10n.toggleMods": "Включение/выключение фильтров",
    "l10n.freestyle.turnOff": "Выключить эффекты Freestyle",
    "l10n.freestyle.applyStyle": "Применить стиль {{styleNumber}}",
    "l10n.cycleMods": "Выбрать следующий слот",
    "l10n.enableMods": "Игровой фильтр выключен. Перейдите в раздел «Налаштування | Фоторежим / Игровой фильтр», чтобы включить его.",
    "l10n.enhanceMods": "Улучшение",
    "l10n.describeMods": "Позволяет настроить внешний вид игр с помощью фильтров постобработки в реальном времени.",
    "l10n.styles": "Стили",
    "l10n.filters": "Фільтри",
    "l10n.videoCapture": "Захват видео",
    "l10n.videoCaptureText": "Мгновенный повтор, запись и лучшие моменты",
    "l10n.broadcastLive": "ПРЯМА Трансляція",
    "l10n.broadcast": "Режим трансляції",
    "l10n.instantReplayLength": "Тривалість миттєвого повтору:",
    "l10n.customizeNote": "Налаштування разрешения, частоты кадрів и скорости передачи теперь находятся в разделе «Налаштування». Вы можете перейти прямо в раздел «Налаштування», нажав на значок шестеренки в главном меню.",
    "l10n.gotoSettings": "Перейти в раздел «Налаштування»",
    "l10n.styleTransfer": "Передача стиля",
    "l10n.styleTransferEnable": "Включить",
    "l10n.styleTransferModel": "Модель",
    "l10n.styleTransferImage": "Исходное изображение",
    "l10n.styleTransferSelectFile": "Выбрать файл изображения",
    "l10n.ansel.enhance": "Метод",
    "l10n.videoNotAvailable": "GeForce Experience не удалось правильно захватить {{arg1}}.",
    "l10n.ansel.gameEngine": "Игровой движок",
    "l10n.ansel.capModeStandard": "Стандартный",
    "l10n.ansel.capModeEnhanced": "Улучшенный (эффект SSAO)",
    "l10n.ansel.capModeNGX": "Повышение разрешения ИИ",
    "l10n.ansel.capModeUpscale": "Повышающее масштабирование",
    "l10n.anselScreenshotFail.lowDiskSpace.title": "Нужно больше дискового пространства",
    "l10n.anselScreenshotFail.lowDiskSpace.message": "Требуется {{arg1}} МБ дискового пространства для сохранения снимка в следующее расположение: {{arg2}}",
    "l10n.anselScreenshotFail.permissionDenied.title": "В разрешении отказано",
    "l10n.anselScreenshotFail.permissionDenied.message": "Для сохранения снимка требуются разрешения на запись и чтение {{arg1}}.",
    "l10n.anselScreenshotFail.genericFailure.title": "Неизвестная ошибка",
    "l10n.anselScreenshotFail.genericFailure.message": "Не удалось сохранить снимок",
    "l10n.rtxScreenshotFailed.genericFailure.title": "Внутренняя ошибка",
    "l10n.rtxScreenshotFailed.genericFailure.message": "Невозможно сохранить в Галерее. Повторите попытку позже.",
    "l10n.ansel.launchFailed": "Произошла ошибка. Перезапустите игру, чтобы использовать эту возможность.",
    "l10n.ansel.enableExperimental": "Чтобы использовать фоторежим в этой игре, включите экспериментальные функции.",
    "l10n.settingsStreamSwitch": "Игра в кооперативе",
    "l10n.settingsStreamDescribe": "Позволяет приглашенному другу присоединиться к игре в качестве гостя.",
    "l10n.settingsStreamDisable": "Завершите кооперативную игру с гостем, чтобы изменить этот параметр.",
    "l10n.settingsBroadcastLiveDescribe": "Дозволяє вести пряму трансляцію ігрового процесу на Facebook, Twitch і YouTube.",
    "l10n.settingsBroadcastLiveDisable": "Завершите прямую трансляцию на {{arg1}}, чтобы изменить эти параметры.",
    "l10n.settingsHighlightsDescribe": "Дозволяє деяким іграм автоматично робити скріншоти і записувати відео за допомогою ShadowPlay.",
    "l10n.settingsHighlightsDisable": "Отключите показ лучших моментов в {{arg1}}, чтобы изменить эти параметры.",
    "l10n.settingsVideoCaptureDisable": "Прекратите использовать мгновенный повтор, запись и показ лучших моментов, чтобы изменить эти параметры.",
    "l10n.settingsRecordingsDisable": "Остановите запись, чтобы изменить эти параметры.",
    "l10n.settingsPrivacySwitch": "Запис робочого столу",
    "l10n.settingsPrivacyDescribe": "Дозволяє записувати весь рабочий стіл при використанні функцій миттєвого повтору, запису, ПРЯМОЇ трансляції і скріншотів.",
    "l10n.settingsPrivacyDisable": "Прекратите использовать функции мгновенного повтора, записи, ПРЯМОЙ трансляции и показа лучших моментов, чтобы изменить эти параметры.",
    "l10n.settingsConnectLogout": "Завершите прямую трансляцию для выхода.",
    "l10n.filtersApplied": "(применено фильтров: {{arg1}})",
    "l10n.storage": "Хранилище",
    "l10n.readOnlyFolder": "Чтобы изменить местоположение, выберите папку, в которую разрешена запись.",
    "l10n.memeAdd": "Добавить текст",
    "l10n.memeTextTop": "Текст вверху",
    "l10n.memeTextBottom": "Текст внизу",
    "l10n.filterDropDownLabel": "Добавить фильтр",
    "l10n.webCamera": "Веб-камера",
    "l10n.myRig": "Моя система",
    "l10n.desktopCaptureScreenshotQuestion": "GeForce Experience не может захватить изображение рабочего стола, если <b>Запись рабочего стола</b> <b>выключена</b>. Включить запись рабочего стола и повторить попытку?",
    "l10n.desktopCaptureScreenshotYes": "Так, увімкнути запис робочого столу.",
    "l10n.desktopCaptureRecordQuestion": "GeForce Experience не может записать видео рабочего стола, если <b>Запись рабочего стола</b> <b>выключена</b>. Включить запись рабочего стола и начать процесс записи?",
    "l10n.desktopCaptureRecordYes": "Так, почати запис",
    "l10n.desktopCaptureBroadcastQuestion": "GeForce Experience не может транслировать видео с рабочего стола, если <b>Запись рабочего стола</b> <b>выключена</b>. Включить запись рабочего стола и начать трансляцию?",
    "l10n.desktopCaptureBroadcastYes": "Да, начать трансляцию",
    "l10n.desktopCaptureHint": "Вы можете включить или выключить запись рабочего стола в меню <b>Параметры</b>.",
    "l10n.resetShortcutsQuestion": "Выполнить сброс всех сочетаний клавиш?",
    "l10n.resetShortcustYes": "Да, сбросить все",
    "l10n.notRightNow": "Не сейчас",
    "l10n.highlightsEnableQuestion": "Вы хотите, чтобы программа <b>{{arg1}}</b> применяла GeForce Experience для автоматической записи лучших моментов из игры?",
    "l10n.highlightsEnableHint": "Вы можете включить или выключить автоматическую запись в меню <b>Параметры | Лучшие моменты</b>.",
    "l10n.highlightsEnableYes": "Так, увімкнути запис найкращих моментів",
    "l10n.highlightsCapture": "Запис найкращих моментів",
    "l10n.highlightsMoveQuestion": "Действительно изменить папку, в которой GeForce Experience хранит временные файлы с <b>{{originalLocation}}</b> на <b>{{newLocation}}</b>? ",
    "l10n.highlightsMoveYes": "Да, изменить папку.",
    "l10n.highlightsMoveErrorQuestion": "Что-то пошло не так при перемещении временных файлов из <b>{{arg1}}</b> в <b>{{arg2}}</b>. Повторите попытку, указав другое место.",
    "l10n.shareTo": "Поделиться на {{destination}}",
    "l10n.destinationAndFormat": "Путь и формат",
    "l10n.details": "Подробнее о {{destination}}",
    "l10n.image": "Изображение",
    "l10n.noHighlightsPossible": "EMPTY_STATE_NO_HIGHLIGHTS_UGC",
    "l10n.noHighlightsAvailable": "EMPTY_STATE_NO_HIGHLIGHTS_GAME_ACTIVE",
    "l10n.noRecentAvailable": "EMPTY_STATE_NO_UGC",
    "l10n.positionSetting": "Положение",
    "l10n.leftEdgeOfScreen": "Левый край экрана",
    "l10n.rightEdgeOfScreen": "Правый край экрана",
    "l10n.hotkey": "Горячая клавиша",
    "l10n.topCaption": "Титры вверху",
    "l10n.bottomCaption": "Титры внизу",
    "l10n.removeThisScreenshot": "Видалити знімок екрану",
    "l10n.removeThisVideo": "Удалить видео",
    "l10n.language": "Язык",
    "l10n.type": "Тип",
    "l10n.dimensions": "Размеры",
    "l10n.fileSize": "Размер файла",
    "l10m.created": "Создано",
    "l10n.duration": "Продолжительность",
    "l10n.name": "Название",
    "l10n.memeTextColor": "Цвет мема",
    "l10n.whiteOnBlack": "Белый на черном",
    "l10n.blackOnWhite": "Черный на белом",
    "l10n.show": "Показать",
    "l10n.hide": "Скрыть",
    "l10n.videoQuality": "Качество",
    "l10n.videoFrameRate": "Частота кадрів",
    "l10n.videoBitRate": "Скорость потока",
    "l10n.videoMaxLength": "Макс. длина",
    "l10n.videoMinutes": "мин.",
    "l10n.systemSoundsVolume": "Громкость системных звуков",
    "l10n.microphoneSource": "Источник-микрофон",
    "l10n.tempFilesLocation": "Расположение временных файлов",
    "l10n.galleryLocation": "Расположение галереи",
    "l10n.lowerRight": "Нижний правый",
    "l10n.lowerLeft": "Нижний левый",
    "l10n.upperRight": "Верхний правый",
    "l10n.upperLeft": "Верхний левый",
    "l10n.small": "Маленький",
    "l10n.large": "Большой",
    "l10n.frameRateCounter": "Счетчик частоты кадрів",
    "l10n.viewerCount": "Счетчик просмотров",
    "l10n.facebookComments": "Комментарии в Facebook",
    "l10n.hintFacebook": "Публикуйте снимки экрана, анимированые GIF, видеозаписи и прямые трансляции.",
    "l10n.hintGooglePhotos": "Отправляйте снимки экрана и анимированые GIF.",
    "l10n.hintImgur": "Публикуйте снимки экрана и анимированые GIF.",
    "l10n.hintTwitch": "Пряма трансляція.",
    "l10n.hintWeibo": "Публикуйте снимки экрана, анимированые GIF и видеозаписи.",
    "l10n.hintYoutube": "Отправляйте видеозаписи и прямые трансляции.",
    "l10n.connectedAs": "Вы подключены как {{arg1}} с {{arg2}}.",
    "l10n.automaticallyConnectedAs": "Вы автоматически подключены как {{arg1}} с {{arg2}}.",
    "l10n.noGamesAvailable": "Игр нет",
    "l10n.videoTooLongWarning": "Это видео слишком длинное, чтобы поделиться в {{arg1}}. Обрежьте его до {{arg2}} мин. или меньше.",
    "l10n.videoTooLargeWarning": "Это видео слишком большое, чтобы поделиться в {{arg1}}. Обрежьте его, чтобы уменьшить размер.",
    "l10n.uploads": "Отправки",
    "l10n.openWithDest": "Открыть с помощью {{arg}}",
    "l10n.clearUploadHistory": "Очистить историю отправок",
    "l10n.cancelUploadToDest": "Отмена отправки на {{arg}}",
    "l10n.retryUploadToDest": "Повторить отправку на {{arg}}",
    "l10n.pauseUploadToDest": "Приостановить отправку на {{arg}}",
    "l10n.hidePanel": "Скрыть панель",
    "l10n.insert": "ВСТАВИТЬ",
    "l10n.anselMods": "Фоторежим / Игровой фильтр",
    "l10n.captureEnhance": "Захват изображения / Улучшение",
    "l10n.describeAnselMods": "Фоторежим дозволяє робити знімки у підтримуваних іграх за допомогою NVIDIA Ansel. Ігровий фільтр дозволяє налаштувати зовнішній вигляд гри, застосовуючи фільтри постобробки у реальному часі.",
    "l10n.enableAnsel": "Фоторежим выключен. Перейдите в раздел «Налаштування | Фоторежим / Игровой фильтр», чтобы включить его.",
    "l10n.featureUpdateDriver": "Чтобы использовать {{arg1}}, обновите драйвер GeForce Game Ready.",
    "l10n.ScreenshotHDRError": "Відключіть HDR, щоб зробити знімок екрану у цій грі.",
    "l10n.RecordHDRError": "Відключіть HDR, щоб записати відео цієї гри.",
    "l10n.BroadcastHDRError": "Відключіть HDR, щоб трансювати цю гру.",
    "l10n.HighlightsHDRError": "Відключіть HDR, щоб записати кращі моменти у цій грі.",
    "l10n.warningNvcamraFilterDisplayInfo": "{{arg1}}",
    "l10n.perfmonoc.showHidePerfMetrics": "{{arg1}} — отобразить/скрыть метрики производительности",
    "l10n.perfmonoc.performance": "Продуктивність",
    "l10n.perfmonoc.performancewithHotkey": "ПРОДУКТИВНІСТЬ ({{arg1}})",
    "l10n.perfmonoc.performanceMonitoring": "Моніторинг продуктивності",
    "l10n.perfmonoc.performanceOverlay": "Наложение «Производительность»",
    "l10n.perfmonoc.performanceOverlayWithHotkey": "Наложение «Производительность» ({{arg1}})",
    "l10n.perfmonoc.performanceTuning": "Настройка производительности",
    "l10n.perfmonoc.tuningType": "Тип Налаштування",
    "l10n.perfmonoc.automatic": "Автоматично",
    "l10n.perfmonoc.manual": "Вручну",
    "l10n.perfmonoc.scanning": "Сканування...",
    "l10n.perfmonoc.lastScanResult": "попереднє сканування:",
    "l10n.perfmonoc.minutesAgo": "{{arg1}} мин назад",
    "l10n.perfmonoc.hoursAgo": "{{arg1}} г назад",
    "l10n.perfmonoc.daysAgo": "{{arg1}} дн назад",
    "l10n.perfmonoc.scanFailure": "Ошибка: не удалось выполнить сканирование, повторите попытку.",
    "l10n.perfmonoc.genericFailure": "Произошла ошибка, повторите попытку позже.",
    "l10n.perfmonoc.enableAutomaticTuning": "Включить автоматическую настройку",
    "l10n.perfmonoc.disclaimer": "Отказ от ответственности",
    "l10n.perfmonoc.disclaimerText": "Предупреждение: разгон ГП может привести к нестабильности ПК или к появлению визуальных артефактов.",
    "l10n.perfmonoc.agreeAndContinue": "ПРИНЯТЬ И ПРОДОЛЖИТЬ",
    "l10n.perfmonoc.GPUClockOffset": "Смещение тактовой частоты ГП",
    "l10n.perfmonoc.MemoryClockOffset": "Смещение тактовой частоты памяти",
    "l10n.perfmonoc.voltageMaximum": "Максимальна напруга",
    "l10n.perfmonoc.powerMaximum": "Максимальне енергоспоживання",
    "l10n.perfmonoc.temperatureTarget": "Цільова температура",
    "l10n.perfmonoc.fanSpeedTarget": "Цільова швидкість вентилятора",
    "l10n.perfmonoc.reset": "СКИНУТИ",
    "l10n.perfmonoc.apply": "ЗАСТОСУВАТИ",
    "l10n.perfmonoc.framesPerSecond": "кадрів/с",
    "l10n.perfmonoc.fps99": "кадрів/с: 99%",
    "l10n.perfmonoc.basic": "Базов.",
    "l10n.perfmonoc.advanced": "Расширен.",
    "l10n.perfmonoc.latency": "Затримка",
    "l10n.perfmonoc.togglePerfMenu": "Відкрити/закрити меню «Продуктивність»",
    "l10n.perfmonoc.togglePerfOverlay": "Відкрити/закрити накладання «Продуктивність»",
    "l10n.perfmonoc.cyclePerfOverlay": "Перемикання між параметрами накладання «Продуктивність»",
    "l10n.perfmonoc.e2eSystemLatency": "Наскрізна затримка системи",
    "l10n.perfmonoc.reflexMonitoringPosition": "Координати для моніторингу",
    "l10n.perfmonoc.PCLatency": "Затримка ПК",
    "l10n.perfmonoc.PCDisplayLatency": "Сумарна затримка ПК та дисплею",
    "l10n.perfmonoc.renderLatency": "Затримка рендерингу",
    "l10n.perfmonoc.renderPresentLatency": "Затримка рендерингу до виведення зображення",
    "l10n.perfmonoc.mouseLatency": "Затримка мишки",
    "l10n.perfmonoc.displayLatency": "Затримка ПК та дисплею",
    "l10n.perfmonoc.systemLatency": "Затримка системи",
    "l10n.perfmonoc.CPUUtilization": "Степінь навантаження ЦП",
    "l10n.perfmonoc.GPUUtilization": "Степень навантаження ГП",
    "l10n.perfmonoc.GPUClock": "Частота ГП",
    "l10n.perfmonoc.memeoryClock": "Тактова частота пам'яті",
    "l10n.perfmonoc.GPUVoltage": "Напруга ГП",
    "l10n.perfmonoc.GPUTemp": "Температура ГП",
    "l10n.perfmonoc.power": "Енергоспоживання ГП",
    "l10n.perfmonoc.perfLimitingReasons": "Причини обмеження продуктивності",
    "l10n.perfmonoc.fanSpeed": "Швидкість вентилятора",
    "l10n.perfmonoc.GPU": "ГП",
    "l10n.perfmonoc.average": "Серед.",
    "l10n.perfmonoc.noFlashDetected": "Вспышка не обнаружена",
    "l10n.perfmonoc.databseaverage": "В среднем по базе данных",
    "l10n.perfmonoc.unverified": "Не проверена",
    "l10n.perfmonoc.unsupported": "Не поддерживается",
    "l10n.perfmonoc.firmware": "Микропрограмма",
    "l10n.perfmonoc.firmWare": "МП",
    "l10n.perfmonoc.notApplicable": "Н/Д",
    "l10n.perfmonoc.MHz": "МГц",
    "l10n.perfmonoc.watts": "Вт",
    "l10n.perfmonoc.volts": "В",
    "l10n.perfmonoc.pixels": "пікселі",
    "l10n.perfmonoc.milliseconds": "мс",
    "l10n.perfmonoc.rpm": "об/хз",
    "l10n.perfmonoc.perfTuningMultiGpuNotSupported": "Настройка производительности в данный момент не поддерживается многопроцессорными системами",
    "l10n.perfmonoc.perfTuningNotSupported": "Настройка производительности поддерживается на ГП серий GeForce GTX 16 и RTX 20 и выше.",
    "l10n.perfmonoc.polledAutuationDetection": "С учетом опроса срабатываний",
    "l10n.perfmonoc.resetAverages": "Скинути середнє значення",
    "l10n.perfmonoc.latencyMetric": "Налаштування параметрів затримки",
    "l10n.perfmonoc.latencySamples": "Кількість вибірок затримки:",
    "l10n.perfmonoc.avgExpiry": "Средние значения истекают спустя 3 минуты бездействия. Сбросить вручную",
    "l10n.perfmonoc.assignHotkey": "Натисніть, щоб призначити гарячу клавішу",
    "l10n.enabledWhisperModeSettings": "Параметри WhisperMode увімкнені",
    "l10n.quiet": "Тихо",
    "l10n.quieter": "Ще тихіше",
    "l10n.balancedMode": "Баланс",
    "l10n.whisperModeEnabled": "Режим WhisperMode увімкнений",
    "l10n.whisperModeSettings": "Параметр: {{fanVolume}} / хв. {{baseFrameRate}} кадрів/с",
    "l10n.whisperModeGameRestartNotification": "Некоторые параметры качества могут потребовать перезаУвімкнутиа игры",
    "l10n.whisperModeDisabled": "Режим WhisperMode выключен",
    "l10n.perfmonoc.toggleLogging": "Запустити/зупинити ведення журналу",
    "l10n.perfmonoc.logFileSettings": "Параметри файла журналу",
    "l10n.perfmonoc.fileLocation": "Разташування файла:",
    "l10n.perfmonoc.fileLogging": "Ведение журналов GFE",
    "l10n.perfmonoc.fullScreenDisclaimer": "Вы выйдете из полноэкранного режима, чтобы принять эти изменения только для администратора.",
    "l10n.perfmonoc.disclaimerText2": "При включении автоматической Налаштування тюнер прекратит работу в случае обнаружения высокой загрузки ГП и попытается продолжить сканирование, когда ГП будет в состоянии простоя.",
    "l10n.loginBrowserRequired": "Увійти в {{arg1}} (потрібен браузер)",
    "l10n.loginToGeForceExperience": "Увійти в GeForce Experience",
    "l10n.exitFullScreenToLogin": "Выйти из полноэкранного режима, чтобы войти в {{arg1}} (требуется браузер)",
    "l10n.goToGameLaunchBroadcastMenu": "Вход выполнен. Зайдите в игру и запустите меню «Режим трансляции».",
    "l10n.folderBrowserTitleLogging": "Моніторинг продуктивності > Файл журналу",
    "l10n.perfmonoc.errorColon": "Помилка:",
    "l10n.perfmonoc.NBScanAvailableAC": "Сканирование доступно только при работе ноутбука от сети.",
    "l10n.perfmonoc.NBScanAvailableNotOC": "Сканирование доступно только при работе ноутбука без разгона.",
    "l10n.perfmonoc.NBdisclaimerText": "Автоматическая настройка доступна только при работе ноутбука от сети и без разгона.",
    "l10n.perfmonoc.enableExperimentalForOC": "Чтобы включить настройку производительности, включите экспериментальные функции.",
    "l10n.perfmonoc.perfLogging": "Ведение журнала производительности",
    "l10n.perfmonoc.perfDriverNotSupported": "Текущий драйвер ГП не поддерживает настройку производительности. Установите последнюю версию драйвера и повторите попытку.",
    "l10n.perfmonoc.canceledByUser": "Автоматическая настройка отменена пользователем. Запустите сканирование еще раз.",
    "l10n.perfmonoc.highGpuUtil": "Автоматическая настройка отменена из-за высокой загрузки ГП. Запланировано повторное сканирование.",
    "l10n.perfmonoc.noIdleSystem": "Автоматическая настройка была отменена, так как система больше не находится в состоянии бездействия. Фоновое сканирование будет перенесено.",
    "l10n.perfmonoc.laptopInDC": "Автоматическая настройка была отменена, так как ноутбук был отключен от сети. Подключите ноутбук к сети и повторите попытку.",
    "l10n.perfmonoc.serviceStopped": "Автоматическая настройка остановлена. Запустите сканирование еще раз.",
    "l10n.perfmonoc.disclaimerText3": "Параметры ГП для Налаштування производительности имеют приоритет над другими сторонними параметрами ГП."
}
