<?xml version='1.0' encoding='utf-8'?>
<MyGUI type="Resource" version="1.1">

	<Resource type="ResourceTrueTypeFont" name="SM_HeaderLarge_Wide">
		<Property key="Source" value="NotoSans-SemiBold.ttf" />
		<Property key="Size" value="16" />
		<Property key="LetterSpacing" value="6.6666667" />
	</Resource>
	<Resource type="ResourceTrueTypeFont" name="SM_HeaderLarge_Medium">
		<Property key="Source" value="NotoSans-SemiBold.ttf" />
		<Property key="Size" value="16" />
		<Property key="LetterSpacing" value="2.6666667" />
	</Resource>
	<Resource type="ResourceTrueTypeFont" name="SM_HeaderLarge_Narrow">
		<Property key="Source" value="NotoSans-SemiBold.ttf" />
		<Property key="Size" value="16" />
		<Property key="LetterSpacing" value="0.6666667" />
	</Resource>
	<Resource type="ResourceTrueTypeFont" name="SM_HeaderMedium"> 
		<Property key="Source" value="NotoSans-Bold.ttf" />
		<Property key="Size" value="12" />
		<Property key="LetterSpacing" value="2" />
	</Resource>
	<Resource type="ResourceTrueTypeFont" name="SM_SubHeader">
		<Property key="Source" value="NotoSans-SemiBold.ttf" />
		<Property key="Size" value="10" />
		<Property key="LetterSpacing" value="3" />
	</Resource>
	<Resource type="ResourceTrueTypeFont" name="SM_Header">
		<Property key="Source" value="NotoSans-SemiBold.ttf" />
		<Property key="Size" value="9" />
		<Property key="LetterSpacing" value="1.33333333" />
	</Resource>
	<Resource type="ResourceTrueTypeFont" name="SM_HeaderSmall">
		<Property key="Source" value="NotoSans-SemiBold.ttf" />
		<Property key="Size" value="8" />
		<Property key="LetterSpacing" value="1.33333333" />
	</Resource>
	<Resource type="ResourceTrueTypeFont" name="SM_HeaderTiny">
		<Property key="Source" value="NotoSans-SemiBold.ttf" />
		<Property key="Size" value="7" />
		<Property key="LetterSpacing" value="0.66666667" />
	</Resource>
	<Resource type="ResourceTrueTypeFont" name="SM_Tab">
		<Property key="Source" value="NotoSans-Medium.ttf" />
		<Property key="Size" value="9" />
		<Property key="LetterSpacing" value="0.66666667" />
	</Resource>
	<Resource type="ResourceTrueTypeFont" name="SM_TabSmall">
		<Property key="Source" value="NotoSans-Medium.ttf" />
		<Property key="Size" value="8" />
		<Property key="LetterSpacing" value="0.0" />
	</Resource>
	<Resource type="ResourceTrueTypeFont" name="SM_TextLabel">
		<Property key="Source" value="NotoSans-Medium.ttf" />
		<Property key="Size" value="9" />
	</Resource>
	<Resource type="ResourceTrueTypeFont" name="SM_Label">
		<Property key="Source" value="NotoSans-Medium.ttf" />
		<Property key="Size" value="9" />
		<Property key="LetterSpacing" value="0.66666667" />
	</Resource>
	<Resource type="ResourceTrueTypeFont" name="SM_LabelSmall">
		<Property key="Source" value="NotoSans-Medium.ttf" />
		<Property key="Size" value="8" />
		<Property key="LetterSpacing" value="0.66666667" />
	</Resource>
	<Resource type="ResourceTrueTypeFont" name="SM_LabelTiny">
		<Property key="Source" value="NotoSans-Medium.ttf" />
		<Property key="Size" value="7" />
		<Property key="LetterSpacing" value="0.66666667" />
	</Resource>
	<Resource type="ResourceTrueTypeFont" name="SM_LabelMini">
		<Property key="Source" value="NotoSans-Medium.ttf" />
		<Property key="Size" value="6" />
		<Property key="LetterSpacing" value="0.66666667" />
	</Resource>
	<Resource type="ResourceTrueTypeFont" name="SM_SliderLabel">
		<Property key="Source" value="NotoSans-Medium.ttf" />
		<Property key="Size" value="5" />
		<Property key="LetterSpacing" value="0.66666667" />
	</Resource>
	<Resource type="ResourceTrueTypeFont" name="SM_SearchText">
		<Property key="Source" value="NotoSans-Regular.ttf" />
		<Property key="Size" value="10" />
	</Resource>
	<Resource type="ResourceTrueTypeFont" name="SM_ToolTipText">
		<Property key="Source" value="NotoSans-Medium.ttf" />
		<Property key="Size" value="8" />
	</Resource>
	<Resource type="ResourceTrueTypeFont" name="SM_TextLarge">
		<Property key="Source" value="NotoSans-Medium.ttf" />
		<Property key="Size" value="12" />
	</Resource>
	<Resource type="ResourceTrueTypeFont" name="SM_Text">
		<Property key="Source" value="NotoSans-Medium.ttf" />
		<Property key="Size" value="10" />
	</Resource>
	<Resource type="ResourceTrueTypeFont" name="SM_TextSmall">
		<Property key="Source" value="NotoSans-Medium.ttf" />
		<Property key="Size" value="8" />
	</Resource>
	<Resource type="ResourceTrueTypeFont" name="SM_TextTiny">
		<Property key="Source" value="NotoSans-Medium.ttf" />
		<Property key="Size" value="7" />
	</Resource>
	<Resource type="ResourceTrueTypeFont" name="SM_ItemTitle">
		<Property key="Source" value="NotoSans-SemiBold.ttf" />
		<Property key="Size" value="11" />
		<Property key="LetterSpacing" value="0.66666667" />
	</Resource>
	<Resource type="ResourceTrueTypeFont" name="SM_GameName">
		<Property key="Source" value="NotoSans-SemiBold.ttf" />
		<Property key="Size" value="11" />
		<Property key="LetterSpacing" value="0.66666667" />
	</Resource>
	<Resource type="ResourceTrueTypeFont" name="SM_ButtonLarge">
		<Property key="Source" value="NotoSans-SemiBold.ttf" />
		<Property key="Size" value="13" />
	</Resource>
	<Resource type="ResourceTrueTypeFont" name="SM_Button">
		<Property key="Source" value="NotoSans-SemiBold.ttf" />
		<Property key="Size" value="10" />
		<Property key="LetterSpacing" value="0.66666667" />
	</Resource>
	<Resource type="ResourceTrueTypeFont" name="SM_ButtonSmall">
		<Property key="Source" value="NotoSans-SemiBold.ttf" />
		<Property key="Size" value="8" />
	</Resource>
	<Resource type="ResourceTrueTypeFont" name="SM_ButtonTiny">
		<Property key="Source" value="NotoSans-SemiBold.ttf" />
		<Property key="Size" value="7" />
		<Property key="LetterSpacing" value="0.66666667" />
	</Resource>
	<Resource type="ResourceTrueTypeFont" name="SM_ButtonSmallBold">
		<Property key="Source" value="NotoSans-Bold.ttf" />
		<Property key="Size" value="8" /> 
	</Resource>
	<Resource type="ResourceTrueTypeFont" name="SM_NumberHuge">
		<Property key="Source" value="NotoSans-Regular.ttf" />
		<Property key="Size" value="21" />
	</Resource>
	<Resource type="ResourceTrueTypeFont" name="SM_NumberSmall">
		<Property key="Source" value="NotoSans-SemiBold.ttf" />
		<Property key="Size" value="8" />
	</Resource>
	<Resource type="ResourceTrueTypeFont" name="SM_NumberTiny">
		<Property key="Source" value="NotoSans-SemiBold.ttf" />
		<Property key="Size" value="7" />
	</Resource>
	<Resource type="ResourceTrueTypeFont" name="SM_NumberMini">
		<Property key="Source" value="NotoSans-SemiBold.ttf" />
		<Property key="Size" value="6" />
	</Resource>
	<Resource type="ResourceTrueTypeFont" name="SM_UserName">
		<Property key="Source" value="NotoSans-Regular.ttf" />
		<Property key="Size" value="8" /> 
	</Resource>
	<Resource type="ResourceTrueTypeFont" name="SM_ListItem">
		<Property key="Source" value="NotoSans-SemiBold.ttf" />
		<Property key="Size" value="9" />
	</Resource>
	<Resource type="ResourceTrueTypeFont" name="SM_HotbarBinding">
		<Property key="Source" value="NotoSans-Medium.ttf" />
		<Property key="Size" value="6.5" />
	</Resource>

	<Resource type="ResourceTrueTypeFont" name="X_Interactable_Timer_TimeUnit">
		<Property key="Source" value="NotoSans-Regular.ttf" />
		<Property key="Size" value="15" /> 
	</Resource>
	<Resource type="ResourceTrueTypeFont" name="X_Interactable_Timer_TickCount">
		<Property key="Source" value="NotoSans-Medium.ttf" />
		<Property key="Size" value="11" /> 
	</Resource>
	<Resource type="ResourceTrueTypeFont" name="X_MenuGamemodeMenu_GameMode">
		<Property key="Source" value="NotoSans-Bold.ttf" />
		<Property key="Size" value="25" />
		<Property key="LetterSpacing" value="3.33333333" />
	</Resource>
	<Resource type="ResourceTrueTypeFont" name="X_Hud_Alert">
		<Property key="Source" value="NotoSans-SemiBold.ttf" />
		<Property key="Size" value="12" />
	</Resource>
	<Resource type="ResourceTrueTypeFont" name="X_Hud_Interaction">
		<Property key="Source" value="NotoSans-SemiBold.ttf" />
		<Property key="Size" value="10" />
	</Resource>
	<Resource type="ResourceTrueTypeFont" name="X_Hud_PlayerName">
		<Property key="Source" value="NotoSans-SemiBold.ttf" />
		<Property key="Size" value="11" />
	</Resource>
	<Resource type="ResourceTrueTypeFont" name="X_Hud_ItemStack">
		<Property key="Source" value="NotoSans-SemiBold.ttf" />
		<Property key="Size" value="11" />
	</Resource>

	
	<Resource type="ResourceTrueTypeFont" name="ButtonCaptionLarge">
		<Property key="Source" value="NotoSans-Regular.ttf" />
		<Property key="Size" value="12" /> 
	</Resource>
	<Resource type="ResourceTrueTypeFont" name="ButtonCaptionSmall">
		<Property key="Source" value="NotoSans-Regular.ttf" />
		<Property key="Size" value="5.333333" /> 
	</Resource>
	<Resource type="ResourceTrueTypeFont" name="SaveGameCaption">
		<Property key="Source" value="NotoSans-Regular.ttf" />
		<Property key="Size" value="8.666667" /> 
	</Resource>
	<Resource type="ResourceTrueTypeFont" name="MessageCaptionLarge">
		<Property key="Source" value="NotoSans-Regular.ttf" />
		<Property key="Size" value="12.666667" /> 
	</Resource>
	<Resource type="ResourceTrueTypeFont" name="MessageCaptionMedium">
		<Property key="Source" value="NotoSans-Regular.ttf" />
		<Property key="Size" value="10.666667" /> 
	</Resource>
	<Resource type="ResourceTrueTypeFont" name="MessageCaptionSmall">
		<Property key="Source" value="NotoSans-Regular.ttf" />
		<Property key="Size" value="6.666667" /> 
	</Resource>
	<Resource type="ResourceTrueTypeFont" name="WelcomeMessageText">
		<Property key="Source" value="NotoSans-Regular.ttf" />
		<Property key="Size" value="10.666667" /> 
	</Resource>
	<Resource type="ResourceTrueTypeFont" name="Chat">
		<Property key="Source" value="DejaVuSans.ttf" />
		<Property key="Size" value="7.333333" /> 
	</Resource>
	<Resource type="ResourceTrueTypeFont" name="ToolTip">
		<Property key="Source" value="NotoSans-Regular.ttf" />
		<Property key="Size" value="8.666667" /> 
	</Resource>
	<Resource type="ResourceTrueTypeFont" name="InventoryItemDescription">
		<Property key="Source" value="NotoSans-Regular.ttf" />
		<Property key="Size" value="5.666667" /> 
	</Resource>
	<Resource type="ResourceTrueTypeFont" name="ControllerTitle">
		<Property key="Source" value="NotoSans-Regular.ttf" />
		<Property key="Size" value="9.333333" /> 
	</Resource>
	<Resource type="ResourceTrueTypeFont" name="LogicLabel">
		<Property key="Source" value="NotoSans-Regular.ttf" />
		<Property key="Size" value="13.333333" /> 
	</Resource>
	<Resource type="ResourceTrueTypeFont" name="LogicDescription">
		<Property key="Source" value="NotoSans-Regular.ttf" />
		<Property key="Size" value="13.333333" /> 
	</Resource>
	<Resource type="ResourceTrueTypeFont" name="SensorSetting">
		<Property key="Source" value="NotoSans-Regular.ttf" />
		<Property key="Size" value="9.333333" /> 
	</Resource>
	<Resource type="ResourceTrueTypeFont" name="ToneSetting">
		<Property key="Source" value="NotoSans-Regular.ttf" />
		<Property key="Size" value="10.666667" /> 
	</Resource>
	<Resource type="ResourceTrueTypeFont" name="SequenceListNumber">
		<Property key="Source" value="Futura.otf" />
		<Property key="Size" value="16.000000" /> 
	</Resource>
	<Resource type="ResourceTrueTypeFont" name="SequenceControllerAngle">
		<Property key="Source" value="Futura.otf" />
		<Property key="Size" value="8.666667" /> 
	</Resource>
	<Resource type="ResourceTrueTypeFont" name="SequenceControllerSpeed">
		<Property key="Source" value="NotoSans-Regular.ttf" />
		<Property key="Size" value="12.000000" /> 
	</Resource>
	<Resource type="ResourceTrueTypeFont" name="TimerControllerMilliseconds">
		<Property key="Source" value="NotoSans-Regular.ttf" />
		<Property key="Size" value="25.333333" /> 
	</Resource>
	<Resource type="ResourceTrueTypeFont" name="TimerControllerSeconds">
		<Property key="Source" value="NotoSans-Regular.ttf" />
		<Property key="Size" value="34.000000" /> 
	</Resource>
	<Resource type="ResourceTrueTypeFont" name="TimerControllerTicks">
		<Property key="Source" value="NotoSans-Regular.ttf" />
		<Property key="Size" value="18.666667" /> 
	</Resource>
	<Resource type="ResourceTrueTypeFont" name="PlayerName">
		<Property key="Source" value="Lato-Medium.ttf" />
		<Property key="Size" value="16.000000" /> 
	</Resource>
	<Resource type="ResourceTrueTypeFont" name="HandbookTitle">
		<Property key="Source" value="NotoSans-Regular.ttf" />
		<Property key="Size" value="28.666667" /> 
	</Resource>
	<Resource type="ResourceTrueTypeFont" name="HandbookSubTitle">
		<Property key="Source" value="NotoSans-Regular.ttf" />
		<Property key="Size" value="7.333333" /> 
	</Resource>
	<Resource type="ResourceTrueTypeFont" name="HandbookSubTitleItalic">
		<Property key="Source" value="NotoSans-Italic.ttf" />
		<Property key="Size" value="7.333333" /> 
	</Resource>
	<Resource type="ResourceTrueTypeFont" name="HandbookPageCount">
		<Property key="Source" value="Futura.otf" />
		<Property key="Size" value="16.000000" /> 
	</Resource>
	<Resource type="ResourceTrueTypeFont" name="HandbookDescriptionLarge">
		<Property key="Source" value="NotoSans-Regular.ttf" />
		<Property key="Size" value="8.000000" /> 
	</Resource>
	<Resource type="ResourceTrueTypeFont" name="HandbookDescriptionSmall">
		<Property key="Source" value="NotoSans-Regular.ttf" />
		<Property key="Size" value="7.333333" /> 
	</Resource>
	<Resource type="ResourceTrueTypeFont" name="HandbookInstructionLarge">
		<Property key="Source" value="NotoSans-Regular.ttf" />
		<Property key="Size" value="14.000000" /> 
	</Resource>
	<Resource type="ResourceTrueTypeFont" name="HandbookInstructionMedium">
		<Property key="Source" value="NotoSans-Regular.ttf" />
		<Property key="Size" value="8.666667" /> 
	</Resource>
	<Resource type="ResourceTrueTypeFont" name="HandbookInstructionSmall">
		<Property key="Source" value="NotoSans-Regular.ttf" />
		<Property key="Size" value="7.333333" /> 
	</Resource>
	<Resource type="ResourceTrueTypeFont" name="HandbookLogicDescription">
		<Property key="Source" value="NotoSans-Regular.ttf" />
		<Property key="Size" value="4.000000" /> 
	</Resource>
	<Resource type="ResourceTrueTypeFont" name="HandbookFAQQuestion">
		<Property key="Source" value="NotoSans-Bold.ttf" />
		<Property key="Size" value="10.666667" /> 
	</Resource>
	<Resource type="ResourceTrueTypeFont" name="HandbookFAQAnswer">
		<Property key="Source" value="NotoSans-Regular.ttf" />
		<Property key="Size" value="10.666667" /> 
	</Resource>
	<Resource type="ResourceTrueTypeFont" name="IETitle">
		<Property key="Source" value="NotoSans-Regular.ttf" />
		<Property key="Size" value="22.666667" /> 
	</Resource>
	<Resource type="ResourceTrueTypeFont" name="IESmallButton">
		<Property key="Source" value="NotoSans-Regular.ttf" />
		<Property key="Size" value="10.666667" /> 
	</Resource>
	<Resource type="ResourceTrueTypeFont" name="IELargeButton">
		<Property key="Source" value="NotoSans-Regular.ttf" />
		<Property key="Size" value="15.333333" /> 
	</Resource>
	<Resource type="ResourceTrueTypeFont" name="IEDescription">
		<Property key="Source" value="DejaVuSans.ttf" />
		<Property key="Size" value="8.333333" /> 
	</Resource>
	<Resource type="ResourceTrueTypeFont" name="IEPartsCount">
		<Property key="Source" value="Futura.otf" />
		<Property key="Size" value="12.000000" /> 
	</Resource>
	<Resource type="ResourceTrueTypeFont" name="ImportCreationName">
		<Property key="Source" value="NotoSans-Regular.ttf" />
		<Property key="Size" value="17.333333" /> 
	</Resource>
	<Resource type="ResourceTrueTypeFont" name="ImportUploading">
		<Property key="Source" value="NotoSans-Regular.ttf" />
		<Property key="Size" value="13.333333" /> 
	</Resource>
	<Resource type="ResourceTrueTypeFont" name="ExportCreationName">
		<Property key="Source" value="NotoSans-Regular.ttf" />
		<Property key="Size" value="22.000000" /> 
	</Resource>
	<Resource type="ResourceTrueTypeFont" name="GreyMessageBoxCaption">
		<Property key="Source" value="NotoSans-Regular.ttf" />
		<Property key="Size" value="20.666667" /> 
	</Resource>
	<Resource type="ResourceTrueTypeFont" name="GreyMessageBoxButton">
		<Property key="Source" value="NotoSans-Regular.ttf" />
		<Property key="Size" value="17.333333" /> 
	</Resource>

	

	<Resource type="ResourceTrueTypeFont" name="TypableTextfield">
		<Property key="Source" value="NotoSans-Regular.ttf" />
		<Property key="Size" value="9.333333" />
	</Resource>
	<Resource type="ResourceTrueTypeFont" name="InventorySearchText">
		<Property key="Source" value="NotoSans-Regular.ttf" />
		<Property key="Size" value="12.000000" />
	</Resource>
	<Resource type="ResourceTrueTypeFont" name="SequenceListIndex">
		<Property key="Source" value="NotoSans-Regular.ttf" />
		<Property key="Size" value="21.333333" />
	</Resource>

	

	<Resource type="ResourceTrueTypeFont" name="HotbarBinding">
		<Property key="Source" value="NotoSans-Regular.ttf" />
		<Property key="Size" value="7.333333" />
	</Resource>
	<Resource type="ResourceTrueTypeFont" name="TimeDate">
		<Property key="Source" value="NotoSans-Regular.ttf" />
		<Property key="Size" value="8.000000" />
	</Resource>
	<Resource type="ResourceTrueTypeFont" name="InventoryPropertyText">
		<Property key="Source" value="NotoSans-Regular.ttf" />
		<Property key="Size" value="8.666667" />
	</Resource>
	<Resource type="ResourceTrueTypeFont" name="InventoryTabLabel">
		<Property key="Source" value="NotoSans-Regular.ttf" />
		<Property key="Size" value="9.333333" />
	</Resource>
	<Resource type="ResourceTrueTypeFont" name="InteractionBindingText">
		<Property key="Source" value="NotoSans-Regular.ttf" />
		<Property key="Size" value="10.666667" />
	</Resource>
	<Resource type="ResourceTrueTypeFont" name="InteractionText">
		<Property key="Source" value="NotoSans-Regular.ttf" />
		<Property key="Size" value="12.000000" />
	</Resource>

	

	<Resource type="ResourceTrueTypeFont" name="ButtonBold12">
		<Property key="Source" value="NotoSans-Bold.ttf" />
		<Property key="Size" value="8.000000" />
	</Resource>
	<Resource type="ResourceTrueTypeFont" name="MenuGamemodeTitle">
		<Property key="Source" value="NotoSans-Bold.ttf" />
		<Property key="Size" value="25.333333" />
	</Resource>

	

	<Resource type="ResourceTrueTypeFont" name="SliderRangeText">
		<Property key="Source" value="NotoSans-Bold.ttf" />
		<Property key="Size" value="6.000000" />
	</Resource>
	<Resource type="ResourceTrueTypeFont" name="UpgradeCost">
		<Property key="Source" value="NotoSans-Bold.ttf" />
		<Property key="Size" value="6.666667" />
	</Resource>
	<Resource type="ResourceTrueTypeFont" name="UpgradeCaption">
		<Property key="Source" value="NotoSans-Bold.ttf" />
		<Property key="Size" value="7.333333" />
	</Resource>
	<Resource type="ResourceTrueTypeFont" name="SemiBold16">
		<Property key="Source" value="NotoSans-Bold.ttf" />
		<Property key="Size" value="8.000000" />
	</Resource>
	<Resource type="ResourceTrueTypeFont" name="InventoryItemCount">
		<Property key="Source" value="NotoSans-Bold.ttf" />
		<Property key="Size" value="9.333333" />
	</Resource>
	<Resource type="ResourceTrueTypeFont" name="InventoryItemTitle">
		<Property key="Source" value="NotoSans-Bold.ttf" />
		<Property key="Size" value="12.000000" />
	</Resource>
	<Resource type="ResourceTrueTypeFont" name="MenuButtonCaption">
		<Property key="Source" value="NotoSans-Bold.ttf" />
		<Property key="Size" value="13.333333" />
	</Resource>
	<Resource type="ResourceTrueTypeFont" name="InventoryTitle">
		<Property key="Source" value="NotoSans-Bold.ttf" />
		<Property key="Size" value="14.666667" />
	</Resource>

	

	<Resource type="ResourceTrueTypeFont" name="InterMedium12">
		<Property key="Source" value="NotoSans-Regular.ttf" />
		<Property key="Size" value="8.000000" />
	</Resource>
	<Resource type="ResourceTrueTypeFont" name="InterMedium24">
		<Property key="Source" value="NotoSans-Regular.ttf" />
		<Property key="Size" value="12.000000" />
	</Resource>
</MyGUI>