{
	"LoadingTexts":
	[
		{
			"text": "Чи знали ви, якщо поставити один на одного два рулони туалетного паперу, вийде рулон паперових рушників?"
		},
		{
			"text": "Щоб зроити знімок екрану без ігрового інтерфейсу, можна натиснути Alt + Z, це приховає його."
		},
		{
			"text": "Будівельні блоки можна маштабувати, рухаючи мишкою із затиснутою лівою клавішею."
		},
		{
			"text": "Можна підключити кнопку до сидіння - тоді її можна буде натискати сидячи на сидінні."
		},
		{
			"text": "Можна обертати будь-який елемент, натискаючи Q та Shift + Q."
		},
		{
			"text": "Контролер дозволяє створювати неймовірні механізми з трансформацією. Спробуйте!"
		},
		{
			"text": "Якщо Ваше творіння ненароком перевернеться, Ви зможете підняти його за допомогою підйомника."
		},
		{
			"text": "Гра Scrap Mechanic ще у процесі розробки, ми постійно вносимо у неї зміни й виправлення!"
		},
		{
			"text": "Вся необхідна початкова інформація міститься у довіднику."
		},
		{
			"text": "Ви - повноправний господар свого творіння! Тут немає поняття 'правильно' і 'неправильно', створюйте все, що завгодно!"
		},
		{
			"text": "Якщо ваш механізм відмовиться працювати, як було задумано, зробіть вигляд, що це інсталяція."
		}
	]
}