{
    "l10n.home": "Domů",
    "l10n.gfn": "GeForce NOW",
    "l10n.gallery": "Galerie",
    "l10n.gameroom": "Herní místnost",
    "l10n.news": "Novinky",
    "l10n.search": "Vyhledat",
    "l10n.notifications": "Upozornění",
    "l10n.updates": "Aktualizace",
    "l10n.settings": "Nastavení",
    "l10n.debug": "Odstraňování závad",
    "l10n.preferences": "Předvolby",
    "l10n.screenshots": "Snímky obrazovky",
    "l10n.username": "Uživatelské jméno",
    "l10n.account": "Účet",
    "l10n.logOut": "Odhlásit se",
    "l10n.cancel": "Zrušit",
    "l10n.continue": "Pokračovat",
    "l10n.submit": "Odeslat",
    "l10n.back": "Zpět",
    "l10n.alt.nvidiaLogo": "Logo NVIDIA",
    "l10n.optimize": "Optimalizovat",
    "l10n.all": "Všechny",
    "l10n.more": "Větší",
    "l10n.moreDots": "Více...",
    "l10n.sort": "Třídit",
    "l10n.filter": "Filtr",
    "l10n.done": "Hotovo",
    "l10n.skip": "Přeskočit",
    "l10n.or": "Nebo",
    "l10n.gamesOptimized": "{{numGamesOptimized}} her a aplikací je optimalizováno",
    "l10n.scanGamesProgress": "{{numGamesScanned}} her a aplikací nalezeno",
    "l10n.scanGameProgress": "{{numGamesScanned}} hra nebo aplikace nalezena",
    "l10n.noGamesFound": "Nenalezeny žádné hry nebo aplikace",
    "l10n.zeroGamesFound": "0 her a aplikací nalezeno",
    "l10n.nonOptimizeProgress": "{{numGamesNotOptimized}} her a aplikací není optimalizováno",
    "l10n.unhandledexception": "Neošetřená výjimka",
    "l10n.sendfeedback": "Poslat zpětnou informaci",
    "l10n.alphabetical": "Abecední",
    "l10n.details": "Detaily",
    "l10n.share": "překrytí ve hře",
    "l10n.close": "Zavřít",
    "l10n.second": "sekunda",
    "l10n.seconds": "sekund",
    "l10n.minute": "minuta",
    "l10n.minutes": "minut(y)",
    "l10n.hour": "hodina",
    "l10n.hours": "hodin(y)",
    "l10n.day": "den",
    "l10n.days": "dny",
    "l10n.month": "měsíc",
    "l10n.months": "měsíce",
    "l10n.year": "rok",
    "l10n.years": "roky",
    "l10n.week": "týden",
    "l10n.weeks": "týdny",
    "l10n.edit": "Upravit",
    "l10n.detail": "Detail",
    "l10n.genre.other": "Ostatní",
    "l10n.genre.actionAdventure": "Akční adventura",
    "l10n.genre.action": "Akční",
    "l10n.genre.adventure": "Adventura",
    "l10n.genre.arcade": "Arkáda",
    "l10n.genre.family": "Rodinná",
    "l10n.genre.fps": "First Person Shooter (střílečka z pohledu první osoby)",
    "l10n.genre.puzzle": "Puzzle",
    "l10n.genre.racing": "Závodní",
    "l10n.genre.rolePlaying": "Hra na hrdiny (RPG)",
    "l10n.genre.actionRPG": "Akční RPG",
    "l10n.genre.actionMMO": "Akční MMO",
    "l10n.genre.mmorpg": "MMO RPG",
    "l10n.genre.rts": "Realtimová strategie (RTS)",
    "l10n.pause": "Pozastavit",
    "l10n.volume": "Hlasitost",
    "l10n.fullscreen": "Celá obrazovka",
    "l10n.mediaerror.aborted": "Přehrávání přerušeno",
    "l10n.mediaerror.network": "Chyba při stahování",
    "l10n.mediaerror.decode": "Chyba při dekódování",
    "l10n.mediaerror.notsupported": "Typ videa není podporován",
    "l10n.mediaerror.generic": "Nelze přehrát",
    "l10n.allSet": "Jste připraven(a)",
    "l10n.shield": "shield",
    "l10n.hr": "{{value}} hod.",
    "l10n.hrs": "{{value}} hod.",
    "l10n.aboutHrs": "Cca {{value}} hod.",
    "l10n.mins": "{{value}} min.",
    "l10n.min": "{{value}} min.",
    "l10n.secs": "{{value}} s",
    "l10n.sec": "{{value}} s",
    "l10n.byte": "{{value}} byte",
    "l10n.bytes": "{{value}} bytů",
    "l10n.mb": "{{value}} MB",
    "l10n.kb": "{{value}} KB",
    "l10n.gb": "{{value}} GB",
    "l10n.tb": "{{value}} TB",
    "l10n.send": "Poslat",
    "l10n.feedbackCategory": "Kategorie připomínek",
    "l10n.subCategory": "Podkategorie",
    "l10n.emailOptional": "E-mail (volitelné)",
    "l10n.drivers": "Ovladače",
    "l10n.downloadDriver": "Nelze stáhnout doporučený ovladač",
    "l10n.installDriver": "Nelze nainstalovat doporučený ovladač",
    "l10n.checkUpdate": "Nelze ověřit dostupnost aktualizací",
    "l10n.checkTimeLong": "Zjišťování dostupnosti aktualizací trvá příliš dlouho",
    "l10n.downloadTimeLong": "Stahování ovladače trvá příliš dlouho",
    "l10n.installTimeLong": "Instalace ovladače trvá příliš dlouho",
    "l10n.driverIssue": "Informujte nás o problému s ovladačem grafiky",
    "l10n.others": "Ostatní",
    "l10n.installIssue": "Informujte nás o problému při instalaci aplikace GeForce Experience",
    "l10n.updateIssue": "Informujte nás o problému při aktualizování aplikace GeForce Experience",
    "l10n.translateIssue": "Informujte nás o chybném nebo chybějícím překladu",
    "l10n.geforceIssue": "Informujte nás o problému s aplikací GeForce Experience",
    "l10n.shareIssue": "Oznámit problém se sdílením vaší hry",
    "l10n.ledIssue": "Informujte nás o problému se službou LED Visualizer",
    "l10n.whatLike": "Řekněte nám, co se vám na aplikaci GeForce Experience líbí",
    "l10n.suggestion": "Navrhněte vylepšení aplikace GeForce Experience",
    "l10n.gameDetectionAndSupport": "Detekce a podpora her nebo aplikací",
    "l10n.gameNotFoundSupported": "Nebyla nalezena podporovaná hra nebo aplikace",
    "l10n.gameWrongDetection": "Hra nebo aplikace byla chybně nalezena nebo není nainstalována",
    "l10n.gameDuplicateDetection": "Byly nalezeny kopie totožné hry nebo aplikace",
    "l10n.gameLaunchFail": "Hru nebo aplikaci nelze spustit",
    "l10n.gameCurrentSettingsNotAvailable": "Aktuální nastavení hry nebo aplikace nelze najít",
    "l10n.gameTooLongScan": "Hledání her a aplikací trvá příliš dlouho",
    "l10n.gameSupportSuggestion": "Navrhněte hru nebo aplikaci, kterou bychom měli podporovat",
    "l10n.ops": "Optimální nastavení",
    "l10n.opsMissing": "Chybí doporučení",
    "l10n.opsLowImageQuality": "Kvalita obrazu je příliš nízká",
    "l10n.opsLowPerformance": "Snímková frekvence je příliš nízká",
    "l10n.opsRemoved": "Doporučení byla odstraněna",
    "l10n.opsSuggestion": "Navrhněte vylepšení optimálních nastavení",
    "l10n.shareInstantReplay": "Sdělte nám, jaké máte zkušenosti pomocí funkce okamžitý opakovaný záznam",
    "l10n.shareRecord": "Sdělte nám, jaké máte zkušenosti pomocí funkce nahrát",
    "l10n.shareStream": "Sdělte nám, jaké máte zkušenosti pomocí funkce streamovat",
    "l10n.shareBroadcast": "Sdělte nám, jaké máte zkušenosti pomocí funkce vysílat",
    "l10n.shareImprovement": "Navrhněte možnosti vylepšení sdílení své hry",
    "l10n.gameStream": "GameStream",
    "l10n.gameStreamGameIssue": "Nahlásit problém s hrami a aplikacemi, které jsem přidal/a",
    "l10n.gameStreamPairing": "Zařízení SHIELD nelze s počítačem spárovat",
    "l10n.gameStreamInternet": "Nelze streamovat na internetu",
    "l10n.gameStreamGameLaunch": "Hru nebo aplikaci se nepodařilo spustit",
    "l10n.gameStreamController": "Ovladač nefunguje",
    "l10n.gameStreamSuggestion": "Navrhněte vylepšení funkce GameStream",
    "l10n.feedbackDisableMessage": "Váš názor je pro nás důležitý. Chcete-li nám sdělit své dojmy, přejděte do Nastavení > Obecné.",
    "l10n.feedbackThanksMessage": "Děkujeme vám za vaše připomínky. Podíváme se na ně.",
    "l10n.affectedGame": "Dotčená hra nebo aplikace",
    "l10n.location": "Umístění",
    "l10n.affectedGames": "Dotčené hry a aplikace",
    "l10n.noInformationAvailable": "Informace není dostupná!",
    "l10n.invalidYear": "Zadejte rok pomocí čtyř číslic",
    "l10n.invalidDate": "Zadejte platné datum narození",
    "l10n.higherPerformance": "Vyšší výkon",
    "l10n.longerBatteryLife": "Prodloužená životnost baterie",
    "l10n.youAreOffline": "Jste offline. Připojte se k síti a zkuste to znovu.",
    "l10n.unableToFetchVideo": "Video nelze načíst. Zkuste to za nějaký čas znovu.",
    "l10n.launchingShareToast": "Probíhá příprava ke sdílení vaší hry...",
    "l10n.openShareFailure": "Funkci sdílení nelze otevřít.",
    "l10n.somethingWrong": "Něco se pokazilo.",
    "l10n.errorRestartApplication": "Zkuste restartovat aplikaci GeForce Experience.",
    "l10n.errorRestartPC": "Zkuste restartovat počítač a potom spusťte aplikaci GeForce Experience.",
    "l10n.errorCode": "KÓD CHYBY:",
    "l10n.pageCouldNotBeLoaded": "Stránku nebylo možné načíst. Zkontrolujte připojení k Internetu a opakujte akci.",
    "l10n.retry": "Opakovat",
    "l10n.learnMore": "Další informace",
    "l10n.virtualReality": "Virtuální realita",
    "l10n.tellAboutExperience": "Povězte nám o svých zkušenostech",
    "l10n.suggestVirtualRealityImprovement": "Navrhněte vylepšení virtuální reality",
    "l10n.tellAboutVirtualRealityIssue": "Informujte nás o problému s virtuální realitou",
    "l10n.shareBeta": "Sdílení (Beta)",
    "l10n.restart": "Restartovat",
    "l10n.doesNotMeetSpecVR": "Nesplňuje doporučené specifikace pro hraní her ve virtuální realitě",
    "l10n.recommendedSpecVR": "Doporučené specifikace pro hraní her ve virtuální realitě",
    "l10n.shareShortcut": "Alt + Z",
    "l10n.featureEnabled": "Funkce {{featureName}} je zapnuta",
    "l10n.updateNow": "Aktualizovat nyní",
    "l10n.shareNotReady": "Překrytí ve hře není připraveno",
    "l10n.featureErrorMessage": "Zkuste restartovat systém nebo znovu nainstalovat GeForce Experience. Pokud to nebude fungovat, počkejte na aktualizaci opravy pro tuto aplikaci.",
    "l10n.gotItText": "Mám to",
    "l10n.gameStreamNotReady": "GameStream není připraven",
    "l10n.loading": "Načítání...",
    "l10n.openGfeInGame": "Otevřít překrytí ve hře",
    "l10n.joinWeChat": "Staňte se členem klubu {{clubName}} v aplikaci WeChat!",
    "l10n.scanNvidiaNewsWeChatQrCode": "Naskenujte QR kód a získejte nejnovější zprávy společnosti NVIDIA",
    "l10n.recentSearches": "Nedávné vyhledávání",
    "l10n.noResultsAvailable": "Nebyly nalezeny žádné výsledky pro váš dotaz.",
    "l10n.nextTip": "Další tip",
    "l10n.achievements": "Dosažené výsledky",
    "l10n.noResults": "Žádné výsledky",
    "l10n.noResultsSearchMessage": "Zkuste vyhledávání pomocí jiných klíčových slov",
    "l10n.myProfile": "Můj profil (PILOTNÍ)",
    "l10n.later": "Novější",
    "l10n.updateDriver": "Aktualizovat ovladač",
    "l10n.driverUpdateRequired": "Vyžadována aktualizace ovladače",
    "l10n.criticalUpdateForFeaturesOne": "Kritická aktualizace pro {{featureOne}}",
    "l10n.criticalUpdateForFeaturesTwo": "Kritická aktualizace pro {{featureOne}} a {{featureTwo}}",
    "l10n.criticalUpdateForFeaturesThree": "Kritická aktualizace pro {{featureOne}}, {{featureTwo}} a {{featureThree}}",
    "l10n.criticalUpdateForFeaturesFour": "Kritická aktualizace pro {{featureOne}}, {{featureTwo}}, {{featureThree}} a {{featureFour}}",
    "l10n.criticalUpdateForFeaturesFive": "Kritická aktualizace pro {{featureOne}}, {{featureTwo}}, {{featureThree}}, {{featureFour}} a {{featureFive}}",
    "l10n.criticalUpdateForFeaturesSix": "Kritická aktualizace pro {{featureOne}}, {{featureTwo}}, {{featureThree}}, {{featureFour}}, {{featureFive}} a {{featureSix}}",
    "l10n.launchYourGames": "Spusťte své hry a aplikace nebo upravte vaše optimální nastavení.",
    "l10n.getTheLatestGrds": "Získejte nejnovější ovladač optimalizovaný pro hry nebo pro studia, určený pro vaše hry a aplikace.",
    "l10n.accessTheIgo": "Získejte přístup k funkci překrytí ve hře a pořizujte záznamy a sdílejte videa, snímky obrazovky a živě vysílané streamy.",
    "l10n.joinTheCommunity": "Připojte se ke komunitě a získejte odměny.",
    "l10n.accessClientSettings": "Získejte přístup ke klientským nastavením, uplatňování kuponů a aplikaci GameStream",
    "l10n.unableToSendFeedback": "Zpětnou vazbu nelze odeslat. Zkuste to znovu později.",
    "l10n.includeTechnicalData": "Pro lepší posouzení vašich komentářů automaticky zahrneme technická data jako systémové informace a protokoly chyb vašeho počítače.",
    "l10n.configureOptions": "Nakonfigurujte možnosti, jako jsou například nastavení překrytí, experimentální funkce a GameStream.",
    "l10n.redeemCodesAndRewards": "Uplatnit kódy a odměny",
    "l10n.privacyPolicy": "Zásady ochrany osobních údajů NVIDIA",
    "l10n.ctaStartCountdown": "Spustí se za {{countdown}}",
    "l10n.ctaEndCountdown": "Skončí za {{countdown}}",
    "l10n.ctaEnded": "Ukončeno",
    "l10n.connectionSecure": "Připojení ke službě {{provider}} je zabezpečené.",
    "l10n.informationSecure": "Vaše údaje jako uživatelské jméno a heslo jsou zabezpečené, když jsou odesílány na stránku.",
    "l10n.viewCertificate": "Zobrazit certifikát",
    "l10n.anselPhotoMode": "Režim fotografie Ansel",
    "l10n.freestyle": "Filtry her Freestyle",
    "l10n.shadowplayRecords": "Služba záznamu a okamžitého opakovaného záznamu ShadowPlay",
    "l10n.openForDiscussion": "Ano, společnost NVIDIA mě může kontaktovat s dalšími otázkami.",
    "l10n.nvidiaGfeTitle": "NVIDIA GeForce Experience",
    "l10n.gfePartnerInfoDescription": "NVIDIA GeForce Experience používá služby YouTube API, které se řídí následujícími podmínkami používání a zásadami ochrany osobních údajů:",
    "l10n.gfeYouTubeTOS": "Podmínky služby YouTube",
    "l10n.gfeGoogleSecuritySettings": "Nastavení zabezpečení Google",
    "l10n.gfeGooglePrivacyPolicy": "Zásady ochrany osobních údajů Google",
    "l10n.gfePartnerPrivacyPolicy": "Zásady ochrany osobních údajů a podmínky služeb partnerů"
}
