{
    "l10n.home": "Hjem",
    "l10n.gfn": "GeForce NOW",
    "l10n.gallery": "Galleri",
    "l10n.gameroom": "Spilleværelse",
    "l10n.news": "Nyheder",
    "l10n.search": "Søg",
    "l10n.notifications": "Underrettelser",
    "l10n.updates": "Opdateringer",
    "l10n.settings": "Indstillinger",
    "l10n.debug": "Debug",
    "l10n.preferences": "Præferencer",
    "l10n.screenshots": "Skærmbilleder",
    "l10n.username": "Brugernavn",
    "l10n.account": "Konto",
    "l10n.logOut": "Log ud",
    "l10n.cancel": "Annuller",
    "l10n.continue": "Fortsæt",
    "l10n.submit": "Forelæg",
    "l10n.back": "Tilbage",
    "l10n.alt.nvidiaLogo": "NVIDIA-logo",
    "l10n.optimize": "Optimer",
    "l10n.all": "Alle",
    "l10n.more": "Mere",
    "l10n.moreDots": "Mere...",
    "l10n.sort": "Sortér",
    "l10n.filter": "Filter",
    "l10n.done": "Færdig",
    "l10n.skip": "Spring over",
    "l10n.or": "Eller",
    "l10n.gamesOptimized": "{{numGamesOptimized}} spil og applikationer er optimeret",
    "l10n.scanGamesProgress": "{{numGamesScanned}} spil og applikationer blev fundet",
    "l10n.scanGameProgress": "{{numGamesScanned}} spil og applikation blev fundet",
    "l10n.noGamesFound": "Der blev ikke fundet nogen spil eller applikationer",
    "l10n.zeroGamesFound": "0 spil og applikationer blev fundet",
    "l10n.nonOptimizeProgress": "{{numGamesNotOptimized}} spil og applikationer er ikke optimeret",
    "l10n.unhandledexception": "Ikke håndteret undtagelse",
    "l10n.sendfeedback": "Send tilbagemelding",
    "l10n.alphabetical": "Alfabetisk",
    "l10n.details": "Detaljer",
    "l10n.share": "overlay i spil",
    "l10n.close": "Luk",
    "l10n.second": "sekund",
    "l10n.seconds": "sekunder",
    "l10n.minute": "minut",
    "l10n.minutes": "minutter",
    "l10n.hour": "time",
    "l10n.hours": "timer",
    "l10n.day": "dag",
    "l10n.days": "dage",
    "l10n.month": "måned",
    "l10n.months": "måneder",
    "l10n.year": "år",
    "l10n.years": "år",
    "l10n.week": "uge",
    "l10n.weeks": "uger",
    "l10n.edit": "Rediger",
    "l10n.detail": "Detaljer",
    "l10n.genre.other": "Andet",
    "l10n.genre.actionAdventure": "Action-eventyr",
    "l10n.genre.action": "Handling",
    "l10n.genre.adventure": "Eventyr",
    "l10n.genre.arcade": "Arkade",
    "l10n.genre.family": "Familie",
    "l10n.genre.fps": "First-person shooter",
    "l10n.genre.puzzle": "Puslespil",
    "l10n.genre.racing": "Væddeløb",
    "l10n.genre.rolePlaying": "Rollespil",
    "l10n.genre.actionRPG": "Action RPG",
    "l10n.genre.actionMMO": "Action MMO",
    "l10n.genre.mmorpg": "MMO RPG",
    "l10n.genre.rts": "Strategi i realtid",
    "l10n.pause": "Pause",
    "l10n.volume": "Lydstyrke",
    "l10n.fullscreen": "Fuld skærm",
    "l10n.mediaerror.aborted": "Afspilning afbrudt",
    "l10n.mediaerror.network": "Downloadingsfejl",
    "l10n.mediaerror.decode": "Dekodingsfejl",
    "l10n.mediaerror.notsupported": "Videotype understøttes ikke",
    "l10n.mediaerror.generic": "Kan ikke afspille",
    "l10n.allSet": "Så er du klar",
    "l10n.shield": "shield",
    "l10n.hr": "{{value}} time",
    "l10n.hrs": "{{value}} timer",
    "l10n.aboutHrs": "Cirka {{value}} timer",
    "l10n.mins": "{{value}} minutter",
    "l10n.min": "{{value}} minut",
    "l10n.secs": "{{value}} sekunder",
    "l10n.sec": "{{value}} sekund",
    "l10n.byte": "{{value}} byte",
    "l10n.bytes": "{{value}} bytes",
    "l10n.mb": "{{value}} MB",
    "l10n.kb": "{{value}} KB",
    "l10n.gb": "{{value}} GB",
    "l10n.tb": "{{value}} TB",
    "l10n.send": "Send",
    "l10n.feedbackCategory": "Tilbagemeldingskategori",
    "l10n.subCategory": "Underkategori",
    "l10n.emailOptional": "E-mailadresse (valgfri)",
    "l10n.drivers": "Drivere",
    "l10n.downloadDriver": "Kan ikke downloade anbefalet driver",
    "l10n.installDriver": "Kan ikke installere anbefalet driver",
    "l10n.checkUpdate": "Kan ikke se efter opdateringer",
    "l10n.checkTimeLong": "Det tager for lang tid at se efter opdateringer",
    "l10n.downloadTimeLong": "Driverdownload tager for lang tid",
    "l10n.installTimeLong": "Driverinstallation tager for lang tid",
    "l10n.driverIssue": "Fortæl os om et problem med en grafikdriver",
    "l10n.others": "Andre",
    "l10n.installIssue": "Rapportér et problem med installation af GeForce Experience",
    "l10n.updateIssue": "Rapportér et problem med opdatering af GeForce Experience",
    "l10n.translateIssue": "Rapportér en forkert eller manglende oversættelse",
    "l10n.geforceIssue": "Rapportér et problem med GeForce Experience",
    "l10n.shareIssue": "Rapportér et problem med deling af dit spil",
    "l10n.ledIssue": "Rapportér et problem med LED Visualizer",
    "l10n.whatLike": "Fortæl os, hvad du synes godt om ved GeForce Experience",
    "l10n.suggestion": "Foreslå en forbedring til GeForce Experience",
    "l10n.gameDetectionAndSupport": "Detektering og support af spil og applikationer",
    "l10n.gameNotFoundSupported": "Der blev ikke fundet understøttede spil eller applikationer",
    "l10n.gameWrongDetection": "Spil eller applikation blev detekteret forkert eller er ikke installeret",
    "l10n.gameDuplicateDetection": "Dublette kopier af det samme spil eller den samme applikation blev fundet",
    "l10n.gameLaunchFail": "Kan ikke starte spil eller applikation",
    "l10n.gameCurrentSettingsNotAvailable": "Der blev ikke fundet aktuelle spil- eller applikationsindstillinger",
    "l10n.gameTooLongScan": "Scanning efter spil og applikationer tager for lang tid",
    "l10n.gameSupportSuggestion": "Foreslå et spil eller en applikation, som vi skal understøtte",
    "l10n.ops": "Optimale indstillinger",
    "l10n.opsMissing": "Anbefalinger mangler",
    "l10n.opsLowImageQuality": "Billedkvalitet er for lav",
    "l10n.opsLowPerformance": "Rammer pr. sekund er for lav",
    "l10n.opsRemoved": "Anbefalinger blev fjernet",
    "l10n.opsSuggestion": "Foreslå en forbedring til Optimale indstillinger",
    "l10n.shareInstantReplay": "Fortæl os om din oplevelse med brug af Genafspilning",
    "l10n.shareRecord": "Fortæl os om din oplevelse med brug af Indspil",
    "l10n.shareStream": "Fortæl os om din oplevelse med brug af Stream",
    "l10n.shareBroadcast": "Fortæl os om din oplevelse med brug af Udsendelse",
    "l10n.shareImprovement": "Foreslå måder at forbedre deling af dit spil",
    "l10n.gameStream": "GameStream",
    "l10n.gameStreamGameIssue": "Rapportér et problem med spil eller applikationer, som jeg har tilføjet",
    "l10n.gameStreamPairing": "Kan ikke danne par med SHIELD-enheder og denne pc",
    "l10n.gameStreamInternet": "Kan ikke streame på internettet",
    "l10n.gameStreamGameLaunch": "Spil eller applikation starter ikke",
    "l10n.gameStreamController": "Controller fungerer ikke",
    "l10n.gameStreamSuggestion": "Foreslå en forbedring til GameStream",
    "l10n.feedbackDisableMessage": "Din tilbagemelding er vigtig for os. Gå til Indstillinger > Generelt for at fortælle os, hvad du synes.",
    "l10n.feedbackThanksMessage": "Tak for din tilbagemelding. Vi undersøger sagen.",
    "l10n.affectedGame": "Påvirket spil eller applikation",
    "l10n.location": "Placering",
    "l10n.affectedGames": "Påvirkede spil og applikationer",
    "l10n.noInformationAvailable": "Oplysninger ikke tilgængelige!",
    "l10n.invalidYear": "Indtast fire cifre for år",
    "l10n.invalidDate": "Indtast en gyldig fødselsdato",
    "l10n.higherPerformance": "Højere ydeevne",
    "l10n.longerBatteryLife": "Længere batterilevetid",
    "l10n.youAreOffline": "Du er offline. Etabler forbindelse med et netværk og prøv igen.",
    "l10n.unableToFetchVideo": "Kan ikke hente video. Prøv igen om et stykke tid.",
    "l10n.launchingShareToast": "Forbereder til at dele dit spil...",
    "l10n.openShareFailure": "Kan ikke åbne deling.",
    "l10n.somethingWrong": "Der gik noget galt.",
    "l10n.errorRestartApplication": "Prøv at genstarte GeForce Experience.",
    "l10n.errorRestartPC": "Prøv at genstarte din pc og derefter starte GeForce Experience.",
    "l10n.errorCode": "FEJLKODE:",
    "l10n.pageCouldNotBeLoaded": "Siden kunne ikke indlæses. Kontrollér din internetforbindelse og prøv igen.",
    "l10n.retry": "Prøv igen",
    "l10n.learnMore": "Lær mere",
    "l10n.virtualReality": "Virtual Reality",
    "l10n.tellAboutExperience": "Fortæl os om din oplevelse",
    "l10n.suggestVirtualRealityImprovement": "Foreslå en forbedring til Virtual Reality",
    "l10n.tellAboutVirtualRealityIssue": "Fortæl os om et problem med Virtual Reality",
    "l10n.shareBeta": "Deling (Beta)",
    "l10n.restart": "Genstart",
    "l10n.doesNotMeetSpecVR": "Opfylder ikke de anbefalede specifikationer for virtual reality-spil",
    "l10n.recommendedSpecVR": "Anbefalede specifikationer for virtual reality-spil",
    "l10n.shareShortcut": "Alt + Z",
    "l10n.featureEnabled": "{{featureName}} er aktiveret",
    "l10n.updateNow": "Opdater nu",
    "l10n.shareNotReady": "Overlay i spil er ikke parat",
    "l10n.featureErrorMessage": "Prøv at genstarte dit system eller geninstallere GeForce Experience. Hvis det ikke virker, skal du vente på en patch opdatering til programmet.",
    "l10n.gotItText": "Forstået",
    "l10n.gameStreamNotReady": "GameStream ikke klar",
    "l10n.loading": "Indlæser...",
    "l10n.openGfeInGame": "Åbn overlay i spil",
    "l10n.joinWeChat": "Bliv medlem af {{clubName}} på WeChat!",
    "l10n.scanNvidiaNewsWeChatQrCode": "Scan QR-kode for at få de seneste NVIDIA-nyheder",
    "l10n.recentSearches": "Nylige søgninger",
    "l10n.noResultsAvailable": "Der blev ikke fundet nogen matchende resultater til din forespørgsel.",
    "l10n.nextTip": "Næste tip",
    "l10n.achievements": "Præstationer",
    "l10n.noResults": "Ingen resultater",
    "l10n.noResultsSearchMessage": "Prøv at søge med andre nøgleord",
    "l10n.myProfile": "Min profil (PILOT)",
    "l10n.later": "Senere",
    "l10n.updateDriver": "Opdater driver",
    "l10n.driverUpdateRequired": "Opdatering af driver nødvendig",
    "l10n.criticalUpdateForFeaturesOne": "Kritisk opdatering til {{featureOne}}",
    "l10n.criticalUpdateForFeaturesTwo": "Kritisk opdatering til {{featureOne}} og {{featureTwo}}",
    "l10n.criticalUpdateForFeaturesThree": "Kritisk opdatering til {{featureOne}}, {{featureTwo}} og {{featureThree}}",
    "l10n.criticalUpdateForFeaturesFour": "Kritisk opdatering til {{featureOne}}, {{featureTwo}}, {{featureThree}} og {{featureFour}}",
    "l10n.criticalUpdateForFeaturesFive": "Kritisk opdatering til {{featureOne}}, {{featureTwo}}, {{featureThree}}, {{featureFour}} og {{featureFive}}",
    "l10n.criticalUpdateForFeaturesSix": "Kritisk opdatering til {{featureOne}}, {{featureTwo}}, {{featureThree}}, {{featureFour}}, {{featureFive}} og {{featureSix}}",
    "l10n.launchYourGames": "Start dine spil og applikationer eller rediger dine optimale indstillinger.",
    "l10n.getTheLatestGrds": "Få de seneste spilleparate drivere eller studieparate drivere til dine spil og applikationer.",
    "l10n.accessTheIgo": "Få adgang til overlayet i spillet  for at indspille og dele videoer, skærmbilleder og livestreams.",
    "l10n.joinTheCommunity": "Blev medlem af vores community og optjen præmier.",
    "l10n.accessClientSettings": "Få adgang til klientindstillinger, indløs kuponer og aktivér GameStream",
    "l10n.unableToSendFeedback": "Kunne ikke sende tilbagemelding, prøv igen efter noget tid",
    "l10n.includeTechnicalData": "Som en hjælp til at gennemgå dine kommentarer vil vi automatisk inkludere tekniske data, såsom din pc's systemoplysninger og fejllogge.",
    "l10n.configureOptions": "Konfigurer valgmuligheder såsom Overlay-indstillinger, eksperimentale funktioner og GameStream.",
    "l10n.redeemCodesAndRewards": "Indløs koder og præmier",
    "l10n.privacyPolicy": "NVIDIAs politik for beskyttelse af private oplysninger",
    "l10n.ctaStartCountdown": "Begynder om {{countdown}}",
    "l10n.ctaEndCountdown": "Udløber om {{countdown}}",
    "l10n.ctaEnded": "Udløbet",
    "l10n.connectionSecure": "Forbindelse til {{provider}} er sikker",
    "l10n.informationSecure": "Dine oplysninger såsom brugernavn og adgangskoder er sikre, når de sendes til websiten.",
    "l10n.viewCertificate": "Vis certifikat",
    "l10n.anselPhotoMode": "Ansel-fototilstand",
    "l10n.freestyle": "Freestyle-spilfiltre",
    "l10n.shadowplayRecords": "ShadowPlay Indspil og Genafspilning",
    "l10n.openForDiscussion": "Ja, det er ok at kontakte mig, hvis NVIDIA har flere spørgsmål",
    "l10n.nvidiaGfeTitle": "NVIDIA GeForce Experience",
    "l10n.gfePartnerInfoDescription": "NVIDIA GeForce Experience benytter YouTube API-serviceydelser, som er styret af følgende brugsbetingelser og politikker for beskyttelse af personlige oplysninger:",
    "l10n.gfeYouTubeTOS": "YouTubes servicebetingelser",
    "l10n.gfeGoogleSecuritySettings": "Googles sikkerhedsindstillinger",
    "l10n.gfeGooglePrivacyPolicy": "Googles politik for beskyttelse af private oplysninger",
    "l10n.gfePartnerPrivacyPolicy": "Partneres politik for beskyttelse af personlige oplysninger og servicebetingelser"
}
