{
    "l10n.home": "Startseite",
    "l10n.gfn": "GeForce NOW",
    "l10n.gallery": "Galerie",
    "l10n.gameroom": "Spielraum",
    "l10n.news": "News",
    "l10n.search": "Suche",
    "l10n.notifications": "Benachrichtigungen",
    "l10n.updates": "Updates",
    "l10n.settings": "Einstellungen",
    "l10n.debug": "Debugging",
    "l10n.preferences": "Einstellungen",
    "l10n.screenshots": "Bildschirmschnappschüsse",
    "l10n.username": "Benutzername",
    "l10n.account": "Konto",
    "l10n.logOut": "Abmelden",
    "l10n.cancel": "Abbrechen",
    "l10n.continue": "Weiter",
    "l10n.submit": "Senden",
    "l10n.back": "Zurück",
    "l10n.alt.nvidiaLogo": "NVIDIA-Logo",
    "l10n.optimize": "Optimieren",
    "l10n.all": "Alle",
    "l10n.more": "Mehr",
    "l10n.moreDots": "Mehr ...",
    "l10n.sort": "Sortieren",
    "l10n.filter": "Filter",
    "l10n.done": "Fertig",
    "l10n.skip": "Überspringen",
    "l10n.or": "Oder",
    "l10n.gamesOptimized": "{{numGamesOptimized}} Spiele und Anwendungen sind optimiert",
    "l10n.scanGamesProgress": "{{numGamesScanned}} Spiele und Anwendungen gefunden",
    "l10n.scanGameProgress": "{{numGamesScanned}} Spiel oder Anwendung gefunden",
    "l10n.noGamesFound": "Keine Spiele oder Anwendungen gefunden",
    "l10n.zeroGamesFound": "0 Spiele und Anwendungen gefunden",
    "l10n.nonOptimizeProgress": "{{numGamesNotOptimized}} Spiele und Anwendungen sind nicht optimiert",
    "l10n.unhandledexception": "Nicht behandelte Ausnahme",
    "l10n.sendfeedback": "Senden von Feedback",
    "l10n.alphabetical": "Alphabetisch",
    "l10n.details": "Details",
    "l10n.share": "Spielinternes Overlay",
    "l10n.close": "Schließen",
    "l10n.second": "Sekunde",
    "l10n.seconds": "Sekunden",
    "l10n.minute": "Minute",
    "l10n.minutes": "Minuten",
    "l10n.hour": "Stunde",
    "l10n.hours": "Stunden",
    "l10n.day": "Tag",
    "l10n.days": "Tage",
    "l10n.month": "Monat",
    "l10n.months": "Monate",
    "l10n.year": "Jahr",
    "l10n.years": "Jahre",
    "l10n.week": "Woche",
    "l10n.weeks": "Wochen",
    "l10n.edit": "Bearbeiten",
    "l10n.detail": "Detail",
    "l10n.genre.other": "Sonstiges",
    "l10n.genre.actionAdventure": "Action-Adventure",
    "l10n.genre.action": "Vorgang",
    "l10n.genre.adventure": "Adventure",
    "l10n.genre.arcade": "Arcade",
    "l10n.genre.family": "Pdktreihe",
    "l10n.genre.fps": "Ego-Shooter",
    "l10n.genre.puzzle": "Puzzle",
    "l10n.genre.racing": "Rennen",
    "l10n.genre.rolePlaying": "Rollenspiel",
    "l10n.genre.actionRPG": "Action-RPG",
    "l10n.genre.actionMMO": "Action-MMO",
    "l10n.genre.mmorpg": "MMO-RPG",
    "l10n.genre.rts": "Echtzeit-Strategie",
    "l10n.pause": "Pause",
    "l10n.volume": "Lautstärke",
    "l10n.fullscreen": "Ganzer Bildschirm",
    "l10n.mediaerror.aborted": "Wiedergabe abgebrochen",
    "l10n.mediaerror.network": "Fehler beim Herunterladen",
    "l10n.mediaerror.decode": "Decodierungsfehler",
    "l10n.mediaerror.notsupported": "Videotyp nicht unterstützt",
    "l10n.mediaerror.generic": "Wiedergabe nicht möglich",
    "l10n.allSet": "Sie sind bereit",
    "l10n.shield": "shield",
    "l10n.hr": "{{value}} Std.",
    "l10n.hrs": "{{value}} Std.",
    "l10n.aboutHrs": "Ungefähr {{value}} Std.",
    "l10n.mins": "{{value}} Min.",
    "l10n.min": "{{value}} Min.",
    "l10n.secs": "{{value}} Sek.",
    "l10n.sec": "{{value}} Sek.",
    "l10n.byte": "{{value}} Byte",
    "l10n.bytes": "{{value}} Bytes",
    "l10n.mb": "{{value}} MB",
    "l10n.kb": "{{value}} KB",
    "l10n.gb": "{{value}} GB",
    "l10n.tb": "{{value}} TB",
    "l10n.send": "Senden",
    "l10n.feedbackCategory": "Feedback-Kategorie",
    "l10n.subCategory": "Unterkategorie",
    "l10n.emailOptional": "E-Mail-Adresse (optional)",
    "l10n.drivers": "Treiber",
    "l10n.downloadDriver": "Empfohlener Treiber konnte nicht heruntergeladen werden",
    "l10n.installDriver": "Empfohlener Treiber konnte nicht installiert werden",
    "l10n.checkUpdate": "Es konnte nicht nach Updates gesucht werden",
    "l10n.checkTimeLong": "Suchen nach Updates dauert zu lange",
    "l10n.downloadTimeLong": "Herunterladen des Treibers dauert zu lange",
    "l10n.installTimeLong": "Installieren des Treibers dauert zu lange",
    "l10n.driverIssue": "Teilen Sie uns Probleme mit einem Grafiktreiber mit",
    "l10n.others": "Sonstiges",
    "l10n.installIssue": "Melden eines Problems beim Installieren von GeForce Experience",
    "l10n.updateIssue": "Melden eines Problems beim Aktualisieren von GeForce Experience",
    "l10n.translateIssue": "Melden einer falschen oder fehlenden Übersetzung",
    "l10n.geforceIssue": "Melden eines Problems mit GeForce Experience",
    "l10n.shareIssue": "Melden eines Problems beim Teilen Ihres Spielerlebnisses",
    "l10n.ledIssue": "Melden eines Problems mit LED Visualizer",
    "l10n.whatLike": "Was gefällt Ihnen an GeForce Experience?",
    "l10n.suggestion": "Vorschlagen einer Verbesserung an GeForce Experience",
    "l10n.gameDetectionAndSupport": "Spiel- oder Anwendungserkennung und -unterstützung",
    "l10n.gameNotFoundSupported": "Es wurde kein unterstütztes Spiel oder keine unterstützte Anwendung gefunden",
    "l10n.gameWrongDetection": "Spiel oder Anwendung wurde nicht ordnungsgemäß erkannt oder ist nicht installiert",
    "l10n.gameDuplicateDetection": "Es wurden zwei Kopien desselben Spiels oder derselben Anwendung gefunden",
    "l10n.gameLaunchFail": "Spiel oder Anwendung konnte nicht gestartet werden",
    "l10n.gameCurrentSettingsNotAvailable": "Aktuelle Spiel- oder Anwendungseinstellungen wurden nicht gefunden",
    "l10n.gameTooLongScan": "Suche nach Spielen und Anwendungen dauert zu lange",
    "l10n.gameSupportSuggestion": "Spiel oder Anwendung vorschlagen, das/die wir unterstützen sollten",
    "l10n.ops": "Optimale Einstellungen",
    "l10n.opsMissing": "Empfehlungen fehlen",
    "l10n.opsLowImageQuality": "Bildqualität ist zu gering",
    "l10n.opsLowPerformance": "Bildwiederholfrequenz ist zu gering",
    "l10n.opsRemoved": "Empfehlungen wurden entfernt",
    "l10n.opsSuggestion": "Vorschlagen einer Verbesserung für optimale Einstellungen",
    "l10n.shareInstantReplay": "Teilen Sie uns Ihre Erfahrung mit der Videobeweis-Funktion mit",
    "l10n.shareRecord": "Teilen Sie uns Ihre Erfahrung mit der Aufzeichnungsfunktion mit",
    "l10n.shareStream": "Teilen Sie uns Ihre Erfahrung mit der Streaming-Funktion mit",
    "l10n.shareBroadcast": "Teilen Sie uns Ihre Erfahrung mit der Übertragungsfunktion mit",
    "l10n.shareImprovement": "Möglichkeiten vorschlagen, um das Teilen Ihres Spielerlebnisses zu verbessern.",
    "l10n.gameStream": "GameStream",
    "l10n.gameStreamGameIssue": "Problem mit von mir hinzugefügten Spielen und Anwendungen melden",
    "l10n.gameStreamPairing": "SHIELD-Geräte können nicht mit diesem PC gekoppelt werden",
    "l10n.gameStreamInternet": "Streaming über Internet nicht möglich",
    "l10n.gameStreamGameLaunch": "Spiel oder Anwendung startet nicht",
    "l10n.gameStreamController": "Controller funktioniert nicht",
    "l10n.gameStreamSuggestion": "Vorschlagen einer Verbesserung an GameStream",
    "l10n.feedbackDisableMessage": "Ihr Feedback ist uns wichtig. Rufen Sie „Einstellungen“ > „Allgemein“ auf, um uns Ihre Meinung mitzuteilen.",
    "l10n.feedbackThanksMessage": "Vielen Dank für Ihre Rückmeldung. Wir befassen uns damit.",
    "l10n.affectedGame": "Betroffenes Spiel oder betroffene Anwendung",
    "l10n.location": "Position",
    "l10n.affectedGames": "Betroffene Spiele und Anwendungen",
    "l10n.noInformationAvailable": "Informationen nicht verfügbar!",
    "l10n.invalidYear": "Bitte geben Sie ein vierstelliges Jahr ein",
    "l10n.invalidDate": "Geben Sie ein gültiges Geburtsdatum ein",
    "l10n.higherPerformance": "Höhere Leistung",
    "l10n.longerBatteryLife": "Längere Akkulebensdauer",
    "l10n.youAreOffline": "Sie sind offline. Stellen Sie eine Netzwerkverbindung her und versuchen Sie es anschließend erneut.",
    "l10n.unableToFetchVideo": "Video kann nicht abgerufen werden. Bitte versuchen Sie es in einiger Zeit erneut.",
    "l10n.launchingShareToast": "Das Teilen Ihres Spielereignisses wird vorbereitet ...",
    "l10n.openShareFailure": "„Teilen“ kann nicht geöffnet werden.",
    "l10n.somethingWrong": "Ein Fehler ist aufgetreten.",
    "l10n.errorRestartApplication": "Bitte versuchen Sie, GeForce Experience neu zu starten.",
    "l10n.errorRestartPC": "Bitte versuchen Sie, den PC und anschließend GeForce Experience neu zu starten.",
    "l10n.errorCode": "FEHLERCODE:",
    "l10n.pageCouldNotBeLoaded": "Die Seite konnte nicht geladen werden. Bitte überprüfen Sie Ihre Internetverbindung und versuchen Sie es erneut.",
    "l10n.retry": "Erneut versuchen",
    "l10n.learnMore": "Weitere Informationen",
    "l10n.virtualReality": "Virtual Reality",
    "l10n.tellAboutExperience": "Teilen Sie uns Ihre Erfahrung mit",
    "l10n.suggestVirtualRealityImprovement": "Vorschlagen einer Verbesserung an Virtual Reality",
    "l10n.tellAboutVirtualRealityIssue": "Teilen Sie uns Probleme mit Virtual Reality mit",
    "l10n.shareBeta": "Teilen (Beta)",
    "l10n.restart": "Neu starten",
    "l10n.doesNotMeetSpecVR": "Erfüllt nicht die empfohlenen Voraussetzungen für Virtual-Reality-Spiele",
    "l10n.recommendedSpecVR": "Empfohlene Voraussetzungen für Virtual-Reality-Spiele",
    "l10n.shareShortcut": "Alt + Z",
    "l10n.featureEnabled": "{{featureName}} ist aktiviert",
    "l10n.updateNow": "Jetzt aktualisieren",
    "l10n.shareNotReady": "Spielinternes Overlay nicht bereit",
    "l10n.featureErrorMessage": "Versuchen Sie, Ihr System neu zu starten oder GeForce Experience neu zu installieren. Wenn das nicht geht, warten Sie auf ein Patch-Update für die Anwendung.",
    "l10n.gotItText": "Hab es",
    "l10n.gameStreamNotReady": "GameStream nicht bereit",
    "l10n.loading": "Ladevorgang ...",
    "l10n.openGfeInGame": "Spielinternes Overlay öffnen",
    "l10n.joinWeChat": "Besuchen Sie {{clubName}} auf WeChat!",
    "l10n.scanNvidiaNewsWeChatQrCode": "Scannen Sie den QR-Code, um die neuesten Nachrichten von NVIDIA zu erhalten",
    "l10n.recentSearches": "Letzte Suchabfragen",
    "l10n.noResultsAvailable": "Es wurden keine Ihrer Suchanfrage entsprechenden Ergebnisse gefunden.",
    "l10n.nextTip": "Nächster Tipp",
    "l10n.achievements": "Erfolge",
    "l10n.noResults": "Keine Ergebnisse",
    "l10n.noResultsSearchMessage": "Versuchen Sie, mit anderen Begriffen zu suchen",
    "l10n.myProfile": "Mein Profil (PILOT)",
    "l10n.later": "Später",
    "l10n.updateDriver": "Treiber aktualisieren",
    "l10n.driverUpdateRequired": "Treiberaktualisierung erforderlich",
    "l10n.criticalUpdateForFeaturesOne": "Wichtige Aktualisierung für {{featureOne}}",
    "l10n.criticalUpdateForFeaturesTwo": "Wichtige Aktualisierung für {{featureOne}} und {{featureTwo}}",
    "l10n.criticalUpdateForFeaturesThree": "Wichtige Aktualisierung für {{featureOne}}, {{featureTwo}} und {{featureThree}}",
    "l10n.criticalUpdateForFeaturesFour": "Wichtige Aktualisierung für {{featureOne}}, {{featureTwo}}, {{featureThree}} und {{featureFour}}",
    "l10n.criticalUpdateForFeaturesFive": "Wichtige Aktualisierung für {{featureOne}}, {{featureTwo}}, {{featureThree}}, {{featureFour}} und {{featureFive}}",
    "l10n.criticalUpdateForFeaturesSix": "Wichtige Aktualisierung für {{featureOne}}, {{featureTwo}}, {{featureThree}}, {{featureFour}}, {{featureFive}} und {{featureSix}}",
    "l10n.launchYourGames": "Starten Sie Ihre Spiele und Anwendungen oder bearbeiten Sie Ihre optimalen Einstellungen.",
    "l10n.getTheLatestGrds": "Holen Sie sich die neuesten Game-Ready-Treiber oder Studio-Treiber für Ihre Spiele und Anwendungen.",
    "l10n.accessTheIgo": "Rufen Sie das spielinterne Overlay auf, um Videos, Bildschirmfotos und Live-Streams aufzuzeichnen und zu teilen.",
    "l10n.joinTheCommunity": "Treten Sie der Community bei und verdienen Sie sich Prämien.",
    "l10n.accessClientSettings": "Client-Einstellungen aufrufen, Coupons einlösen und GameStream aktivieren",
    "l10n.unableToSendFeedback": "Feedback konnte nicht gesendet werden. Bitte versuchen Sie es später erneut.",
    "l10n.includeTechnicalData": "Um uns bei der Bearbeitung Ihrer Kommentare zu helfen, erfassen wir automatisch technische Daten wie die Systeminformationen Ihres Pcs und Fehlerprotokolle.",
    "l10n.configureOptions": "Konfigurieren Sie Optionen wie Overlay-Einstellungen, experimentelle Funktionen und GameStream.",
    "l10n.redeemCodesAndRewards": "Codes und Prämien einlösen",
    "l10n.privacyPolicy": "NVIDIA Datenschutzrichtlinie",
    "l10n.ctaStartCountdown": "Beginnt in {{countdown}}",
    "l10n.ctaEndCountdown": "Endet in {{countdown}}",
    "l10n.ctaEnded": "Beendet",
    "l10n.connectionSecure": "Verbindung mit {{provider}} ist sicher",
    "l10n.informationSecure": "Ihre Informationen wie Benutzername und Kennwörter sind sicher, wenn sie zu dieser Website übertragen werden.",
    "l10n.viewCertificate": "Zertifikat anzeigen",
    "l10n.anselPhotoMode": "Ansel Fotomodus",
    "l10n.freestyle": "Freestyle Spielfilter",
    "l10n.shadowplayRecords": "ShadowPlay Aufzeichnung und Videobeweis",
    "l10n.openForDiscussion": "Ja, ich bin damit einverstanden, kontaktiert zu werden, falls NVIDIA weitere Fragen hat.",
    "l10n.nvidiaGfeTitle": "NVIDIA GeForce Experience",
    "l10n.gfePartnerInfoDescription": "NVIDIA GeForce Experience verwendet YouTubes API-Dienste, die den folgenden Nutzungsbedingungen und Datenschutzrichtlinien unterliegen:",
    "l10n.gfeYouTubeTOS": "YouTube Nutzungsbedingungen",
    "l10n.gfeGoogleSecuritySettings": "Google Sicherheitseinstellungen",
    "l10n.gfeGooglePrivacyPolicy": "Google Datenschutzrichtlinie",
    "l10n.gfePartnerPrivacyPolicy": "Datenschutzrichtlinie und Nutzungsbedingungen unserer Partner"
}
