{
    "l10n.home": "Home",
    "l10n.gfn": "GeForce NOW",
    "l10n.gallery": "Gallery",
    "l10n.gameroom": "Gameroom",
    "l10n.news": "News",
    "l10n.search": "Search",
    "l10n.notifications": "Notifications",
    "l10n.updates": "Updates",
    "l10n.settings": "Settings",
    "l10n.debug": "Debug",
    "l10n.preferences": "Preferences",
    "l10n.screenshots": "Screenshots",
    "l10n.username": "Username",
    "l10n.account": "Account",
    "l10n.logOut": "Log out",
    "l10n.cancel": "Cancel",
    "l10n.continue": "Continue",
    "l10n.submit": "Submit",
    "l10n.back": "Back",
    "l10n.alt.nvidiaLogo": "NVIDIA logo",
    "l10n.optimize": "Optimise",
    "l10n.all": "All",
    "l10n.more": "More",
    "l10n.moreDots": "More...",
    "l10n.sort": "Sort",
    "l10n.filter": "Filter",
    "l10n.done": "Done",
    "l10n.skip": "Skip",
    "l10n.or": "Or",
    "l10n.gamesOptimized": "{{numGamesOptimized}} games and applications are optimised",
    "l10n.scanGamesProgress": "{{numGamesScanned}} games and applications found",
    "l10n.scanGameProgress": "{{numGamesScanned}} game or application found",
    "l10n.noGamesFound": "No games or applications found",
    "l10n.zeroGamesFound": "0 games and applications found",
    "l10n.nonOptimizeProgress": "{{numGamesNotOptimized}} games and applications are not optimised",
    "l10n.unhandledexception": "Unhandled exception",
    "l10n.sendfeedback": "Send Feedback",
    "l10n.alphabetical": "Alphabetical",
    "l10n.details": "Details",
    "l10n.share": "in-game overlay",
    "l10n.close": "Close",
    "l10n.second": "second",
    "l10n.seconds": "seconds",
    "l10n.minute": "minute",
    "l10n.minutes": "minutes",
    "l10n.hour": "hour",
    "l10n.hours": "hours",
    "l10n.day": "day",
    "l10n.days": "days",
    "l10n.month": "month",
    "l10n.months": "months",
    "l10n.year": "year",
    "l10n.years": "years",
    "l10n.week": "week",
    "l10n.weeks": "weeks",
    "l10n.edit": "Edit",
    "l10n.detail": "Detail",
    "l10n.genre.other": "Other",
    "l10n.genre.actionAdventure": "Action Adventure",
    "l10n.genre.action": "Action",
    "l10n.genre.adventure": "Adventure",
    "l10n.genre.arcade": "Arcade",
    "l10n.genre.family": "Family",
    "l10n.genre.fps": "First Person Shooter",
    "l10n.genre.puzzle": "Puzzle",
    "l10n.genre.racing": "Racing",
    "l10n.genre.rolePlaying": "Role playing",
    "l10n.genre.actionRPG": "Action RPG",
    "l10n.genre.actionMMO": "Action MMO",
    "l10n.genre.mmorpg": "MMO RPG",
    "l10n.genre.rts": "Real-Time Strategy",
    "l10n.pause": "Pause",
    "l10n.volume": "Volume",
    "l10n.fullscreen": "Fullscreen",
    "l10n.mediaerror.aborted": "Playback Aborted",
    "l10n.mediaerror.network": "Downloading error",
    "l10n.mediaerror.decode": "Decoding error",
    "l10n.mediaerror.notsupported": "Video type not supported",
    "l10n.mediaerror.generic": "Cannot playback",
    "l10n.allSet": "You're all set",
    "l10n.shield": "shield",
    "l10n.hr": "{{value}} hr",
    "l10n.hrs": "{{value}} hrs",
    "l10n.aboutHrs": "About {{value}} hrs",
    "l10n.mins": "{{value}} mins",
    "l10n.min": "{{value}} min",
    "l10n.secs": "{{value}} secs",
    "l10n.sec": "{{value}} sec",
    "l10n.byte": "{{value}}byte",
    "l10n.bytes": "{{value}}bytes",
    "l10n.mb": "{{value}}MB",
    "l10n.kb": "{{value}}KB",
    "l10n.gb": "{{value}}GB",
    "l10n.tb": "{{value}}TB",
    "l10n.send": "Send",
    "l10n.feedbackCategory": "Feedback category",
    "l10n.subCategory": "Sub-category",
    "l10n.emailOptional": "Email (optional)",
    "l10n.drivers": "Drivers",
    "l10n.downloadDriver": "Unable to download recommended driver",
    "l10n.installDriver": "Unable to install recommended driver",
    "l10n.checkUpdate": "Unable to check for updates",
    "l10n.checkTimeLong": "Checking for updates takes too long",
    "l10n.downloadTimeLong": "Driver download takes too long",
    "l10n.installTimeLong": "Driver installation takes too long",
    "l10n.driverIssue": "Tell us about an issue with a graphics driver",
    "l10n.others": "Others",
    "l10n.installIssue": "Report an issue installing GeForce Experience",
    "l10n.updateIssue": "Report an issue with updating GeForce Experience",
    "l10n.translateIssue": "Report an incorrect or missing translation",
    "l10n.geforceIssue": "Report an issue with GeForce Experience",
    "l10n.shareIssue": "Report an issue sharing your gameplay",
    "l10n.ledIssue": "Report an issue with LED Visualizer",
    "l10n.whatLike": "Tell us what you like about GeForce Experience",
    "l10n.suggestion": "Suggest an improvement to GeForce Experience",
    "l10n.gameDetectionAndSupport": "Game or application detection and support",
    "l10n.gameNotFoundSupported": "A supported game or application was not found",
    "l10n.gameWrongDetection": "Game or application was incorrectly detected or is not installed",
    "l10n.gameDuplicateDetection": "Duplicate copies of the same game or application were found",
    "l10n.gameLaunchFail": "Unable to launch game or application",
    "l10n.gameCurrentSettingsNotAvailable": "Current game or application settings were not found",
    "l10n.gameTooLongScan": "Scanning for games and applications takes too long",
    "l10n.gameSupportSuggestion": "Suggest a game or application we should support",
    "l10n.ops": "Optimal Settings",
    "l10n.opsMissing": "Recommendations are missing",
    "l10n.opsLowImageQuality": "Image quality is too low",
    "l10n.opsLowPerformance": "Frames per second is too low",
    "l10n.opsRemoved": "Recommendations were removed",
    "l10n.opsSuggestion": "Suggest an improvement for Optimal Settings",
    "l10n.shareInstantReplay": "Tell us about your experience using instant replay",
    "l10n.shareRecord": "Tell us about your experience using record",
    "l10n.shareStream": "Tell us about your experience using stream",
    "l10n.shareBroadcast": "Tell us about your experience using broadcast",
    "l10n.shareImprovement": "Suggest ways to improve sharing your gameplay",
    "l10n.gameStream": "GameStream",
    "l10n.gameStreamGameIssue": "Report an issue with games and applications I added",
    "l10n.gameStreamPairing": "Unable to pair SHIELD devices with this PC",
    "l10n.gameStreamInternet": "Unable to stream on the Internet",
    "l10n.gameStreamGameLaunch": "Game or application fails to launch",
    "l10n.gameStreamController": "Controller is not working",
    "l10n.gameStreamSuggestion": "Suggest an improvement to GameStream",
    "l10n.feedbackDisableMessage": "Your feedback matters to us. Go to Settings > General to tell us what you think.",
    "l10n.feedbackThanksMessage": "Thanks for your feedback. We are looking into it.",
    "l10n.affectedGame": "Affected game or application",
    "l10n.location": "Location",
    "l10n.affectedGames": "Affected games and applications",
    "l10n.noInformationAvailable": "Information not available!",
    "l10n.invalidYear": "Please enter a four digit year",
    "l10n.invalidDate": "Enter a valid birth date",
    "l10n.higherPerformance": "Higher Performance",
    "l10n.longerBatteryLife": "Longer Battery Life",
    "l10n.youAreOffline": "You're offline. Connect to a network and try again.",
    "l10n.unableToFetchVideo": "Unable to fetch video. Please try later.",
    "l10n.launchingShareToast": "Preparing to share your gameplay...",
    "l10n.openShareFailure": "Unable to open share.",
    "l10n.somethingWrong": "Something went wrong.",
    "l10n.errorRestartApplication": "Try restarting GeForce Experience.",
    "l10n.errorRestartPC": "Try rebooting your PC and then launch GeForce Experience.",
    "l10n.errorCode": "ERROR CODE:",
    "l10n.pageCouldNotBeLoaded": "The page could not be loaded. Check your internet connectivity and try again.",
    "l10n.retry": "Retry",
    "l10n.learnMore": "Learn more",
    "l10n.virtualReality": "Virtual Reality",
    "l10n.tellAboutExperience": "Tell us about your experience",
    "l10n.suggestVirtualRealityImprovement": "Suggest an improvement to Virtual Reality",
    "l10n.tellAboutVirtualRealityIssue": "Tell us about an issue with Virtual Reality",
    "l10n.shareBeta": "Share (Beta)",
    "l10n.restart": "Restart",
    "l10n.doesNotMeetSpecVR": "Doesn't meet the recommended spec for virtual reality gaming",
    "l10n.recommendedSpecVR": "Recommended spec for virtual reality gaming",
    "l10n.shareShortcut": "Alt + Z",
    "l10n.featureEnabled": "{{featureName}} is enabled",
    "l10n.updateNow": "Update Now",
    "l10n.shareNotReady": "In-game overlay not ready",
    "l10n.featureErrorMessage": "Try restarting your system or re-installing GeForce Experience. If that doesn't work, wait for a patch update for the application.",
    "l10n.gotItText": "Got it",
    "l10n.gameStreamNotReady": "GameStream not ready",
    "l10n.loading": "Loading...",
    "l10n.openGfeInGame": "Open in-game overlay",
    "l10n.joinWeChat": "Join the {{clubName}} on WeChat!",
    "l10n.scanNvidiaNewsWeChatQrCode": "Scan QR code to get the latest NVIDIA news",
    "l10n.recentSearches": "Recent Searches",
    "l10n.noResultsAvailable": "No results matching your query were found.",
    "l10n.nextTip": "Next Tip",
    "l10n.achievements": "Achievements",
    "l10n.noResults": "No results",
    "l10n.noResultsSearchMessage": "Try searching with different keywords",
    "l10n.myProfile": "My Profile (PILOT)",
    "l10n.later": "Later",
    "l10n.updateDriver": "Update driver",
    "l10n.driverUpdateRequired": "Driver update required",
    "l10n.criticalUpdateForFeaturesOne": "Critical update for {{featureOne}}",
    "l10n.criticalUpdateForFeaturesTwo": "Critical update for {{featureOne}} and {{featureTwo}}",
    "l10n.criticalUpdateForFeaturesThree": "Critical update for {{featureOne}}, {{featureTwo}} and {{featureThree}}",
    "l10n.criticalUpdateForFeaturesFour": "Critical update for {{featureOne}}, {{featureTwo}}, {{featureThree}} and {{featureFour}}",
    "l10n.criticalUpdateForFeaturesFive": "Critical update for {{featureOne}}, {{featureTwo}}, {{featureThree}}, {{featureFour}} and {{featureFive}}",
    "l10n.criticalUpdateForFeaturesSix": "Critical update for {{featureOne}}, {{featureTwo}}, {{featureThree}}, {{featureFour}}, {{featureFive}} and {{featureSix}}",
    "l10n.launchYourGames": "Launch your games and applications or edit your optimal settings.",
    "l10n.getTheLatestGrds": "Get the latest Game Ready Drivers or Studio Drivers for your games and applications.",
    "l10n.accessTheIgo": "Access the in-game overlay to record and share videos, screenshots and livestreams.",
    "l10n.joinTheCommunity": "Join the community and earn rewards.",
    "l10n.accessClientSettings": "Access client settings, redeem coupons, and enable GameStream",
    "l10n.unableToSendFeedback": "Unable to send feedback, try again later",
    "l10n.includeTechnicalData": "To help us review your comments, we will automatically include technical data such as your PC's system information and error logs.",
    "l10n.configureOptions": "Configure options such as Overlay settings, experimental features and GameStream.",
    "l10n.redeemCodesAndRewards": "Redeem codes and rewards",
    "l10n.privacyPolicy": "NVIDIA Privacy Policy",
    "l10n.ctaStartCountdown": "Starts in {{countdown}}",
    "l10n.ctaEndCountdown": "Ends in {{countdown}}",
    "l10n.ctaEnded": "Ended",
    "l10n.connectionSecure": "Connection to {{provider}} is secure",
    "l10n.informationSecure": "Your information such as username and passwords is secure when it is sent to the site.",
    "l10n.viewCertificate": "View Certificate",
    "l10n.anselPhotoMode": "Ansel Photo Mode",
    "l10n.freestyle": "Freestyle Game Filters",
    "l10n.shadowplayRecords": "ShadowPlay Record & Instant Replay",
    "l10n.openForDiscussion": "Yes, it’s ok to contact me if NVIDIA has additional questions.",
    "l10n.nvidiaGfeTitle": "NVIDIA GeForce Experience",
    "l10n.gfePartnerInfoDescription": "NVIDIA GeForce Experience uses YouTube API Services, which are governed by the following terms of use and privacy policies:",
    "l10n.gfeYouTubeTOS": "YouTube Terms of Service",
    "l10n.gfeGoogleSecuritySettings": "Google Security Settings",
    "l10n.gfeGooglePrivacyPolicy": "Google Privacy Policy",
    "l10n.gfePartnerPrivacyPolicy": "Partner Privacy Policies and Terms of Service"
}
