{
    "l10n.home": "Головна",
    "l10n.gfn": "GeForce NOW",
    "l10n.gallery": "Галерея",
    "l10n.gameroom": "Ігрова кімната",
    "l10n.news": "Новини",
    "l10n.search": "Пошук",
    "l10n.notifications": "Сповіщення",
    "l10n.updates": "Оновлення",
    "l10n.settings": "Нлаштування",
    "l10n.debug": "Налагодження",
    "l10n.preferences": "Параметри",
    "l10n.screenshots": "Знімки екрану",
    "l10n.username": "Ім'я користувача",
    "l10n.account": "Обліковий запис",
    "l10n.logOut": "Вихід",
    "l10n.cancel": "Скасувати",
    "l10n.continue": "Продовжити",
    "l10n.submit": "Відправити",
    "l10n.back": "Назад",
    "l10n.alt.nvidiaLogo": "Логотип NVIDIA",
    "l10n.optimize": "Оптимізувати",
    "l10n.all": "Все",
    "l10n.more": "Більше",
    "l10n.moreDots": "Більше...",
    "l10n.sort": "Сортувати",
    "l10n.filter": "Фільтр",
    "l10n.done": "Готово",
    "l10n.skip": "Пропустити",
    "l10n.or": "Або",
    "l10n.gamesOptimized": "Оптимізовано ігор та застосунків: {{numGamesOptimized}}",
    "l10n.scanGamesProgress": "Знайдено ігор та застосунків: {{numGamesScanned}}",
    "l10n.scanGameProgress": "Знайдено ігор та застосунків: {{numGamesScanned}}",
    "l10n.noGamesFound": "Ігор або застосунків не знайдено",
    "l10n.zeroGamesFound": "Знайдено ігор та застосунків: 0",
    "l10n.nonOptimizeProgress": "Не оптимізовано ігор та застосунків: {{numGamesNotOptimized}}",
    "l10n.unhandledexception": "Необроблене виняток",
    "l10n.sendfeedback": "Надіслати відгук",
    "l10n.alphabetical": "В алфавітному порядку",
    "l10n.details": "Детальніше",
    "l10n.share": "внутрішньо-ігровий оверлей",
    "l10n.close": "Закрити",
    "l10n.second": "с",
    "l10n.seconds": "с",
    "l10n.minute": "хв",
    "l10n.minutes": "хв",
    "l10n.hour": "год",
    "l10n.hours": "год",
    "l10n.day": "день",
    "l10n.days": "днів",
    "l10n.month": "місяць",
    "l10n.months": "місяця(-ів)",
    "l10n.year": "рік",
    "l10n.years": "року(-ів)",
    "l10n.week": "тиждень",
    "l10n.weeks": "тижня(-ів)",
    "l10n.edit": "Правка",
    "l10n.detail": "Деталізація",
    "l10n.genre.other": "Інше",
    "l10n.genre.actionAdventure": "Екшин/Пригодницька",
    "l10n.genre.action": "Дія",
    "l10n.genre.adventure": "Пригодницька",
    "l10n.genre.arcade": "Аркада",
    "l10n.genre.family": "Сімейні",
    "l10n.genre.fps": "Шутер від першої особи",
    "l10n.genre.puzzle": "Головоломка",
    "l10n.genre.racing": "Гонки",
    "l10n.genre.rolePlaying": "Рольова гра",
    "l10n.genre.actionRPG": "Екшин/Рольова гра",
    "l10n.genre.actionMMO": "Багатокористувацький екшин",
    "l10n.genre.mmorpg": "Багатокористувацька рольова гра",
    "l10n.genre.rts": "Стратегія у реальному часі",
    "l10n.pause": "Пауза",
    "l10n.volume": "Гучність",
    "l10n.fullscreen": "Повний екран",
    "l10n.mediaerror.aborted": "Відтворення призупинене",
    "l10n.mediaerror.network": "Помилка завантаження",
    "l10n.mediaerror.decode": "Помилка декодування",
    "l10n.mediaerror.notsupported": "Тип відео не підтримується",
    "l10n.mediaerror.generic": "Неможливо відтворити",
    "l10n.allSet": "Готово",
    "l10n.shield": "shield",
    "l10n.hr": "{{value}} год",
    "l10n.hrs": "{{value}} год",
    "l10n.aboutHrs": "близько {{value}} год",
    "l10n.mins": "{{value}} хв",
    "l10n.min": "{{value}} хв",
    "l10n.secs": "{{value}} с",
    "l10n.sec": "{{value}} с",
    "l10n.byte": "{{value}} байт",
    "l10n.bytes": "{{value}} байт",
    "l10n.mb": "{{value}} МБ",
    "l10n.kb": "{{value}} КБ",
    "l10n.gb": "{{value}} ГБ",
    "l10n.tb": "{{value}} ТБ",
    "l10n.send": "Відправити",
    "l10n.feedbackCategory": "Категорія відгуку",
    "l10n.subCategory": "Підкатегорія",
    "l10n.emailOptional": "Адреса ел. пошти (необов'язково)",
    "l10n.drivers": "Драйвера",
    "l10n.downloadDriver": "Не вдалося завантажити рекомендований драйвер",
    "l10n.installDriver": "Не вдалося встановити рекомендований драйвер",
    "l10n.checkUpdate": "Не вдалося перевірити оновлення",
    "l10n.checkTimeLong": "Перевірка оновлення проходить занадто долго",
    "l10n.downloadTimeLong": "Завантаження драйвера проходить занадто долго",
    "l10n.installTimeLong": "Установка драйвера проходить занадто долго",
    "l10n.driverIssue": "Повідомити про проблему у графічному драйвері",
    "l10n.others": "Інше",
    "l10n.installIssue": "Повідомити про проблему під час установки програми GeForce Experience",
    "l10n.updateIssue": "Повідомити про проблему під час оновлення програми GeForce Experience",
    "l10n.translateIssue": "Повідомити про невірний або відсутній переклад",
    "l10n.geforceIssue": "Повідомити про проблему у програмі GeForce Experience",
    "l10n.shareIssue": "Повідомити про проблему із загальним доступом до ігрового процесу",
    "l10n.ledIssue": "Повідомити про проблему з LED Visualizer",
    "l10n.whatLike": "Повідомте, що вам подобається у GeForce Experience",
    "l10n.suggestion": "Запропонуйте поліпшення для програми GeForce Experience",
    "l10n.gameDetectionAndSupport": "Пошук і підтримка ігор або застосунків",
    "l10n.gameNotFoundSupported": "Підтримувана гра або застосунок не знайдені",
    "l10n.gameWrongDetection": "Гра або застосунок некоректно визначені або не встановлені",
    "l10n.gameDuplicateDetection": "Виявлено однакові копії гри або застосунків",
    "l10n.gameLaunchFail": "Не вдалося запустити гру або застосунок",
    "l10n.gameCurrentSettingsNotAvailable": "Поточні налаштування гри або застосунку не знайдені",
    "l10n.gameTooLongScan": "Пошук ігор і застосунків займає надто багато часу",
    "l10n.gameSupportSuggestion": "Запропонувати гру або застосунок для включення у список підтримуваних",
    "l10n.ops": "Оптимальні параметри",
    "l10n.opsMissing": "Рекомендації відсутні",
    "l10n.opsLowImageQuality": "Якість зображення занадто низька",
    "l10n.opsLowPerformance": "Кадрова частота занадто низька",
    "l10n.opsRemoved": "Рекомендації були видалені",
    "l10n.opsSuggestion": "Запропонувати поліпшення для оптимальних налаштувань",
    "l10n.shareInstantReplay": "Розкажіть нам про свій досвід використання миттєвого повтору",
    "l10n.shareRecord": "Розкажіть нам про свій досвід використання запису",
    "l10n.shareStream": "Розкажіть нам про свій досвід використання потокової передачі",
    "l10n.shareBroadcast": "Розкажіть нам про свій досвід використання трансляції",
    "l10n.shareImprovement": "Запропонувати поліпшення для загального доступу до ігрового процесу",
    "l10n.gameStream": "GameStream",
    "l10n.gameStreamGameIssue": "Повідомте про проблему з доданими іграми або застосунками",
    "l10n.gameStreamPairing": "Неможливо прив'язати пристрої SHIELD до даного ПК",
    "l10n.gameStreamInternet": "Неможливо здійснити потокову передачу по Інтернету",
    "l10n.gameStreamGameLaunch": "Не вдалося запустити гру або застосунок",
    "l10n.gameStreamController": "Контролер не працює",
    "l10n.gameStreamSuggestion": "Запропонувати поліпшення для GameStream",
    "l10n.feedbackDisableMessage": "Ми цінуємо вашу думку. Перейдіть в Налаштування > Загальні, щоб поділитися своєю думкою.",
    "l10n.feedbackThanksMessage": "Дякуємо вам за відгук. Ми вивчимо проблему.",
    "l10n.affectedGame": "Постраждала гра або застосунок",
    "l10n.location": "Розташування",
    "l10n.affectedGames": "Постраждалі ігри або застосунки",
    "l10n.noInformationAvailable": "Інформація недоступна",
    "l10n.invalidYear": "Вкажіть рік в форматі РРРР",
    "l10n.invalidDate": "Вкажіть дійсну дату народження",
    "l10n.higherPerformance": "Підвищена продуктивність",
    "l10n.longerBatteryLife": "Економія заряду акумуляторної батареї",
    "l10n.youAreOffline": "Ви в режимі офлайн. Підключіться до мережі та спробуйте ще раз.",
    "l10n.unableToFetchVideo": "Не вдалося завантажити відео. Будь ласка, спробуйте пізніше.",
    "l10n.launchingShareToast": "Підготовка загального доступу до ігрового процесу...",
    "l10n.openShareFailure": "Не вдалося відкрити «Загальний доступ».",
    "l10n.somethingWrong": "Виникла помилка.",
    "l10n.errorRestartApplication": "Спробуйте перезавантажити GeForce Experience.",
    "l10n.errorRestartPC": "Спробуйте перезавантажити комп'ютер, потім запустіть GeForce Experience.",
    "l10n.errorCode": "КОД ПОМИЛКИ:",
    "l10n.pageCouldNotBeLoaded": "Не вдалося завантажити сторінку. Перевірте з'єднання з Інтернетом і спробуйте ще раз.",
    "l10n.retry": "Повторити спробу",
    "l10n.learnMore": "Докладніше",
    "l10n.virtualReality": "Віртуальна реальність",
    "l10n.tellAboutExperience": "Розкажіть нам про свої враження",
    "l10n.suggestVirtualRealityImprovement": "Запропонувати поліпшення для віртуальної реальності",
    "l10n.tellAboutVirtualRealityIssue": "Повідомте про проблему з віртуальною реальністю",
    "l10n.shareBeta": "Загальний доступ (бета-версія)",
    "l10n.restart": "Перезавантаження",
    "l10n.doesNotMeetSpecVR": "Не відповідає рекомендованим вимогам для систем віртуальної реальності",
    "l10n.recommendedSpecVR": "Рекомендовані вимоги для систем віртуальної реальності",
    "l10n.shareShortcut": "Alt + Z",
    "l10n.featureEnabled": "Функція {{featureName}} увімкнена",
    "l10n.updateNow": "Оновити",
    "l10n.shareNotReady": "Внутрішньо-ігровий оверлей не готовий",
    "l10n.featureErrorMessage": "Спробуйте перезавантажити систему або перевстановити GeForce Experience. Якщо це не допоможе, дочекайтеся оновлення застосунку.",
    "l10n.gotItText": "ОК",
    "l10n.gameStreamNotReady": "GameStream не готовий",
    "l10n.loading": "Завантаження...",
    "l10n.openGfeInGame": "Відкрити внутрішньоігровий оверлей",
    "l10n.joinWeChat": "Приєднуйтесь до {{clubName}} у WeChat!",
    "l10n.scanNvidiaNewsWeChatQrCode": "Вважайте QR-код для отримання останніх новин NVIDIA",
    "l10n.recentSearches": "Останні пошукові запити",
    "l10n.noResultsAvailable": "Результати, що відповідають вашому запиту, не знайдено.",
    "l10n.nextTip": "Наступна порада",
    "l10n.achievements": "Досягнення",
    "l10n.noResults": "Результатів немає",
    "l10n.noResultsSearchMessage": "Спробуйте пошук за іншими ключовими словами",
    "l10n.myProfile": "Мій профіль",
    "l10n.later": "Пізніше",
    "l10n.updateDriver": "Оновити драйвер",
    "l10n.driverUpdateRequired": "Потрібно оновлення драйвера",
    "l10n.criticalUpdateForFeaturesOne": "Критичне оновлення для {{featureOne}}",
    "l10n.criticalUpdateForFeaturesTwo": "Критичне оновлення для {{featureOne}} і {{featureTwo}}",
    "l10n.criticalUpdateForFeaturesThree": "Критичне оновлення для {{featureOne}}, {{featureTwo}} і {{featureThree}}",
    "l10n.criticalUpdateForFeaturesFour": "Критичне оновлення для {{featureOne}}, {{featureTwo}}, {{featureThree}} і {{featureFour}}",
    "l10n.criticalUpdateForFeaturesFive": "Критичне оновлення для {{featureOne}}, {{featureTwo}}, {{featureThree}}, {{featureFour}} і {{featureFive}}",
    "l10n.criticalUpdateForFeaturesSix": "Критичне оновлення для {{featureOne}}, {{featureTwo}}, {{featureThree}}, {{featureFour}}, {{featureFive}} і {{featureSix}}",
    "l10n.launchYourGames": "Запускайте гри або програми або міняйте їх оптимальні настройки.",
    "l10n.getTheLatestGrds": "Завантажуйте новітні драйвера Game Ready або Studio Ready для ваших ігор і застосунків.",
    "l10n.accessTheIgo": "Використовуйте внутрішньо-ігровим оверлей для запису і загального доступу до відео, знімкам екрану і прямим трансляціям.",
    "l10n.joinTheCommunity": "Приєднуйтесь до спільноти і отримуйте нагороди.",
    "l10n.accessClientSettings": "Отримуйте доступ до параметрів клієнта, активуйте купони і включайте GameStream.",
    "l10n.unableToSendFeedback": "Чи не вдалося відправити відгук. Будь ласка, спробуйте пізніше.",
    "l10n.includeTechnicalData": "Щоб полегшити обробку ваших коментарів, ми будемо автоматично збирати технічні дані, наприклад відомості про вашу систему і журнали помилок.",
    "l10n.configureOptions": "Налаштуйте параметри накладення, експериментальні функції і GameStream.",
    "l10n.redeemCodesAndRewards": "Активувати коди і нагороди",
    "l10n.privacyPolicy": "Політика конфіденційності",
    "l10n.ctaStartCountdown": "Початок через {{countdown}}",
    "l10n.ctaEndCountdown": "Завершеня через {{countdown}}",
    "l10n.ctaEnded": "Завершено",
    "l10n.connectionSecure": "З'єднання з {{provider}} безпечне",
    "l10n.informationSecure": "Передача на цей сайт ваших даних, таких як ім'я користувача і паролі, безпечна.",
    "l10n.viewCertificate": "Переглянути сертифікат",
    "l10n.anselPhotoMode": "Фоторежим Ansel",
    "l10n.freestyle": "Фільтри Freestyle",
    "l10n.shadowplayRecords": "Запис і миттєвий повтор вShadowPlay",
    "l10n.openForDiscussion": "Так, зі мною можна зв'язатися, якщо у NVIDIA виникнуть додаткові питання.",
    "l10n.nvidiaGfeTitle": "NVIDIA GeForce Experience"
}
