{
    "l10n.home": "Inicio",
    "l10n.gfn": "GeForce NOW",
    "l10n.gallery": "Galería",
    "l10n.gameroom": "Zona de juegos",
    "l10n.news": "Noticias",
    "l10n.search": "Buscar",
    "l10n.notifications": "Notificaciones",
    "l10n.updates": "Actualizaciones",
    "l10n.settings": "Configuración",
    "l10n.debug": "Depurar",
    "l10n.preferences": "Preferencias",
    "l10n.screenshots": "Capturas de pantalla",
    "l10n.username": "Nombre de usuario",
    "l10n.account": "Cuenta",
    "l10n.logOut": "Cerrar sesión",
    "l10n.cancel": "Cancelar",
    "l10n.continue": "Continuar",
    "l10n.submit": "Enviar",
    "l10n.back": "Volver",
    "l10n.alt.nvidiaLogo": "Logotipo de NVIDIA",
    "l10n.optimize": "Optimizar",
    "l10n.all": "Todas",
    "l10n.more": "Más",
    "l10n.moreDots": "Más...",
    "l10n.sort": "Ordenar",
    "l10n.filter": "Filtrar",
    "l10n.done": "Hecho",
    "l10n.skip": "Saltar",
    "l10n.or": "O bien",
    "l10n.gamesOptimized": "{{numGamesOptimized}} juegos y aplicaciones están optimizados",
    "l10n.scanGamesProgress": "Se han encontrado {{numGamesScanned}} juegos y aplicaciones",
    "l10n.scanGameProgress": "Se ha encontrado {{numGamesScanned}} juego o aplicación",
    "l10n.noGamesFound": "No se ha encontrado ningún juego ni aplicación",
    "l10n.zeroGamesFound": "Se han encontrado 0 juegos y aplicaciones",
    "l10n.nonOptimizeProgress": "{{numGamesNotOptimized}} juegos y aplicaciones no están optimizados",
    "l10n.unhandledexception": "Excepción no controlada",
    "l10n.sendfeedback": "Enviar comentarios",
    "l10n.alphabetical": "Alfabético",
    "l10n.details": "Detalles",
    "l10n.share": "superposición dentro del juego",
    "l10n.close": "Cerrar",
    "l10n.second": "segundo",
    "l10n.seconds": "segundos",
    "l10n.minute": "minuto",
    "l10n.minutes": "minutos",
    "l10n.hour": "hora",
    "l10n.hours": "horas",
    "l10n.day": "día",
    "l10n.days": "días",
    "l10n.month": "mes",
    "l10n.months": "meses",
    "l10n.year": "año",
    "l10n.years": "años",
    "l10n.week": "semana",
    "l10n.weeks": "semanas",
    "l10n.edit": "Editar",
    "l10n.detail": "Detalle",
    "l10n.genre.other": "Otro",
    "l10n.genre.actionAdventure": "Acción y aventuras",
    "l10n.genre.action": "Acción",
    "l10n.genre.adventure": "Aventuras",
    "l10n.genre.arcade": "Arcade",
    "l10n.genre.family": "Familia",
    "l10n.genre.fps": "FPS",
    "l10n.genre.puzzle": "Rompecabezas",
    "l10n.genre.racing": "Carreras",
    "l10n.genre.rolePlaying": "Rol",
    "l10n.genre.actionRPG": "Acción y rol",
    "l10n.genre.actionMMO": "Acción y MMO",
    "l10n.genre.mmorpg": "MMO RPG",
    "l10n.genre.rts": "Estrategia en tiempo real",
    "l10n.pause": "Pausa",
    "l10n.volume": "Volumen",
    "l10n.fullscreen": "Pantalla completa",
    "l10n.mediaerror.aborted": "Reproducción cancelada",
    "l10n.mediaerror.network": "Error de descarga",
    "l10n.mediaerror.decode": "Error de descodificación",
    "l10n.mediaerror.notsupported": "Tipo de vídeo no compatible",
    "l10n.mediaerror.generic": "No se puede reproducir",
    "l10n.allSet": "Todo listo",
    "l10n.shield": "shield",
    "l10n.hr": "{{value}} h",
    "l10n.hrs": "{{value}} h",
    "l10n.aboutHrs": "Alrededor de {{value}} h",
    "l10n.mins": "{{value}} min",
    "l10n.min": "{{value}} min",
    "l10n.secs": "{{value}} s",
    "l10n.sec": "{{value}} s",
    "l10n.byte": "{{value}} byte",
    "l10n.bytes": "{{value}} bytes",
    "l10n.mb": "{{value}} MB",
    "l10n.kb": "{{value}} KB",
    "l10n.gb": "{{value}} GB",
    "l10n.tb": "{{value}} TB",
    "l10n.send": "Enviar",
    "l10n.feedbackCategory": "Categoría de comentario",
    "l10n.subCategory": "Subcategoría",
    "l10n.emailOptional": "Correo electrónico (opcional)",
    "l10n.drivers": "Controladores",
    "l10n.downloadDriver": "No se pudo descargar el controlador recomendado",
    "l10n.installDriver": "No se pudo instalar el controlador recomendado",
    "l10n.checkUpdate": "No se pudo buscar actualizaciones",
    "l10n.checkTimeLong": "La búsqueda de actualizaciones está tardando demasiado",
    "l10n.downloadTimeLong": "La descarga de controladores está tardando demasiado",
    "l10n.installTimeLong": "La instalación de controladores está tardando demasiado",
    "l10n.driverIssue": "Indíquenos un problema con un controlador gráfico",
    "l10n.others": "Otros",
    "l10n.installIssue": "Informe de un problema de instalación de GeForce Experience",
    "l10n.updateIssue": "Informe de un problema de actualización de GeForce Experience",
    "l10n.translateIssue": "Informe de una traducción incorrecta o que falte",
    "l10n.geforceIssue": "Informe de un problema de GeForce Experience",
    "l10n.shareIssue": "Informar de un problema al compartir su partida",
    "l10n.ledIssue": "Informe de un problema de LED Visualizer",
    "l10n.whatLike": "Díganos lo que le gusta de GeForce Experience",
    "l10n.suggestion": "Sugiera una mejora para GeForce Experience",
    "l10n.gameDetectionAndSupport": "Detección y compatibilidad con juegos o aplicaciones",
    "l10n.gameNotFoundSupported": "No se ha encontrado ningún juego o aplicación compatible",
    "l10n.gameWrongDetection": "No se detectaron correctamente el juego o la aplicación, o no están instalados",
    "l10n.gameDuplicateDetection": "Se han encontrado copias duplicadas del mismo juego o aplicación",
    "l10n.gameLaunchFail": "No se puede iniciar el juego o la aplicación",
    "l10n.gameCurrentSettingsNotAvailable": "No se ha encontrado la configuración del juego o la aplicación actual",
    "l10n.gameTooLongScan": "La búsqueda de juegos y aplicaciones está llevando demasiado tiempo",
    "l10n.gameSupportSuggestion": "Sugiera un juego o aplicación para los que deberíamos ofrecer compatibilidad",
    "l10n.ops": "Configuración óptima",
    "l10n.opsMissing": "No se encuentran recomendaciones",
    "l10n.opsLowImageQuality": "La calidad de la imagen es demasiado deficiente",
    "l10n.opsLowPerformance": "Los fotogramas por segundo son insuficientes",
    "l10n.opsRemoved": "Se han eliminado las recomendaciones",
    "l10n.opsSuggestion": "Sugiera una mejora para una configuración óptima",
    "l10n.shareInstantReplay": "Cuéntenos su experiencia con la repetición instantánea",
    "l10n.shareRecord": "Cuéntanos tu experiencia con la grabación",
    "l10n.shareStream": "Cuéntenos su experiencia con la transmisión",
    "l10n.shareBroadcast": "Cuéntenos su experiencia con la difusión",
    "l10n.shareImprovement": "Sugiera una mejora para compartir su partida",
    "l10n.gameStream": "GameStream",
    "l10n.gameStreamGameIssue": "Informar de un problema con juegos o aplicaciones que he añadido",
    "l10n.gameStreamPairing": "No se pueden emparejar dispositivos SHIELD con este PC",
    "l10n.gameStreamInternet": "No se puede transmitir en Internet",
    "l10n.gameStreamGameLaunch": "El juego o la aplicación no consigue iniciarse",
    "l10n.gameStreamController": "El controlador no funciona",
    "l10n.gameStreamSuggestion": "Sugiera una mejora para GameStream",
    "l10n.feedbackDisableMessage": "Su opinión es importante para nosotros. Vaya a Configuración > General para darnos su opinión.",
    "l10n.feedbackThanksMessage": "Gracias por sus comentarios. Estamos leyéndolos.",
    "l10n.affectedGame": "Juego o aplicación afectados",
    "l10n.location": "Ubicación",
    "l10n.affectedGames": "Juegos y aplicaciones afectados",
    "l10n.noInformationAvailable": "Información no disponible.",
    "l10n.invalidYear": "Introduzca los cuatro dígitos del año",
    "l10n.invalidDate": "Introduzca una fecha de nacimiento válida",
    "l10n.higherPerformance": "Alto rendimiento",
    "l10n.longerBatteryLife": "Mayor duración de la batería",
    "l10n.youAreOffline": "Está desconectado. Conéctese a una red e inténtelo de nuevo.",
    "l10n.unableToFetchVideo": "No es posible obtener vídeo. Inténtelo en unos minutos.",
    "l10n.launchingShareToast": "Preparando para compartir su partida...",
    "l10n.openShareFailure": "Imposible iniciar Compartir.",
    "l10n.somethingWrong": "Se ha producido un error.",
    "l10n.errorRestartApplication": "Intente reiniciar GeForce Experience.",
    "l10n.errorRestartPC": "Intente reiniciar su PC y después inicie GeForce Experience.",
    "l10n.errorCode": "CÓDIGO DE ERROR:",
    "l10n.pageCouldNotBeLoaded": "No ha sido posible cargar la página. Compruebe su conexión a Internet y vuelva a intentarlo",
    "l10n.retry": "Volver a intentar",
    "l10n.learnMore": "Más información",
    "l10n.virtualReality": "Realidad virtual",
    "l10n.tellAboutExperience": "Cuéntanos tu experiencia",
    "l10n.suggestVirtualRealityImprovement": "Sugiere una mejora para la realidad virtual",
    "l10n.tellAboutVirtualRealityIssue": "Señálanos un problema con la realidad virtual",
    "l10n.shareBeta": "Compartir (Beta)",
    "l10n.restart": "Volver a iniciar",
    "l10n.doesNotMeetSpecVR": "No cumple con las especificaciones recomendadas para juegos de realidad virtual",
    "l10n.recommendedSpecVR": "Especificaciones recomendadas para juegos de realidad virtual",
    "l10n.shareShortcut": "Alt + Z",
    "l10n.featureEnabled": "{{featureName}} está activado",
    "l10n.updateNow": "Actualizar ahora",
    "l10n.shareNotReady": "La superposición dentro del juego no está lista",
    "l10n.featureErrorMessage": "Puebe a reiniciar su sistema o a reinstalar GeForce Experience. Si eso no funciona, espere que salga un parche actualizado para la aplicación.",
    "l10n.gotItText": "Entendido",
    "l10n.gameStreamNotReady": "GameStream no está listo",
    "l10n.loading": "Cargando...",
    "l10n.openGfeInGame": "Abrir superposición dentro del juego",
    "l10n.joinWeChat": "¡Únase a {{clubName}} en WeChat!",
    "l10n.scanNvidiaNewsWeChatQrCode": "Escanee el código QR para recibir las últimas noticias de NVIDIA",
    "l10n.recentSearches": "Búsquedas recientes",
    "l10n.noResultsAvailable": "No se han encontrado resultados para su búsqueda.",
    "l10n.nextTip": "Consejo siguiente",
    "l10n.achievements": "Logros",
    "l10n.noResults": "Sin resultados",
    "l10n.noResultsSearchMessage": "Intenta buscar con palabras clave diferentes",
    "l10n.myProfile": "Mi perfil (PILOTO)",
    "l10n.later": "Posterior",
    "l10n.updateDriver": "Actualizar controlador",
    "l10n.driverUpdateRequired": "Es necesario actualizar el controlador",
    "l10n.criticalUpdateForFeaturesOne": "Actualización crítica para {{featureOne}}",
    "l10n.criticalUpdateForFeaturesTwo": "Actualización crítica para {{featureOne}} y {{featureTwo}}",
    "l10n.criticalUpdateForFeaturesThree": "Actualización crítica para {{featureOne}}, {{featureTwo}} y {{featureThree}}",
    "l10n.criticalUpdateForFeaturesFour": "Actualización crítica para {{featureOne}}, {{featureTwo}}, {{featureThree}} y {{featureFour}}",
    "l10n.criticalUpdateForFeaturesFive": "Actualización crítica para {{featureOne}}, {{featureTwo}}, {{featureThree}}, {{featureFour}} y {{featureFive}}",
    "l10n.criticalUpdateForFeaturesSix": "Actualización crítica para {{featureOne}}, {{featureTwo}}, {{featureThree}}, {{featureFour}}, {{featureFive}} y {{featureSix}}",
    "l10n.launchYourGames": "Inicie sus juegos y aplicaciones o modifique su configuración óptima de juego.",
    "l10n.getTheLatestGrds": "Consiga los últimos controladores Game Ready o Studio para sus juegos y aplicaciones.",
    "l10n.accessTheIgo": "Acceda a la superposición en el juego para grabar y compartir vídeos, capturas de pantalla y transmisiones en directo.",
    "l10n.joinTheCommunity": "Únase a la comunidad y gane premios.",
    "l10n.accessClientSettings": "Acceda a configuraciones del cliente, canjee cupones y active GameStream",
    "l10n.unableToSendFeedback": "No se puede enviar el comentario, inténtelo de nuevo más tarde",
    "l10n.includeTechnicalData": "Para ayudarnos a revisar sus comentarios, incluiremos automáticamente datos técnicos, como los informes de errores y la información del sistema de su PC.",
    "l10n.configureOptions": "Configurar opciones como los ajustes de superposición, características experimentales y GameStream.",
    "l10n.redeemCodesAndRewards": "Canjear códigos y premios",
    "l10n.privacyPolicy": "Política de privacidad de NVIDIA",
    "l10n.ctaStartCountdown": "Empieza el {{countdown}}",
    "l10n.ctaEndCountdown": "Termina el {{countdown}}",
    "l10n.ctaEnded": "Terminado",
    "l10n.connectionSecure": "La conexión a {{provider}} está protegida",
    "l10n.informationSecure": "Su información, como el nombre de usuario y la contraseña, está protegida cuando se envía a este sitio.",
    "l10n.viewCertificate": "Ver certificado",
    "l10n.anselPhotoMode": "Modo Foto Ansel",
    "l10n.freestyle": "Filtros de juego FreeStyle",
    "l10n.shadowplayRecords": "Grabación y repetición instantánea de ShadowPlay",
    "l10n.openForDiscussion": "Sí, no me opongo a que NVIDIA contacte conmigo si tiene más preguntas.",
    "l10n.nvidiaGfeTitle": "NVIDIA GeForce Experience",
    "l10n.gfePartnerInfoDescription": "NVIDIA GeForce Experience utiliza los servicios API de YouTube, que se rigen por los siguientes términos de uso y políticas de privacidad:",
    "l10n.gfeYouTubeTOS": "Términos de servicio de YouTube",
    "l10n.gfeGoogleSecuritySettings": "Configuración de seguridad de Google",
    "l10n.gfeGooglePrivacyPolicy": "Política de privacidad de Google",
    "l10n.gfePartnerPrivacyPolicy": "Términos de servicio y políticas de privacidad para socios"
}
