{
    "l10n.home": "Home",
    "l10n.gfn": "GeForce NOW",
    "l10n.gallery": "Galleria",
    "l10n.gameroom": "Ambiente di gioco",
    "l10n.news": "Novità",
    "l10n.search": "Cerca",
    "l10n.notifications": "Notifiche",
    "l10n.updates": "Aggiornamenti",
    "l10n.settings": "Impostazioni",
    "l10n.debug": "Rilevazione errori (Debug)",
    "l10n.preferences": "Preferenze",
    "l10n.screenshots": "Screenshot",
    "l10n.username": "Nome utente",
    "l10n.account": "Account",
    "l10n.logOut": "Esci",
    "l10n.cancel": "Annulla",
    "l10n.continue": "Continua",
    "l10n.submit": "Invia",
    "l10n.back": "Indietro",
    "l10n.alt.nvidiaLogo": "Logo NVIDIA",
    "l10n.optimize": "Ottimizza",
    "l10n.all": "Tutti",
    "l10n.more": "Altro",
    "l10n.moreDots": "Più...",
    "l10n.sort": "Ordina",
    "l10n.filter": "Filtro",
    "l10n.done": "Fatto",
    "l10n.skip": "Ignora",
    "l10n.or": "Oppure",
    "l10n.gamesOptimized": "{{numGamesOptimized}} giochi e applicazioni ottimizzati",
    "l10n.scanGamesProgress": "{{numGamesScanned}} giochi e applicazioni trovati",
    "l10n.scanGameProgress": "{{numGamesScanned}} gioco o applicazione trovato",
    "l10n.noGamesFound": "Nessun gioco o applicazione trovato",
    "l10n.zeroGamesFound": "0 giochi e applicazioni trovati",
    "l10n.nonOptimizeProgress": "{{numGamesNotOptimized}} giochi e applicazioni non ottimizzati",
    "l10n.unhandledexception": "Eccezione non gestita",
    "l10n.sendfeedback": "Invia feedback",
    "l10n.alphabetical": "Alfabetico",
    "l10n.details": "Dettagli",
    "l10n.share": "sovrapposizione di gioco",
    "l10n.close": "Chiudi",
    "l10n.second": "secondo",
    "l10n.seconds": "secondi",
    "l10n.minute": "minuto",
    "l10n.minutes": "minuti",
    "l10n.hour": "ora",
    "l10n.hours": "ore",
    "l10n.day": "giorno",
    "l10n.days": "giorni",
    "l10n.month": "mese",
    "l10n.months": "mesi",
    "l10n.year": "anno",
    "l10n.years": "anni",
    "l10n.week": "settimana",
    "l10n.weeks": "settimane",
    "l10n.edit": "Modifica",
    "l10n.detail": "Dettaglio",
    "l10n.genre.other": "Altro",
    "l10n.genre.actionAdventure": "Azione/avventura",
    "l10n.genre.action": "Azione",
    "l10n.genre.adventure": "Avventura",
    "l10n.genre.arcade": "Arcade",
    "l10n.genre.family": "Family",
    "l10n.genre.fps": "Sparatutto in prima persona",
    "l10n.genre.puzzle": "Puzzle",
    "l10n.genre.racing": "Simulatori di guida",
    "l10n.genre.rolePlaying": "Giochi di ruolo",
    "l10n.genre.actionRPG": "GDR d'azione",
    "l10n.genre.actionMMO": "MMO d'azione",
    "l10n.genre.mmorpg": "MMORPG",
    "l10n.genre.rts": "Giochi di strategia in tempo reale",
    "l10n.pause": "Pausa",
    "l10n.volume": "Volume",
    "l10n.fullscreen": "Schermo intero",
    "l10n.mediaerror.aborted": "Riproduzione interrotta",
    "l10n.mediaerror.network": "Errore nel download",
    "l10n.mediaerror.decode": "Errore di decodifica",
    "l10n.mediaerror.notsupported": "Video non supportato",
    "l10n.mediaerror.generic": "Impossibile effettuare la riproduzione",
    "l10n.allSet": "È tutto pronto",
    "l10n.shield": "shield",
    "l10n.hr": "{{value}} ora",
    "l10n.hrs": "{{value}} ore",
    "l10n.aboutHrs": "Circa {{value}} ore",
    "l10n.mins": "{{value}} minuti",
    "l10n.min": "{{value}} minuto",
    "l10n.secs": "{{value}} secondi",
    "l10n.sec": "{{value}} secondo",
    "l10n.byte": "{{value}} byte",
    "l10n.bytes": "{{value}} byte",
    "l10n.mb": "{{value}} MB",
    "l10n.kb": "{{value}} KB",
    "l10n.gb": "{{value}} GB",
    "l10n.tb": "{{value}} TB",
    "l10n.send": "Invia",
    "l10n.feedbackCategory": "Categoria opinione",
    "l10n.subCategory": "Sottocategoria",
    "l10n.emailOptional": "E-mail (facoltativo)",
    "l10n.drivers": "Driver",
    "l10n.downloadDriver": "Impossibile scaricare il driver raccomandato",
    "l10n.installDriver": "Impossibile installare il driver raccomandato",
    "l10n.checkUpdate": "Impossibile verificare la presenza di aggiornamenti",
    "l10n.checkTimeLong": "La verifica della presenza di aggiornamenti è troppo lunga",
    "l10n.downloadTimeLong": "Il download del driver è troppo lungo",
    "l10n.installTimeLong": "L'installazione del driver è troppo lunga",
    "l10n.driverIssue": "Segnalaci un problema con un driver grafico",
    "l10n.others": "Altro",
    "l10n.installIssue": "Segnala un problema nell'installazione di GeForce Experience",
    "l10n.updateIssue": "Segnala un problema nell'aggiornamento di GeForce Experience",
    "l10n.translateIssue": "Segnala una traduzione scorretta o mancante",
    "l10n.geforceIssue": "Segnala un problema con GeForce Experience",
    "l10n.shareIssue": "Segnala un problema nella condivisione del gioco",
    "l10n.ledIssue": "Segnala un problema con LED Visualizer",
    "l10n.whatLike": "Dicci cosa ti piace di GeForce Experience",
    "l10n.suggestion": "Suggerisci un miglioramento a GeForce Experience",
    "l10n.gameDetectionAndSupport": "Rilevazione e supporto per giochi e applicazioni",
    "l10n.gameNotFoundSupported": "Non sono stati trovati giochi o applicazioni supportati",
    "l10n.gameWrongDetection": "Il gioco o l’applicazione è stato rilevato erroneamente oppure non è installato",
    "l10n.gameDuplicateDetection": "Sono state trovate più copie dello stesso gioco o applicazione",
    "l10n.gameLaunchFail": "Impossibile avviare il gioco o l’applicazione",
    "l10n.gameCurrentSettingsNotAvailable": "Non sono state trovate le impostazioni correnti del gioco o dell’applicazione",
    "l10n.gameTooLongScan": "La scansione di giochi e applicazioni richiede troppo tempo",
    "l10n.gameSupportSuggestion": "Suggerisci un gioco o un’applicazione che dovremmo supportare",
    "l10n.ops": "Impostazioni ottimali",
    "l10n.opsMissing": "Mancano le raccomandazioni",
    "l10n.opsLowImageQuality": "La qualità dell'immagine è troppo bassa",
    "l10n.opsLowPerformance": "I frame al secondo sono troppo bassi",
    "l10n.opsRemoved": "Le raccomandazioni sono state rimosse",
    "l10n.opsSuggestion": "Suggerisci un miglioramento per le impostazioni ottimali",
    "l10n.shareInstantReplay": "Raccontaci la tua esperienza con la funzione Instant Replay",
    "l10n.shareRecord": "Raccontaci la tua esperienza con la funzione di registrazione",
    "l10n.shareStream": "Raccontaci la tua esperienza con la funzione di streaming",
    "l10n.shareBroadcast": "Raccontaci la tua esperienza con la funzione di trasmissione",
    "l10n.shareImprovement": "Suggerisci possibili miglioramenti per la condivisione del gioco",
    "l10n.gameStream": "GameStream",
    "l10n.gameStreamGameIssue": "Segnala un problema con i giochi e le applicazioni aggiunti",
    "l10n.gameStreamPairing": "Impossibile accoppiare dispositivi SHIELD con questo PC",
    "l10n.gameStreamInternet": "Impossibile effettuare lo streaming su Internet",
    "l10n.gameStreamGameLaunch": "Impossibile avviare il gioco o l’applicazione",
    "l10n.gameStreamController": "Il controller non funziona",
    "l10n.gameStreamSuggestion": "Suggerisci un miglioramento per GameStream",
    "l10n.feedbackDisableMessage": "La tua opinione è importante per noi. Vai in Impostazioni > Generale ed esprimi il tuo parere.",
    "l10n.feedbackThanksMessage": "Grazie per averci inviato la tua opinione. La terremo in considerazione.",
    "l10n.affectedGame": "Gioco o applicazione interessato",
    "l10n.location": "Posizione",
    "l10n.affectedGames": "Giochi o applicazioni interessati",
    "l10n.noInformationAvailable": "Informazione non disponibile!",
    "l10n.invalidYear": "Inserire l'anno per esteso",
    "l10n.invalidDate": "Inserire una data di nascita valida",
    "l10n.higherPerformance": "Prestazioni più elevate",
    "l10n.longerBatteryLife": "Maggiore durata della batteria",
    "l10n.youAreOffline": "Sei offline. Collegati a una rete e riprova.",
    "l10n.unableToFetchVideo": "Impossibile recuperare il video. Riprova tra qualche istante.",
    "l10n.launchingShareToast": "Condivisione del gioco in corso...",
    "l10n.openShareFailure": "Impossibile aprire Condivisione.",
    "l10n.somethingWrong": "Si è verificato un errore.",
    "l10n.errorRestartApplication": "Prova a riavviare GeForce Experience.",
    "l10n.errorRestartPC": "Prova a riavviare il PC e avvia di nuovo GeForce Experience.",
    "l10n.errorCode": "CODICE ERRORE:",
    "l10n.pageCouldNotBeLoaded": "Impossibile caricare la pagina. Verificare la connessione Internet e riprovare.",
    "l10n.retry": "Riprova",
    "l10n.learnMore": "Ulteriori informazioni",
    "l10n.virtualReality": "Realtà virtuale",
    "l10n.tellAboutExperience": "Raccontaci la tua esperienza",
    "l10n.suggestVirtualRealityImprovement": "Suggerisci un miglioramento per la realtà virtuale",
    "l10n.tellAboutVirtualRealityIssue": "Segnalaci un problema con la realtà virtuale",
    "l10n.shareBeta": "Condivisione (Beta)",
    "l10n.restart": "Riavvia",
    "l10n.doesNotMeetSpecVR": "Non soddisfa i requisiti consigliati per i giochi in realtà virtuale",
    "l10n.recommendedSpecVR": "Specifiche consigliate per i giochi in realtà virtuale",
    "l10n.shareShortcut": "Alt + Z",
    "l10n.featureEnabled": "{{featureName}} è abilitato",
    "l10n.updateNow": "Aggiorna ora",
    "l10n.shareNotReady": "La sovrapposizione di gioco non è pronta",
    "l10n.featureErrorMessage": "Provare a riavviare il sistema oppure a installare nuovamente GeForce Experience. Se non funziona, attendere una patch di aggiornamento per l'applicazione.",
    "l10n.gotItText": "Ok",
    "l10n.gameStreamNotReady": "GameStream non pronto",
    "l10n.loading": "Caricamento in corso...",
    "l10n.openGfeInGame": "Apri sovrapposizione di gioco",
    "l10n.joinWeChat": "Unisciti a {{clubName}} su WeChat!",
    "l10n.scanNvidiaNewsWeChatQrCode": "Leggi il codice QR per scoprire le ultime novità NVIDIA",
    "l10n.recentSearches": "Ricerche recenti",
    "l10n.noResultsAvailable": "Non sono stati trovati risultati corrispondenti alla tua ricerca.",
    "l10n.nextTip": "Suggerimento successivo",
    "l10n.achievements": "Obiettivi",
    "l10n.noResults": "Nessun risultato",
    "l10n.noResultsSearchMessage": "Prova a inserire altre parole chiave",
    "l10n.myProfile": "Profilo personale (PILOTA)",
    "l10n.later": "Più tardi",
    "l10n.updateDriver": "Aggiorna driver",
    "l10n.driverUpdateRequired": "Aggiornamento driver necessario",
    "l10n.criticalUpdateForFeaturesOne": "Aggiornamento importante per {{featureOne}}",
    "l10n.criticalUpdateForFeaturesTwo": "Aggiornamento importante per {{featureOne}} e {{featureTwo}}",
    "l10n.criticalUpdateForFeaturesThree": "Aggiornamento importante per {{featureOne}}, {{featureTwo}} e {{featureThree}}",
    "l10n.criticalUpdateForFeaturesFour": "Aggiornamento importante per {{featureOne}}, {{featureTwo}}, {{featureThree}} e {{featureFour}}",
    "l10n.criticalUpdateForFeaturesFive": "Aggiornamento importante per {{featureOne}}, {{featureTwo}}, {{featureThree}}, {{featureFour}} e {{featureFive}}",
    "l10n.criticalUpdateForFeaturesSix": "Aggiornamento importante per {{featureOne}}, {{featureTwo}}, {{featureThree}}, {{featureFour}}, {{featureFive}} e {{featureSix}}",
    "l10n.launchYourGames": "Avvia giochi e applicazioni o modifica le impostazioni ottimali.",
    "l10n.getTheLatestGrds": "Ottieni i driver Game Ready o Studio più recenti per giochi e applicazioni.",
    "l10n.accessTheIgo": "Accedi alla sovrapposizione di gioco per registrare e condividere video, screenshot e livestream.",
    "l10n.joinTheCommunity": "Entra nella community e vinci tanti fantastici premi.",
    "l10n.accessClientSettings": "Accedi alle impostazioni client, riscatta i coupon e attiva GameStream",
    "l10n.unableToSendFeedback": "Impossibile procedere con l’invio del feedback, riprovare più tardi",
    "l10n.includeTechnicalData": "Per migliorare la procedura di valutazione dei commenti, includeremo automaticamente i dati tecnici, come le informazioni di sistema del PC e il registro degli errori.",
    "l10n.configureOptions": "Configura opzioni come le impostazioni di sovrapposizione, le funzionalità sperimentali e il GameStream.",
    "l10n.redeemCodesAndRewards": "Riscatta codici e premi",
    "l10n.privacyPolicy": "Informativa sulla privacy NVIDIA",
    "l10n.ctaStartCountdown": "Inzio in {{countdown}}",
    "l10n.ctaEndCountdown": "Scade fra {{countdown}}",
    "l10n.ctaEnded": "Scaduta",
    "l10n.connectionSecure": "La connessione a {{provider}} è sicura",
    "l10n.informationSecure": "Le informazioni come nome utente e password sono protette quando vengono inviate al sito.",
    "l10n.viewCertificate": "Mostra certificato",
    "l10n.anselPhotoMode": "Modalità foto Ansel",
    "l10n.freestyle": "Filtri di gioco Freestyle",
    "l10n.shadowplayRecords": "Registrazione e Instant Replay ShadowPlay",
    "l10n.openForDiscussion": "Sì, contattami se NVIDIA ha bisogno di ulteriori informazioni.",
    "l10n.nvidiaGfeTitle": "NVIDIA GeForce Experience",
    "l10n.gfePartnerInfoDescription": "NVIDIA GeForce Experience utilizza la tecnologia YouTube API Services, che è regolata dalle seguenti condizioni d'uso e informative sulla privacy:",
    "l10n.gfeYouTubeTOS": "Termini di servizio di YouTube",
    "l10n.gfeGoogleSecuritySettings": "Impostazioni di protezione di Google",
    "l10n.gfeGooglePrivacyPolicy": "Informativa sulla privacy Google",
    "l10n.gfePartnerPrivacyPolicy": "Informative sulla privacy e Condizioni d'uso dei partner"
}
