{
    "l10n.home": "ホーム",
    "l10n.gfn": "GeForce NOW",
    "l10n.gallery": "ギャラリー",
    "l10n.gameroom": "ゲームルーム",
    "l10n.news": "ニュース",
    "l10n.search": "検索",
    "l10n.notifications": "通知",
    "l10n.updates": "更新プログラム",
    "l10n.settings": "設定",
    "l10n.debug": "デバッグ",
    "l10n.preferences": "基本設定",
    "l10n.screenshots": "スクリーンショット",
    "l10n.username": "ユーザー名",
    "l10n.account": "アカウント",
    "l10n.logOut": "ログアウト",
    "l10n.cancel": "キャンセル",
    "l10n.continue": "続行",
    "l10n.submit": "提出する",
    "l10n.back": "戻る",
    "l10n.alt.nvidiaLogo": "NVIDIA ロゴ",
    "l10n.optimize": "最適化",
    "l10n.all": "すべて",
    "l10n.more": "続く",
    "l10n.moreDots": "続く...",
    "l10n.sort": "ソートする",
    "l10n.filter": "フィルタ",
    "l10n.done": "完了",
    "l10n.skip": "スキップする",
    "l10n.or": "または",
    "l10n.gamesOptimized": "{{numGamesOptimized}} 個のゲームとアプリケーションが最適化されています",
    "l10n.scanGamesProgress": "{{numGamesScanned}} 個のゲームとアプリケーションが検出されました",
    "l10n.scanGameProgress": "{{numGamesScanned}} 個のゲームまたはアプリケーションが検出されました",
    "l10n.noGamesFound": "検出されたゲームまたはアプリケーションはありません",
    "l10n.zeroGamesFound": "0 個のゲームとアプリケーションが検出されました",
    "l10n.nonOptimizeProgress": "{{numGamesNotOptimized}} 個のゲームとアプリケーションが最適化されていません",
    "l10n.unhandledexception": "未処理の例外",
    "l10n.sendfeedback": "フィードバックの送信",
    "l10n.alphabetical": "アルファベット順",
    "l10n.details": "詳細",
    "l10n.share": "ゲーム内のオーバーレイ",
    "l10n.close": "閉じる",
    "l10n.second": "秒",
    "l10n.seconds": "秒",
    "l10n.minute": "分",
    "l10n.minutes": "分",
    "l10n.hour": "時間",
    "l10n.hours": "時間",
    "l10n.day": "日",
    "l10n.days": "日",
    "l10n.month": "月",
    "l10n.months": "月",
    "l10n.year": "年",
    "l10n.years": "年",
    "l10n.week": "週",
    "l10n.weeks": "週",
    "l10n.edit": "編集",
    "l10n.detail": "ディテール",
    "l10n.genre.other": "その他",
    "l10n.genre.actionAdventure": "アクション アドベンチャー",
    "l10n.genre.action": "アクション",
    "l10n.genre.adventure": "アドベンチャー",
    "l10n.genre.arcade": "アーケード",
    "l10n.genre.family": "ファミリー",
    "l10n.genre.fps": "ファーストパーソン シューティング",
    "l10n.genre.puzzle": "パズル",
    "l10n.genre.racing": "レース",
    "l10n.genre.rolePlaying": "ロールプレイング",
    "l10n.genre.actionRPG": "アクション RPG",
    "l10n.genre.actionMMO": "アクション MMO",
    "l10n.genre.mmorpg": "MMO RPG",
    "l10n.genre.rts": "リアルタイム ストラテジー",
    "l10n.pause": "一時停止",
    "l10n.volume": "音量",
    "l10n.fullscreen": "フルスクリーン",
    "l10n.mediaerror.aborted": "プレイバックが中断されました",
    "l10n.mediaerror.network": "ダウンロードのエラー",
    "l10n.mediaerror.decode": "デコーディングのエラー",
    "l10n.mediaerror.notsupported": "サポートされていないビデオタイプ",
    "l10n.mediaerror.generic": "プレイバックできません",
    "l10n.allSet": "準備完了です",
    "l10n.shield": "shield",
    "l10n.hr": "{{value}} 時間",
    "l10n.hrs": "{{value}} 時間",
    "l10n.aboutHrs": "約 {{value}} 時間",
    "l10n.mins": "{{value}} 分",
    "l10n.min": "{{value}} 分",
    "l10n.secs": "{{value}} 秒",
    "l10n.sec": "{{value}} 秒",
    "l10n.byte": "{{value}} バイト",
    "l10n.bytes": "{{value}} バイト",
    "l10n.mb": "{{value}} MB",
    "l10n.kb": "{{value}} KB",
    "l10n.gb": "{{value}} GB",
    "l10n.tb": "{{value}} TB",
    "l10n.send": "送信",
    "l10n.feedbackCategory": "フィードバック カテゴリー",
    "l10n.subCategory": "サブカテゴリ―",
    "l10n.emailOptional": "Eメール (オプション)",
    "l10n.drivers": "ドライバー",
    "l10n.downloadDriver": "推奨ドライバーがダウンロードできません。",
    "l10n.installDriver": "推奨ドライバーがインストールできません。",
    "l10n.checkUpdate": "更新のチェックができません。",
    "l10n.checkTimeLong": "更新のチェックに時間がかかっています。",
    "l10n.downloadTimeLong": "ドライバーのダウンロードに時間がかかっています。",
    "l10n.installTimeLong": "ドライバーのインストールに時間がかかっています。",
    "l10n.driverIssue": "グラフィックドライバーの問題点についてご意見をお聞かせください。",
    "l10n.others": "その他",
    "l10n.installIssue": "GeForce Experience のインストールの問題点についてご報告ください。",
    "l10n.updateIssue": "GeForce Experience の更新の問題点についてご報告ください。",
    "l10n.translateIssue": "間違った翻訳、または抜けている翻訳をご報告ください。",
    "l10n.geforceIssue": "GeForce Experience の問題点についてご報告ください。",
    "l10n.shareIssue": "ゲームプレイのシェアに関する問題点についてご報告ください。",
    "l10n.ledIssue": "LED Visualizer の問題点について報告ください。",
    "l10n.whatLike": "GeForce Experience に関するご意見をお聞かせください。",
    "l10n.suggestion": "GeForce Experienceを向上させるため、ご意見をお聞かせください。",
    "l10n.gameDetectionAndSupport": "ゲームまたはアプリケーションの検出とサポート",
    "l10n.gameNotFoundSupported": "サポートされているゲームまたはアプリケーションが見つかりませんでした",
    "l10n.gameWrongDetection": "ゲームまたはアプリケーションが間違えて検出されたか、またはインストールされていません",
    "l10n.gameDuplicateDetection": "同じゲームまたはアプリケーションのコピーが見つかりました",
    "l10n.gameLaunchFail": "ゲームまたはアプリケーションを起動できません",
    "l10n.gameCurrentSettingsNotAvailable": "現在のゲームまたはアプリケーションの設定が見つかりませんでした",
    "l10n.gameTooLongScan": "ゲームとアプリケーションのスキャンにかなりの時間がかかります",
    "l10n.gameSupportSuggestion": "サポートが必要なゲームまたはアプリケーションをお知らせください",
    "l10n.ops": "最適設定",
    "l10n.opsMissing": "おすすめが見つかりません。",
    "l10n.opsLowImageQuality": "画質が低すぎます。",
    "l10n.opsLowPerformance": "フレームレートが低すぎます。",
    "l10n.opsRemoved": "おすすめが削除されました。",
    "l10n.opsSuggestion": "最適な設定を向上させるため、ご意見をお聞かせください。",
    "l10n.shareInstantReplay": "インスタントリプレイを使って、あなたの体験をお聞かせください。",
    "l10n.shareRecord": "録画機能を使って、あなたの体験をお聞かせください。",
    "l10n.shareStream": "ストリームを使って、あなたの体験をお聞かせください。",
    "l10n.shareBroadcast": "ブロードキャスト機能を使って、あなたの体験をお聞かせください。",
    "l10n.shareImprovement": "ゲームプレイのシェアに対する改善を提案をしてください。",
    "l10n.gameStream": "GameStream",
    "l10n.gameStreamGameIssue": "追加したゲームとアプリケーションの問題点について報告します",
    "l10n.gameStreamPairing": "このコンピューターと SHIELD デバイスをペアにすることができません",
    "l10n.gameStreamInternet": "インターネットでストリーミングすることができません",
    "l10n.gameStreamGameLaunch": "ゲームまたはアプリケーションの起動に失敗します",
    "l10n.gameStreamController": "コントローラーが機能しません",
    "l10n.gameStreamSuggestion": "GameStream に対する改善を提案をしてください",
    "l10n.feedbackDisableMessage": "お客様のフィードバックは当社にとって重要です。Settings > General より、お客様のご意見をお聞かせください。",
    "l10n.feedbackThanksMessage": "貴重なフィードバックに、心からお礼を申し上げます。お客様のフィードバックを検証いたします。",
    "l10n.affectedGame": "影響のあるゲームまたはアプリケーション",
    "l10n.location": "場所",
    "l10n.affectedGames": "影響のあるゲームまたはアプリケーション",
    "l10n.noInformationAvailable": "情報は使用できません！",
    "l10n.invalidYear": "４ 桁で年を入力してください",
    "l10n.invalidDate": "有効な生年月日を入力する",
    "l10n.higherPerformance": "パフォーマンス向上",
    "l10n.longerBatteryLife": "バッテリ寿命の延長",
    "l10n.youAreOffline": "オフラインです。ネットワークに接続してから再試行してください。",
    "l10n.unableToFetchVideo": "ビデオを取ることができません。後でもう一度やり直してください。",
    "l10n.launchingShareToast": "ゲームプレイのシェアを準備しています…",
    "l10n.openShareFailure": "シェアを開けません。",
    "l10n.somethingWrong": "エラーが発生しました。",
    "l10n.errorRestartApplication": "GeForce Experienceを再起動してみてください。",
    "l10n.errorRestartPC": "お使いのPCを再起動し、GeForce Experienceを起動してみてください。",
    "l10n.errorCode": "エラーコード：",
    "l10n.pageCouldNotBeLoaded": "ページを読み込めませんでした。インターネット接続を確認して、もう一度試してください。",
    "l10n.retry": "再試行",
    "l10n.learnMore": "詳細情報",
    "l10n.virtualReality": "バーチャル リアリティ",
    "l10n.tellAboutExperience": "あなたの体験をお聞かせください",
    "l10n.suggestVirtualRealityImprovement": "バーチャル リアリティに対する改善を提案してください",
    "l10n.tellAboutVirtualRealityIssue": "バーチャル リアリティの問題点についてご意見をお聞かせください",
    "l10n.shareBeta": "シェア (ベータ版)",
    "l10n.restart": "再起動する",
    "l10n.doesNotMeetSpecVR": "バーチャルリアリティゲームの推奨スペックを満たしていません",
    "l10n.recommendedSpecVR": "バーチャルリアリティゲームの推奨スペック",
    "l10n.shareShortcut": "Alt + Z",
    "l10n.featureEnabled": "{{featureName}}は有効です",
    "l10n.updateNow": "今すぐ更新",
    "l10n.shareNotReady": "ゲーム内のオーバーレイの準備ができていません",
    "l10n.featureErrorMessage": "システムを再起動するか、GeForce Experience を再インストールしてください。それでも解決しない場合は、アプリケーションのパッチが更新されるまでお待ちください。",
    "l10n.gotItText": "OK",
    "l10n.gameStreamNotReady": "GameStream の準備ができていません",
    "l10n.loading": "読み込み中...",
    "l10n.openGfeInGame": "ゲーム内のオーバーレイを開く",
    "l10n.joinWeChat": "WeChatで {{clubName}} に参加してください！",
    "l10n.scanNvidiaNewsWeChatQrCode": "QR コードをスキャンして NVIDIA の最新のニュースを入手してください",
    "l10n.recentSearches": "最近の検索",
    "l10n.noResultsAvailable": "あなたの照会と一致する結果が見つかりませんでした。",
    "l10n.nextTip": "次のヒント",
    "l10n.achievements": "成果",
    "l10n.noResults": "結果はありません",
    "l10n.noResultsSearchMessage": "異なるキーワードで検索してみてください",
    "l10n.myProfile": "マイ プロフィール (PILOT)",
    "l10n.later": "後で",
    "l10n.updateDriver": "ドライバを更新する",
    "l10n.driverUpdateRequired": "ドライバを更新する必要があります",
    "l10n.criticalUpdateForFeaturesOne": "{{featureOne}}の重要な更新",
    "l10n.criticalUpdateForFeaturesTwo": "{{featureOne}}および{{featureTwo}}の重要な更新",
    "l10n.criticalUpdateForFeaturesThree": "{{featureOne}}、{{featureTwo}}、{{featureThree}}の重要な更新",
    "l10n.criticalUpdateForFeaturesFour": "{{featureOne}}、{{featureTwo}}、{{featureThree}}、{{featureFour}} の重要な更新",
    "l10n.criticalUpdateForFeaturesFive": "{{featureOne}}、{{featureTwo}}、{{featureThree}}、{{featureFour}}、{{featureFive}}の重要な更新",
    "l10n.criticalUpdateForFeaturesSix": "{{featureOne}}、{{featureTwo}}、{{featureThree}}、{{featureFour}}、{{featureFive}}、{{featureSix}}の重要な更新",
    "l10n.launchYourGames": "ゲームとアプリケーションを起動するか、最適化設定を編集してください。",
    "l10n.getTheLatestGrds": "ゲームとアプリケーション向けに最新の Game Ready ドライバまたは Studio ドライバを入手してください。",
    "l10n.accessTheIgo": "ゲーム内オーバーレイにアクセスして、ビデオ、スクリーンショット、ライブストリームを録画、共有します。",
    "l10n.joinTheCommunity": "コミュニティに参加し、リワードを獲得します。",
    "l10n.accessClientSettings": "クライアント設定にアクセスし、クーポンを引き換え、GameStream を有効にします。",
    "l10n.unableToSendFeedback": "フィードバックを送信できませんでした。しばらくたってから再度お試しください。",
    "l10n.includeTechnicalData": "お客様のコメントを確認するために、お客様の PC のシステム情報やエラーログなどのテクニカルデータを自動的に取り込みます。",
    "l10n.configureOptions": "オーバーレイ設定、実験機能、GameStream などのオプションを設定します。",
    "l10n.redeemCodesAndRewards": "コードとリワードを引き換える",
    "l10n.privacyPolicy": "NVIDIA プライバシー ポリシー",
    "l10n.ctaStartCountdown": "{{countdown}}に開始",
    "l10n.ctaEndCountdown": "{{countdown}}に終了",
    "l10n.ctaEnded": "終了しました",
    "l10n.connectionSecure": "{{provider}} へ安全に接続されました",
    "l10n.informationSecure": "ユーザー名やパスワードなどお客様の情報は安全にサイトへ送信されます。",
    "l10n.viewCertificate": "認証を表示",
    "l10n.anselPhotoMode": "Anselフォト モード",
    "l10n.freestyle": "Freestyleゲームフィルター",
    "l10n.shadowplayRecords": "ShadowPlayの録画＆インスタントリプレイ",
    "l10n.openForDiscussion": "はい。質問がある場合は、NVIDIAから連絡を受けることを許可します。",
    "l10n.nvidiaGfeTitle": "NVIDIA GeForce Experience",
    "l10n.gfePartnerInfoDescription": "NVIDIA GeForce Experience は、以下の利用規約およびプライバシー ポリシーの対象となる YouTube API サービスを使用します。",
    "l10n.gfeYouTubeTOS": "YouTube サービス規約",
    "l10n.gfeGoogleSecuritySettings": "Google セキュリティ設定",
    "l10n.gfeGooglePrivacyPolicy": "Google プライバシー ポリシー",
    "l10n.gfePartnerPrivacyPolicy": "パートナー プライバシー ポリシーおよびサービス規約"
}
