{
    "l10n.home": "홈",
    "l10n.gfn": "GeForce NOW",
    "l10n.gallery": "갤러리",
    "l10n.gameroom": "게임방",
    "l10n.news": "뉴스",
    "l10n.search": "검색",
    "l10n.notifications": "알림",
    "l10n.updates": "업데이트",
    "l10n.settings": "설정",
    "l10n.debug": "디버그",
    "l10n.preferences": "기본설정",
    "l10n.screenshots": "스크린샷",
    "l10n.username": "사용자 이름",
    "l10n.account": "계정",
    "l10n.logOut": "로그아웃",
    "l10n.cancel": "취소",
    "l10n.continue": "계속",
    "l10n.submit": "클릭하여",
    "l10n.back": "뒤로",
    "l10n.alt.nvidiaLogo": "NVIDIA 로고",
    "l10n.optimize": "최적화",
    "l10n.all": "모두",
    "l10n.more": "자세히",
    "l10n.moreDots": "자세히...",
    "l10n.sort": "정렬",
    "l10n.filter": "필터",
    "l10n.done": "완료",
    "l10n.skip": "건너뛰기",
    "l10n.or": "또는",
    "l10n.gamesOptimized": "{{numGamesOptimized}}개의 게임 및 앱이 최적화됨",
    "l10n.scanGamesProgress": "{{numGamesScanned}}개의 게임 및 앱이 검색됨",
    "l10n.scanGameProgress": "{{numGamesScanned}}개의 게임 또는 앱이 검색됨",
    "l10n.noGamesFound": "검색된 게임 또는 앱이 없음",
    "l10n.zeroGamesFound": "0개의 게임 및 앱이 검색됨",
    "l10n.nonOptimizeProgress": "{{numGamesNotOptimized}}개의 게임 및 앱이 최적화되지 않음",
    "l10n.unhandledexception": "처리되지 않은 예외",
    "l10n.sendfeedback": "피드백 보내기",
    "l10n.alphabetical": "알파벳순",
    "l10n.details": "세부 사항",
    "l10n.share": "게임 내 오버레이",
    "l10n.close": "닫기",
    "l10n.second": "초",
    "l10n.seconds": "초",
    "l10n.minute": "분",
    "l10n.minutes": "분",
    "l10n.hour": "시간",
    "l10n.hours": "시간",
    "l10n.day": "일",
    "l10n.days": "일",
    "l10n.month": "개월",
    "l10n.months": "개월",
    "l10n.year": "년",
    "l10n.years": "년",
    "l10n.week": "주",
    "l10n.weeks": "주",
    "l10n.edit": "편집",
    "l10n.detail": "디테일",
    "l10n.genre.other": "기타",
    "l10n.genre.actionAdventure": "액션 모험",
    "l10n.genre.action": "동작",
    "l10n.genre.adventure": "모험",
    "l10n.genre.arcade": "아케이드",
    "l10n.genre.family": "계열",
    "l10n.genre.fps": "일인칭 슈팅 게임",
    "l10n.genre.puzzle": "퍼즐",
    "l10n.genre.racing": "레이싱",
    "l10n.genre.rolePlaying": "롤 플레잉",
    "l10n.genre.actionRPG": "액션 RPG",
    "l10n.genre.actionMMO": "액션 MMO",
    "l10n.genre.mmorpg": "MMO RPG",
    "l10n.genre.rts": "실시간 전략",
    "l10n.pause": "일시 정지",
    "l10n.volume": "볼륨",
    "l10n.fullscreen": "전체 화면",
    "l10n.mediaerror.aborted": "재생 중단",
    "l10n.mediaerror.network": "다운로드 오류",
    "l10n.mediaerror.decode": "디코딩 오류",
    "l10n.mediaerror.notsupported": "지원되지 않는 비디오 유형",
    "l10n.mediaerror.generic": "재생할 수 없음",
    "l10n.allSet": "모든 준비가 완료되었습니다.",
    "l10n.shield": "shield",
    "l10n.hr": "{{value}}시간",
    "l10n.hrs": "{{value}}시간",
    "l10n.aboutHrs": "약 {{value}}시간",
    "l10n.mins": "{{value}}분",
    "l10n.min": "{{value}}분",
    "l10n.secs": "{{value}}초",
    "l10n.sec": "{{value}}초",
    "l10n.byte": "{{value}}바이트",
    "l10n.bytes": "{{value}}바이트",
    "l10n.mb": "{{value}}MB",
    "l10n.kb": "{{value}}KB",
    "l10n.gb": "{{value}}GB",
    "l10n.tb": "{{value}}TB",
    "l10n.send": "보내기",
    "l10n.feedbackCategory": "피드백 카테고리",
    "l10n.subCategory": "하위 카테고리",
    "l10n.emailOptional": "이메일(선택사항)",
    "l10n.drivers": "드라이버",
    "l10n.downloadDriver": "추천 드라이버를 다운로드할 수 없습니다.",
    "l10n.installDriver": "추천 드라이버를 설치할 수 없습니다.",
    "l10n.checkUpdate": "업데이트를 확인할 수 없습니다.",
    "l10n.checkTimeLong": "업데이트 확인이 너무 오래 걸립니다.",
    "l10n.downloadTimeLong": "드라이브 다운로드가 너무 오래 걸립니다.",
    "l10n.installTimeLong": "드라이브 설치가 너무 오래 걸립니다.",
    "l10n.driverIssue": "그래픽 드라이버와 관련된 문제를 말씀해 주십시오.",
    "l10n.others": "기타",
    "l10n.installIssue": "GeForce Experience 설치 문제를 알려주십시오.",
    "l10n.updateIssue": "GeForce Experience 업데이트 문제를 알려주십시오.",
    "l10n.translateIssue": "오역이나 누락된 번역을 신고해 주십시오.",
    "l10n.geforceIssue": "GeForce Experience 문제를 알려주십시오.",
    "l10n.shareIssue": "게임 플레이 공유 관련 문제 보고",
    "l10n.ledIssue": "LED Visualizer 관련 문제 보고",
    "l10n.whatLike": "GeForce Experience에 관해 마음에 드신 점을 말씀해 주십시오.",
    "l10n.suggestion": "GeForce Experience의 개선점을 제안해 주십시오.",
    "l10n.gameDetectionAndSupport": "게임 또는 앱 감지 및 지원",
    "l10n.gameNotFoundSupported": "지원되는 게임 또는 앱이 검색되지 않음",
    "l10n.gameWrongDetection": "게임 또는 앱이 잘못 감지되었거나 설치되지 않음",
    "l10n.gameDuplicateDetection": "같은 게임 또는 앱의 복사본이 검색됨",
    "l10n.gameLaunchFail": "게임 또는 앱을 시작할 수 없음",
    "l10n.gameCurrentSettingsNotAvailable": "현재 게임 또는 앱 설정을 찾을 수 없음",
    "l10n.gameTooLongScan": "게임 및 앱 스캔이 너무 오래 걸림",
    "l10n.gameSupportSuggestion": "지원을 원하는 게임 또는 앱 제안",
    "l10n.ops": "최적 설정",
    "l10n.opsMissing": "추천글이 누락되었습니다.",
    "l10n.opsLowImageQuality": "이미지 화질이 너무 낮습니다.",
    "l10n.opsLowPerformance": "초당 프레임이 너무 낮습니다.",
    "l10n.opsRemoved": "추천글이 삭제되었습니다.",
    "l10n.opsSuggestion": "최적 설정을 위한 개선점을 제안해 주십시오.",
    "l10n.shareInstantReplay": "즉시 리플레이와 관련한 경험을 알려주십시오.",
    "l10n.shareRecord": "녹화와 관련한 경험을 알려주십시오.",
    "l10n.shareStream": "스트림과 관련한 경험을 알려주십시오.",
    "l10n.shareBroadcast": "방송과 관련한 경험을 알려주십시오.",
    "l10n.shareImprovement": "게임 플레이 공유와 관련한 개선 방안을 제안해 주십시오.",
    "l10n.gameStream": "GameStream",
    "l10n.gameStreamGameIssue": "사용자가 추가한 게임 및 앱 관련 문제 보고",
    "l10n.gameStreamPairing": "SHIELD 장치를 이 PC와 페어링할 수 없음",
    "l10n.gameStreamInternet": "인터넷에서 스트리밍할 수 없음",
    "l10n.gameStreamGameLaunch": "게임 또는 앱을 실행할 수 없음",
    "l10n.gameStreamController": "컨트롤러가 작동하지 않음",
    "l10n.gameStreamSuggestion": "GameStream과 관련한 개선점을 제안해 주십시오.",
    "l10n.feedbackDisableMessage": "여러분의 피드백은 소중합니다. 설정 > 일반으로 이동하여 의견을 알려주십시오.",
    "l10n.feedbackThanksMessage": "소중한 의견을 제공해 주셔서 감사합니다. 자세하게 검토하도록 하겠습니다.",
    "l10n.affectedGame": "영향을 받는 게임 또는 앱",
    "l10n.location": "위치",
    "l10n.affectedGames": "영향을 받는 게임 및 앱",
    "l10n.noInformationAvailable": "정보가 없습니다!",
    "l10n.invalidYear": "연도를 4자리로 입력하십시오.",
    "l10n.invalidDate": "생일을 올바르게 입력하십시오.",
    "l10n.higherPerformance": "향상된 성능",
    "l10n.longerBatteryLife": "배터리 수명 연장",
    "l10n.youAreOffline": "현재 오프라인 상태입니다. 네트워크를 연결한 후 다시 시도하십시오.",
    "l10n.unableToFetchVideo": "동영상을 가져올 수 없습니다. 잠시 후에 다시 시도하십시오.",
    "l10n.launchingShareToast": "게임 플레이 공유 준비 중...",
    "l10n.openShareFailure": "공유를 열 수 없습니다.",
    "l10n.somethingWrong": "문제가 발생했습니다.",
    "l10n.errorRestartApplication": "GeForce Experience를 다시 시작하십시오.",
    "l10n.errorRestartPC": "PC를 재부팅하고 GeForce Experience를 시작하십시오.",
    "l10n.errorCode": "오류 코드:",
    "l10n.pageCouldNotBeLoaded": "페이지를 로드할 수 없습니다. 인터넷 연결을 확인한 후 다시 시도하십시오.",
    "l10n.retry": "다시 시도",
    "l10n.learnMore": "자세히 알아보기",
    "l10n.virtualReality": "가상 현실",
    "l10n.tellAboutExperience": "여러분의 경험을 알려주십시오.",
    "l10n.suggestVirtualRealityImprovement": "가상 현실의 개선점을 제안해 주십시오.",
    "l10n.tellAboutVirtualRealityIssue": "가상 현실과 관련된 문제를 말씀해 주십시오.",
    "l10n.shareBeta": "공유(베타)",
    "l10n.restart": "다시 시작",
    "l10n.doesNotMeetSpecVR": "가상 현실 게임을 위한 권장 사양을 충족하지 않음",
    "l10n.recommendedSpecVR": "가상 현실 게임을 위한 권장 사양",
    "l10n.shareShortcut": "Alt + Z",
    "l10n.featureEnabled": "{{featureName}} 활성화",
    "l10n.updateNow": "지금 업데이트",
    "l10n.shareNotReady": "게임 내 오버레이가 준비되지 않음",
    "l10n.featureErrorMessage": "시스템을 다시 시작하거나 GeForce Experience를 다시 설치 하십시오. 그래도 작동하지 않으면, 응용 프로그램용 패치 업데이트를 기다리십시오.",
    "l10n.gotItText": "확인",
    "l10n.gameStreamNotReady": "GameStream 준비 안 됨",
    "l10n.loading": "로딩 중...",
    "l10n.openGfeInGame": "게임 내 오버레이 열기",
    "l10n.joinWeChat": "WeChat에서 {{clubName}}에 가입하세요!",
    "l10n.scanNvidiaNewsWeChatQrCode": "QR 코드를 스캔하고 최신 NVIDIA 뉴스를 확인하세요",
    "l10n.recentSearches": "최근 검색",
    "l10n.noResultsAvailable": "조회한 내용에 해당하는 결과가 없습니다.",
    "l10n.nextTip": "다음 팁",
    "l10n.achievements": "성취 과제",
    "l10n.noResults": "결과 없음",
    "l10n.noResultsSearchMessage": "다른 키워드로 검색해보세요.",
    "l10n.myProfile": "내 프로파일(PILOT)",
    "l10n.later": "이상",
    "l10n.updateDriver": "업데이트 드라이버",
    "l10n.driverUpdateRequired": "드라이버 업데이트 필요",
    "l10n.criticalUpdateForFeaturesOne": "{{featureOne}}의 중요 업데이트",
    "l10n.criticalUpdateForFeaturesTwo": "{{featureOne}} 및 {{featureTwo}}의 중요 업데이트",
    "l10n.criticalUpdateForFeaturesThree": "{{featureOne}}, {{featureTwo}} 및 {{featureThree}}의 중요 업데이트",
    "l10n.criticalUpdateForFeaturesFour": "{{featureOne}}, {{featureTwo}}, {{featureThree}} 및 {{featureFour}}의 중요 업데이트",
    "l10n.criticalUpdateForFeaturesFive": "{{featureOne}}, {{featureTwo}}, {{featureThree}}, {{featureFour}} 및 {{featureFive}}의 중요 업데이트",
    "l10n.criticalUpdateForFeaturesSix": "{{featureOne}}, {{featureTwo}}, {{featureThree}}, {{featureFour}}, {{featureFive}} 및 {{featureSix}}의 중요 업데이트",
    "l10n.launchYourGames": "게임 및 앱을 실행하거나 최적화 설정을 수정하십시오.",
    "l10n.getTheLatestGrds": "게임 및 앱을 위해 최신 Game Ready 드라이버 또는 Studio 드라이버를 받으십시오.",
    "l10n.accessTheIgo": "비디오, 스크린샷 및 라이브스트림을 녹화하고 공유하려면 게임 내 오버레이에 액세스하십시오.",
    "l10n.joinTheCommunity": "커뮤니티에 가입하고 보상을 받으십시오.",
    "l10n.accessClientSettings": "클라이언트 설정에 액세스하고, 쿠폰을 사용하며, GameStream을 활성화하십시오.",
    "l10n.unableToSendFeedback": "피드백을 전송할 수 없습니다. 나중에 다시 시도하십시오.",
    "l10n.includeTechnicalData": "코멘트를 검토할 수 있도록 PC 시스템 정보, 오류 로그와 같은 기술 데이터를 자동으로 포함시킵니다.",
    "l10n.configureOptions": "오버레이 설정, 실험적 기능, GameStream 등의 구성 옵션",
    "l10n.redeemCodesAndRewards": "코드 및 보상 사용",
    "l10n.privacyPolicy": "NVIDIA 개인정보 보호 정책",
    "l10n.ctaStartCountdown": "{{countdown}} 후에 시작",
    "l10n.ctaEndCountdown": "{{countdown}} 후에 종료",
    "l10n.ctaEnded": "종료됨",
    "l10n.connectionSecure": "{{provider}}에 대한 연결이 안전합니다",
    "l10n.informationSecure": "해당 사이트로 사용자 이름과 비밀번호와 같은 정보를 전송할 때 안전합니다.",
    "l10n.viewCertificate": "인증서 보기",
    "l10n.anselPhotoMode": "Ansel 사진 모드",
    "l10n.freestyle": "FreeStyle 게임 필터",
    "l10n.shadowplayRecords": "ShadowPlay 녹화 & 즉시 리플레이",
    "l10n.openForDiscussion": "예, NVIDIA에서 제게 추가 질문이 있을 경우 연락을 허용합니다.",
    "l10n.nvidiaGfeTitle": "NVIDIA GeForce Experience",
    "l10n.gfePartnerInfoDescription": "NVIDIA GeForce Experience는 다음의 사용약관 및 개인정보 보호 정책을 준수하는 YouTube API 서비스를 사용합니다:",
    "l10n.gfeYouTubeTOS": "YouTube 서비스 약관",
    "l10n.gfeGoogleSecuritySettings": "Google 보안 설정",
    "l10n.gfeGooglePrivacyPolicy": "Google 개인정보 보호 정책",
    "l10n.gfePartnerPrivacyPolicy": "제휴사 개인정보 보호 정책 및 서비스 약관"
}
