{
    "l10n.home": "Startside",
    "l10n.gfn": "GeForce NOW",
    "l10n.gallery": "Galleri",
    "l10n.gameroom": "Spillrom",
    "l10n.news": "Nyheter",
    "l10n.search": "Søk",
    "l10n.notifications": "Varsler",
    "l10n.updates": "Oppdateringer",
    "l10n.settings": "Innstillinger",
    "l10n.debug": "Feilsøking",
    "l10n.preferences": "Innstillinger",
    "l10n.screenshots": "Skjermbilder",
    "l10n.username": "Brukernavn",
    "l10n.account": "Konto",
    "l10n.logOut": "Logg ut",
    "l10n.cancel": "Avbryt",
    "l10n.continue": "Fortsett",
    "l10n.submit": "Send",
    "l10n.back": "Tilbake",
    "l10n.alt.nvidiaLogo": "NVIDIA-logo",
    "l10n.optimize": "Optimaliser",
    "l10n.all": "Alle",
    "l10n.more": "Mer",
    "l10n.moreDots": "Mer ...",
    "l10n.sort": "Sorter",
    "l10n.filter": "Filter",
    "l10n.done": "Ferdig",
    "l10n.skip": "Hopp over",
    "l10n.or": "Eller",
    "l10n.gamesOptimized": "{{numGamesOptimized}} spill og applikasjoner er optimalisert",
    "l10n.scanGamesProgress": "{{numGamesScanned}} spill og applikasjoner funnet",
    "l10n.scanGameProgress": "{{numGamesScanned}} spill eller applikasjon funnet",
    "l10n.noGamesFound": "Ingen spill eller applikasjon funnet",
    "l10n.zeroGamesFound": "0 spill og applikasjoner funnet",
    "l10n.nonOptimizeProgress": "{{numGamesNotOptimized}} spill og applikasjoner er ikke optimalisert",
    "l10n.unhandledexception": "Ubehandlet unntak",
    "l10n.sendfeedback": "Send tilbakemelding",
    "l10n.alphabetical": "Alfabetisk",
    "l10n.details": "Mer informasjon",
    "l10n.share": "overlegg i spill",
    "l10n.close": "Lukk",
    "l10n.second": "andre",
    "l10n.seconds": "sekunder",
    "l10n.minute": "minutt",
    "l10n.minutes": "minutter",
    "l10n.hour": "time",
    "l10n.hours": "timer",
    "l10n.day": "dag",
    "l10n.days": "dager",
    "l10n.month": "måned",
    "l10n.months": "måneder",
    "l10n.year": "år",
    "l10n.years": "år",
    "l10n.week": "uke",
    "l10n.weeks": "uker",
    "l10n.edit": "Rediger",
    "l10n.detail": "Nærmere informasjon",
    "l10n.genre.other": "Annet",
    "l10n.genre.actionAdventure": "Actioneventyr",
    "l10n.genre.action": "Handling",
    "l10n.genre.adventure": "Eventyr",
    "l10n.genre.arcade": "Arkade",
    "l10n.genre.family": "Serie",
    "l10n.genre.fps": "Førstepersonsskytespill",
    "l10n.genre.puzzle": "Problemløsningsspill",
    "l10n.genre.racing": "Bilspill",
    "l10n.genre.rolePlaying": "Rollespill",
    "l10n.genre.actionRPG": "Actionrollespill",
    "l10n.genre.actionMMO": "Action-MMO",
    "l10n.genre.mmorpg": "MMO-rollespill",
    "l10n.genre.rts": "Strategispill i sanntid",
    "l10n.pause": "Pause",
    "l10n.volume": "Volum",
    "l10n.fullscreen": "Full skjerm",
    "l10n.mediaerror.aborted": "Avspilling avbrutt",
    "l10n.mediaerror.network": "Nedlastningsfeil",
    "l10n.mediaerror.decode": "Dekodingsfeil",
    "l10n.mediaerror.notsupported": "Videotypen støttes ikke",
    "l10n.mediaerror.generic": "Kan ikke spille av",
    "l10n.allSet": "Du er klar",
    "l10n.shield": "shield",
    "l10n.hr": "{{value}} t",
    "l10n.hrs": "{{value}} t",
    "l10n.aboutHrs": "Ca. {{value}} t",
    "l10n.mins": "{{value}} min",
    "l10n.min": "{{value}} min",
    "l10n.secs": "{{value}} sek",
    "l10n.sec": "{{value}} sek",
    "l10n.byte": "{{value}} byte",
    "l10n.bytes": "{{value}} byte",
    "l10n.mb": "{{value}} MB",
    "l10n.kb": "{{value}} KB",
    "l10n.gb": "{{value}} GB",
    "l10n.tb": "{{value}} TB",
    "l10n.send": "Send",
    "l10n.feedbackCategory": "Tilbakemeldingskategori",
    "l10n.subCategory": "Underkategori",
    "l10n.emailOptional": "E-postadresse (valgfri)",
    "l10n.drivers": "Drivere",
    "l10n.downloadDriver": "Kunne ikke laste ned anbefalt driver",
    "l10n.installDriver": "Kunne ikke installere anbefalt driver",
    "l10n.checkUpdate": "Kunne ikke se etter oppdateringer",
    "l10n.checkTimeLong": "Det tar for lang tid å se etter oppdateringer",
    "l10n.downloadTimeLong": "Det tar for lang tid å laste ned driveren",
    "l10n.installTimeLong": "Det tar for lang tid å installere driveren",
    "l10n.driverIssue": "Fortell oss om et problem med en grafikkdriver",
    "l10n.others": "Annet",
    "l10n.installIssue": "Rapporter et problem under installasjon av GeForce Experience",
    "l10n.updateIssue": "Rapporter et problem med å oppdatere GeForce Experience",
    "l10n.translateIssue": "Rapporter feilaktig eller manglende oversettelse",
    "l10n.geforceIssue": "Rapporter et problem med GeForce Experience",
    "l10n.shareIssue": "Rapporter et problem med deling av spillet",
    "l10n.ledIssue": "Rapporter et problem med LED Visualizer",
    "l10n.whatLike": "Fortell oss hva du liker ved GeForce Experience",
    "l10n.suggestion": "Foreslå en forbedring av GeForce Experience",
    "l10n.gameDetectionAndSupport": "Gjenkjenning og støtte for spill eller applikasjon",
    "l10n.gameNotFoundSupported": "Et støttet spill eller applikasjon ble ikke funnet",
    "l10n.gameWrongDetection": "Spillet eller applikasjonen ble registrert på feil måte, eller er ikke installert",
    "l10n.gameDuplicateDetection": "Duplikatkopier av samme spill eller applikasjon ble funnet",
    "l10n.gameLaunchFail": "Kunne ikke starte spill eller applikasjon",
    "l10n.gameCurrentSettingsNotAvailable": "Gjeldende innstillinger for spill eller applikasjon ble ikke funnet",
    "l10n.gameTooLongScan": "Skanning etter spill og applikasjoner tar for lang tid",
    "l10n.gameSupportSuggestion": "Foreslå et spill eller en applikasjon vi skal støtte",
    "l10n.ops": "Optimale innstillinger",
    "l10n.opsMissing": "Anbefalinger mangler",
    "l10n.opsLowImageQuality": "Dårlig bildekvalitet",
    "l10n.opsLowPerformance": "For få bilder per sekund",
    "l10n.opsRemoved": "Anbefalinger ble fjernet",
    "l10n.opsSuggestion": "Foreslå en forbedring for optimale innstillinger",
    "l10n.shareInstantReplay": "Fortell oss om din erfaring med øyeblikkelig reprise",
    "l10n.shareRecord": "Fortell oss om din erfaring med opptak",
    "l10n.shareStream": "Fortell oss om din erfaring med streaming",
    "l10n.shareBroadcast": "Fortell oss om din erfaring med kringkasting",
    "l10n.shareImprovement": "Foreslå en forbedring i delingen av spillet",
    "l10n.gameStream": "GameStream",
    "l10n.gameStreamGameIssue": "Rapporter en feil med spill og applikasjoner jeg har lagt til",
    "l10n.gameStreamPairing": "Kan ikke sammenkoble SHIELD-enheter med denne PC-en",
    "l10n.gameStreamInternet": "Kan ikke streame over Internett",
    "l10n.gameStreamGameLaunch": "Spillet eller applikasjonen starter ikke",
    "l10n.gameStreamController": "Kontrolleren fungerer ikke",
    "l10n.gameStreamSuggestion": "Foreslå en forbedring i GameStream",
    "l10n.feedbackDisableMessage": "Tilbakemeldingen din er viktig for oss. Gå til Innstillinger > Generelt for å fortelle oss hva du synes.",
    "l10n.feedbackThanksMessage": "Takk for tilbakemeldingen. Vi undersøker saken.",
    "l10n.affectedGame": "Berørt spill eller applikasjon",
    "l10n.location": "Plassering",
    "l10n.affectedGames": "Berørte spill og applikasjoner",
    "l10n.noInformationAvailable": "Informasjonen er ikke tilgjengelig!",
    "l10n.invalidYear": "Skriv inn et år, fire siffer",
    "l10n.invalidDate": "Angi en gyldig fødselsdato",
    "l10n.higherPerformance": "Høyere ytelse",
    "l10n.longerBatteryLife": "Lengre levetid for batteriet",
    "l10n.youAreOffline": "Du er frakoblet. Koble til et nettverk og prøv på nytt.",
    "l10n.unableToFetchVideo": "Kan ikke hente video. Prøv igjen senere.",
    "l10n.launchingShareToast": "Klargjør deling av spillet ...",
    "l10n.openShareFailure": "Kan ikke åpne deling.",
    "l10n.somethingWrong": "Noe gikk galt.",
    "l10n.errorRestartApplication": "Prøv å starte GeForce Experience på nytt.",
    "l10n.errorRestartPC": "Prøv å starte PC-en din på nytt, og start deretter GeForce Experience.",
    "l10n.errorCode": "FEILKODE:",
    "l10n.pageCouldNotBeLoaded": "Siden kunne ikke lastes inn. Kontroller forbindelsen til Internett og prøv igjen.",
    "l10n.retry": "Nytt forsøk",
    "l10n.learnMore": "Les mer",
    "l10n.virtualReality": "Virtuell virkelighet",
    "l10n.tellAboutExperience": "Fortell oss om din erfaring",
    "l10n.suggestVirtualRealityImprovement": "Foreslå en forbedring av virtuell virkelighet",
    "l10n.tellAboutVirtualRealityIssue": "Fortell oss om et problem med virtuell virkelighet",
    "l10n.shareBeta": "Deling (beta)",
    "l10n.restart": "Start på nytt",
    "l10n.doesNotMeetSpecVR": "Oppfyller ikke de anbefalte spesifikasjonene for spilling i virtuell virkelighet",
    "l10n.recommendedSpecVR": "Anbefalte spesifikasjoner for spilling i virtuell virkelighet",
    "l10n.shareShortcut": "Alt + Z",
    "l10n.featureEnabled": "{{featureName}} er aktivert",
    "l10n.updateNow": "Oppdater nå",
    "l10n.shareNotReady": "Overlegg i spill er ikke klart",
    "l10n.featureErrorMessage": "Prøv å restarte systemet ditt eller re-installere GeForce Experience. Hvis det ikke virker, vent på oppdatering av progammet.",
    "l10n.gotItText": "Har det",
    "l10n.gameStreamNotReady": "GameStream ikke klar",
    "l10n.loading": "Laster ...",
    "l10n.openGfeInGame": "Åpne overlegg i spill",
    "l10n.joinWeChat": "Bli med {{clubName}} på WeChat!",
    "l10n.scanNvidiaNewsWeChatQrCode": "Skann QR-kode for å få de siste NVIDIA-nyhetene",
    "l10n.recentSearches": "Nylige søk",
    "l10n.noResultsAvailable": "Ingen resultater som stemte med ditt søk ble funnet.",
    "l10n.nextTip": "Neste tips",
    "l10n.achievements": "Prestasjoner",
    "l10n.noResults": "Ingen resultat",
    "l10n.noResultsSearchMessage": "Prøv å søke med andre nøkkelord",
    "l10n.myProfile": "Min profil (PILOT)",
    "l10n.later": "Senere",
    "l10n.updateDriver": "Oppdater driver",
    "l10n.driverUpdateRequired": "Driveroppdatering nødvendig",
    "l10n.criticalUpdateForFeaturesOne": "Kritisk oppdatering for {{featureOne}}",
    "l10n.criticalUpdateForFeaturesTwo": "Kritisk oppdatering for {{featureOne}} og {{featureTwo}}",
    "l10n.criticalUpdateForFeaturesThree": "Kritisk oppdatering for {{featureOne}}, {{featureTwo}} og {{featureThree}}",
    "l10n.criticalUpdateForFeaturesFour": "Kritisk oppdatering for {{featureOne}}, {{featureTwo}}, {{featureThree}} og {{featureFour}}",
    "l10n.criticalUpdateForFeaturesFive": "Kritisk oppdatering for {{featureOne}}, {{featureTwo}}, {{featureThree}}, {{featureFour}} og {{featureFive}}",
    "l10n.criticalUpdateForFeaturesSix": "Kritisk oppdatering for {{featureOne}}, {{featureTwo}}, {{featureThree}}, {{featureFour}}, {{featureFive}} og {{featureSix}}",
    "l10n.launchYourGames": "Start spillene og applikasjonene dine eller rediger dine optimale spillinnstillinger.",
    "l10n.getTheLatestGrds": "Få de nyeste spillklare driverne eller studioklare driverne for dine spill eller applikasjoner.",
    "l10n.accessTheIgo": "Få tilgang til overlegg i spill for å ta opp og dele videoer, skjermbilder og livestreams.",
    "l10n.joinTheCommunity": "Bli med i samfunnet og tjen belønninger.",
    "l10n.accessClientSettings": "Få tilgang til klientinnstillinger, løs inn kuponger, og aktiver GameStream",
    "l10n.unableToSendFeedback": "Kan ikke sende tilbakemelding, prøv på nytt senere.",
    "l10n.includeTechnicalData": "For å hjelpe oss å gå gjennom dine kommentarer, vil vi automatisk inkludere tekniske data som din datamaskins systeminformasjon og feillogger.",
    "l10n.configureOptions": "Konfigurer alternativer som Overlay-innstillinger, eksperimentelle funksjoner og GameStream.",
    "l10n.redeemCodesAndRewards": "Løs inn koder og premier",
    "l10n.privacyPolicy": "NVIDIA Retningslinjer for personvern",
    "l10n.ctaStartCountdown": "Starter om {{countdown}}",
    "l10n.ctaEndCountdown": "Slutter om {{countdown}}",
    "l10n.ctaEnded": "Avsluttet",
    "l10n.connectionSecure": "Tilkobling til {{provider}} er sikker",
    "l10n.informationSecure": "Din informasjon, som brukernavn og passord, er sikre når sendt til siden.",
    "l10n.viewCertificate": "Vis sertifikat",
    "l10n.anselPhotoMode": "Ansel fotomodus",
    "l10n.freestyle": "Freestyle spillfiltre",
    "l10n.shadowplayRecords": "ShadowPlay Spill inn og Øyeblikkelig reprise",
    "l10n.openForDiscussion": "Ja, det er greit å kontakte meg hvis NVIDIA har flere spørsmål.",
    "l10n.nvidiaGfeTitle": "NVIDIA GeForce Experience",
    "l10n.gfePartnerInfoDescription": "NVIDIA GeForce Experience som bruker YouTube API Services, som styres av følgende vilkår for bruk og personvernregler:",
    "l10n.gfeYouTubeTOS": "YouTube Vilkår for bruk",
    "l10n.gfeGoogleSecuritySettings": "Google Sikkerhet Innstillinger",
    "l10n.gfeGooglePrivacyPolicy": "Google Retningslinjer for personvern",
    "l10n.gfePartnerPrivacyPolicy": "Retningslinjer for personvern for partnere og vilkår for bruk"
}
