{
    "l10n.home": "Home",
    "l10n.gfn": "GeForce NOW",
    "l10n.gallery": "Galerij",
    "l10n.gameroom": "Gameroom",
    "l10n.news": "Nieuws",
    "l10n.search": "Zoeken",
    "l10n.notifications": "Meldingen",
    "l10n.updates": "Updates",
    "l10n.settings": "Instellingen",
    "l10n.debug": "Foutopsporing",
    "l10n.preferences": "Voorkeuren",
    "l10n.screenshots": "Screenshots",
    "l10n.username": "Naam gebruiker",
    "l10n.account": "Account",
    "l10n.logOut": "Afmelden",
    "l10n.cancel": "Annuleren",
    "l10n.continue": "Doorgaan",
    "l10n.submit": "Indienen",
    "l10n.back": "Terug",
    "l10n.alt.nvidiaLogo": "NVIDIA-logo",
    "l10n.optimize": "Optimaliseren",
    "l10n.all": "Alles",
    "l10n.more": "Meer",
    "l10n.moreDots": "Meer...",
    "l10n.sort": "Sorteren",
    "l10n.filter": "Filter",
    "l10n.done": "Klaar",
    "l10n.skip": "Overslaan",
    "l10n.or": "Of",
    "l10n.gamesOptimized": "{{numGamesOptimized}} games en apps zijn geoptimaliseerd",
    "l10n.scanGamesProgress": "{{numGamesScanned}} games en apps gevonden",
    "l10n.scanGameProgress": "{{numGamesScanned}} game of app gevonden",
    "l10n.noGamesFound": "Geen games of apps gevonden",
    "l10n.zeroGamesFound": "0 games en apps gevonden",
    "l10n.nonOptimizeProgress": "{{numGamesNotOptimized}} games en apps zijn niet geoptimaliseerd",
    "l10n.unhandledexception": "Niet-verwerkte uitzondering",
    "l10n.sendfeedback": "Feedback verzenden",
    "l10n.alphabetical": "Alfabetisch",
    "l10n.details": "Details",
    "l10n.share": "overlay in de game",
    "l10n.close": "Sluiten",
    "l10n.second": "seconde",
    "l10n.seconds": "seconden",
    "l10n.minute": "minuut",
    "l10n.minutes": "minuten",
    "l10n.hour": "uur",
    "l10n.hours": "uren",
    "l10n.day": "dag",
    "l10n.days": "dagen",
    "l10n.month": "maand",
    "l10n.months": "maanden",
    "l10n.year": "jaar",
    "l10n.years": "jaren",
    "l10n.week": "week",
    "l10n.weeks": "weken",
    "l10n.edit": "Bewerken",
    "l10n.detail": "Detail",
    "l10n.genre.other": "Overige",
    "l10n.genre.actionAdventure": "Actie-avontuur",
    "l10n.genre.action": "Actie",
    "l10n.genre.adventure": "Avontuur",
    "l10n.genre.arcade": "Arcade",
    "l10n.genre.family": "Familie",
    "l10n.genre.fps": "First-person shooter",
    "l10n.genre.puzzle": "Puzzel",
    "l10n.genre.racing": "Racing",
    "l10n.genre.rolePlaying": "Role playing",
    "l10n.genre.actionRPG": "Actie-RPG",
    "l10n.genre.actionMMO": "Actie-MMO",
    "l10n.genre.mmorpg": "MMORPG",
    "l10n.genre.rts": "Real-time strategy",
    "l10n.pause": "Pauzeren",
    "l10n.volume": "Volume",
    "l10n.fullscreen": "Volledig scherm",
    "l10n.mediaerror.aborted": "Afspelen afgebroken",
    "l10n.mediaerror.network": "Fout bij downloaden",
    "l10n.mediaerror.decode": "Fout bij decoderen",
    "l10n.mediaerror.notsupported": "Videotype niet ondersteund",
    "l10n.mediaerror.generic": "Kan niet afspelen",
    "l10n.allSet": "U bent helemaal klaar",
    "l10n.shield": "shield",
    "l10n.hr": "{{value}} uur",
    "l10n.hrs": "{{value}} uur",
    "l10n.aboutHrs": "Ongeveer {{value}} uur",
    "l10n.mins": "{{value}} minuten",
    "l10n.min": "{{value}} min.",
    "l10n.secs": "{{value}} seconden",
    "l10n.sec": "{{value}} sec.",
    "l10n.byte": "{{value}} byte",
    "l10n.bytes": "{{value}} bytes",
    "l10n.mb": "{{value}} MB",
    "l10n.kb": "{{value}} KB",
    "l10n.gb": "{{value}} GB",
    "l10n.tb": "{{value}} TB",
    "l10n.send": "Verzenden",
    "l10n.feedbackCategory": "Feedback-categorie",
    "l10n.subCategory": "Subcategorie",
    "l10n.emailOptional": "E-mail (optioneel)",
    "l10n.drivers": "Stuurprogramma’s",
    "l10n.downloadDriver": "Kan aanbevolen stuurprogramma niet downloaden",
    "l10n.installDriver": "Kan aanbevolen stuurprogramma niet installeren",
    "l10n.checkUpdate": "Kan niet controleren op updates",
    "l10n.checkTimeLong": "Controleren op updates duurt te lang",
    "l10n.downloadTimeLong": "Downloaden van stuurprogramma duurt te lang",
    "l10n.installTimeLong": "Installatie van stuurprogramma duurt te lang",
    "l10n.driverIssue": "Vertel ons over een probleem met een grafisch stuurprogramma",
    "l10n.others": "Anders",
    "l10n.installIssue": "Meld een probleem bij het installeren van GeForce Experience",
    "l10n.updateIssue": "Meld een probleem bij het updaten van GeForce Experience",
    "l10n.translateIssue": "Meld een incorrecte of ontbrekende vertaling",
    "l10n.geforceIssue": "Meld een probleem met GeForce Experience",
    "l10n.shareIssue": "Een probleem met het delen van uw gameplay melden",
    "l10n.ledIssue": "Een probleem met LED-visualizer melden",
    "l10n.whatLike": "Vertel ons wat u leuk vindt aan de GeForce Experience",
    "l10n.suggestion": "Suggereer een verbetering voor GeForce Experience",
    "l10n.gameDetectionAndSupport": "Detectie en ondersteuning voor games of apps",
    "l10n.gameNotFoundSupported": "Geen ondersteunde game of app gevonden",
    "l10n.gameWrongDetection": "De game of app is incorrect gedetecteerd of is niet geïnstalleerd",
    "l10n.gameDuplicateDetection": "Dubbele exemplaren van dezelfde game of app gevonden",
    "l10n.gameLaunchFail": "Game of app kan niet worden gestart",
    "l10n.gameCurrentSettingsNotAvailable": "Geen huidige game-of app-instellingen gevonden",
    "l10n.gameTooLongScan": "Scannen op games en apps duurt te lang",
    "l10n.gameSupportSuggestion": "Een game of app voorstellen die wij zouden moeten ondersteunen",
    "l10n.ops": "Optimale instellingen",
    "l10n.opsMissing": "Aanbevelingen ontbreken",
    "l10n.opsLowImageQuality": "Beeldkwaliteit is te laag",
    "l10n.opsLowPerformance": "Frames per seconde is te laag",
    "l10n.opsRemoved": "Aanbevelingen werden verwijderd",
    "l10n.opsSuggestion": "Suggereer een verbetering voor optimale instellingen",
    "l10n.shareInstantReplay": "Vertel ons over uw ervaring met Instant Replay",
    "l10n.shareRecord": "Vertel ons over uw ervaring met opnemen",
    "l10n.shareStream": "Vertel ons over uw ervaring met streamen",
    "l10n.shareBroadcast": "Vertel ons over uw ervaring met uitzenden",
    "l10n.shareImprovement": "Verbeteringen voor het delen van uw gameplay voorstellen",
    "l10n.gameStream": "GameStream",
    "l10n.gameStreamGameIssue": "Een probleem melden met games of apps die ik heb toegevoegd",
    "l10n.gameStreamPairing": "Kan SHIELD-apparaten niet aan deze pc koppelen",
    "l10n.gameStreamInternet": "Kan niet op internet streamen",
    "l10n.gameStreamGameLaunch": "Game of app kan niet worden gestart",
    "l10n.gameStreamController": "Controller werkt niet",
    "l10n.gameStreamSuggestion": "Een verbetering voor GameStream voorstellen",
    "l10n.feedbackDisableMessage": "Uw feedback is belangrijk voor ons. Ga naar Instellingen > Algemeen om ons te vertellen wat u denkt.",
    "l10n.feedbackThanksMessage": "Hartelijk dank voor uw feedback. We gaan ermee aan de slag.",
    "l10n.affectedGame": "Betrokken game of app",
    "l10n.location": "Locatie",
    "l10n.affectedGames": "Betrokken games en apps",
    "l10n.noInformationAvailable": "Informatie niet beschikbaar.",
    "l10n.invalidYear": "Vul een jaartal in vier cijfers in",
    "l10n.invalidDate": "Voer een geldige geboortedatum in",
    "l10n.higherPerformance": "Hogere prestatie",
    "l10n.longerBatteryLife": "Langere levensduur batterij",
    "l10n.youAreOffline": "U bent offline. Maak verbinding met een netwerk en probeer het nog eens.",
    "l10n.unableToFetchVideo": "Kan video niet ophalen. Probeer later nogmaals.",
    "l10n.launchingShareToast": "Bezig met voorbereiden van het delen van uw gameplay...",
    "l10n.openShareFailure": "Kan delen niet openen.",
    "l10n.somethingWrong": "Er ging iets mis.",
    "l10n.errorRestartApplication": "Start GeForce Experience opnieuw op.",
    "l10n.errorRestartPC": "Start je pc opnieuw op en open GeForce Experience.",
    "l10n.errorCode": "FOUTCODE:",
    "l10n.pageCouldNotBeLoaded": "De pagina kon niet worden geladen. Controleer uw internetverbinding en probeer het opnieuw.",
    "l10n.retry": "Opnieuw proberen",
    "l10n.learnMore": "Meer informatie",
    "l10n.virtualReality": "Virtual reality",
    "l10n.tellAboutExperience": "Vertel ons over uw ervaring",
    "l10n.suggestVirtualRealityImprovement": "Een verbetering voor de virtual reality voorstellen",
    "l10n.tellAboutVirtualRealityIssue": "Vertel ons over een probleem met de virtual reality",
    "l10n.shareBeta": "Delen (bèta)",
    "l10n.restart": "Opnieuw opstarten",
    "l10n.doesNotMeetSpecVR": "Voldoet niet aan de aanbevolen specificaties voor virtual reality gaming",
    "l10n.recommendedSpecVR": "Aanbevolen specificaties voor virtual reality gaming",
    "l10n.shareShortcut": "Alt + Z",
    "l10n.featureEnabled": "{{featureName}} is ingeschakeld",
    "l10n.updateNow": "Nu bijwerken",
    "l10n.shareNotReady": "Overlay in de game niet gereed",
    "l10n.featureErrorMessage": "Herstart uw systeem of installeer GeForce Experience opnieuw. Als dit niet helpt wacht dan op een patch update voor de toepassing.",
    "l10n.gotItText": "Ik snap het",
    "l10n.gameStreamNotReady": "GameStream is nog niet mogelijk",
    "l10n.loading": "Laden...",
    "l10n.openGfeInGame": "In-game overlay openen",
    "l10n.joinWeChat": "Sluit u aan bij {{clubName}} op WeChat!",
    "l10n.scanNvidiaNewsWeChatQrCode": "Scan de QR-code om het nieuwste NVIDIA-nieuws te ontvangen",
    "l10n.recentSearches": "Recente zoekopdrachten",
    "l10n.noResultsAvailable": "Er zijn geen resultaten gevonden die met uw zoekopdracht overeenkomen.",
    "l10n.nextTip": "Volgende tip",
    "l10n.achievements": "Prestaties",
    "l10n.noResults": "Geen resultaten",
    "l10n.noResultsSearchMessage": "Probeer met andere trefwoorden te zoeken",
    "l10n.myProfile": "Mijn profiel (PILOT)",
    "l10n.later": "Later",
    "l10n.updateDriver": "Stuurprogramma bijwerken",
    "l10n.driverUpdateRequired": "Het stuurprogramma moet worden bijgewerkt",
    "l10n.criticalUpdateForFeaturesOne": "Essentiële update voor {{featureOne}}",
    "l10n.criticalUpdateForFeaturesTwo": "Essentiële update voor {{featureOne}} en {{featureTwo}}",
    "l10n.criticalUpdateForFeaturesThree": "Essentiële update voor {{featureOne}}, {{featureTwo}} en {{featureThree}}",
    "l10n.criticalUpdateForFeaturesFour": "Essentiële update voor {{featureOne}}, {{featureTwo}}, {{featureThree}} en {{featureFour}}",
    "l10n.criticalUpdateForFeaturesFive": "Essentiële update voor {{featureOne}}, {{featureTwo}}, {{featureThree}}, {{featureFour}} en {{featureFive}}",
    "l10n.criticalUpdateForFeaturesSix": "Essentiële update voor {{featureOne}}, {{featureTwo}}, {{featureThree}}, {{featureFour}}, {{featureFive}} en {{featureSix}}",
    "l10n.launchYourGames": "Start je games of apps, of bewerk je optimale instellingen.",
    "l10n.getTheLatestGrds": "Haal de meest recente Game Ready-stuurprogramma's of Studio-stuurprogramma's voor je games en apps op.",
    "l10n.accessTheIgo": "Open de in-game overlay om video's, screenshots en livestreams op te nemen en te delen.",
    "l10n.joinTheCommunity": "Sluit u aan bij de community om beloningen te verdienen.",
    "l10n.accessClientSettings": "Krijg toegang tot clientinstellingen, verzilver coupons en schakel GameStream in",
    "l10n.unableToSendFeedback": "Kan geen feedback verzenden. Probeer het later opnieuw.",
    "l10n.includeTechnicalData": "We leggen automatisch technische gegevens vast, zoals de systeeminformatie en foutenlogbestanden van uw pc, zodat we op uw opmerkingen kunnen reageren.",
    "l10n.configureOptions": "Configuratieopties zoals Overlay instellingen, experimentele functies en GameStream.",
    "l10n.redeemCodesAndRewards": "Inwisselen codes en beloningen",
    "l10n.privacyPolicy": "Privacybeleid van NVIDIA",
    "l10n.ctaStartCountdown": "Begint over {{countdown}}",
    "l10n.ctaEndCountdown": "Eindigt over {{countdown}}",
    "l10n.ctaEnded": "Beëindigd",
    "l10n.connectionSecure": "Verbinding met {{provider}} is veilig",
    "l10n.informationSecure": "Je informatie, zoals gebruikersnaam en wachtwoorden, zijn veilig wanneer deze informatie naar de site wordt gestuurd.",
    "l10n.viewCertificate": "Certificaat bekijken",
    "l10n.anselPhotoMode": "Ansel-fotomodus",
    "l10n.freestyle": "Freestyle-gamefilters",
    "l10n.shadowplayRecords": "ShadowPlay Record & Instant Replay",
    "l10n.openForDiscussion": "Ja, NVIDIA mag in het geval van aanvullende vragen contact met me opnemen.",
    "l10n.nvidiaGfeTitle": "NVIDIA GeForce Experience",
    "l10n.gfePartnerInfoDescription": "NVIDIA GeForce Experience gebruikt YouTube API-services, die vallen onder de volgende gebruiksvoorwaarden en privacybeleid:",
    "l10n.gfeYouTubeTOS": "Servicevoorwaarden YouTube",
    "l10n.gfeGoogleSecuritySettings": "Instellingen Google Beveiliging",
    "l10n.gfeGooglePrivacyPolicy": "Privacybeleid van Google",
    "l10n.gfePartnerPrivacyPolicy": "Privacybeleid en algemene voorwaarden van partner"
}
