{
    "l10n.home": "Página principal",
    "l10n.gfn": "GeForce NOW",
    "l10n.gallery": "Galeria",
    "l10n.gameroom": "Sala de jogos",
    "l10n.news": "Novidades",
    "l10n.search": "Busca",
    "l10n.notifications": "Notificações",
    "l10n.updates": "Atualizações",
    "l10n.settings": "Configurações",
    "l10n.debug": "Depurar",
    "l10n.preferences": "Preferências",
    "l10n.screenshots": "Capturas de tela",
    "l10n.username": "Nome do usuário",
    "l10n.account": "Conta",
    "l10n.logOut": "Finalizar sessão",
    "l10n.cancel": "Cancelar",
    "l10n.continue": "Continuar",
    "l10n.submit": "Enviar",
    "l10n.back": "Voltar",
    "l10n.alt.nvidiaLogo": "Logotipo da NVIDIA",
    "l10n.optimize": "Otimizar",
    "l10n.all": "Todas",
    "l10n.more": "Mais",
    "l10n.moreDots": "Mais...",
    "l10n.sort": "Classificar",
    "l10n.filter": "Filtro",
    "l10n.done": "Concluído",
    "l10n.skip": "Pular",
    "l10n.or": "Ou",
    "l10n.gamesOptimized": "{{numGamesOptimized}} jogos e aplicativos estão otimizados",
    "l10n.scanGamesProgress": "{{numGamesScanned}} jogos e aplicativos encontrados",
    "l10n.scanGameProgress": "{{numGamesScanned}} jogo ou aplicativo encontrado",
    "l10n.noGamesFound": "Nenhum jogo ou aplicativo encontrado",
    "l10n.zeroGamesFound": "0 jogos e aplicativos encontrados",
    "l10n.nonOptimizeProgress": "{{numGamesNotOptimized}} jogos e aplicativos não estão otimizados",
    "l10n.unhandledexception": "Exceção sem tratamento",
    "l10n.sendfeedback": "Enviar feedback",
    "l10n.alphabetical": "Ordem alfabética",
    "l10n.details": "Detalhes",
    "l10n.share": "overlay no jogo",
    "l10n.close": "Fechar",
    "l10n.second": "segundo",
    "l10n.seconds": "segundos",
    "l10n.minute": "minuto",
    "l10n.minutes": "minutos",
    "l10n.hour": "hora",
    "l10n.hours": "horas",
    "l10n.day": "dia",
    "l10n.days": "dias",
    "l10n.month": "mês",
    "l10n.months": "meses",
    "l10n.year": "ano",
    "l10n.years": "anos",
    "l10n.week": "semana",
    "l10n.weeks": "semanas",
    "l10n.edit": "Editar",
    "l10n.detail": "Detalhe",
    "l10n.genre.other": "Outras",
    "l10n.genre.actionAdventure": "Ação Aventura",
    "l10n.genre.action": "Ação",
    "l10n.genre.adventure": "Aventura",
    "l10n.genre.arcade": "Arcade",
    "l10n.genre.family": "Família",
    "l10n.genre.fps": "Jogos de tiro em primeira pessoa",
    "l10n.genre.puzzle": "Quebra-cabeças",
    "l10n.genre.racing": "Corridas",
    "l10n.genre.rolePlaying": "Encenações",
    "l10n.genre.actionRPG": "Ação RPG",
    "l10n.genre.actionMMO": "Ação MMO",
    "l10n.genre.mmorpg": "MMO RPG",
    "l10n.genre.rts": "Estratégia em tempo real",
    "l10n.pause": "Pausa",
    "l10n.volume": "Volume",
    "l10n.fullscreen": "Tela cheia",
    "l10n.mediaerror.aborted": "Reprodução abortada",
    "l10n.mediaerror.network": "Erro ao fazer download",
    "l10n.mediaerror.decode": "Decodificando erro",
    "l10n.mediaerror.notsupported": "Tipo de vídeo não suportado",
    "l10n.mediaerror.generic": "Não é possível reproduzir",
    "l10n.allSet": "Você está pronto",
    "l10n.shield": "shield",
    "l10n.hr": "{{value}} hora",
    "l10n.hrs": "{{value}} horas",
    "l10n.aboutHrs": "Cerca de {{value}} hrs",
    "l10n.mins": "{{value}} minutos",
    "l10n.min": "{{value}} minuto",
    "l10n.secs": "{{value}} segundos",
    "l10n.sec": "{{value}} segundo",
    "l10n.byte": "{{value}} byte",
    "l10n.bytes": "{{value}} bytes",
    "l10n.mb": "{{value}} MB",
    "l10n.kb": "{{value}} KB",
    "l10n.gb": "{{value}} GB",
    "l10n.tb": "{{value}} TB",
    "l10n.send": "Enviar",
    "l10n.feedbackCategory": "Categoria de feedback",
    "l10n.subCategory": "Subcategoria",
    "l10n.emailOptional": "E-mail (opcional)",
    "l10n.drivers": "Drivers",
    "l10n.downloadDriver": "É impossível descarregar o driver recomendado",
    "l10n.installDriver": "É impossível instalar o driver recomendado",
    "l10n.checkUpdate": "É impossível procurar atualizações",
    "l10n.checkTimeLong": "Procurar atualizações demora muito tempo",
    "l10n.downloadTimeLong": "O download de drivers demora muito tempo",
    "l10n.installTimeLong": "A instalação de drivers demora muito tempo",
    "l10n.driverIssue": "Informe sobre um problema com um driver gráfico",
    "l10n.others": "Outros",
    "l10n.installIssue": "Informe um problema na instalação do GeForce Experience",
    "l10n.updateIssue": "Informe um problema com a atualização do GeForce Experience",
    "l10n.translateIssue": "Informe uma tradução incorreta ou incompleta",
    "l10n.geforceIssue": "Informe um problema com o GeForce Experience",
    "l10n.shareIssue": "Informe um problema com o compartilhamento do jogo",
    "l10n.ledIssue": "Informe um problema com o LED Visualizer",
    "l10n.whatLike": "Conte o que você gosta sobre o GeForce Experience",
    "l10n.suggestion": "Sugira uma melhoria para o GeForce Experience",
    "l10n.gameDetectionAndSupport": "Detecção e suporte do jogo ou aplicativo",
    "l10n.gameNotFoundSupported": "Não foi encontrado um jogo ou aplicativo compatível",
    "l10n.gameWrongDetection": "O jogo ou aplicativo foi incorretamente detectado ou não está instalado",
    "l10n.gameDuplicateDetection": "Foram encontradas cópias duplicadas do mesmo jogo ou aplicativo",
    "l10n.gameLaunchFail": "Não foi possível iniciar o jogo ou aplicativo",
    "l10n.gameCurrentSettingsNotAvailable": "Não foram encontradas as configurações atuais do jogo ou aplicativo",
    "l10n.gameTooLongScan": "Procurar jogos e aplicativos demora muito tempo",
    "l10n.gameSupportSuggestion": "Sugira um jogo ou aplicativo que deveria ter suporte",
    "l10n.ops": "Configurações otimizadas",
    "l10n.opsMissing": "Faltam as recomendações",
    "l10n.opsLowImageQuality": "A qualidade de imagem é muito baixa",
    "l10n.opsLowPerformance": "A taxa de quadros por segundo é muito baixa",
    "l10n.opsRemoved": "As recomendações foram removidas",
    "l10n.opsSuggestion": "Sugira uma melhoria para Configurações otimizadas",
    "l10n.shareInstantReplay": "Conte sua experiência usando a repetição instantânea",
    "l10n.shareRecord": "Conte sua experiência usando a gravação",
    "l10n.shareStream": "Conte sua experiência usando o fluxo",
    "l10n.shareBroadcast": "Conte sua experiência usando a transmissão",
    "l10n.shareImprovement": "Sugira uma forma de melhorar o compartilhamento do jogo",
    "l10n.gameStream": "GameStream",
    "l10n.gameStreamGameIssue": "Informe um problema com os jogos e aplicativos que adicionei",
    "l10n.gameStreamPairing": "Não foi possível emparelhar dispositivos SHIELD com este PC",
    "l10n.gameStreamInternet": "Não foi possível fazer a transmissão contínua na Internet",
    "l10n.gameStreamGameLaunch": "Falha de início do jogo ou aplicativo",
    "l10n.gameStreamController": "O controlador não está funcionando",
    "l10n.gameStreamSuggestion": "Sugira uma melhoria para o GameStream",
    "l10n.feedbackDisableMessage": "O seu feedback é importante para nós Ir para Configurações > Geral para nos contar o que pensa.",
    "l10n.feedbackThanksMessage": "Obrigado por seu feedback. Estamos analisando.",
    "l10n.affectedGame": "Jogo ou aplicativo afetado",
    "l10n.location": "Localização",
    "l10n.affectedGames": "Jogos e aplicativos afetados",
    "l10n.noInformationAvailable": "Informação não disponível!",
    "l10n.invalidYear": "Digite um ano com quatro dígitos",
    "l10n.invalidDate": "Inserir uma data de nascimento válida",
    "l10n.higherPerformance": "Desempenho mais alto",
    "l10n.longerBatteryLife": "Vida mais longa da bateria",
    "l10n.youAreOffline": "Você está offline. Conecte-se a uma rede e tente novamente.",
    "l10n.unableToFetchVideo": "Não foi possível trazer o vídeo. Tente novamente depois de alguns minutos.",
    "l10n.launchingShareToast": "Preparando para compartilhar o jogo...",
    "l10n.openShareFailure": "Não foi possível abrir Compartilhar.",
    "l10n.somethingWrong": "Algo deu errado.",
    "l10n.errorRestartApplication": "Tente reiniciar o GeForce Experience.",
    "l10n.errorRestartPC": "Tente reinicializar seu PC e depois abra o GeForce Experience.",
    "l10n.errorCode": "CÓDIGO DE ERRO:",
    "l10n.pageCouldNotBeLoaded": "A página não pode ser carregada. Verifique sua conexão de Internet e tente novamente.",
    "l10n.retry": "Tentar novamente",
    "l10n.learnMore": "Mais informações",
    "l10n.virtualReality": "Realidade Virtual",
    "l10n.tellAboutExperience": "Conte sua experiência",
    "l10n.suggestVirtualRealityImprovement": "Sugira uma melhoria para a Realidade Virtual",
    "l10n.tellAboutVirtualRealityIssue": "Informe sobre um problema com a Realidade Virtual",
    "l10n.shareBeta": "Compartilhar (Beta)",
    "l10n.restart": "Reiniciar",
    "l10n.doesNotMeetSpecVR": "Não atende às especificações recomendadas para jogos de realidade virtual",
    "l10n.recommendedSpecVR": "Especificação recomendada para jogos de realidade virtual",
    "l10n.shareShortcut": "Alt + Z",
    "l10n.featureEnabled": "{{featureName}} está ativado",
    "l10n.updateNow": "Atualizar agora",
    "l10n.shareNotReady": "O overlay durante o jogo não está pronto",
    "l10n.featureErrorMessage": "Tente reiniciar o sistema ou reinstalar a GeForce Experience. Se isso não funcionar, aguarde uma atualização patch para o aplicativo.",
    "l10n.gotItText": "Entendi",
    "l10n.gameStreamNotReady": "O GameStream não está pronto",
    "l10n.loading": "Carregando..",
    "l10n.openGfeInGame": "Abrir overlay durante o jogo",
    "l10n.joinWeChat": "Entre {{clubName}} no WeChat!",
    "l10n.scanNvidiaNewsWeChatQrCode": "Digitalize o código QR para obter as últimas novidades da NVIDIA",
    "l10n.recentSearches": "Buscas recentes",
    "l10n.noResultsAvailable": "Nenhum resultado foi encontrado para sua consulta.",
    "l10n.nextTip": "Próxima dica",
    "l10n.achievements": "Conquistas",
    "l10n.noResults": "Nenhum resultado",
    "l10n.noResultsSearchMessage": "Tente buscar usando palavras-chave diferentes",
    "l10n.myProfile": "Meu perfil (PILOT)",
    "l10n.later": "Mais tarde",
    "l10n.updateDriver": "Atualizar driver",
    "l10n.driverUpdateRequired": "Atualização de driver necessária",
    "l10n.criticalUpdateForFeaturesOne": "Atualização crítica para {{featureOne}}",
    "l10n.criticalUpdateForFeaturesTwo": "Atualização crítica para {{featureOne}} e {{featureTwo}}",
    "l10n.criticalUpdateForFeaturesThree": "Atualização crítica para {{featureOne}}, {{featureTwo}} e {{featureThree}}",
    "l10n.criticalUpdateForFeaturesFour": "Atualização crítica para {{featureOne}}, {{featureTwo}}, {{featureThree}} e {{featureFour}}",
    "l10n.criticalUpdateForFeaturesFive": "Atualização crítica para {{featureOne}}, {{featureTwo}}, {{featureThree}}, {{featureFour}} e {{featureFive}}",
    "l10n.criticalUpdateForFeaturesSix": "Atualização crítica para {{featureOne}}, {{featureTwo}}, {{featureThree}}, {{featureFour}}, {{featureFive}} e {{featureSix}}",
    "l10n.launchYourGames": "Execute os jogos e aplicativos ou edite as configurações ideais.",
    "l10n.getTheLatestGrds": "Obtenha os drivers Game Ready ou Studio mais recentes para seus jogos e aplicativos.",
    "l10n.accessTheIgo": "Acesse a sobreposição no jogo para gravar e compartilhar vídeos, capturas de tela e transmissões ao vivo.",
    "l10n.joinTheCommunity": "Junte-se à comunidade e ganhe recompensas.",
    "l10n.accessClientSettings": "Acesse as configurações do cliente, resgate cupons e ative o GameStream",
    "l10n.unableToSendFeedback": "Não é possível enviar o feedback. Tente novamente mais tarde.",
    "l10n.includeTechnicalData": "Para ajudar na análise de seus comentários, nós incluiremos automaticamente dados técnicos, tais como informações do sistema e logs de erro do seu PC.",
    "l10n.configureOptions": "Configure opções como ajustes de sobreposição, recursos experimentais e GameStream.",
    "l10n.redeemCodesAndRewards": "Resgatar códigos e recompensas",
    "l10n.privacyPolicy": "Política de privacidade da NVIDIA",
    "l10n.ctaStartCountdown": "Inicia em {{countdown}}",
    "l10n.ctaEndCountdown": "Termina em {{countdown}}",
    "l10n.ctaEnded": "Concluído",
    "l10n.connectionSecure": "A conexão com {{provider}} é segura",
    "l10n.informationSecure": "Suas informações, tais como o nome de usuário e senha são seguras ao serem enviadas para o site.",
    "l10n.viewCertificate": "Visualizar certificado",
    "l10n.anselPhotoMode": "Modo de fotografia Ansel",
    "l10n.freestyle": "Filtros do jogo estilo livre",
    "l10n.shadowplayRecords": "Gravação ShadowPlay e Repetição instantânea",
    "l10n.openForDiscussion": "Sim, entrar em contato comigo se a NVIDIA tiver mais perguntas.",
    "l10n.nvidiaGfeTitle": "NVIDIA GeForce Experience",
    "l10n.gfePartnerInfoDescription": "O GeForce Experience da NVIDIA usa serviços de API do YouTube, que são regidos pelos seguintes termos de uso e políticas de privacidade:",
    "l10n.gfeYouTubeTOS": "Termos de serviço do YouTube",
    "l10n.gfeGoogleSecuritySettings": "Configurações de segurança do Google",
    "l10n.gfeGooglePrivacyPolicy": "Política de privacidade do Google",
    "l10n.gfePartnerPrivacyPolicy": "Políticas de privacidade e termos de serviço de parceiros"
}
