{
    "l10n.home": "Home",
    "l10n.gfn": "GeForce NOW",
    "l10n.gallery": "Galeria",
    "l10n.gameroom": "Gameroom",
    "l10n.news": "Notícias",
    "l10n.search": "Procurar",
    "l10n.notifications": "Notificações",
    "l10n.updates": "Actualizações",
    "l10n.settings": "Definições",
    "l10n.debug": "Depurar",
    "l10n.preferences": "Preferências",
    "l10n.screenshots": "Capturas de ecrã",
    "l10n.username": "Nome de utilizador",
    "l10n.account": "Conta",
    "l10n.logOut": "Terminar sessão",
    "l10n.cancel": "Cancelar",
    "l10n.continue": "Continuar",
    "l10n.submit": "Enviar",
    "l10n.back": "Anterior",
    "l10n.alt.nvidiaLogo": "Logótipo da NVIDIA",
    "l10n.optimize": "Optimizar",
    "l10n.all": "Tudo",
    "l10n.more": "Mais",
    "l10n.moreDots": "Mais...",
    "l10n.sort": "Ordenar",
    "l10n.filter": "Filtro",
    "l10n.done": "Concluído",
    "l10n.skip": "Ignorar",
    "l10n.or": "Ou",
    "l10n.gamesOptimized": "Foram optimizados {{numGamesOptimized}} jogos e aplicações",
    "l10n.scanGamesProgress": "Foram encontrados {{numGamesScanned}} jogos e aplicações",
    "l10n.scanGameProgress": "Foi encontrado {{numGamesScanned}} jogo ou aplicação",
    "l10n.noGamesFound": "Não foi encontrado nenhum jogo ou aplicação",
    "l10n.zeroGamesFound": "Foram encontrados 0 jogos e aplicações",
    "l10n.nonOptimizeProgress": "Não foram optimizados {{numGamesNotOptimized}} jogos e aplicações",
    "l10n.unhandledexception": "Excepção não tratada",
    "l10n.sendfeedback": "Enviar informações/comentários",
    "l10n.alphabetical": "Alfabético",
    "l10n.details": "Detalhes",
    "l10n.share": "sobreposição no jogo",
    "l10n.close": "Fechar",
    "l10n.second": "segundo",
    "l10n.seconds": "segundos",
    "l10n.minute": "minuto",
    "l10n.minutes": "minutos",
    "l10n.hour": "hora",
    "l10n.hours": "horas",
    "l10n.day": "dia",
    "l10n.days": "dias",
    "l10n.month": "mês",
    "l10n.months": "meses",
    "l10n.year": "ano",
    "l10n.years": "anos",
    "l10n.week": "semana",
    "l10n.weeks": "semanas",
    "l10n.edit": "Editar",
    "l10n.detail": "Detalhe",
    "l10n.genre.other": "Outros",
    "l10n.genre.actionAdventure": "Acção Aventura",
    "l10n.genre.action": "Acção",
    "l10n.genre.adventure": "Aventura",
    "l10n.genre.arcade": "Arcade",
    "l10n.genre.family": "Família",
    "l10n.genre.fps": "Tiro na primeira pessoa",
    "l10n.genre.puzzle": "Puzzle",
    "l10n.genre.racing": "Corrida",
    "l10n.genre.rolePlaying": "RPG",
    "l10n.genre.actionRPG": "RPG de acção",
    "l10n.genre.actionMMO": "MMO de acção",
    "l10n.genre.mmorpg": "MMO RPG",
    "l10n.genre.rts": "Estratégia em tempo real",
    "l10n.pause": "Pausa",
    "l10n.volume": "Volume",
    "l10n.fullscreen": "Ecrã inteiro",
    "l10n.mediaerror.aborted": "Reprodução cancelada",
    "l10n.mediaerror.network": "Erro de transferência",
    "l10n.mediaerror.decode": "Erro de descodificação",
    "l10n.mediaerror.notsupported": "Tipo de vídeo não suportado",
    "l10n.mediaerror.generic": "Não é possível reproduzir",
    "l10n.allSet": "Tudo pronto",
    "l10n.shield": "shield",
    "l10n.hr": "{{value}} hora",
    "l10n.hrs": "{{value}} horas",
    "l10n.aboutHrs": "Sobre {{value}} h",
    "l10n.mins": "{{value}} minutos",
    "l10n.min": "{{value}} minuto",
    "l10n.secs": "{{value}} segundos",
    "l10n.sec": "{{value}} segundo",
    "l10n.byte": "{{value}} byte",
    "l10n.bytes": "{{value}} bytes",
    "l10n.mb": "{{value}} MB",
    "l10n.kb": "{{value}} KB",
    "l10n.gb": "{{value}} GB",
    "l10n.tb": "{{value}} TB",
    "l10n.send": "Enviar",
    "l10n.feedbackCategory": "Categoria de comentários",
    "l10n.subCategory": "Subcategoria",
    "l10n.emailOptional": "Correio electrónico (opcional)",
    "l10n.drivers": "Controladores",
    "l10n.downloadDriver": "Não foi possível transferir o controlador recomendado",
    "l10n.installDriver": "Não foi possível instalar o controlador recomendado",
    "l10n.checkUpdate": "Não foi possível verificar a existência de actualizações",
    "l10n.checkTimeLong": "A verificação da existência de actualizações demora demasiado tempo",
    "l10n.downloadTimeLong": "A transferência do controlador demora demasiado tempo",
    "l10n.installTimeLong": "A instalação do controlador demora demasiado tempo",
    "l10n.driverIssue": "Refira um problema relativo ao controlador gráfico",
    "l10n.others": "Outros",
    "l10n.installIssue": "Comunique um problema da instalação do GeForce Experience",
    "l10n.updateIssue": "Comunique um problema da actualização do GeForce Experience",
    "l10n.translateIssue": "Comunique uma tradução incorrecta ou em falta",
    "l10n.geforceIssue": "Comunique um problema do GeForce Experience",
    "l10n.shareIssue": "Comunicar um problema ao partilhar o jogo",
    "l10n.ledIssue": "Comunique um problema com o LED Visualizer",
    "l10n.whatLike": "Diga-nos do que gosta acerca da GeForce Experience",
    "l10n.suggestion": "Sugira uma melhoria para o GeForce Experience",
    "l10n.gameDetectionAndSupport": "Detecção e suporte de jogos ou aplicações",
    "l10n.gameNotFoundSupported": "Não foi encontrado nenhum jogo ou aplicação suportado",
    "l10n.gameWrongDetection": "O jogo ou aplicação não foi detectado correctamente ou não está instalado",
    "l10n.gameDuplicateDetection": "Foram encontradas cópias em duplicado do mesmo jogo ou aplicação",
    "l10n.gameLaunchFail": "Não é possível iniciar o jogo ou aplicação",
    "l10n.gameCurrentSettingsNotAvailable": "Não foram encontradas as definições actuais do jogo ou aplicação",
    "l10n.gameTooLongScan": "A procura de jogos e aplicações demora demasiado tempo",
    "l10n.gameSupportSuggestion": "Sugerir um jogo ou aplicação para ser compatível",
    "l10n.ops": "Definições optimizadas",
    "l10n.opsMissing": "Não foram indicadas recomendações",
    "l10n.opsLowImageQuality": "A qualidade da imagem é muito baixa",
    "l10n.opsLowPerformance": "O número de videogramas por segundo é muito baixo",
    "l10n.opsRemoved": "As recomendações foram removidas",
    "l10n.opsSuggestion": "Sugira uma melhoria para as definições optimizadas",
    "l10n.shareInstantReplay": "Indique-nos a sua experiência de utilização da função de repetição instantânea",
    "l10n.shareRecord": "Indique-nos a sua experiência de utilização da função de gravação",
    "l10n.shareStream": "Indique-nos a sua experiência de utilização da função de transmissão",
    "l10n.shareBroadcast": "Indique-nos a sua experiência de utilização da função de difusão",
    "l10n.shareImprovement": "Sugira algumas formas como podemos melhorar a sua experiência de jogo",
    "l10n.gameStream": "GameStream",
    "l10n.gameStreamGameIssue": "Comunicar um problema nos jogos e aplicações adicionados por mim",
    "l10n.gameStreamPairing": "Não foi possível emparelhar os dispositivos SHIELD com este PC",
    "l10n.gameStreamInternet": "Não foi possível transmitir na Internet",
    "l10n.gameStreamGameLaunch": "Falha ao iniciar o jogo ou aplicação",
    "l10n.gameStreamController": "O controlador não está a funcionar",
    "l10n.gameStreamSuggestion": "Sugira uma melhoria para o GameStream",
    "l10n.feedbackDisableMessage": "A sua opinião é importante. Aceda a Definições > Geral para nos dar a sua opinião.",
    "l10n.feedbackThanksMessage": "Obrigado pelos seus comentários. Estamos a analisar.",
    "l10n.affectedGame": "Jogo ou aplicação afectado",
    "l10n.location": "Localização",
    "l10n.affectedGames": "Jogos ou aplicações afectados",
    "l10n.noInformationAvailable": "A informação não está disponível!",
    "l10n.invalidYear": "Introduza um ano com quatro dígitos",
    "l10n.invalidDate": "Introduza uma data de nascimento válida",
    "l10n.higherPerformance": "Melhor desempenho",
    "l10n.longerBatteryLife": "Maior duração da bateria",
    "l10n.youAreOffline": "Está offline. Ligue a uma rede e tente novamente.",
    "l10n.unableToFetchVideo": "Não foi possível obter vídeo. Tente novamente mais tarde.",
    "l10n.launchingShareToast": "A preparar para partilhar o seu jogo...",
    "l10n.openShareFailure": "Não é possível abrir a Partilha.",
    "l10n.somethingWrong": "Ocorreu um erro.",
    "l10n.errorRestartApplication": "Tente reiniciar o GeForce Experience.",
    "l10n.errorRestartPC": "Tente reiniciar o seu PC e de seguida iniciar o GeForce Experience.",
    "l10n.errorCode": "CÓDIGO DE ERRO:",
    "l10n.pageCouldNotBeLoaded": "Não foi possível carregar a página. Verifique a ligação à Internet e tente novamente.",
    "l10n.retry": "Tentar novamente",
    "l10n.learnMore": "Mais informações",
    "l10n.virtualReality": "Realidade virtual",
    "l10n.tellAboutExperience": "Indique-nos a sua experiência",
    "l10n.suggestVirtualRealityImprovement": "Sugira uma melhoria para a Realidade virtual",
    "l10n.tellAboutVirtualRealityIssue": "Refira um problema relativo à Realidade virtual",
    "l10n.shareBeta": "Partilha (Beta)",
    "l10n.restart": "Reiniciar",
    "l10n.doesNotMeetSpecVR": "Não cumpre as especificações recomendadas para os jogos de realidade virtual",
    "l10n.recommendedSpecVR": "Especificações recomendadas para os jogos de realidade virtual",
    "l10n.shareShortcut": "Alt + Z",
    "l10n.featureEnabled": "{{featureName}} está activado",
    "l10n.updateNow": "Actualizar agora",
    "l10n.shareNotReady": "Sobreposição no jogo não preparada",
    "l10n.featureErrorMessage": "Experimente reiniciar o sistema ou reinstalar o GeForce Experience. Se o problema persistir, aguarde que seja disponibilizada uma actualização de correcção para a aplicação.",
    "l10n.gotItText": "Ok",
    "l10n.gameStreamNotReady": "O GameStream não está preparado",
    "l10n.loading": "A carregar...",
    "l10n.openGfeInGame": "Abrir sobreposição no jogo",
    "l10n.joinWeChat": "Acompanhe {{clubName}} no WeChat!",
    "l10n.scanNvidiaNewsWeChatQrCode": "Leia o código QR para obter as últimas notícias da NVIDIA",
    "l10n.recentSearches": "Procuras recentes",
    "l10n.noResultsAvailable": "Não foram encontrados resultados que correspondam à sua consulta.",
    "l10n.nextTip": "Sugestão seguinte",
    "l10n.achievements": "Conquistas",
    "l10n.noResults": "Sem resultados",
    "l10n.noResultsSearchMessage": "Tente efectuar a procura com palavras-chave diferentes",
    "l10n.myProfile": "O meu perfil (PILOT)",
    "l10n.later": "Mais recente",
    "l10n.updateDriver": "Actualizar controlador",
    "l10n.driverUpdateRequired": "Actualização de controlador necessária",
    "l10n.criticalUpdateForFeaturesOne": "Actualização crítica para {{featureOne}}",
    "l10n.criticalUpdateForFeaturesTwo": "Actualização crítica para {{featureOne}} e para {{featureTwo}}",
    "l10n.criticalUpdateForFeaturesThree": "Actualização crítica para {{featureOne}}, {{featureTwo}} e para {{featureThree}}",
    "l10n.criticalUpdateForFeaturesFour": "Actualização crítica para {{featureOne}}, {{featureTwo}}, {{featureThree}} e para {{featureFour}}",
    "l10n.criticalUpdateForFeaturesFive": "Actualização crítica para {{featureOne}}, {{featureTwo}}, {{featureThree}}, {{featureFour}} e para {{featureFive}}",
    "l10n.criticalUpdateForFeaturesSix": "Actualização crítica para {{featureOne}}, {{featureTwo}}, {{featureThree}}, {{featureFour}}, {{featureFive}} e para {{featureSix}}",
    "l10n.launchYourGames": "Inicie os jogos e aplicações ou edite as definições optimizadas.",
    "l10n.getTheLatestGrds": "Obtenha os controladores Game Ready ou Studio mais recentes para os jogos e aplicações.",
    "l10n.accessTheIgo": "Aceda à sobreposição no jogo para gravar e partilhar vídeos, capturas de ecrã e transmissões em directo.",
    "l10n.joinTheCommunity": "Participe na comunidade e receba prémios.",
    "l10n.accessClientSettings": "Aceda às definições de cliente, resgate cupões e active o GameStream",
    "l10n.unableToSendFeedback": "Não é possível enviar comentários. Volte a tentar mais tarde.",
    "l10n.includeTechnicalData": "Para nos ajudar a rever os seus comentários, iremos incluir automaticamente dados técnicos, como as informações de sistema do seu PC e registos de erro.",
    "l10n.configureOptions": "Configurar opções como definições de Sobreposições, recursos experimentais e GameStream.",
    "l10n.redeemCodesAndRewards": "Resgatar códigos e prémios",
    "l10n.privacyPolicy": "Política de Privacidade da NVIDIA",
    "l10n.ctaStartCountdown": "Começa dentro de {{countdown}}",
    "l10n.ctaEndCountdown": "Termina dentro de {{countdown}}",
    "l10n.ctaEnded": "Terminou",
    "l10n.connectionSecure": "A ligação a {{provider}} é segura",
    "l10n.informationSecure": "As suas informações, tais como o nome de utilizador e palavras-passe, são protegidas quando são enviadas para o site.",
    "l10n.viewCertificate": "Ver certificado",
    "l10n.anselPhotoMode": "Modo de fotografia Ansel",
    "l10n.freestyle": "Filtros do jogo freestyle",
    "l10n.shadowplayRecords": "Repetição instantânea e Gravação do ShadowPlay",
    "l10n.openForDiscussion": "Sim, autorizo o contacto caso a NVIDIA tenha mais questões.",
    "l10n.nvidiaGfeTitle": "NVIDIA GeForce Experience",
    "l10n.gfePartnerInfoDescription": "O NVIDIA GeForce Experience utiliza os serviços de API do YouTube, que se regem pelos seguintes termos de utilização e políticas de privacidade:",
    "l10n.gfeYouTubeTOS": "Termos de Serviço do YouTube",
    "l10n.gfeGoogleSecuritySettings": "Definições de segurança da Google",
    "l10n.gfeGooglePrivacyPolicy": "Política de Privacidade da Google",
    "l10n.gfePartnerPrivacyPolicy": "Políticas de Privacidade e Termos de Serviço dos parceiros"
}
