{
    "l10n.home": "Domov",
    "l10n.gfn": "GeForce NOW",
    "l10n.gallery": "Galéria",
    "l10n.gameroom": "Herná miestnosť",
    "l10n.news": "Novinky",
    "l10n.search": "Hľadať",
    "l10n.notifications": "Oznámenia",
    "l10n.updates": "Aktualizácie",
    "l10n.settings": "Nastavenia",
    "l10n.debug": "Ladenie",
    "l10n.preferences": "Predvoľby",
    "l10n.screenshots": "Snímky obrazovky",
    "l10n.username": "Používateľské meno",
    "l10n.account": "Účet",
    "l10n.logOut": "Odhlásiť sa",
    "l10n.cancel": "Zrušiť",
    "l10n.continue": "Pokračovať",
    "l10n.submit": "Odoslať",
    "l10n.back": "Späť",
    "l10n.alt.nvidiaLogo": "Logo NVIDIA",
    "l10n.optimize": "Optimalizovať",
    "l10n.all": "Všetko",
    "l10n.more": "Viac",
    "l10n.moreDots": "Viac...",
    "l10n.sort": "Zoradiť",
    "l10n.filter": "Filtrovať",
    "l10n.done": "Dokončené",
    "l10n.skip": "Preskočiť",
    "l10n.or": "Alebo",
    "l10n.gamesOptimized": "Počet optimalizovaných hier a aplikácií: {{numGamesOptimized}}",
    "l10n.scanGamesProgress": "Počet nájdených hier a aplikácií: {{numGamesScanned}}",
    "l10n.scanGameProgress": "Počet nájdených hier alebo aplikácií: {{numGamesScanned}}",
    "l10n.noGamesFound": "Nenašli sa žiadne hry alebo aplikácie",
    "l10n.zeroGamesFound": "Počet nájdených hier a aplikácií: 0",
    "l10n.nonOptimizeProgress": "Počet neoptimalizovaných hier a aplikácií: {{numGamesNotOptimized}}",
    "l10n.unhandledexception": "Nespracovaná výnimka",
    "l10n.sendfeedback": "Poslať spätnú väzbu",
    "l10n.alphabetical": "Podľa abecedy",
    "l10n.details": "Detaily",
    "l10n.share": "prekrytie v hre",
    "l10n.close": "Zavrieť",
    "l10n.second": "sekunda",
    "l10n.seconds": "s",
    "l10n.minute": "minúta",
    "l10n.minutes": "min",
    "l10n.hour": "hodina",
    "l10n.hours": "h",
    "l10n.day": "deň",
    "l10n.days": "d.",
    "l10n.month": "mesiac",
    "l10n.months": "m.",
    "l10n.year": "rok",
    "l10n.years": "r.",
    "l10n.week": "týždeň",
    "l10n.weeks": "týž.",
    "l10n.edit": "Upraviť",
    "l10n.detail": "Detaily",
    "l10n.genre.other": "Iné",
    "l10n.genre.actionAdventure": "Akčná adventúra",
    "l10n.genre.action": "Akcia",
    "l10n.genre.adventure": "Adventúra",
    "l10n.genre.arcade": "Arkáda",
    "l10n.genre.family": "Rodinná hra",
    "l10n.genre.fps": "Strelec z pohľadu prvej osoby",
    "l10n.genre.puzzle": "Puzzle",
    "l10n.genre.racing": "Pretekárska hra",
    "l10n.genre.rolePlaying": "Rolová hra",
    "l10n.genre.actionRPG": "Akčná RPG",
    "l10n.genre.actionMMO": "Akčná MMO hra",
    "l10n.genre.mmorpg": "MMO RPG",
    "l10n.genre.rts": "Stratégia v reálnom čase",
    "l10n.pause": "Pozastaviť",
    "l10n.volume": "Hlasitosť",
    "l10n.fullscreen": "Na celú obrazovku",
    "l10n.mediaerror.aborted": "Prehrávanie bolo prerušené",
    "l10n.mediaerror.network": "Preberá sa chyba",
    "l10n.mediaerror.decode": "Dekóduje sa chyba",
    "l10n.mediaerror.notsupported": "Typ videa nie je podporovaný",
    "l10n.mediaerror.generic": "Prehrávanie nie je možné",
    "l10n.allSet": "Všetko je nastavené",
    "l10n.shield": "shield",
    "l10n.hr": "{{value}} h",
    "l10n.hrs": "{{value}} h",
    "l10n.aboutHrs": "Približne {{value}} h",
    "l10n.mins": "{{value}} min",
    "l10n.min": "{{value}} min",
    "l10n.secs": "{{value}} s",
    "l10n.sec": "{{value}} s",
    "l10n.byte": "{{value}} B",
    "l10n.bytes": "{{value}} B",
    "l10n.mb": "{{value}} MB",
    "l10n.kb": "{{value}} kB",
    "l10n.gb": "{{value}} GB",
    "l10n.tb": "{{value}} TB",
    "l10n.send": "Odoslať",
    "l10n.feedbackCategory": "Kategória odozvy",
    "l10n.subCategory": "Podkategória",
    "l10n.emailOptional": "E-mail (voliteľné)",
    "l10n.drivers": "Ovládače",
    "l10n.downloadDriver": "Nepodarilo sa stiahnuť odporúčaný ovládač",
    "l10n.installDriver": "Nepodarilo sa nainštalovať odporúčaný ovládač",
    "l10n.checkUpdate": "Nepodarilo sa zistiť dostupnosť aktualizácií",
    "l10n.checkTimeLong": "Zisťovanie dostupnosti aktualizácií trvá príliš dlho",
    "l10n.downloadTimeLong": "Sťahovanie ovládača trvá príliš dlho",
    "l10n.installTimeLong": "Inštalácia ovládača trvá príliš dlho",
    "l10n.driverIssue": "Popíšte nám problém s grafickým ovládačom",
    "l10n.others": "Iné",
    "l10n.installIssue": "Nahláste problém s inštaláciou programu GeForce Experience",
    "l10n.updateIssue": "Nahláste problém s aktualizáciou programu GeForce Experience",
    "l10n.translateIssue": "Nahláste nesprávny alebo chýbajúci preklad",
    "l10n.geforceIssue": "Nahláste problém s programom GeForce Experience",
    "l10n.shareIssue": "Nahlásiť problém so zdieľaním vášho hrania hry",
    "l10n.ledIssue": "Nahlásiť problém so službou LED Visualizer",
    "l10n.whatLike": "Dajte nám vedieť, čo sa vám páči na programe GeForce Experience",
    "l10n.suggestion": "Navrhnite vylepšenie programu GeForce Experience",
    "l10n.gameDetectionAndSupport": "Zisťovanie a podpora hier alebo aplikácií",
    "l10n.gameNotFoundSupported": "Nenašla sa podporovaná hra alebo aplikácia",
    "l10n.gameWrongDetection": "Hra alebo aplikácia bola nesprávne zistená alebo nie je nainštalovaná",
    "l10n.gameDuplicateDetection": "Našli sa duplicitné kópie tej istej hry alebo aplikácie",
    "l10n.gameLaunchFail": "Nepodarilo sa spustiť hru alebo aplikáciu",
    "l10n.gameCurrentSettingsNotAvailable": "Nenašli sa aktuálne nastavenia hry alebo aplikácie",
    "l10n.gameTooLongScan": "Hľadanie hier a aplikácií trvá príliš dlho",
    "l10n.gameSupportSuggestion": "Navrhnite hru alebo aplikáciu, ktorú by sme mali podporovať",
    "l10n.ops": "Optimálne nastavenia",
    "l10n.opsMissing": "Odporúčania chýbajú",
    "l10n.opsLowImageQuality": "Kvalita obrázka je príliš nízka",
    "l10n.opsLowPerformance": "Počet snímok za sekundu je príliš nízky",
    "l10n.opsRemoved": "Odporúčania boli odstránené",
    "l10n.opsSuggestion": "Navrhnite vylepšenie optimálnych nastavení",
    "l10n.shareInstantReplay": "Dajte nám vedieť o svojich skúsenostiach s používaním funkcie Okamžité opakované prehrávanie",
    "l10n.shareRecord": "Dajte nám vedieť o svojich skúsenostiach s používaním funkcie Nahrávanie",
    "l10n.shareStream": "Dajte nám vedieť o svojich skúsenostiach s používaním funkcie Stream",
    "l10n.shareBroadcast": "Dajte nám vedieť o svojich skúsenostiach s používaním funkcie Vysielanie",
    "l10n.shareImprovement": "Navrhnúť možnosť, ako vylepšiť zdieľanie vášho hrania hry",
    "l10n.gameStream": "GameStream",
    "l10n.gameStreamGameIssue": "Nahlásiť problém pri mnou pridaných hrách a aplikáciách",
    "l10n.gameStreamPairing": "Zariadenia SHIELD nie je možné spárovať s týmto počítačom",
    "l10n.gameStreamInternet": "Nie je možné streamovať na internete",
    "l10n.gameStreamGameLaunch": "Hru alebo aplikáciu nie je možné spustiť",
    "l10n.gameStreamController": "Nefunguje ovládač",
    "l10n.gameStreamSuggestion": "Navrhnúť vylepšenie technológie GameStream",
    "l10n.feedbackDisableMessage": "Vaša odozva je pre nás dôležitá. Prejdite do časti Nastavenia > Všeobecné a povedzte nám, čo si myslíte.",
    "l10n.feedbackThanksMessage": "Ďakujeme za vašu odozvu. Pozrieme sa na to.",
    "l10n.affectedGame": "Ovplyvnená hra alebo aplikácia",
    "l10n.location": "Miesto",
    "l10n.affectedGames": "Ovplyvnené hry a aplikácie",
    "l10n.noInformationAvailable": "Informácie nie sú k dispozícii!",
    "l10n.invalidYear": "Zadajte rok v štvormiestnom formáte",
    "l10n.invalidDate": "Zadajte platný dátum narodenia",
    "l10n.higherPerformance": "Vyšší výkon",
    "l10n.longerBatteryLife": "Dlhá životnosť batérie",
    "l10n.youAreOffline": "Ste offline. Pripojte sa k sieti a skúste to znova.",
    "l10n.unableToFetchVideo": "Nepodarilo sa načítať video. Chvíľu počkajte a skúste to znova.",
    "l10n.launchingShareToast": "Pripravuje sa zdieľanie vášho hrania hry...",
    "l10n.openShareFailure": "Nepodarilo sa otvoriť zdieľanie.",
    "l10n.somethingWrong": "Vyskytla sa chyba.",
    "l10n.errorRestartApplication": "Skúste reštartovať GeForce Experience.",
    "l10n.errorRestartPC": "Skúste reštartovať počítač a potom spustite GeForce Experience.",
    "l10n.errorCode": "KÓD CHYBY:",
    "l10n.pageCouldNotBeLoaded": "Stránku sa nepodarilo načítať. Skontrolujte internetové pripojenie a skúste to znova.",
    "l10n.retry": "Skúsiť znova",
    "l10n.learnMore": "Ďalšie informácie",
    "l10n.virtualReality": "Virtuálna realita",
    "l10n.tellAboutExperience": "Dajte nám vedieť o svojich skúsenostiach",
    "l10n.suggestVirtualRealityImprovement": "Navrhnite vylepšenie funkcie Virtuálna realita",
    "l10n.tellAboutVirtualRealityIssue": "Popíšte nám problém s funkciou Virtuálna realita",
    "l10n.shareBeta": "Zdieľanie (Beta)",
    "l10n.restart": "Reštartovať",
    "l10n.doesNotMeetSpecVR": "Nespĺňa kritéria odporúčanej špecifikácie pre hry s virtuálnou realitou",
    "l10n.recommendedSpecVR": "Odporúčaná špecifikácia pre hry s virtuálnou realitou",
    "l10n.shareShortcut": "Alt + Z",
    "l10n.featureEnabled": "Funkcia {{featureName}} je povolená",
    "l10n.updateNow": "Aktualizovať",
    "l10n.shareNotReady": "Prekrytie v hre nie je pripravené",
    "l10n.featureErrorMessage": "Skúste reštartovať systém, alebo znovu nainštalovať GeForce Experience. Pokiaľ to nebude fungovať, počkajte na aktualizáciu opravy pre túto aplikáciu.",
    "l10n.gotItText": "Mám to",
    "l10n.gameStreamNotReady": "GameStream nie je pripravené",
    "l10n.loading": "Načítava sa...",
    "l10n.openGfeInGame": "Otvoriť prekrytie v hre",
    "l10n.joinWeChat": "Pridajte sa do klubu {{clubName}} v aplikácii WeChat!",
    "l10n.scanNvidiaNewsWeChatQrCode": "Ak chcete získať najnovšie informácie o spoločnosti NVIDIA, naskenujte QR kód",
    "l10n.recentSearches": "Najnovšie hľadania",
    "l10n.noResultsAvailable": "Nenašli sa žiadne výsledky zodpovedajúce vášmu dotazu.",
    "l10n.nextTip": "Ďalší tip",
    "l10n.achievements": "Výsledky",
    "l10n.noResults": "Nenašli sa žiadne výsledky",
    "l10n.noResultsSearchMessage": "Skúste vyhľadávanie pomocou iných kľúčových slov",
    "l10n.myProfile": "Môj profil (PILOT)",
    "l10n.later": "Neskôr",
    "l10n.updateDriver": "Aktualizovať ovládač",
    "l10n.driverUpdateRequired": "Vyžaduje sa aktualizácia ovládača",
    "l10n.criticalUpdateForFeaturesOne": "Dôležitá aktualizácia funkcie {{featureOne}}",
    "l10n.criticalUpdateForFeaturesTwo": "Dôležitá aktualizácia funkcií {{featureOne}} a {{featureTwo}}",
    "l10n.criticalUpdateForFeaturesThree": "Dôležitá aktualizácia funkcií {{featureOne}}, {{featureTwo}} a {{featureThree}}",
    "l10n.criticalUpdateForFeaturesFour": "Dôležitá aktualizácia funkcií {{featureOne}}, {{featureTwo}}, {{featureThree}} a {{featureFour}}",
    "l10n.criticalUpdateForFeaturesFive": "Dôležitá aktualizácia funkcií {{featureOne}}, {{featureTwo}}, {{featureThree}}, {{featureFour}} a {{featureFive}}",
    "l10n.criticalUpdateForFeaturesSix": "Dôležitá aktualizácia funkcií {{featureOne}}, {{featureTwo}}, {{featureThree}}, {{featureFour}}, {{featureFive}} a {{featureSix}}",
    "l10n.launchYourGames": "Spustite si hry a aplikácie alebo upravte optimálne nastavenia.",
    "l10n.getTheLatestGrds": "Získajte najnovšie ovládače Game Ready alebo Studio do svojich hier a aplikácií.",
    "l10n.accessTheIgo": "Získajte prístup k prekrytiu v hre, aby ste mohli nahrávať a zdieľať videá, snímky obrazovky a streamy naživo.",
    "l10n.joinTheCommunity": "Pripojte sa ku komunite a získavajte odmeny.",
    "l10n.accessClientSettings": "Získajte prístup k nastaveniam klienta, uplatňujte si kupóny a povoľte technológiu GameStream",
    "l10n.unableToSendFeedback": "Spätnú väzbu sa nepodarilo odoslať. Skúste to znova o chvíľu.",
    "l10n.includeTechnicalData": "Aby sme vaše komentáre mohli ľahšie skontrolovať, automaticky zahrnieme aj technické údaje, napríklad informácie o systéme počítača či denníky chýb.",
    "l10n.configureOptions": "Nakonfigurujte možnosti, ako sú nastavenia prekrývania, experimentálne funkcie a GameStream.",
    "l10n.redeemCodesAndRewards": "Využite kódy a odmeny",
    "l10n.privacyPolicy": "Zásady ochrany osobných údajov spoločnosti NVIDIA",
    "l10n.ctaStartCountdown": "Začína sa o {{countdown}}",
    "l10n.ctaEndCountdown": "Končí sa o {{countdown}}",
    "l10n.ctaEnded": "Ukončené",
    "l10n.connectionSecure": "Pripojenie k poskytovateľovi {{provider}} je zabezpečené",
    "l10n.informationSecure": "Vaše informácie ako meno používateľa a heslo sú zabezpečené, keď sa odošlú na lokalitu.",
    "l10n.viewCertificate": "Zobraziť certifikát",
    "l10n.anselPhotoMode": "Režim fotografie Ansel",
    "l10n.freestyle": "Herné filtre voľného štýlu.",
    "l10n.shadowplayRecords": "Nahrávanie ShadowPlay a Okamžité opakované prehrávanie",
    "l10n.openForDiscussion": "Áno, ak má spoločnosť NVIDIA ďalšie otázky, môže ma kontaktovať.",
    "l10n.nvidiaGfeTitle": "NVIDIA GeForce Experience",
    "l10n.gfePartnerInfoDescription": "NVIDIA GeForce Experience používa rozhrania API služby YouTube, ktoré sa riadia nasledujúcimi podmienkami používania a zásadami ochrany osobných údajov:",
    "l10n.gfeYouTubeTOS": "Podmienky používania služby YouTube",
    "l10n.gfeGoogleSecuritySettings": "Nastavenia zabezpečenia spoločnosti Google",
    "l10n.gfeGooglePrivacyPolicy": "Zásady ochrany osobných údajov spoločnosti Google",
    "l10n.gfePartnerPrivacyPolicy": "Ochrana osobných údajov partnerov a podmienky používania služby"
}
