{
    "l10n.home": "Domača stran",
    "l10n.gfn": "GeForce NOW",
    "l10n.gallery": "Galerija",
    "l10n.gameroom": "Igralnica",
    "l10n.news": "Novice",
    "l10n.search": "Iskanje",
    "l10n.notifications": "Obvestila",
    "l10n.updates": "Posodobitve",
    "l10n.settings": "Nastavitve",
    "l10n.debug": "Iskanje napak",
    "l10n.preferences": "Preference",
    "l10n.screenshots": "Posnetek zaslona",
    "l10n.username": "Uporabniško ime",
    "l10n.account": "Račun",
    "l10n.logOut": "Odjava",
    "l10n.cancel": "Prekliči",
    "l10n.continue": "Nadaljuj",
    "l10n.submit": "Oddaj",
    "l10n.back": "Nazaj",
    "l10n.alt.nvidiaLogo": "NVIDIA logotip",
    "l10n.optimize": "Optimiziraj",
    "l10n.all": "Vsi",
    "l10n.more": "Več",
    "l10n.moreDots": "Več...",
    "l10n.sort": "Razvrsti",
    "l10n.filter": "Filter",
    "l10n.done": "Opravljeno",
    "l10n.skip": "Preskoči",
    "l10n.or": "Ali",
    "l10n.gamesOptimized": "{{numGamesOptimized}} iger in aplikacij je optimiziranih",
    "l10n.scanGamesProgress": "{{numGamesScanned}} iger in aplikacij najdenih",
    "l10n.scanGameProgress": "{{numGamesScanned}} iger ali aplikacij najdenih",
    "l10n.noGamesFound": "Nobene igre ali aplikacije niso bile najdene",
    "l10n.zeroGamesFound": "0 iger in aplikacij ni bilo najdenih",
    "l10n.nonOptimizeProgress": "{{numGamesNotOptimized}} igre in aplikacije niso optimizirane",
    "l10n.unhandledexception": "Neobravnavana izjema",
    "l10n.sendfeedback": "Pošlji povratne informacije",
    "l10n.alphabetical": "Po abecedi",
    "l10n.details": "Podrobnosti",
    "l10n.share": "prekrivanje v igri",
    "l10n.close": "Zapri",
    "l10n.second": "sekund",
    "l10n.seconds": "sekund",
    "l10n.minute": "minuta",
    "l10n.minutes": "minut/i/e",
    "l10n.hour": "ura",
    "l10n.hours": "ur/i/e",
    "l10n.day": "dan",
    "l10n.days": "dni",
    "l10n.month": "mesec",
    "l10n.months": "mesecev",
    "l10n.year": "leto",
    "l10n.years": "let",
    "l10n.week": "teden",
    "l10n.weeks": "tednov",
    "l10n.edit": "Uredi",
    "l10n.detail": "Podrobnost",
    "l10n.genre.other": "Drugo",
    "l10n.genre.actionAdventure": "Akcijska pustolovščina",
    "l10n.genre.action": "Dejanje",
    "l10n.genre.adventure": "Pustolovščina",
    "l10n.genre.arcade": "Arkadna igra",
    "l10n.genre.family": "Družina",
    "l10n.genre.fps": "Prvoosebna strelska videoigra (FPS)",
    "l10n.genre.puzzle": "Sestavljalnica",
    "l10n.genre.racing": "Dirkanje",
    "l10n.genre.rolePlaying": "Igranje vlog",
    "l10n.genre.actionRPG": "Igra z akcijskim igranjem vlog",
    "l10n.genre.actionMMO": "Akcijski MMO",
    "l10n.genre.mmorpg": "MMO RPG",
    "l10n.genre.rts": "Strategija v realnem času",
    "l10n.pause": "Premor",
    "l10n.volume": "Glasnost",
    "l10n.fullscreen": "Celoten zaslon",
    "l10n.mediaerror.aborted": "Predvajanje prekinjeno",
    "l10n.mediaerror.network": "Napaka pri prenosu",
    "l10n.mediaerror.decode": "Napaka dekodiranja",
    "l10n.mediaerror.notsupported": "Vrsta videa ni podprta",
    "l10n.mediaerror.generic": "Ni mogoče predvajati",
    "l10n.allSet": "Vse je urejeno",
    "l10n.shield": "shield",
    "l10n.hr": "{{value}} ura",
    "l10n.hrs": "{{value}} ur",
    "l10n.aboutHrs": "Približno {{value}} ur",
    "l10n.mins": "{{value}} minut",
    "l10n.min": "{{value}} minuta",
    "l10n.secs": "{{value}} sekund",
    "l10n.sec": "{{value}} sekunda",
    "l10n.byte": "{{value}} bajt",
    "l10n.bytes": "{{value}} bajtov",
    "l10n.mb": "{{value}} MB",
    "l10n.kb": "{{value}} KB",
    "l10n.gb": "{{value}} GB",
    "l10n.tb": "{{value}} TB",
    "l10n.send": "Pošlji",
    "l10n.feedbackCategory": "Kategorija za povratne informacije",
    "l10n.subCategory": "Podkategorija",
    "l10n.emailOptional": "E-poštni naslov (neobvezno)",
    "l10n.drivers": "Gonilniki",
    "l10n.downloadDriver": "Ni mogoče prenesti priporočenega gonilnika",
    "l10n.installDriver": "Ni mogoče namestiti priporočenega gonilnika",
    "l10n.checkUpdate": "Ni mogoče preveriti, če obstajajo posodobitve",
    "l10n.checkTimeLong": "Preverjanje za posodobitve traja predolgo",
    "l10n.downloadTimeLong": "Prenos gonilnika traja predolgo",
    "l10n.installTimeLong": "Namestitev gonilnika traja predolgo",
    "l10n.driverIssue": "Povejte nam o zadevi z grafičnim gonilnikom",
    "l10n.others": "Drugi",
    "l10n.installIssue": "Poročajte o zadevi z nameščanjem GeForce Experience",
    "l10n.updateIssue": "Poročajte o zadevi s posodabljanjem GeForce Experience",
    "l10n.translateIssue": "Poročajte o nepravilnem ali manjkajočem prevodu",
    "l10n.geforceIssue": "Poročajte o zadevi z GeForce Experience",
    "l10n.shareIssue": "Poročajte o težavi pri deljenju vaše igre",
    "l10n.ledIssue": "Poročajte o zadevi z LED Visualizer",
    "l10n.whatLike": "Povejte nam, kaj vam je všeč pri GeForce Experience",
    "l10n.suggestion": "Priporočite izboljšavo za GeForce Experience",
    "l10n.gameDetectionAndSupport": "Zaznavanje in podpora za igre ali aplikacije",
    "l10n.gameNotFoundSupported": "Podprte igre ali aplikacije ni bilo mogoče najti",
    "l10n.gameWrongDetection": "Igra ali aplikacija ni bila pravilno zaznana ali pa ni nameščena",
    "l10n.gameDuplicateDetection": "Najdeni so bili dvojniki iste igre ali aplikacije",
    "l10n.gameLaunchFail": "Ni mogoče zagnati igre ali aplikacije",
    "l10n.gameCurrentSettingsNotAvailable": "Trenutnih nastavitev za igro ali aplikacijo ni bilo mogoče najti",
    "l10n.gameTooLongScan": "Iskanje iger in aplikacij traja predolgo",
    "l10n.gameSupportSuggestion": "Predlagajte igro ali aplikacijo, ki naj bi jo podpirali",
    "l10n.ops": "Optimalne nastavitve",
    "l10n.opsMissing": "Priporočila manjkajo",
    "l10n.opsLowImageQuality": "Kakovost slike je preslaba",
    "l10n.opsLowPerformance": "Število okvirov na sekundo je prenizko",
    "l10n.opsRemoved": "Priporočila so bila odstranjena",
    "l10n.opsSuggestion": "Predlagajte izboljšanje za optimalne nastavitve",
    "l10n.shareInstantReplay": "Povejte nam o svoji izkušnji z uporabo neposredne ponovitve predvajanja",
    "l10n.shareRecord": "Povejte nam o svoji izkušnji z uporabo snemanja",
    "l10n.shareStream": "Povejte nam o svoji izkušnji z uporabo predvajanja",
    "l10n.shareBroadcast": "Povejte nam o svoji izkušnji z uporabo oddajanja",
    "l10n.shareImprovement": "Predlagajte načine za izboljšanje deljenja vaše igre",
    "l10n.gameStream": "GameStream",
    "l10n.gameStreamGameIssue": "Poročanje o zadevi pri igrah in aplikacijah, ki sem jih dodal",
    "l10n.gameStreamPairing": "Ni mogoče vzpostaviti povezave med napravami SHIELD in tem računalnikom",
    "l10n.gameStreamInternet": "Ni se mogoče predvajati na spletu",
    "l10n.gameStreamGameLaunch": "Igra ali aplikacija se ne zažene",
    "l10n.gameStreamController": "Krmilnik ne dela",
    "l10n.gameStreamSuggestion": "Predlagajte izboljšavo za GameStream",
    "l10n.feedbackDisableMessage": "Vaše povratne informacije so pomembne za nas. Pojdite na Nastavitve > Splošno, da nam poveste svoje mnenje.",
    "l10n.feedbackThanksMessage": "Hvala za povratne informacije. Proučujemo jih.",
    "l10n.affectedGame": "Prizadeta igra ali aplikacija",
    "l10n.location": "Položaj",
    "l10n.affectedGames": "Prizadete igre in aplikacije",
    "l10n.noInformationAvailable": "Informacije niso na voljo!",
    "l10n.invalidYear": "Prosimo, vnesite štirimestno leto",
    "l10n.invalidDate": "Vnesite veljaven datum rojstva",
    "l10n.higherPerformance": "Visoka zmogljivost",
    "l10n.longerBatteryLife": "Dolga življenjska doba baterije",
    "l10n.youAreOffline": "Niste povezani. Povežite se z omrežjem in poizkusite znova.",
    "l10n.unableToFetchVideo": "Ni mogoče pridobiti videa. Prosimo, poizkusite znova čez nekaj časa.",
    "l10n.launchingShareToast": "Priprava na deljenje vaše igre...",
    "l10n.openShareFailure": "Ni mogoče odpreti Souporabe.",
    "l10n.somethingWrong": "Nekaj je šlo narobe.",
    "l10n.errorRestartApplication": "Poizkusite ponovno zagnati GeForce Experience.",
    "l10n.errorRestartPC": "Poizkusite ponovno zagnati svoj računalnik in nato zaženite GeForce Experience.",
    "l10n.errorCode": "KODA NAPAKE:",
    "l10n.pageCouldNotBeLoaded": "Strani ni bilo mogoče naložiti. Preverite svojo internetno povezavo in poizkusite znova.",
    "l10n.retry": "Poizkusite znova",
    "l10n.learnMore": "Izvedite več",
    "l10n.virtualReality": "Navidezna resničnost",
    "l10n.tellAboutExperience": "Povejte nam o svoji izkušnji",
    "l10n.suggestVirtualRealityImprovement": "Priporočite izboljšavo za navidezno resničnost",
    "l10n.tellAboutVirtualRealityIssue": "Povejte nam o zadevi z navidezno resničnostjo",
    "l10n.shareBeta": "Souporaba (Beta)",
    "l10n.restart": "Ponovno zaženi",
    "l10n.doesNotMeetSpecVR": "Ne izpolnjuje priporočenih specifikacij za igranje v navidezni resničnosti",
    "l10n.recommendedSpecVR": "Priporočene specifikacije za igranje v navidezni resničnosti",
    "l10n.shareShortcut": "Alt + Z",
    "l10n.featureEnabled": "{{featureName}} je omogočen",
    "l10n.updateNow": "Posodobi zdaj",
    "l10n.shareNotReady": "Prekrivanje v igri ni pripravljeno",
    "l10n.featureErrorMessage": "Poizkusite ponovno zagnati svoj sistem ali ponovno namestiti GeForce Experience. Če to ne bo delovalo, počakajte na posodobitev popravka aplikacije.",
    "l10n.gotItText": "Razumem",
    "l10n.gameStreamNotReady": "GameStream ni pripravljen",
    "l10n.loading": "Nalaganje v teku ...",
    "l10n.openGfeInGame": "Odprto prekrivanje v igri",
    "l10n.joinWeChat": "Pridruži se {{clubName}} v WeChat",
    "l10n.scanNvidiaNewsWeChatQrCode": "Optično preberite QR kodo, da dobite zadnje NVIDIA novice",
    "l10n.recentSearches": "Nedavna iskanja",
    "l10n.noResultsAvailable": "Nobenih rezultatov ni, ki bi ustrezali vaši poizvedbi.",
    "l10n.nextTip": "Naslednji nasvet",
    "l10n.achievements": "Dosežki",
    "l10n.noResults": "Ni rezultatov",
    "l10n.noResultsSearchMessage": "Poizkusite iskati z drugimi ključnimi besedami",
    "l10n.myProfile": "Moj profil (PILOT)",
    "l10n.later": "Kasneje",
    "l10n.updateDriver": "Posodobite gonilnik",
    "l10n.driverUpdateRequired": "Posodobitev gonilnika potrebna",
    "l10n.criticalUpdateForFeaturesOne": "Kritična posodobitev za {{featureOne}}",
    "l10n.criticalUpdateForFeaturesTwo": "Kritična posodobitev za {{featureOne}} in {{featureTwo}}",
    "l10n.criticalUpdateForFeaturesThree": "Kritična posodobitev za {{featureOne}}, {{featureTwo}} in {{featureThree}}",
    "l10n.criticalUpdateForFeaturesFour": "Kritična posodobitev za {{featureOne}}, {{featureTwo}}, {{featureThree}} in {{featureFour}}",
    "l10n.criticalUpdateForFeaturesFive": "Kritična posodobitev za {{featureOne}}, {{featureTwo}}, {{featureThree}}, {{featureFour}} in {{featureFive}}",
    "l10n.criticalUpdateForFeaturesSix": "Kritična posodobitev za {{featureOne}}, {{featureTwo}}, {{featureThree}}, {{featureFour}}, {{featureFive}} in {{featureSix}}",
    "l10n.launchYourGames": "Zaženite svoje igre in aplikacije ali uredite svoje optimalne nastavitve.",
    "l10n.getTheLatestGrds": "Pridobite zadnje za igre ali za studio pripravljene gonilnike za svoje igre in aplikacije.",
    "l10n.accessTheIgo": "Dostopite do prekrivanja v igri, da posnamete in delite videe, posnetke zaslona in predvajanje v živo.",
    "l10n.joinTheCommunity": "Pridružite se skupnosti in zaslužite nagrade.",
    "l10n.accessClientSettings": "Dostopite do nastavitev odjemalcev, prevzema kuponov in omogočite GameStream",
    "l10n.unableToSendFeedback": "Ni mogoče poslati povratnih informacij. Poskusite še enkrat čez nekaj časa.",
    "l10n.includeTechnicalData": "Za pomoč pri pregledovanju vaših pripomb bomo avtomatsko vključili tehnične podatke, kot so informacije o sistemu računalnika in dnevnike napak.",
    "l10n.configureOptions": "Konfigurirajte možnosti kot so Nastavitve za prekrivanje, eksperimentalne funkcije in GameStream.",
    "l10n.redeemCodesAndRewards": "Prevzemite kode in nagrade",
    "l10n.privacyPolicy": "Pravilnik o zasebnosti NVIDIA",
    "l10n.ctaStartCountdown": "Začne se: {{countdown}}",
    "l10n.ctaEndCountdown": "Poteče: {{countdown}}",
    "l10n.ctaEnded": "Poteklo",
    "l10n.connectionSecure": "Povezava z {{provider}} je varna",
    "l10n.informationSecure": "Vaši podatki, kot so uporabniško ime in gesla, so varni, ko jih pošljete k spletnemu mestu.",
    "l10n.viewCertificate": "Ogled certifikata",
    "l10n.anselPhotoMode": "Fotografski način Ansel",
    "l10n.freestyle": "Filtri za igro Freestyle",
    "l10n.shadowplayRecords": "Snemaj in neposredna ponovitev predvajanja ShadowPlay",
    "l10n.openForDiscussion": "Da, lahko me kontaktirate, če ima NVIDIA dodatna vprašanja.",
    "l10n.nvidiaGfeTitle": "NVIDIA GeForce Experience",
    "l10n.gfePartnerInfoDescription": "NVIDIA GeForce Experience uporablja YouTube API Services, ki so določeni z naslednjimi pogoji uporabe in pravilniki o zasebnosti:",
    "l10n.gfeYouTubeTOS": "Pogoji uporabe YouTube",
    "l10n.gfeGoogleSecuritySettings": "Varnostne nastavitve Google",
    "l10n.gfeGooglePrivacyPolicy": "Pravilnik o zasebnosti Google",
    "l10n.gfePartnerPrivacyPolicy": "Partnerjev Pravilnik o zasebnosti in Pogoji uporabe"
}
