{
    "l10n.home": "Hem",
    "l10n.gfn": "GeForce NOW",
    "l10n.gallery": "Galleri",
    "l10n.gameroom": "Spelrum",
    "l10n.news": "Nyheter",
    "l10n.search": "Sök",
    "l10n.notifications": "Meddelanden",
    "l10n.updates": "Uppdateringar",
    "l10n.settings": "Inställningar",
    "l10n.debug": "Avlusa",
    "l10n.preferences": "Inställningar",
    "l10n.screenshots": "Skärmbilder",
    "l10n.username": "Användarnamn",
    "l10n.account": "Konto",
    "l10n.logOut": "Logga ut",
    "l10n.cancel": "Avbryt",
    "l10n.continue": "Fortsätt",
    "l10n.submit": "Skicka",
    "l10n.back": "Bakåt",
    "l10n.alt.nvidiaLogo": "NVIDIA-logotyp",
    "l10n.optimize": "Optimera",
    "l10n.all": "Alla",
    "l10n.more": "Hög",
    "l10n.moreDots": "Fler...",
    "l10n.sort": "Sortera",
    "l10n.filter": "Filter",
    "l10n.done": "Klar",
    "l10n.skip": "Hoppa över",
    "l10n.or": "eller",
    "l10n.gamesOptimized": "{{numGamesOptimized}} spel och program är optimerade",
    "l10n.scanGamesProgress": "{{numGamesScanned}} spel och program hittades",
    "l10n.scanGameProgress": "{{numGamesScanned}} spel eller program hittades",
    "l10n.noGamesFound": "Inga spel eller program hittades",
    "l10n.zeroGamesFound": "0 spel och program hittades",
    "l10n.nonOptimizeProgress": "{{numGamesNotOptimized}} spel och program är inte optimerade",
    "l10n.unhandledexception": "Fel som inte hanteras",
    "l10n.sendfeedback": "Skicka feedback",
    "l10n.alphabetical": "Alfabetiskt",
    "l10n.details": "Detaljer",
    "l10n.share": "överlagring i spelet",
    "l10n.close": "Stäng",
    "l10n.second": "sekund",
    "l10n.seconds": "sekunder",
    "l10n.minute": "minut",
    "l10n.minutes": "minuter",
    "l10n.hour": "timma",
    "l10n.hours": "timmar",
    "l10n.day": "dag",
    "l10n.days": "dagar",
    "l10n.month": "månad",
    "l10n.months": "månader",
    "l10n.year": "år",
    "l10n.years": "år",
    "l10n.week": "vecka",
    "l10n.weeks": "veckor",
    "l10n.edit": "Redigera",
    "l10n.detail": "Detaljer",
    "l10n.genre.other": "Annat",
    "l10n.genre.actionAdventure": "Actionäventyr",
    "l10n.genre.action": "Åtgärd",
    "l10n.genre.adventure": "Äventyr",
    "l10n.genre.arcade": "Arkadspel",
    "l10n.genre.family": "Familj",
    "l10n.genre.fps": "Förstapersons skjutspel",
    "l10n.genre.puzzle": "Pussel",
    "l10n.genre.racing": "Racer",
    "l10n.genre.rolePlaying": "Rollspel",
    "l10n.genre.actionRPG": "Actionrollspel",
    "l10n.genre.actionMMO": "Actionrollspel för flera användare",
    "l10n.genre.mmorpg": "Rollspel för flera användare",
    "l10n.genre.rts": "Strategi i realtid",
    "l10n.pause": "Paus",
    "l10n.volume": "Volym",
    "l10n.fullscreen": "Helskärm",
    "l10n.mediaerror.aborted": "Uppspelning avbröts",
    "l10n.mediaerror.network": "Laddar ned fel",
    "l10n.mediaerror.decode": "Avkodar fel",
    "l10n.mediaerror.notsupported": "Videotypen stöds inte",
    "l10n.mediaerror.generic": "Det går inte att spela upp",
    "l10n.allSet": "Nu är det klart",
    "l10n.shield": "shield",
    "l10n.hr": "{{value}} tim",
    "l10n.hrs": "{{value}} tim",
    "l10n.aboutHrs": "C:a {{value}} tim",
    "l10n.mins": "{{value}} min",
    "l10n.min": "{{value}} min",
    "l10n.secs": "{{value}} sek",
    "l10n.sec": "{{value}} sek",
    "l10n.byte": "{{value}} byte",
    "l10n.bytes": "{{value}} byte",
    "l10n.mb": "{{value}} MB",
    "l10n.kb": "{{value}} kB",
    "l10n.gb": "{{value}} GB",
    "l10n.tb": "{{value}} TB",
    "l10n.send": "Skicka",
    "l10n.feedbackCategory": "Typ av feedback",
    "l10n.subCategory": "Underkategori",
    "l10n.emailOptional": "E-postadress (valfritt):",
    "l10n.drivers": "Drivrutiner",
    "l10n.downloadDriver": "Det gick inte att hämta den rekommenderade drivrutinen",
    "l10n.installDriver": "Det gick inte att installera den rekommenderade drivrutinen",
    "l10n.checkUpdate": "Det gick inte att söka efter uppdateringar",
    "l10n.checkTimeLong": "Det tar för lång tid att söka efter uppdateringar",
    "l10n.downloadTimeLong": "Det tar för lång tid att hämta drivrutinen",
    "l10n.installTimeLong": "Det tar för lång tid att installera drivrutinen",
    "l10n.driverIssue": "Berätta om ett problem med grafikdrivrutinen",
    "l10n.others": "Övrigt",
    "l10n.installIssue": "Rapportera ett problem med installation av GeForce Experience",
    "l10n.updateIssue": "Rapportera ett problem med uppdatering av GeForce Experience",
    "l10n.translateIssue": "Rapportera en saknad eller felaktig översättning",
    "l10n.geforceIssue": "Rapportera ett problem med GeForce Experience",
    "l10n.shareIssue": "Rapportera ett problem med delning av ditt spelande",
    "l10n.ledIssue": "Rapportera ett problem med LED Visualizer",
    "l10n.whatLike": "Tala om vad du gillar med GeForce Experience",
    "l10n.suggestion": "Föreslå en förbättring för GeForce Experience",
    "l10n.gameDetectionAndSupport": "Spel- eller programdetektering och support",
    "l10n.gameNotFoundSupported": "Ett spel eller ett program som stöds gick inte att hitta",
    "l10n.gameWrongDetection": "Ett spel eller program upptäcktes felaktigt eller är inte installerat",
    "l10n.gameDuplicateDetection": "Flera exemplar av samma spel eller program påträffades",
    "l10n.gameLaunchFail": "Det går inte att starta spelet eller programmet",
    "l10n.gameCurrentSettingsNotAvailable": "Det gick inte att hitta nuvarande spel- eller programinställningar",
    "l10n.gameTooLongScan": "Sökningen efter spel och program tar för lång tid ...",
    "l10n.gameSupportSuggestion": "Föreslå ett spel eller ett program som du vill att vi ska ha stöd för",
    "l10n.ops": "Optimala inställningar",
    "l10n.opsMissing": "Rekommendationer saknas",
    "l10n.opsLowImageQuality": "Bildkvaliteten är för låg",
    "l10n.opsLowPerformance": "Antalet bilder per sekund är för lågt",
    "l10n.opsRemoved": "Rekommendationerna har tagits bort",
    "l10n.opsSuggestion": "Föreslå en förbättring för optimala inställningar",
    "l10n.shareInstantReplay": "Berätta för oss om dina erfarenheter av att använda repriser",
    "l10n.shareRecord": "Berätta för oss om dina erfarenheter av att använda inspelning",
    "l10n.shareStream": "Berätta för oss om dina erfarenheter av att använda strömning",
    "l10n.shareBroadcast": "Berätta för oss om dina erfarenheter av att använda sändning",
    "l10n.shareImprovement": "Föreslå förbättringar för delning av ditt spelande",
    "l10n.gameStream": "GameStream",
    "l10n.gameStreamGameIssue": "Rapportera ett problem med spel och program jag har lagt till",
    "l10n.gameStreamPairing": "Det går inte att para ihop SHIELD-enheter med den här datorn",
    "l10n.gameStreamInternet": "Det går inte att strömma på Internet",
    "l10n.gameStreamGameLaunch": "Spelet eller programmet startar inte",
    "l10n.gameStreamController": "Kontrollen fungerar inte",
    "l10n.gameStreamSuggestion": "Föreslå en förbättring av GameStream",
    "l10n.feedbackDisableMessage": "Din feedback är viktig för oss. Gå till Inställningar > Allmänt och berätta vad du tycker.",
    "l10n.feedbackThanksMessage": "Tack för dina synpunkter. Vi tittar på det här.",
    "l10n.affectedGame": "Spel eller program som berörs",
    "l10n.location": "Plats",
    "l10n.affectedGames": "Spel eller program som berörs",
    "l10n.noInformationAvailable": "Information är inte tillgänglig.",
    "l10n.invalidYear": "Ange ett årtal med fyra siffror",
    "l10n.invalidDate": "Ange ett giltigt födelsedatum",
    "l10n.higherPerformance": "Högre prestanda",
    "l10n.longerBatteryLife": "Längre batteriliv",
    "l10n.youAreOffline": "Du är offline. Anslut till ett nätverk och försök igen.",
    "l10n.unableToFetchVideo": "Det går inte att hämta video. Försök igen om en stund.",
    "l10n.launchingShareToast": "Förbereder att dela ditt spelande...",
    "l10n.openShareFailure": "Det går inte att öppna delning.",
    "l10n.somethingWrong": "Något gick fel.",
    "l10n.errorRestartApplication": "Pröva att starta om GeForce Experience.",
    "l10n.errorRestartPC": "Prova med att starta om din PC och sedan starta GeForce Experience.",
    "l10n.errorCode": "FELKOD:",
    "l10n.pageCouldNotBeLoaded": "Det gick inte att ladda sidan. Kontrollera internetanslutningen och försök igen.",
    "l10n.retry": "Försök igen",
    "l10n.learnMore": "Mer information",
    "l10n.virtualReality": "Virtuell verklighet",
    "l10n.tellAboutExperience": "Berätta för oss om dina erfarenheter",
    "l10n.suggestVirtualRealityImprovement": "Föreslå en förbättring för virtuell verklighet",
    "l10n.tellAboutVirtualRealityIssue": "Berätta om ett problem med virtuell verklighet",
    "l10n.shareBeta": "Delning (Beta)",
    "l10n.restart": "Omstart",
    "l10n.doesNotMeetSpecVR": "Uppfyller inte rekommenderade specifikationer för virtual reality-spelande",
    "l10n.recommendedSpecVR": "Rekommenderade specifikationer för virtual reality-spelande",
    "l10n.shareShortcut": "Alt + Z",
    "l10n.featureEnabled": "{{featureName}} har aktiverats",
    "l10n.updateNow": "Uppdatera nu",
    "l10n.shareNotReady": "Överlagring i spelet är inte klar",
    "l10n.featureErrorMessage": "Försök starta om eller återinstallera GeForce Experience. Om det inte fungerar, vänta på en programfix för applikationen.",
    "l10n.gotItText": "Jag förstår",
    "l10n.gameStreamNotReady": "GameStream är inte redo",
    "l10n.loading": "Laddar ...",
    "l10n.openGfeInGame": "Öppen överlagring i spelet",
    "l10n.joinWeChat": "Häng med {{clubName}} på WeChat!",
    "l10n.scanNvidiaNewsWeChatQrCode": "Skanna QR-koder för att få de senaste NVIDIA-nyheterna.",
    "l10n.recentSearches": "Aktuella sökningar",
    "l10n.noResultsAvailable": "Inga resultat som matchar din sökning hittades.",
    "l10n.nextTip": "Nästa tips",
    "l10n.achievements": "Bedrifter",
    "l10n.noResults": "Inga resultat",
    "l10n.noResultsSearchMessage": "Testa att söka med olika nyckelord",
    "l10n.myProfile": "Min profil (PILOT)",
    "l10n.later": "Senare",
    "l10n.updateDriver": "Uppdatera drivrutin",
    "l10n.driverUpdateRequired": "Uppdatering av drivrutin krävs",
    "l10n.criticalUpdateForFeaturesOne": "Viktig uppdatering för {{featureOne}}",
    "l10n.criticalUpdateForFeaturesTwo": "Viktig uppdatering för {{featureOne}} och {{featureTwo}}",
    "l10n.criticalUpdateForFeaturesThree": "Viktig uppdatering för {{featureOne}}, {{featureTwo}} och {{featureThree}}",
    "l10n.criticalUpdateForFeaturesFour": "Viktig uppdatering för {{featureOne}}, {{featureTwo}}, {{featureThree}} och {{featureFour}}",
    "l10n.criticalUpdateForFeaturesFive": "Viktig uppdatering för {{featureOne}}, {{featureTwo}}, {{featureThree}}, {{featureFour}} och {{featureFive}}",
    "l10n.criticalUpdateForFeaturesSix": "Viktig uppdatering för {{featureOne}}, {{featureTwo}}, {{featureThree}}, {{featureFour}}, {{featureFive}} och {{featureSix}}",
    "l10n.launchYourGames": "Starta dina spel och program eller redigera dina optimala inställningar.",
    "l10n.getTheLatestGrds": "Hämta de senaste Game Ready- eller Studio-drivrutinerna för dina spel och program.",
    "l10n.accessTheIgo": "Gå till överlagring i spelet för att spela in och dela videor, skärmdumpar och livesflöden.",
    "l10n.joinTheCommunity": "Gå med i communityn och få belöningar.",
    "l10n.accessClientSettings": "Få åtkomst till kundinställningar, lös in kuponger och aktivera GameStream",
    "l10n.unableToSendFeedback": "Det går inte att skicka feedback. Försök igen senare.",
    "l10n.includeTechnicalData": "Vi inkluderar automatiskt tekniska data såsom systeminformation om din pc och felloggar för att underlätta granskningen av dina kommentarer.",
    "l10n.configureOptions": "Konfigurera alternativ såsom överlagringsinställningar, experimentella funktioner och GameStream.",
    "l10n.redeemCodesAndRewards": "Lös in koder och belöningar",
    "l10n.privacyPolicy": "NVIDIA Sekretesspolicy",
    "l10n.ctaStartCountdown": "Startar i {{countdown}}",
    "l10n.ctaEndCountdown": "Slutar i {{countdown}}",
    "l10n.ctaEnded": "Avslutad",
    "l10n.connectionSecure": "Anslutning till {{provider}} är säker",
    "l10n.informationSecure": "Din information, såsom användarnamn och lösenord, är säker när den skickas till webbplatsen.",
    "l10n.viewCertificate": "Visa certifikat",
    "l10n.anselPhotoMode": "Ansel foto-läge",
    "l10n.freestyle": "Freestyle Spelfilter",
    "l10n.shadowplayRecords": "ShadowPlay Spela in och Spela upp direkt",
    "l10n.openForDiscussion": "Ja, det är OK att kontakta mig om NVIDIA har ytterligare frågor.",
    "l10n.nvidiaGfeTitle": "NVIDIA GeForce Experience",
    "l10n.gfePartnerInfoDescription": "NVIDIA GeForce Experience använder YouTube API-tjänster, för vilka följande användarvillkor och sekretesspolicyn gäller:",
    "l10n.gfeYouTubeTOS": "Användarvillkor för YouTube",
    "l10n.gfeGoogleSecuritySettings": "Säkerhetsinställningar för Google",
    "l10n.gfeGooglePrivacyPolicy": "Google Integritetspolicy",
    "l10n.gfePartnerPrivacyPolicy": "Integritetspolicyn och användarvillkor för Partner"
}
