{
    "l10n.home": "หน้าแรก",
    "l10n.gfn": "GeForce NOW",
    "l10n.gallery": "แกลเลอรี",
    "l10n.gameroom": "ห้องเกม",
    "l10n.news": "ข่าว",
    "l10n.search": "ค้นหา",
    "l10n.notifications": "การแจ้งเตือน",
    "l10n.updates": "การอัปเดต",
    "l10n.settings": "การตั้งค่า",
    "l10n.debug": "แก้ไขจุดบกพร่อง",
    "l10n.preferences": "กำหนดลักษณะ",
    "l10n.screenshots": "ภาพหน้าจอ",
    "l10n.username": "ชื่อผู้ใช้",
    "l10n.account": "บัญชี",
    "l10n.logOut": "ออกจากระบบ",
    "l10n.cancel": "ยกเลิก",
    "l10n.continue": "ดำเนินการต่อ",
    "l10n.submit": "ส่ง",
    "l10n.back": "ย้อนกลับ",
    "l10n.alt.nvidiaLogo": "โลโก้ NVIDIA",
    "l10n.optimize": "ปรับสมรรถนะ",
    "l10n.all": "ทั้งหมด",
    "l10n.more": "มากขึ้น",
    "l10n.moreDots": "เพิ่มเติม...",
    "l10n.sort": "เรียง",
    "l10n.filter": "ตัวกรอง",
    "l10n.done": "เสร็จเรียบร้อย",
    "l10n.skip": "ข้าม",
    "l10n.or": "หรือ",
    "l10n.gamesOptimized": "{{numGamesOptimized}} เกมและแอปพลิเคชันที่ไม่ได้ปรับสมรรถนะ",
    "l10n.scanGamesProgress": "พบ {{numGamesScanned}} เกมและแอปพลิเคชัน",
    "l10n.scanGameProgress": "พบ {{numGamesScanned}} เกมหรือแอปพลิเคชัน",
    "l10n.noGamesFound": "ไม่พบเกมหรือแอปพลิเคชัน",
    "l10n.zeroGamesFound": "พบ 0 เกมและแอปพลิเคชัน",
    "l10n.nonOptimizeProgress": "{{numGamesNotOptimized}} เกมและแอปพลิเคชันที่ไม่ได้ปรับสมรรถนะ",
    "l10n.unhandledexception": "ข้อยกเว้นที่ไม่ได้ดำเนินการ",
    "l10n.sendfeedback": "ส่งผลตอบกลับ",
    "l10n.alphabetical": "ตามลำดับตัวอักษร",
    "l10n.details": "รายละเอียด",
    "l10n.share": "การโอเวอร์เลย์ในเกม",
    "l10n.close": "ปิด",
    "l10n.second": "วินาที",
    "l10n.seconds": "วินาที",
    "l10n.minute": "นาที",
    "l10n.minutes": "นาที",
    "l10n.hour": "ชั่วโมง",
    "l10n.hours": "ชั่วโมง",
    "l10n.day": "วัน",
    "l10n.days": "วัน",
    "l10n.month": "เดือน",
    "l10n.months": "เดือน",
    "l10n.year": "ปี",
    "l10n.years": "ปี",
    "l10n.week": "สัปดาห์",
    "l10n.weeks": "สัปดาห์",
    "l10n.edit": "แก้ไข",
    "l10n.detail": "รายละเอียด",
    "l10n.genre.other": "อื่นๆ",
    "l10n.genre.actionAdventure": "แอ็คชันผจญภัย",
    "l10n.genre.action": "การกระทำ",
    "l10n.genre.adventure": "ผจญภัย",
    "l10n.genre.arcade": "อาเขต",
    "l10n.genre.family": "ตระกูล",
    "l10n.genre.fps": "เกมยิงในมุมมองบุคคลที่หนึ่ง",
    "l10n.genre.puzzle": "เกมปริศนา",
    "l10n.genre.racing": "เกมการแข่งรถ",
    "l10n.genre.rolePlaying": "เกมการเล่นสวมบทบาท",
    "l10n.genre.actionRPG": "เกมแอ็คชัน RPG",
    "l10n.genre.actionMMO": "เกมแอ็คชัน MMO",
    "l10n.genre.mmorpg": "เกม MMO RPG",
    "l10n.genre.rts": "เกมวางแผนกลยุทธ์แบบเรียลไทม์",
    "l10n.pause": "หยุดชั่วคราว",
    "l10n.volume": "ระดับความดัง",
    "l10n.fullscreen": "เต็มหน้าจอ",
    "l10n.mediaerror.aborted": "การเล่นถูกยกเลิก",
    "l10n.mediaerror.network": "ข้อผิดพลาดการดาวน์โหลด",
    "l10n.mediaerror.decode": "ข้อผิดพลาดการถอดรหัส",
    "l10n.mediaerror.notsupported": "ประเภทวิดีโอไม่รองรับ",
    "l10n.mediaerror.generic": "ไม่สามารถเล่นซ้ำได้",
    "l10n.allSet": "คุณได้ตั้งค่าทั้งหมดแล้ว",
    "l10n.shield": "shield",
    "l10n.hr": "{{value}} ชม.",
    "l10n.hrs": "{{value}} ชม.",
    "l10n.aboutHrs": "ประมาณ {{value}} ชม.",
    "l10n.mins": "{{value}} นาที",
    "l10n.min": "{{value}} นาที",
    "l10n.secs": "{{value}} วินาที",
    "l10n.sec": "{{value}} วินาที",
    "l10n.byte": "{{value}} ไบต์",
    "l10n.bytes": "{{value}} ไบต์",
    "l10n.mb": "{{value}} MB",
    "l10n.kb": "{{value}} KB",
    "l10n.gb": "{{value}} GB",
    "l10n.tb": "{{value}} TB",
    "l10n.send": "ส่ง",
    "l10n.feedbackCategory": "ประเภทข้อติชม",
    "l10n.subCategory": "ประเภทย่อย",
    "l10n.emailOptional": "อีเมล (ทางเลือก)",
    "l10n.drivers": "โปรแกรมควบคุม",
    "l10n.downloadDriver": "ไม่สามารถดาวน์โหลดไดรเวอร์ที่แนะนำ",
    "l10n.installDriver": "ไม่สามารถติดตั้งไดรเวอร์ที่แนะนำ",
    "l10n.checkUpdate": "ไม่สามารถตรวจหาโปรแกรมอัปเดต",
    "l10n.checkTimeLong": "การตรวจหาโปรแกรมอัปเดตใช้เวลานานเกินไป",
    "l10n.downloadTimeLong": "การดาวน์โหลดไดรเวอร์ใช้เวลานานเกินไป",
    "l10n.installTimeLong": "การติดตั้งไดรเวอร์ใช้เวลานานเกินไป",
    "l10n.driverIssue": "แจ้งให้เราทราบเรื่องปัญหาเกี่ยวกับไดรเวอร์กราฟิก",
    "l10n.others": "อื่นๆ",
    "l10n.installIssue": "รายงานปัญหาเกี่ยวกับการติดตั้ง GeForce Experience",
    "l10n.updateIssue": "รายงานปัญหาเกี่ยวกับการอัปเดต GeForce Experience",
    "l10n.translateIssue": "รายงานการแปลที่ไม่ถูกต้องหรือไม่ครบถ้วน",
    "l10n.geforceIssue": "รายงานปัญหาเกี่ยวกับ GeForce Experience",
    "l10n.shareIssue": "รายงานปัญหาการแชร์การเล่นเกมของคุณ",
    "l10n.ledIssue": "รายงานปัญหาด้วย LED Visualizer",
    "l10n.whatLike": "แจ้งสิ่งที่คุณชื่นชอบเกี่ยวกับ GeForce Experience ให้เราทราบ",
    "l10n.suggestion": "แนะนำการปรับปรุง GeForce Experience",
    "l10n.gameDetectionAndSupport": "การตรวจหาเกมหรือแอปพลิเคชันและการสนับสนุน",
    "l10n.gameNotFoundSupported": "ไม่พบเกมหรือแอปพลิเคชันที่รองรับ",
    "l10n.gameWrongDetection": "ตรวจพบเกมและแอปพลิเคชันที่ไม่ถูกต้องหรือไม่ได้ติดตั้งไว้",
    "l10n.gameDuplicateDetection": "พบสำเนาที่ซ้ำกันของเกมหรือแอปพลิเคชันเดียวกัน",
    "l10n.gameLaunchFail": "ไม่สามารถเปิดใช้เกมหรือแอปพลิเคชันได้",
    "l10n.gameCurrentSettingsNotAvailable": "ไม่พบการตั้งค่าเกมหรือแอปพลิเคชันปัจจุบัน",
    "l10n.gameTooLongScan": "การสแกนเกมและแอปพลิเคชันใช้เวลานานเกินไป",
    "l10n.gameSupportSuggestion": "แนะนำเกมหรือแอปพลิเคชันที่เราควรสนับสนุน",
    "l10n.ops": "การตั้งค่าที่ดีที่สุด",
    "l10n.opsMissing": "สิ่งที่แนะนำหายไป",
    "l10n.opsLowImageQuality": "คุณภาพของภาพต่ำเกินไป",
    "l10n.opsLowPerformance": "เฟรมต่อวินาทีต่ำเกินไป",
    "l10n.opsRemoved": "สิ่งที่แนะนำถูกลบออกแล้ว",
    "l10n.opsSuggestion": "แนะนำการปรับปรุงเพื่อการตั้งค่าที่ดีที่สุด",
    "l10n.shareInstantReplay": "บอกเราเกี่ยวกับประสบการณ์ของคุณกับการใช้งานการเล่นซ้ำแบบทันที",
    "l10n.shareRecord": "บอกเราเกี่ยวกับประสบการณ์ของคุณกับการใช้งานบันทึก",
    "l10n.shareStream": "บอกเราเกี่ยวกับประสบการณ์ของคุณกับการใช้งานสตรีม",
    "l10n.shareBroadcast": "บอกเราเกี่ยวกับประสบการณ์ของคุณกับการใช้งานการถ่ายทอดสด",
    "l10n.shareImprovement": "แนะนำสิ่งที่เราควรปรับปรุงเกี่ยวกับการแชร์การเล่นเกมของคุณ",
    "l10n.gameStream": "GameStream",
    "l10n.gameStreamGameIssue": "รายงานปัญหาเกี่ยวกับเกมและแอปพลิเคชันที่ฉันได้เพิ่มเข้า",
    "l10n.gameStreamPairing": "ไม่สามารถจับคู่อุปกรณ์ SHIELD กับคอมพิวเตอร์เครื่องนี้",
    "l10n.gameStreamInternet": "ไม่สามารถสตรีมบนอินเทอร์เน็ต",
    "l10n.gameStreamGameLaunch": "ไม่สามารถเรียกใช้เกมหรือแอปพลิเคชันได้",
    "l10n.gameStreamController": "ตัวควบคุมไม่ทำงาน",
    "l10n.gameStreamSuggestion": "แนะนำสิ่งที่เราควรปรับปรุงเกี่ยวกับ GameStream",
    "l10n.feedbackDisableMessage": "คำติชมของคุณเป็นสิ่งสำคัญสำหรับเรา ไปที่ การตั้งค่า > ทั่วไป เพื่อบอกเราเกี่ยวกับความคิดเห็นของคุณ",
    "l10n.feedbackThanksMessage": "ขอขอบคุณสำหรับคำติชมของคุณ เรารอคอยที่จะรับคำติชมของคุณ",
    "l10n.affectedGame": "เกมหรือแอปพลิเคชันที่ได้รับผลกระทบ",
    "l10n.location": "ตำแหน่ง",
    "l10n.affectedGames": "เกมหรือแอปพลิเคชันที่ได้รับผลกระทบ",
    "l10n.noInformationAvailable": "ไม่มีข้อมูล",
    "l10n.invalidYear": "กรุณาป้อนปีแบบเลขสี่หลัก",
    "l10n.invalidDate": "ป้อนวันเกิดที่ถูกต้อง",
    "l10n.higherPerformance": "ประสิทธิภาพสูงขึ้น",
    "l10n.longerBatteryLife": "แบตเตอรี่ทำงานได้นานขึ้น",
    "l10n.youAreOffline": "คุณกำลังออฟไลน์ กรุณาเชื่อมต่อเครือข่ายแล้วลองอีกครั้ง",
    "l10n.unableToFetchVideo": "ไม่สามารถเรียกข้อมูลวิดีโอ กรุณาลองภายหลังอีกสักครู่",
    "l10n.launchingShareToast": "กำลังเตรียมเพื่อแชร์การเล่นเกมของคุณ...",
    "l10n.openShareFailure": "ไม่สามารถเปิดการแชร์",
    "l10n.somethingWrong": "มีบางสิ่งไม่ถูกต้อง",
    "l10n.errorRestartApplication": "กรุณารีสตาร์ท GeForce Experience",
    "l10n.errorRestartPC": "กรุณาเริ่มการทำงานของคอมพิวเตอร์ใหม่และเปิด GeForce Experience",
    "l10n.errorCode": "รหัสข้อผิดพลาด:",
    "l10n.pageCouldNotBeLoaded": "ไม่สามารถโหลดหน้า ตรวจสอบการเชื่อมต่ออินเทอร์เน็ตของคุณและลองอีกครั้ง",
    "l10n.retry": "ลองใหม่",
    "l10n.learnMore": "เรียนรู้เพิ่มเติม",
    "l10n.virtualReality": "ภาพเสมือนจริง",
    "l10n.tellAboutExperience": "บอกเราเกี่ยวกับประสบการณ์ของคุณ",
    "l10n.suggestVirtualRealityImprovement": "แนะนำการปรับปรุงภาพเสมือนจริง",
    "l10n.tellAboutVirtualRealityIssue": "แจ้งให้เราทราบเรื่องปัญหาเกี่ยวกับภาพเสมือนจริง",
    "l10n.shareBeta": "การแชร์ (รุ่นเบต้า)",
    "l10n.restart": "รีสตาร์ท",
    "l10n.doesNotMeetSpecVR": "ไม่ตรงตามข้อกำหนดที่แนะนำสำหรับการเล่นเกมระบบความจริงเสมือน",
    "l10n.recommendedSpecVR": "ข้อกำหนดที่แนะนำสำหรับการเล่นเกมระบบความจริงเสมือน",
    "l10n.shareShortcut": "Alt + Z",
    "l10n.featureEnabled": "เปืดใช้ {{featureName}} แล้ว",
    "l10n.updateNow": "อัปเดตตอนนี้",
    "l10n.shareNotReady": "การโอเวอร์เลย์ในเกมยังไม่พร้อม",
    "l10n.featureErrorMessage": "ลองเริ่มการทำงานของระบบหรือติดตั้ง GeForce Experience ใหม่อีกครั้ง หากยังไม่สามารถทำงานได้ รออัปเดตปรับปรุงสำหรับแอปพลิเคชัน",
    "l10n.gotItText": "ตกลง",
    "l10n.gameStreamNotReady": "GameStream ไม่พร้อม",
    "l10n.loading": "กำลังโหลด...",
    "l10n.openGfeInGame": "เปิดการโอเวอร์เลย์ในเกม",
    "l10n.joinWeChat": "เข้าร่วม {{clubName}}บน WeChat",
    "l10n.scanNvidiaNewsWeChatQrCode": "สแกนรหัส QR เพื่อรับข่าวสาร NVIDIA ล่าสุด",
    "l10n.recentSearches": "การค้นหาล่าสุด",
    "l10n.noResultsAvailable": "ไม่พบผลลัพธ์ที่ตรงกับคำถามของคุณ",
    "l10n.nextTip": "เคล็ดลับถัดไป",
    "l10n.achievements": "ความสำเร็จ",
    "l10n.noResults": "ไม่พบผลลัพธ์",
    "l10n.noResultsSearchMessage": "ลองค้นหาด้วยคำสำคัญอื่น",
    "l10n.myProfile": "โปรไฟล์ของฉัน (PILOT)",
    "l10n.later": "หรือใหม่กว่า",
    "l10n.updateDriver": "อัปเดตไดรเวอร์",
    "l10n.driverUpdateRequired": "จำเป็นต้องอัปเดตไดรเวอร์",
    "l10n.criticalUpdateForFeaturesOne": "อัปเดตที่สำคัญสำหรับ {{featureOne}}",
    "l10n.criticalUpdateForFeaturesTwo": "อัปเดตที่สำคัญสำหรับ {{featureOne}} และ {{featureTwo}}",
    "l10n.criticalUpdateForFeaturesThree": "อัปเดตที่สำคัญสำหรับ {{featureOne}}, {{featureTwo}} และ {{featureThree}}",
    "l10n.criticalUpdateForFeaturesFour": "อัปเดตที่สำคัญสำหรับ {{featureOne}}, {{featureTwo}}, {{featureThree}} และ {{featureFour}}",
    "l10n.criticalUpdateForFeaturesFive": "อัปเดตที่สำคัญสำหรับ {{featureOne}}, {{featureTwo}}, {{featureThree}}, {{featureFour}} และ {{featureFive}}",
    "l10n.criticalUpdateForFeaturesSix": "อัปเดตที่สำคัญสำหรับ {{featureOne}}, {{featureTwo}}, {{featureThree}}, {{featureFour}}, {{featureFive}} และ {{featureSix}}",
    "l10n.launchYourGames": "เรียกใช้เกมและแอปพลิเคชันหรือแก้ไขการตั้งค่าเกมที่มีประสิทธิภาพดีที่สุด",
    "l10n.getTheLatestGrds": "รับไดร์ฟเวอร์ Game Ready หรือ Studio รุ่นล่าสุดสำหรับเกมและแอปพลิเคชันของคุณ",
    "l10n.accessTheIgo": "เข้าถึงโอเวอร์เลย์ในเกมเพื่อบันทึกและแชร์วิดีโอ ภาพหน้าจอ และการสตรีมสด",
    "l10n.joinTheCommunity": "เข้าร่วมชุมชนและรับรางวัล",
    "l10n.accessClientSettings": "เข้าถึงการตั้งค่าไคลเอ็นต์ แลกรับรางวัล และเปิดใช้งาน GameStream",
    "l10n.unableToSendFeedback": "ไม่สามารถส่งคำติชมได้ ลองใหม่ในภายหลัง",
    "l10n.includeTechnicalData": "เพื่อช่วยให้เราตรวจสอบความคิดเห็นของคุณ เราจะรวมข้อมูลทางเทคนิค เช่น ข้อมูลระบบของพีซีของคุณและบันทึกข้อผิดพลาดโดยอัตโนมัติ",
    "l10n.configureOptions": "ตัวเลือกการกำหนดค่า เช่น การตั้งค่าโอเวอร์เลย์ คุณลักษณะทดลอง และ GameStream",
    "l10n.redeemCodesAndRewards": "แลกรหัสและรางวัล",
    "l10n.privacyPolicy": "นโยบายความเป็นส่วนตัวของ NVIDIA",
    "l10n.ctaStartCountdown": "เริ่มใน {{countdown}}",
    "l10n.ctaEndCountdown": "จบในอีก {{countdown}}",
    "l10n.ctaEnded": "จบแล้ว",
    "l10n.connectionSecure": "การเชื่อมต่อไปยัง {{provider}} ปลอดภัย",
    "l10n.informationSecure": "ข้อมูลของคุณ เช่น ชื่อผู้ใช้และรหัสผ่านมีความปลอดภัยขณะที่ส่งไปยังเว็บไซต์",
    "l10n.viewCertificate": "ดูใบรับรอง",
    "l10n.anselPhotoMode": "โหมดการถ่ายภาพ Ansel",
    "l10n.freestyle": "ตัวกรองเกม Freestyle",
    "l10n.shadowplayRecords": "ShadowPlay บันทึก และเล่นซ้ำทันที",
    "l10n.openForDiscussion": "สามารถติดต่อฉันได้หาก NVIDIA มีคำถามเพิ่มเติม",
    "l10n.nvidiaGfeTitle": "NVIDIA GeForce Experience",
    "l10n.gfePartnerInfoDescription": "NVIDIA GeForce Experience ใช้บริการ YouTube API ซึ่งอยู่ภายใต้ข้อกำหนดการใช้งานและนโยบายความเป็นส่วนตัวต่อไปนี้:",
    "l10n.gfeYouTubeTOS": "ข้อกำหนดในการให้บริการของ YouTube",
    "l10n.gfeGoogleSecuritySettings": "การตั้งค่าความปลอดภัยของ Google",
    "l10n.gfeGooglePrivacyPolicy": "นโยบายความเป็นส่วนตัวของ Google",
    "l10n.gfePartnerPrivacyPolicy": "นโยบายความเป็นส่วนตัวของพาร์ทเนอร์และข้อกำหนดในการให้บริการ"
}
