{
    "l10n.home": "Giriş Sayfası",
    "l10n.gfn": "GeForce NOW",
    "l10n.gallery": "Galeri",
    "l10n.gameroom": "Oyun Odası",
    "l10n.news": "Haberler",
    "l10n.search": "Ara",
    "l10n.notifications": "Bildirimler",
    "l10n.updates": "Güncelleştirmeler",
    "l10n.settings": "Ayarlar",
    "l10n.debug": "Hata Ayıkla",
    "l10n.preferences": "Tercihler",
    "l10n.screenshots": "Ekran Resimleri",
    "l10n.username": "Kullanıcı Adı",
    "l10n.account": "Hesap",
    "l10n.logOut": "Oturumu kapat",
    "l10n.cancel": "İptal",
    "l10n.continue": "Devam",
    "l10n.submit": "Gönder",
    "l10n.back": "Geri",
    "l10n.alt.nvidiaLogo": "NVIDIA logosu",
    "l10n.optimize": "Optimize Et",
    "l10n.all": "Tümü",
    "l10n.more": "Daha fazla",
    "l10n.moreDots": "Daha fazlası...",
    "l10n.sort": "Sırala",
    "l10n.filter": "Filtre",
    "l10n.done": "Tamam",
    "l10n.skip": "Atla",
    "l10n.or": "veya",
    "l10n.gamesOptimized": "{{numGamesOptimized}} oyun ve uygulama optimize edildi",
    "l10n.scanGamesProgress": "{{numGamesScanned}} oyun ve uygulama bulundu",
    "l10n.scanGameProgress": "{{numGamesScanned}} oyun veya uygulama bulundu",
    "l10n.noGamesFound": "Oyun veya uygulama bulunamadı",
    "l10n.zeroGamesFound": "0 oyun ve uygulama bulundu",
    "l10n.nonOptimizeProgress": "{{numGamesNotOptimized}} oyun ve uygulama optimize edilmedi",
    "l10n.unhandledexception": "İşlenmeyen özel durum",
    "l10n.sendfeedback": "Geribildirim Gönder",
    "l10n.alphabetical": "Alfabetik",
    "l10n.details": "Ayrıntılar",
    "l10n.share": "Oyun içi yer paylaşımı",
    "l10n.close": "Kapat",
    "l10n.second": "saniye",
    "l10n.seconds": "saniye",
    "l10n.minute": "dakika",
    "l10n.minutes": "dakika",
    "l10n.hour": "saat",
    "l10n.hours": "saat",
    "l10n.day": "gün",
    "l10n.days": "gün",
    "l10n.month": "ay",
    "l10n.months": "ay",
    "l10n.year": "yıl",
    "l10n.years": "yıl",
    "l10n.week": "hafta",
    "l10n.weeks": "hafta",
    "l10n.edit": "Düzenle",
    "l10n.detail": "Ayrıntı",
    "l10n.genre.other": "Diğer",
    "l10n.genre.actionAdventure": "Aksiyon Macera",
    "l10n.genre.action": "İşlem",
    "l10n.genre.adventure": "Macera",
    "l10n.genre.arcade": "Arcade",
    "l10n.genre.family": "Aile",
    "l10n.genre.fps": "Kahramanın Gözünden Oynanan Ateş Etme",
    "l10n.genre.puzzle": "Bulmaca",
    "l10n.genre.racing": "Yarış",
    "l10n.genre.rolePlaying": "Canlandırma",
    "l10n.genre.actionRPG": "Aksiyon RPG",
    "l10n.genre.actionMMO": "Aksiyon MMO",
    "l10n.genre.mmorpg": "MMO RPG",
    "l10n.genre.rts": "Gerçek Zamanlı Strateji",
    "l10n.pause": "Duraklat",
    "l10n.volume": "Ses Düzeyi",
    "l10n.fullscreen": "Tam Ekran",
    "l10n.mediaerror.aborted": "Oynatma Durduruldu",
    "l10n.mediaerror.network": "İndirme hatası",
    "l10n.mediaerror.decode": "Şifre çözme hatası",
    "l10n.mediaerror.notsupported": "Video türü desteklenmiyor",
    "l10n.mediaerror.generic": "Oynatılamıyor",
    "l10n.allSet": "Artık hazırsınız",
    "l10n.shield": "shield",
    "l10n.hr": "{{value}} saat",
    "l10n.hrs": "{{value}} saat",
    "l10n.aboutHrs": "Yaklaşık {{value}} saat",
    "l10n.mins": "{{value}} dakika",
    "l10n.min": "{{value}} dakika",
    "l10n.secs": "{{value}} saniye",
    "l10n.sec": "{{value}} saniye",
    "l10n.byte": "{{value}} bayt",
    "l10n.bytes": "{{value}} bayt",
    "l10n.mb": "{{value}} MB",
    "l10n.kb": "{{value}} KB",
    "l10n.gb": "{{value}} GB",
    "l10n.tb": "{{value}} TB",
    "l10n.send": "Gönder",
    "l10n.feedbackCategory": "Geribildirim kategorisi",
    "l10n.subCategory": "Alt kategori",
    "l10n.emailOptional": "E-posta (isteğe bağlı)",
    "l10n.drivers": "Sürücüler",
    "l10n.downloadDriver": "Önerilen sürücü indirilemedi",
    "l10n.installDriver": "Önerilen sürücü kurulamadı",
    "l10n.checkUpdate": "Güncelleştirmeler denetlenemedi",
    "l10n.checkTimeLong": "Güncelleştirmelerin denetlenmesi gereğinden uzun sürüyor",
    "l10n.downloadTimeLong": "Sürücünün indirilmesi gereğinden uzun sürüyor",
    "l10n.installTimeLong": "Sürücünün kurulması gereğinden uzun sürüyor",
    "l10n.driverIssue": "Bir grafik sürücüsüyle ilgili sorun bildirin",
    "l10n.others": "Diğer",
    "l10n.installIssue": "GeForce Experience kurulumuyla ilgili sorun bildirin",
    "l10n.updateIssue": "GeForce Experience güncelleştirmesiyle ilgili sorun bildirin",
    "l10n.translateIssue": "Yanlış veya eksik çeviri bildirin",
    "l10n.geforceIssue": "GeForce Experience ile ilgili sorun bildirin",
    "l10n.shareIssue": "Oyunu oynarken paylaşmakla ilgili olarak yaşadığınız bir sorunu bildirin",
    "l10n.ledIssue": "LED Visualizer ile ilgili bir sorunu bildirin",
    "l10n.whatLike": "Bize, GeForce Experience'ın nesinden hoşlandığınızı söyleyin",
    "l10n.suggestion": "GeForce Experience üzerinde yapılabilecek bir geliştirme önerin",
    "l10n.gameDetectionAndSupport": "Oyun veya uygulama algılama ve desteği",
    "l10n.gameNotFoundSupported": "Desteklenen oyun veya uygulama bulunamadı",
    "l10n.gameWrongDetection": "Oyun veya uygulama yanlış bir şekilde algılandı veya kurulu değil",
    "l10n.gameDuplicateDetection": "Aynı oyunun veya uygulamanın birden çok kopyası bulundu",
    "l10n.gameLaunchFail": "Oyun veya uygulama başlatılamıyor",
    "l10n.gameCurrentSettingsNotAvailable": "Şu anki oyun veya uygulama ayarları bulunamadı",
    "l10n.gameTooLongScan": "Oyunların ve uygulamaların taranması gereğinden uzun sürüyor",
    "l10n.gameSupportSuggestion": "Desteklememizi istediğiniz bir oyunu veya uygulamayı önerin",
    "l10n.ops": "Optimum Ayarlar",
    "l10n.opsMissing": "Öneriler eksik",
    "l10n.opsLowImageQuality": "Görüntü kalitesi çok düşük",
    "l10n.opsLowPerformance": "Saniyedeki kare sayısı çok düşük",
    "l10n.opsRemoved": "Öneriler kaldırılmış",
    "l10n.opsSuggestion": "Optimum Ayarlar için bir geliştirme önerin",
    "l10n.shareInstantReplay": "Bize anında yeniden oynatmayla ilgili deneyiminizden söz edin",
    "l10n.shareRecord": "Bize kayıt işlevini kullanmakla ilgili deneyiminizden söz edin",
    "l10n.shareStream": "Bize akış işlevini kullanmakla ilgili deneyiminizden söz edin",
    "l10n.shareBroadcast": "Bize yayın işlevini kullanmakla ilgili deneyiminizden söz edin",
    "l10n.shareImprovement": "Oyunu oynarken paylaşmakla ilgili olarak yapabileceğimiz bir geliştirme önerin",
    "l10n.gameStream": "GameStream",
    "l10n.gameStreamGameIssue": "Eklediğim oyunlarla ve uygulamalarla ilgili bir sorunu bildirin",
    "l10n.gameStreamPairing": "SHIELD aygıtlarını bu PC'yle eşleştiremiyorum",
    "l10n.gameStreamInternet": "Internet'e akış gönderemiyorum",
    "l10n.gameStreamGameLaunch": "Oyun veya uygulama başlatılamıyor",
    "l10n.gameStreamController": "Denetleyici çalışmıyor",
    "l10n.gameStreamSuggestion": "GameStream ile ilgili yapabileceğimiz bir geliştirme önerin",
    "l10n.feedbackDisableMessage": "Düşünceleriniz bizim için önemli. Görüşünüzü söylemek için Ayarlar > Genel bölümüne gidin.",
    "l10n.feedbackThanksMessage": "Görüşünüzü ilettiğiniz için teşekkür ederiz. İlgileneceğiz.",
    "l10n.affectedGame": "Etkilenen oyun veya uygulama",
    "l10n.location": "Konum",
    "l10n.affectedGames": "Etkilenen oyunlar ve uygulamalar",
    "l10n.noInformationAvailable": "Bilgi yok!",
    "l10n.invalidYear": "Lütfen dört haneli bir yıl girin",
    "l10n.invalidDate": "Geçerli bir doğum tarihi girin",
    "l10n.higherPerformance": "Daha Yüksek Performans",
    "l10n.longerBatteryLife": "Daha Uzun Pil Ömrü",
    "l10n.youAreOffline": "Çevrimdışısınız. Bir ağa bağlanıp tekrar deneyin.",
    "l10n.unableToFetchVideo": "Video getirilemedi. Lütfen bir süre sonra tekrar deneyin.",
    "l10n.launchingShareToast": "Oyununuzun paylaşılması için gereken hazırlıklar yapılıyor...",
    "l10n.openShareFailure": "Paylaşım açılamadı.",
    "l10n.somethingWrong": "Bir sorun çıktı.",
    "l10n.errorRestartApplication": "GeForce Experience'ı yeniden başlatmayı deneyin.",
    "l10n.errorRestartPC": "PC'nizi yeniden başlatıp GeForce Experience'ı başlatmayı deneyin.",
    "l10n.errorCode": "HATA KODU:",
    "l10n.pageCouldNotBeLoaded": "Sayfa yüklenemedi. Internet bağlantınızı kontrol edip yeniden deneyin.",
    "l10n.retry": "Yeniden Dene",
    "l10n.learnMore": "Daha fazla bilgi",
    "l10n.virtualReality": "Sanal Gerçeklik",
    "l10n.tellAboutExperience": "Bize deneyiminizden söz edin",
    "l10n.suggestVirtualRealityImprovement": "Sanal Gerçeklik üzerinde yapılabilecek bir geliştirme önerin",
    "l10n.tellAboutVirtualRealityIssue": "Sanal Gerçeklik ile ilgili sorun bildirin",
    "l10n.shareBeta": "Paylaşım (beta)",
    "l10n.restart": "Yeniden Başlat",
    "l10n.doesNotMeetSpecVR": "Sanal gerçeklik oyunları için önerilen spesifikasyonlara uygun değil",
    "l10n.recommendedSpecVR": "Sanal gerçeklik oyunları için önerilen spesifikasyonlar",
    "l10n.shareShortcut": "Alt + Z",
    "l10n.featureEnabled": "{{featureName}} etkinleştirildi",
    "l10n.updateNow": "Şimdi Güncelleştir",
    "l10n.shareNotReady": "Oyun içi yer paylaşımı hazır değil",
    "l10n.featureErrorMessage": "Sisteminizi yeniden başlatmayı veya GeForce Experience'ı yeniden kurmayı deneyin. Bu işe yaramazsa, uygulama için bir yama güncellemesi bekleyin.",
    "l10n.gotItText": "Anladım",
    "l10n.gameStreamNotReady": "GameStream hazır değil",
    "l10n.loading": "Yükleniyor...",
    "l10n.openGfeInGame": "Oyun içi yer paylaşımını aç",
    "l10n.joinWeChat": "WeChat'te {{clubName}} üyesi olun!",
    "l10n.scanNvidiaNewsWeChatQrCode": "En son NVIDIA haberlerini almak için QR kodunu tarayın",
    "l10n.recentSearches": "Son Aramalar",
    "l10n.noResultsAvailable": "Sorgunuzla eşleşen herhangi bir sonuç bulunamadı.",
    "l10n.nextTip": "Sonraki İpucu",
    "l10n.achievements": "Başarılanlar",
    "l10n.noResults": "Sonuç yok",
    "l10n.noResultsSearchMessage": "Farklı anahtar sözcüklerle arama yapmayı deneyin",
    "l10n.myProfile": "Profilim (PİLOT)",
    "l10n.later": "Daha sonra",
    "l10n.updateDriver": "Sürücüyü güncelleştir",
    "l10n.driverUpdateRequired": "Sürücü güncelleştirmesi gerekiyor",
    "l10n.criticalUpdateForFeaturesOne": "{{featureOne}} için kritik güncelleştirme",
    "l10n.criticalUpdateForFeaturesTwo": "{{featureOne}} ve {{featureTwo}} için kritik güncelleştirme",
    "l10n.criticalUpdateForFeaturesThree": "{{featureOne}}, {{featureTwo}} ve {{featureThree}} için kritik güncelleştirme",
    "l10n.criticalUpdateForFeaturesFour": "{{featureOne}}, {{featureTwo}}, {{featureThree}} ve {{featureFour}} için kritik güncelleştirme",
    "l10n.criticalUpdateForFeaturesFive": "{{featureOne}}, {{featureTwo}}, {{featureThree}}, {{featureFour}} ve {{featureFive}} için kritik güncelleştirme",
    "l10n.criticalUpdateForFeaturesSix": "{{featureOne}}, {{featureTwo}}, {{featureThree}}, {{featureFour}}, {{featureFive}} ve {{featureSix}} için kritik güncelleştirme",
    "l10n.launchYourGames": "Oyunlarınızı ve uygulamalarınızı başlatın veya optimum ayarlarınızı düzenleyin.",
    "l10n.getTheLatestGrds": "Oyunlarınız ve uygulamalarınız için en son Game Ready Sürücülerini veya Studio Sürücülerini edinin.",
    "l10n.accessTheIgo": "Video, ekran resmi ve canlı akış kaydı yapmak ve paylaşmak için oyun içi yer paylaşımına erişin.",
    "l10n.joinTheCommunity": "Topluluğa katılın ve ödüller kazanın.",
    "l10n.accessClientSettings": "İstemci ayarlarına erişin, kupon kullanın ve GameStream özelliğini etkinleştirin",
    "l10n.unableToSendFeedback": "Geribildirim gönderilemiyor, bir süre sonra tekrar deneyin",
    "l10n.includeTechnicalData": "Yorumlarınızı gözden geçirmemize yardımcı olması için, PC'nizin sistem bilgileri ve hata günlükleri gibi teknik verileri de dâhil edeceğiz.",
    "l10n.configureOptions": "Yer paylaşım ayarları, deneysel özellikler ve GameStream gibi seçenekleri yapılandır.",
    "l10n.redeemCodesAndRewards": "Kodları ve ödülleri kullan",
    "l10n.privacyPolicy": "NVIDIA Gizlilik İlkesi",
    "l10n.ctaStartCountdown": "{{countdown}} içinde başlıyor",
    "l10n.ctaEndCountdown": "{{countdown}} içinde bitiyor",
    "l10n.ctaEnded": "Bitti",
    "l10n.connectionSecure": "{{provider}} hizmet sağlayıcısına bağlanmak güvenlidir",
    "l10n.informationSecure": "Kullanıcı adı ve parola gibi bilgileriniz bu siteye gönderilirken güvenliği sağlanır.",
    "l10n.viewCertificate": "Sertifikayı Görüntüle",
    "l10n.anselPhotoMode": "Ansel Fotoğraf Modu",
    "l10n.freestyle": "Freestyle Oyun Filtreleri",
    "l10n.shadowplayRecords": "ShadowPlay Kayıt ve Anında Yeniden Oynatma",
    "l10n.openForDiscussion": "Evet, NVIDIA'nın başka sorusu olursa benimle iletişime geçebilir.",
    "l10n.nvidiaGfeTitle": "NVIDIA GeForce Experience",
    "l10n.gfePartnerInfoDescription": "NVIDIA GeForce Experience, aşağıdaki kullanım şartlarına gizlilik ilkelerine tabi YouTube API Hizmetlerini kullanır:",
    "l10n.gfeYouTubeTOS": "YouTube Hizmet Kullanım Şartları",
    "l10n.gfeGoogleSecuritySettings": "Google Güvenlik Ayarları",
    "l10n.gfeGooglePrivacyPolicy": "Google Gizlilik İlkesi",
    "l10n.gfePartnerPrivacyPolicy": "Partner Gizlilik İlkeleri ve Hizmet Kullanım Şartları"
}
