{
    "l10n.home": "主页",
    "l10n.gfn": "GeForce NOW",
    "l10n.gallery": "图库",
    "l10n.gameroom": "游戏室",
    "l10n.news": "新闻",
    "l10n.search": "搜索",
    "l10n.notifications": "通知",
    "l10n.updates": "更新",
    "l10n.settings": "设置",
    "l10n.debug": "调试",
    "l10n.preferences": "首选项",
    "l10n.screenshots": "屏幕快照",
    "l10n.username": "用户名",
    "l10n.account": "账户",
    "l10n.logOut": "退出",
    "l10n.cancel": "取消",
    "l10n.continue": "继续",
    "l10n.submit": "提交",
    "l10n.back": "后退",
    "l10n.alt.nvidiaLogo": "NVIDIA 徽标",
    "l10n.optimize": "优化",
    "l10n.all": "全部",
    "l10n.more": "更多",
    "l10n.moreDots": "更多……",
    "l10n.sort": "排序",
    "l10n.filter": "筛选",
    "l10n.done": "完成",
    "l10n.skip": "跳过",
    "l10n.or": "或者",
    "l10n.gamesOptimized": "已优化 {{numGamesOptimized}} 个游戏及应用程序",
    "l10n.scanGamesProgress": "已找到 {{numGamesScanned}} 个游戏及应用程序",
    "l10n.scanGameProgress": "已找到 {{numGamesScanned}} 个游戏或应用程序",
    "l10n.noGamesFound": "未找到游戏或应用程序",
    "l10n.zeroGamesFound": "已找到 0 个游戏及应用程序",
    "l10n.nonOptimizeProgress": "{{numGamesNotOptimized}} 个游戏及应用程序未优化",
    "l10n.unhandledexception": "未处理的异常",
    "l10n.sendfeedback": "发送反馈",
    "l10n.alphabetical": "字母排序",
    "l10n.details": "详情",
    "l10n.share": "游戏内覆盖",
    "l10n.close": "关闭",
    "l10n.second": "秒",
    "l10n.seconds": "秒",
    "l10n.minute": "分钟",
    "l10n.minutes": "分钟",
    "l10n.hour": "小时",
    "l10n.hours": "小时",
    "l10n.day": "日",
    "l10n.days": "日",
    "l10n.month": "月",
    "l10n.months": "月",
    "l10n.year": "年",
    "l10n.years": "年",
    "l10n.week": "周",
    "l10n.weeks": "周",
    "l10n.edit": "编辑",
    "l10n.detail": "细节",
    "l10n.genre.other": "其他",
    "l10n.genre.actionAdventure": "动作冒险",
    "l10n.genre.action": "动作",
    "l10n.genre.adventure": "冒险",
    "l10n.genre.arcade": "游乐场",
    "l10n.genre.family": "家庭",
    "l10n.genre.fps": "第一人称射击",
    "l10n.genre.puzzle": "智力游戏",
    "l10n.genre.racing": "竞速",
    "l10n.genre.rolePlaying": "角色扮演",
    "l10n.genre.actionRPG": "动作 RPG",
    "l10n.genre.actionMMO": "动作 MMO",
    "l10n.genre.mmorpg": "MMO RPG",
    "l10n.genre.rts": "实时战略",
    "l10n.pause": "暂停",
    "l10n.volume": "音量",
    "l10n.fullscreen": "全屏",
    "l10n.mediaerror.aborted": "回放中止",
    "l10n.mediaerror.network": "下载发生错误",
    "l10n.mediaerror.decode": "解码发生错误",
    "l10n.mediaerror.notsupported": "不支持的视频类型",
    "l10n.mediaerror.generic": "无法回放",
    "l10n.allSet": "已为您准备就绪",
    "l10n.shield": "shield",
    "l10n.hr": "{{value}} 小时",
    "l10n.hrs": "{{value}} 小时",
    "l10n.aboutHrs": "约 {{value}} 小时",
    "l10n.mins": "{{value}} 分钟",
    "l10n.min": "{{value}} 分钟",
    "l10n.secs": "{{value}} 秒",
    "l10n.sec": "{{value}} 秒",
    "l10n.byte": "{{value}} 字节",
    "l10n.bytes": "{{value}} 字节",
    "l10n.mb": "{{value}} MB",
    "l10n.kb": "{{value}} KB",
    "l10n.gb": "{{value}} GB",
    "l10n.tb": "{{value}} TB",
    "l10n.send": "发送",
    "l10n.feedbackCategory": "反馈类型",
    "l10n.subCategory": "子类",
    "l10n.emailOptional": "电子邮件（可选）",
    "l10n.drivers": "驱动程序",
    "l10n.downloadDriver": "无法下载推荐的驱动程序",
    "l10n.installDriver": "无法安装推荐的驱动程序",
    "l10n.checkUpdate": "无法检查更新",
    "l10n.checkTimeLong": "检查更新时间过长",
    "l10n.downloadTimeLong": "驱动程序下载时间过长",
    "l10n.installTimeLong": "驱动程序安装时间过长",
    "l10n.driverIssue": "告诉我们一个有关图形驱动程序的问题",
    "l10n.others": "其他",
    "l10n.installIssue": "报告一个安装 GeForce Experience 的问题",
    "l10n.updateIssue": "报告一个更新 GeForce Experience 的问题",
    "l10n.translateIssue": "报告一个错误或漏掉的翻译",
    "l10n.geforceIssue": "报告一个有关 GeForce Experience 的问题",
    "l10n.shareIssue": "报告一个分享游戏时出现的问题",
    "l10n.ledIssue": "报告一个有关 LED Visualizer 的问题",
    "l10n.whatLike": "告诉我们您喜欢 GeForce Experience 的哪些方面",
    "l10n.suggestion": "为 GeForce Experience 提供一个改善建议",
    "l10n.gameDetectionAndSupport": "游戏或应用程序检测和支持",
    "l10n.gameNotFoundSupported": "未找到受支持的游戏或应用程序",
    "l10n.gameWrongDetection": "游戏或应用程序检测有误或未安装",
    "l10n.gameDuplicateDetection": "已找到相同游戏或应用程序的副本",
    "l10n.gameLaunchFail": "无法启动游戏或应用程序",
    "l10n.gameCurrentSettingsNotAvailable": "未找到当前游戏或应用程序设置",
    "l10n.gameTooLongScan": "扫描游戏及应用程序时间过长",
    "l10n.gameSupportSuggestion": "建议我们应支持的游戏或应用程序",
    "l10n.ops": "最佳设置",
    "l10n.opsMissing": "缺失推荐设置",
    "l10n.opsLowImageQuality": "图像质量过低",
    "l10n.opsLowPerformance": "每秒帧数过低",
    "l10n.opsRemoved": "推荐设置已被删除",
    "l10n.opsSuggestion": "为最佳设置提供一个改善建议",
    "l10n.shareInstantReplay": "告诉我们您的“即时重放”功能使用体验",
    "l10n.shareRecord": "告诉我们您的“录制”功能使用体验",
    "l10n.shareStream": "告诉我们您的“串流”功能使用体验",
    "l10n.shareBroadcast": "告诉我们您的“直播”功能使用体验",
    "l10n.shareImprovement": "提供改进“分享”功能的建议",
    "l10n.gameStream": "GameStream",
    "l10n.gameStreamGameIssue": "报告一个有关我添加的游戏及应用程序的问题",
    "l10n.gameStreamPairing": "无法使 SHIELD 设备与此 PC 匹配",
    "l10n.gameStreamInternet": "无法在互联网上进行串流",
    "l10n.gameStreamGameLaunch": "游戏或应用程序无法启动",
    "l10n.gameStreamController": "游戏手柄无法正常运行",
    "l10n.gameStreamSuggestion": "为 GameStream 提供一个改善建议",
    "l10n.feedbackDisableMessage": "您的反馈对我们至关重要。前往“设置” > “常规”，告诉我们您的想法。",
    "l10n.feedbackThanksMessage": "感谢您的反馈。我们正在调查。",
    "l10n.affectedGame": "受影响的游戏或应用程序",
    "l10n.location": "位置",
    "l10n.affectedGames": "受影响的游戏及应用程序",
    "l10n.noInformationAvailable": "无法获取信息！",
    "l10n.invalidYear": "请输入四位数字的年份",
    "l10n.invalidDate": "请输入有效的出生日期",
    "l10n.higherPerformance": "更高性能",
    "l10n.longerBatteryLife": "更长的电池寿命",
    "l10n.youAreOffline": "您现在处于离线状态。连接网络并重试。",
    "l10n.unableToFetchVideo": "无法获取视频，请稍后再试。",
    "l10n.launchingShareToast": "正在准备分享您的游戏精彩时刻……",
    "l10n.openShareFailure": "无法打开“分享”。",
    "l10n.somethingWrong": "出现错误。",
    "l10n.errorRestartApplication": "尝试重启 GeForce Experience。",
    "l10n.errorRestartPC": "尝试重启 PC，然后启动 GeForce Experience。",
    "l10n.errorCode": "错误代码：",
    "l10n.pageCouldNotBeLoaded": "页面无法加载。检查您的网络连接，然后重试。",
    "l10n.retry": "重试",
    "l10n.learnMore": "了解更多",
    "l10n.virtualReality": "虚拟现实",
    "l10n.tellAboutExperience": "告诉我们您的体验",
    "l10n.suggestVirtualRealityImprovement": "为“虚拟现实”功能提供一个改进建议",
    "l10n.tellAboutVirtualRealityIssue": "告诉我们有关“虚拟现实”功能的问题",
    "l10n.shareBeta": "分享（测试版）",
    "l10n.restart": "重启",
    "l10n.doesNotMeetSpecVR": "不合虚拟现实游戏的建议规格",
    "l10n.recommendedSpecVR": "虚拟现实游戏的建议规格",
    "l10n.shareShortcut": "Alt + Z",
    "l10n.featureEnabled": "“{{featureName}}”功能已启用",
    "l10n.updateNow": "立即更新",
    "l10n.shareNotReady": "游戏内覆盖未准备就绪",
    "l10n.featureErrorMessage": "尝试重新启动系统或重新安装 GeForce Experience。如果仍无法正常工作，请等待应用程序的补丁更新。",
    "l10n.gotItText": "明白了",
    "l10n.gameStreamNotReady": "“GameStream” 未准备就绪",
    "l10n.loading": "正在加载...",
    "l10n.openGfeInGame": "打开游戏内覆盖",
    "l10n.joinWeChat": "在微信上加入 {{clubName}}",
    "l10n.scanNvidiaNewsWeChatQrCode": "扫描二维码，接收最新的 NVIDIA 资讯",
    "l10n.recentSearches": "最近的搜索",
    "l10n.noResultsAvailable": "没有找到与您的查询匹配的结果。",
    "l10n.nextTip": "下一个提示",
    "l10n.achievements": "成就",
    "l10n.noResults": "无结果",
    "l10n.noResultsSearchMessage": "尝试搜索不同的关键词",
    "l10n.myProfile": "我的个人资料（飞行员）",
    "l10n.later": "稍后",
    "l10n.updateDriver": "更新驱动程序",
    "l10n.driverUpdateRequired": "需更新驱动程序",
    "l10n.criticalUpdateForFeaturesOne": "关键的 {{featureOne}} 更新",
    "l10n.criticalUpdateForFeaturesTwo": "关键的 {{featureOne}} 和 {{featureTwo}} 更新",
    "l10n.criticalUpdateForFeaturesThree": "关键的 {{featureOne}}、{{featureTwo}} 和 {{featureThree}} 更新",
    "l10n.criticalUpdateForFeaturesFour": "关键的 {{featureOne}}、{{featureTwo}}、{{featureThree}} 和 {{featureFour}} 更新",
    "l10n.criticalUpdateForFeaturesFive": "关键的 {{featureOne}}、{{featureTwo}}、{{featureThree}}、{{featureFour}} 和 {{featureFive}} 更新",
    "l10n.criticalUpdateForFeaturesSix": "关键的 {{featureOne}}、{{featureTwo}}、{{featureThree}}、{{featureFour}}、{{featureFive}} 和 {{featureSix}} 更新",
    "l10n.launchYourGames": "启动您的游戏及应用程序或编辑您的优化设置。",
    "l10n.getTheLatestGrds": "为您的游戏及应用程序安装最新的 Game Ready 驱动程序或 Studio 驱动程序。",
    "l10n.accessTheIgo": "访问游戏内重叠，以录制并分享视频、屏幕快照和实时串流。",
    "l10n.joinTheCommunity": "加入社区并赢取奖励。",
    "l10n.accessClientSettings": "访问客户的设置、兑换优惠券并启用 GameStream",
    "l10n.unableToSendFeedback": "无法发送反馈，请稍后重试。",
    "l10n.includeTechnicalData": "为了帮助我们查看您的评论，我们将自动包含技术数据，例如您的 PC 系统信息和错误日志。",
    "l10n.configureOptions": "配置选项，如覆盖设置、实验性功能和GameStream。",
    "l10n.redeemCodesAndRewards": "兑换代码和奖励",
    "l10n.privacyPolicy": "NVIDIA 隐私政策",
    "l10n.ctaStartCountdown": "于 {{countdown}} 后开始",
    "l10n.ctaEndCountdown": "于 {{countdown}} 后结束",
    "l10n.ctaEnded": "已结束",
    "l10n.connectionSecure": "{{provider}} 连接是安全的",
    "l10n.informationSecure": "用户名和密码等信息在发送到网站时是安全的。",
    "l10n.viewCertificate": "查看证书",
    "l10n.anselPhotoMode": "Ansel 照片模式",
    "l10n.freestyle": "自由乐游戏过滤器",
    "l10n.shadowplayRecords": "ShadowPlay 录制和即时重放",
    "l10n.openForDiscussion": "如果 NVIDIA 还有其他问题，可以联系我。",
    "l10n.nvidiaGfeTitle": "NVIDIA GeForce Experience",
    "l10n.gfePartnerInfoDescription": "NVIDIA GeForce Experience 使用 YouTube API 服务，该服务受以下使用条款及隐私政策规管：",
    "l10n.gfeYouTubeTOS": "YouTube 服务条款",
    "l10n.gfeGoogleSecuritySettings": "Google 安全设置",
    "l10n.gfeGooglePrivacyPolicy": "Google 隐私政策",
    "l10n.gfePartnerPrivacyPolicy": "合作伙伴隐私政策及服务条款"
}
