{
    "l10n.isAvailable": "je dostupný",
    "l10n.releaseDate": "Datum vydání:",
    "l10n.versionColon": "Verze:",
    "l10n.download": "stáhnout",
    "l10n.available": "K dispozici",
    "l10n.currentlyInstalled": "Momentálně nainstalováno",
    "l10n.customInstall": "Vlastní instalace",
    "l10n.expressInstall": "Expresní instalace",
    "l10n.installDateColon": "Datum instalace:",
    "l10n.reviews": "Recenze",
    "l10n.comments": "Komentáře",
    "l10n.highlights": "Hlavní události",
    "l10n.videoHighlights": "Hlavní události na videu",
    "l10n.downloading": "Stahování...",
    "l10n.checkforUpdates": "Zkontrolovat dostupnost aktualizací",
    "l10n.checkingforUpdates": "Probíhá kontrola aktualizací...",
    "l10n.latestGeforceUpdate": "Máte nejnovější ovladač GeForce optimalizovaný pro hry",
    "l10n.gpuAnalyzer": "Analyzátor jednotky GPU",
    "l10n.installationComplete": "Instalace dokončena",
    "l10n.installationHasFinished": "Instalace je dokončena.",
    "l10n.installationOption": "Možnosti instalace",
    "l10n.component": "Komponenta",
    "l10n.newVersion": "Nová verze",
    "l10n.currentVersion": "Současná verze",
    "l10n.performCleanInstallation": "Provést čistou instalaci",
    "l10n.cleanInstallMessage": "Čistá instalace obnoví všechna nastavení NVIDIA na výchozí hodnoty a odstraní všechny profily, které jste vytvořili",
    "l10n.install": "Instalovat",
    "l10n.finish": "Dokončit",
    "l10n.status": "Stav",
    "l10n.version": "Verze",
    "l10n.installationFail": "Instalace se nezdařila",
    "l10n.installationCompleteRestart": "Pro dokončení instalace restartuje systém.",
    "l10n.restartNow": "Restartovat",
    "l10n.restartLater": "Restartovat později",
    "l10n.installationCanNotContinue": "V instalaci nelze pokračovat",
    "l10n.restartingInSecond": "Restartování do {{num}} sekund",
    "l10n.afterRestartInstallation": "Po restartu bude instalace pokračovat.",
    "l10n.betaWithHypen": "{{name}} - BETA",
    "l10n.preparingForInstallation": "Příprava na instalaci...",
    "l10n.preparingPackage": "Příprava balíčku...",
    "l10n.installed": "Instalováno",
    "l10n.installing": "Instalování {{progressTitle}}",
    "l10n.unInstalling": "Odinstalování {{progressTitle}}",
    "l10n.notSelected": "Nevybráno",
    "l10n.failed": "Nezdařilo se",
    "l10n.paused": "Pozastaveno",
    "l10n.retrying": "Opětovný pokus",
    "l10n.driverDownloadFailed": "Ovladač se nepodařilo stáhnout",
    "l10n.downloadPausedUnableToReachNvidia": "Stahování pozastaveno, nelze se připojit k serveru NVIDIA",
    "l10n.fallbackGeforceDriverName": "Ovladač GeForce optimalizovaný pro hry",
    "l10n.unableToConnectToNvidia": "Nelze se připojit k NVIDIA",
    "l10n.downloadDiskSpace": "Stahování nemůže pokračovat, uvolněte místo na disku. Požadované místo na disku {{drive}} je {{value}}",
    "l10n.otherInstallationRunning": "Ostatní instalace běží. Dokončete ostatní instalace a poté to zkuste znovu.",
    "l10n.anErrorOccured": "Došlo k chybě.",
    "l10n.insufficientMemory": "Nedostatečná paměť (RAM). Zavřete některé programy a zkuste to znovu.",
    "l10n.extractionErrorHeader": "Došlo k chybě při extrahování balička, mohlo se to stát z následujících důvodů:",
    "l10n.extractionErrorNotEnoughSpace": "Není dostatek místa na disku. Chcete-li uvolnit místo na disku, odstraňte soubory, které již nepotřebujete.",
    "l10n.extractionErrorCorrupt": "Stáhnutý balíček je poškozen.",
    "l10n.newGfeAvailable": "Nová verze aplikace GeForce Experience je připravena k instalaci.",
    "l10n.installNewVersion": "Nainstalovat novou verzi.",
    "l10n.bestGamingExperience": "Nejlepší herní zážitek z nejžádanějších herních titulů",
    "l10n.overview": "Přehled",
    "l10n.reInstalledDriver": "Přeinstalovat ovladač",
    "l10n.optimalSettingsAvailable": "Optimální nastavení je k dispozici",
    "l10n.tryAgain": "Zkuste to znovu",
    "l10n.operatingSystemInUseNotSupported": "oužívaný operační systém není tímto balíčkem podporován. Získejte správný instalační balíček pro váš systém.",
    "l10n.noComponentToInstall": "Nejsou žádné komponenty k instalaci.",
    "l10n.requireFilesAreMissing": "Požadované soubory chybí.",
    "l10n.requireComponentMissing": "Požadované komponenty chybí.",
    "l10n.otherInstallationIsRunning": "Ostatní instalace běží. Dokončete ostatní instalace a poté zkuste znovu.",
    "l10n.systemRestartIsRequired": "Je vyžadován restart systému. Restartujte systém a zkuste znovu.",
    "l10n.installPackageCorrupt": "Instalační balíček je poškozen.",
    "l10n.diskSpaceConstraint": "Chcete-li pokračovat, uvolněte místo na disku. Požadovaný prostor: {{value}} MB disk {{drive}}",
    "l10n.foundNewWizardIsOpen": "Je spuštěn průvodce hardwarem. Instalace bude pokračovat po jeho ukončení.",
    "l10n.installIntelDriverFirst": "Nejprve musíte nainstalovat ovladač Intel®.",
    "l10n.packageCannotBeInstalledInSafeMode": "Microsoft Visual C++ Redistributable packages for Visual Studio nemůže být nainstalován v nouzovém režimu.",
    "l10n.driverIsNotCompatible": "Tento ovladač grafiky NVIDIA není kompatibilní s touto verzí Windows.",
    "l10n.graphicsHardwareNotCompatible": "Tento ovladač grafiky nemohl najít kompatibilní hardware grafiky.",
    "l10n.3dVisionDriverNotCompatible": "Aktuálně nainstalovaný ovladač řídící jednotky NVIDIA 3D Vision není kompatibilní s tímto grafickým ovladačem a bude odinstalován. Chcete-li použít NVIDIA 3D Vision, musíte nainstalovat také poslední ovladač řídící jednotky NVIDIA 3D Vision.",
    "l10n.installingOlderDriverVersion": "Instalujete starší verzi ovladače. Systém může nainstalovat novější verzi, pokud počítač je nebo není v doku.",
    "l10n.virtualAudioIsNotCompatible": "Tento Virtuální audio Miracast není kompatibilní s touto verzí Windows.",
    "l10n.viewDetails": "Zobrazit podrobnosti",
    "l10n.newGRDDriverAvailable": "Nový ovladač GeForce optimalizovaný pro hry je k dispozici",
    "l10n.extracting": "Probíhá extrahování...",
    "l10n.updateDriverToRunFeature": "Spuštění této funkce vyžaduje aktualizaci ovladače.",
    "l10n.showDriverRecommendationFor": "Vyberte si předvolbu ovladače",
    "l10n.creatorReadyDriver": "Ovladač pro studia",
    "l10n.recommendedForGameUpdates": "Poskytuje nejlepší herní zážitek",
    "l10n.recommendedForCreativeApp": "Poskytuje nejlepší zážitek při používání kreativních aplikací",
    "l10n.latestGeforceCRDUpdate": "Máte nejnovější ovladač NVIDIA pro studia",
    "l10n.newCRDDriverAvailable": "Nový ovladač NVIDIA pro studia je k dispozici",
    "l10n.clickToChangeDriverPreference": "Kliknutím změníte předvolby ovladače.",
    "l10n.gameReadyDriver": "Ovladač optimalizovaný pro hry",
    "l10n.fallbackGeforeceCrdDriverName": "Ovladač NVIDIA pro studia",
    "l10n.rollbackToLastDriver": "Vrátit zpět na poslední ovladač",
    "l10n.serverTrouble": "Litujeme, v současné chvíli se nelze připojit k serveru. Zkuste to znovu později."
}
