{
    "l10n.isAvailable": "er tilgængelig",
    "l10n.releaseDate": "Udgivelsesdato:",
    "l10n.versionColon": "Version:",
    "l10n.download": "download",
    "l10n.available": "Tilgængelig",
    "l10n.currentlyInstalled": "Installeret i øjeblikket",
    "l10n.customInstall": "Brugerdefineret installation",
    "l10n.expressInstall": "Ekspresinstallation",
    "l10n.installDateColon": "Installationsdato:",
    "l10n.reviews": "Anmeldelser",
    "l10n.comments": "Kommentarer",
    "l10n.highlights": "Højdepunkter",
    "l10n.videoHighlights": "Videohøjdepunkter",
    "l10n.downloading": "Downloader...",
    "l10n.checkforUpdates": "Se efter opdateringer",
    "l10n.checkingforUpdates": "Ser efter opdateringer...",
    "l10n.latestGeforceUpdate": "Du har den seneste GeForce spilleparate driver",
    "l10n.gpuAnalyzer": "GPU-analysator",
    "l10n.installationComplete": "Installation udført",
    "l10n.installationHasFinished": "Installation er færdig",
    "l10n.installationOption": "Installationsvalg",
    "l10n.component": "Komponent",
    "l10n.newVersion": "Ny version",
    "l10n.currentVersion": "Nuværende version",
    "l10n.performCleanInstallation": "Udfør en ren installation",
    "l10n.cleanInstallMessage": "En ren installation gendanner alle NVIDIA-indstillinger til standardværdien og fjerner eventuelle profiler, som du har oprettet",
    "l10n.install": "Installer",
    "l10n.finish": "Udfør",
    "l10n.status": "Status",
    "l10n.version": "Version",
    "l10n.installationFail": "Installation mislykkedes",
    "l10n.installationCompleteRestart": "Genstart systemet for at fuldføre installation.",
    "l10n.restartNow": "Genstart nu",
    "l10n.restartLater": "Genstart senere",
    "l10n.installationCanNotContinue": "Installation kan ikke fortsætte",
    "l10n.restartingInSecond": "Genstarter om mindre end {{num}} sekunder",
    "l10n.afterRestartInstallation": "Efter genstart, vil installation fortsætte.",
    "l10n.betaWithHypen": "{{name}} – BETA",
    "l10n.preparingForInstallation": "Forbereder til installation...",
    "l10n.preparingPackage": "Forbereder pakke ...",
    "l10n.installed": "Installeret",
    "l10n.installing": "Installerer {{progressTitle}}",
    "l10n.unInstalling": "Afinstallerer {{progressTitle}}",
    "l10n.notSelected": "Ikke valgt",
    "l10n.failed": "Mislykket",
    "l10n.paused": "Holder pause",
    "l10n.retrying": "Forsøger igen",
    "l10n.driverDownloadFailed": "Downloading af driver mislykkedes",
    "l10n.downloadPausedUnableToReachNvidia": "Pause i downloading, kan ikke få forbindelse til NVIDIA",
    "l10n.fallbackGeforceDriverName": "GeForce spilleparat driver",
    "l10n.unableToConnectToNvidia": "Kan ikke etablere forbindelse til NVIDIA",
    "l10n.downloadDiskSpace": "Downloading kan ikke fortsætte, frigør yderligere diskplads. Nødvendig plads {{value}} på disk {{drive}}",
    "l10n.otherInstallationRunning": "Andre installationer kører. Færdiggør de andre installationer, og prøv derefter igen.",
    "l10n.anErrorOccured": "Der opstod en fejl.",
    "l10n.insufficientMemory": "Utilstrækkelig hukommelse (RAM). Luk nogle programmer og prøv igen.",
    "l10n.extractionErrorHeader": "Der opstod en fejl under udvinding af pakken, det kan være sket på grund af følgende årsager:",
    "l10n.extractionErrorNotEnoughSpace": "Ikke nok diskplads. For ledig diskplads, kan du slette filer, du ikke længere har brug for.",
    "l10n.extractionErrorCorrupt": "Downloadet pakke er korrupt.",
    "l10n.newGfeAvailable": "En ny version af GeForce Experience er klar til installation.",
    "l10n.installNewVersion": "Installer ny version.",
    "l10n.bestGamingExperience": "Den bedste spilleoplevelse for sæsonens hotteste titler",
    "l10n.overview": "Oversigt",
    "l10n.reInstalledDriver": "Geninstaller driver",
    "l10n.optimalSettingsAvailable": "Optimale indstillinger tilgængelige",
    "l10n.tryAgain": "Prøv igen",
    "l10n.operatingSystemInUseNotSupported": "Det operativsystem, som er i brug, understøttes ikke af denne pakke. Indhent den korrekte pakke til dit system.",
    "l10n.noComponentToInstall": "Der er ingen komponenter at installere.",
    "l10n.requireFilesAreMissing": "Nødvendige filer mangler.",
    "l10n.requireComponentMissing": "Nødvendige komponenter mangler.",
    "l10n.otherInstallationIsRunning": "Andre installationer kører. Færdiggør de andre installationer, og prøv derefter igen.",
    "l10n.systemRestartIsRequired": "Det er nødvendigt med genstart af systemet. Genstart systemet og prøv igen.",
    "l10n.installPackageCorrupt": "Installationspakke er ødelagt.",
    "l10n.diskSpaceConstraint": "Frigør yderligere diskplads for at fortsætte. Nødvendig plads: {{value}} MB disk {{drive}}",
    "l10n.foundNewWizardIsOpen": "Hardwareguiden kører. Installation vil genoptage, når den er færdig.",
    "l10n.installIntelDriverFirst": "Du skal først installere en Intel® driver.",
    "l10n.packageCannotBeInstalledInSafeMode": "Microsoft Visual C++ Redistributable packages for Visual Studio kan ikke installeres i sikker tilstand.",
    "l10n.driverIsNotCompatible": "Denne NVIDIA-grafikdriver er ikke kompatibel med denne version af Windows.",
    "l10n.graphicsHardwareNotCompatible": "Denne grafikdriver kunne ikke finde kompatibel grafikhardware.",
    "l10n.3dVisionDriverNotCompatible": "Den driver, som er installeret i øjeblikket til NVIDIA 3D Vision Controller, er ikke kompatibel med denne grafikdriver og vil blive afinstalleret. Hvis du vil benytte NVIDIA 3D Vision, skal du også installere den nyeste driver til 3D Vision Controller.",
    "l10n.installingOlderDriverVersion": "Du installerer en ældre driverversion. Systemet installerer måske en nyere version, når computeren er docket eller ikke docket.",
    "l10n.virtualAudioIsNotCompatible": "Denne Miracast virtuel lyd er ikke kompatibel med denne version af Windows.",
    "l10n.viewDetails": "Vis detaljer",
    "l10n.newGRDDriverAvailable": "En ny GeForce spilleparat driver er tilgængelig",
    "l10n.extracting": "Udtrækker ...",
    "l10n.updateDriverToRunFeature": "Det er nødvendigt med en opdatering af driveren for at køre denne funktion.",
    "l10n.showDriverRecommendationFor": "Vælg indstillinger for din driver",
    "l10n.creatorReadyDriver": "Studiedriver",
    "l10n.recommendedForGameUpdates": "Giver den bedste spiloplevelse",
    "l10n.recommendedForCreativeApp": "Giver den bedste oplevelse med kreative apps",
    "l10n.latestGeforceCRDUpdate": "Du har den seneste NVIDIA Studiedriver",
    "l10n.newCRDDriverAvailable": "Der er en ny NVIDIA Studiedriver tilgængelig",
    "l10n.clickToChangeDriverPreference": "Klik for at ændre indstillinger for din driver.",
    "l10n.gameReadyDriver": "Spilleparat driver",
    "l10n.fallbackGeforeceCrdDriverName": "NVIDIA Studiedriver",
    "l10n.rollbackToLastDriver": "Tilbagefør til den sidste driver",
    "l10n.serverTrouble": "Beklager, men vi kan ikke etablere forbindelse til serveren i øjeblikket. Prøv igen senere."
}
