{
    "l10n.isAvailable": "ist verfügbar",
    "l10n.releaseDate": "Veröffentlichungsdatum:",
    "l10n.versionColon": "Version:",
    "l10n.download": "Herunterladen",
    "l10n.available": "Verfügbar",
    "l10n.currentlyInstalled": "Derzeit installiert",
    "l10n.customInstall": "Benutzerdefinierte Installation",
    "l10n.expressInstall": "Express-Installation",
    "l10n.installDateColon": "Datum der Installation:",
    "l10n.reviews": "Bewertungen",
    "l10n.comments": "Kommentare",
    "l10n.highlights": "Highlights",
    "l10n.videoHighlights": "Video-Highlights",
    "l10n.downloading": "Download läuft ...",
    "l10n.checkforUpdates": "Nach Updates suchen",
    "l10n.checkingforUpdates": "Aktualisierungen werden gesucht...",
    "l10n.latestGeforceUpdate": "Sie verfügen über den aktuellsten GeForce Game Ready Treiber",
    "l10n.gpuAnalyzer": "GPU-Analyse",
    "l10n.installationComplete": "Installation abgeschlossen",
    "l10n.installationHasFinished": "Die Installation wurde abgeschlossen",
    "l10n.installationOption": "Installationsoptionen",
    "l10n.component": "Komponente",
    "l10n.newVersion": "Neue Version",
    "l10n.currentVersion": "Aktuelle Version",
    "l10n.performCleanInstallation": "Neuinstallation vornehmen",
    "l10n.cleanInstallMessage": "Bei einer Neuinstallation werden alle NVIDIA Standardeinstellungen wiederhergestellt. Alle von Ihnen erstellten Profile werden dabei gelöscht.",
    "l10n.install": "Installieren",
    "l10n.finish": "Fertig stellen",
    "l10n.status": "Status",
    "l10n.version": "Version",
    "l10n.installationFail": "Installation fehlgeschlagen",
    "l10n.installationCompleteRestart": "Starten Sie das System neu, um die Installation abzuschließen.",
    "l10n.restartNow": "Jetzt neu starten",
    "l10n.restartLater": "Neustart später ausführen",
    "l10n.installationCanNotContinue": "Die Installation kann nicht fortgesetzt werden",
    "l10n.restartingInSecond": "Neustart in weniger als {{num}} Sekunden",
    "l10n.afterRestartInstallation": "Nach dem Neustart wird die Installation fortgesetzt.",
    "l10n.betaWithHypen": "{{name}} – BETA",
    "l10n.preparingForInstallation": "Installation wird vorbereitet ...",
    "l10n.preparingPackage": "Vorbereitung läuft...",
    "l10n.installed": "Installiert",
    "l10n.installing": "{{progressTitle}} wird installiert",
    "l10n.unInstalling": "{{progressTitle}} wird deinstalliert",
    "l10n.notSelected": "Nicht ausgewählt",
    "l10n.failed": "Fehler",
    "l10n.paused": "Angehalten",
    "l10n.retrying": "Neuer Versuch erfolgt",
    "l10n.driverDownloadFailed": "Treiber-Download fehlgeschlagen",
    "l10n.downloadPausedUnableToReachNvidia": "Download angehalten, NVIDIA nicht erreichbar",
    "l10n.fallbackGeforceDriverName": "GeForce Game Ready Treiber",
    "l10n.unableToConnectToNvidia": "Die Verbindung mit NVIDIA kann nicht hergestellt werden",
    "l10n.downloadDiskSpace": "Download kann nicht fortgesetzt werden, geben Sie zusätzlichen Speicherplatz auf dem Datenträger frei. Benötigt werden {{value}} auf Datenträger {{drive}}",
    "l10n.otherInstallationRunning": "Andere Installationen werden ausgeführt. Beenden Sie zuerst die anderen Installationen und versuchen Sie es dann erneut.",
    "l10n.anErrorOccured": "Es ist ein Fehler aufgetreten.",
    "l10n.insufficientMemory": "Speicher (RAM) reicht nicht aus. Schließen Sie einige Programme und versuchen Sie es noch einmal.",
    "l10n.extractionErrorHeader": "Beim Extrahieren des Pakets ist ein Fehler aufgetreten, der an den folgenden Gründen liegen könnte:",
    "l10n.extractionErrorNotEnoughSpace": "Nicht genügend Speicherplatz. Löschen Sie nicht mehr benötigte Dateien, um Speicherplatz freizugeben.",
    "l10n.extractionErrorCorrupt": "Heruntergeladenes Paket ist beschädigt.",
    "l10n.newGfeAvailable": "Eine neue Version von GeForce Experience steht zur Installation bereit.",
    "l10n.installNewVersion": "Installieren Sie die neue Version.",
    "l10n.bestGamingExperience": "Das beste Spielerlebnis für die angesagtesten Titel der Saison",
    "l10n.overview": "Übersicht",
    "l10n.reInstalledDriver": "Treiber erneut installieren",
    "l10n.optimalSettingsAvailable": "Optimale Einstellungen verfügbar",
    "l10n.tryAgain": "Erneut versuchen",
    "l10n.operatingSystemInUseNotSupported": "Das verwendete Betriebssystem wird von diesem Paket nicht unterstützt. Rufen Sie bitte das korrekte Paket für Ihr System ab.",
    "l10n.noComponentToInstall": "Es sind keine zu installierenden Komponenten vorhanden.",
    "l10n.requireFilesAreMissing": "Erforderliche Dateien fehlen.",
    "l10n.requireComponentMissing": "Erforderliche Komponenten fehlen.",
    "l10n.otherInstallationIsRunning": "Andere Installationen werden ausgeführt. Beenden Sie zuerst diese anderen Installationen und versuchen Sie dann den Vorgang erneut.",
    "l10n.systemRestartIsRequired": "Das System muss neu gestartet werden. Starten Sie das System neu und versuchen Sie den Vorgang erneut.",
    "l10n.installPackageCorrupt": "Installationspaket ist beschädigt.",
    "l10n.diskSpaceConstraint": "Geben Sie zusätzlichen Plattenspeicherplatz frei, um mit dem Vorgang fortzufahren. Erfolderlicher Platz: {{value}}-MB-Speichermedium {{drive}}",
    "l10n.foundNewWizardIsOpen": "Der Hardware-Assistent wird ausgeführt. Die Installation wird nach Beendigung des Assistenten fortgesetzt.",
    "l10n.installIntelDriverFirst": "Sie müssen zuerst einen Intel®-Treiber installieren.",
    "l10n.packageCannotBeInstalledInSafeMode": "Microsoft Visual C++ Redistributable packages for Visual Studio kann im abgesicherten Modus nicht installiert werden.",
    "l10n.driverIsNotCompatible": "Dieser NVIDIA Grafiktreiber ist mit dieser Windows-Version nicht kompatibel.",
    "l10n.graphicsHardwareNotCompatible": "Der Grafiktreiber konnte keine kompatible Grafikhardware finden.",
    "l10n.3dVisionDriverNotCompatible": "Der momentan installierte NVIDIA 3D Vision Controller-Treiber ist mit diesem Grafiktreiber nicht kompatibel und wird deinstalliert. Um NVIDIA 3D Vision zu verwenden, muss auch der neueste 3D Vision Controller-Treiber installiert werden.",
    "l10n.installingOlderDriverVersion": "Sie installieren eine ältere Treiber-Version. Das System könnte eine neuere Version installieren, wenn der Computer angedockt oder entdockt wird.",
    "l10n.virtualAudioIsNotCompatible": "Dieser Miracast Virtueller Ton ist mit dieser Windows-Version nicht kompatibel.",
    "l10n.viewDetails": "Details anzeigen",
    "l10n.newGRDDriverAvailable": "Ein neuer GeForce Game Ready Treiber ist verfügbar",
    "l10n.extracting": "Extrahieren erfolgt ...",
    "l10n.updateDriverToRunFeature": "Für die Ausführung dieser Funktion ist eine Treiberaktualisierung erforderlich.",
    "l10n.showDriverRecommendationFor": "Wählen Sie Ihre Treibereinstellungen",
    "l10n.creatorReadyDriver": "Studio-Treiber",
    "l10n.recommendedForGameUpdates": "Sorgt für ein optimales Spielerlebnis",
    "l10n.recommendedForCreativeApp": "Optimales Erlebnis für kreative Apps",
    "l10n.latestGeforceCRDUpdate": "Sie haben den neusten NVIDIA Studio-Treiber.",
    "l10n.newCRDDriverAvailable": "Ein neuer NVIDIA Studio-Treiber ist verfügbar.",
    "l10n.clickToChangeDriverPreference": "Klicken Sie, um Ihre Treibereinstellungen zu ändern.",
    "l10n.gameReadyDriver": "Game Ready Treiber",
    "l10n.fallbackGeforeceCrdDriverName": "NVIDIA Studio-Treiber",
    "l10n.rollbackToLastDriver": "Rollback auf letzte Treiberversion",
    "l10n.serverTrouble": "Leider kann zurzeit keine Verbindung zum Server hergestellt werden. Versuchen Sie es bitte zu einem späteren Zeitpunkt erneut."
}
