{
    "l10n.isAvailable": "διατίθεται",
    "l10n.releaseDate": "Ημερομηνία κυκλοφορίας:",
    "l10n.versionColon": "Έκδοση:",
    "l10n.download": "λήψη",
    "l10n.available": "Διαθέσιμο",
    "l10n.currentlyInstalled": "Εγκατεστημένα αυτή τη στιγμή",
    "l10n.customInstall": "Προσαρμοσμένη εγκατάσταση",
    "l10n.expressInstall": "Γρήγορη εγκατάσταση",
    "l10n.installDateColon": "Ημερομηνία εγκατάστασης:",
    "l10n.reviews": "Επισκοπήσεις",
    "l10n.comments": "Σχόλια",
    "l10n.highlights": "Κύρια σημεία",
    "l10n.videoHighlights": "Κύρια σημεία βίντεο",
    "l10n.downloading": "Γίνεται λήψη...",
    "l10n.checkforUpdates": "Έλεγχος για ενημερώσεις",
    "l10n.checkingforUpdates": "Γίνεται έλεγχος για ενημερωμένες εκδόσεις...",
    "l10n.latestGeforceUpdate": "Έχετε το πιο πρόσφατο πρόγραμμα οδήγησης GeForce Game Ready",
    "l10n.gpuAnalyzer": "Αναλυτής GPU",
    "l10n.installationComplete": "Η εγκατάσταση ολοκληρώθηκε",
    "l10n.installationHasFinished": "Η εγκατάσταση τελείωσε",
    "l10n.installationOption": "Επιλογές εγκατάστασης",
    "l10n.component": "Συστατικό",
    "l10n.newVersion": "Νέα έκδοση",
    "l10n.currentVersion": "Τρέχουσα έκδοση",
    "l10n.performCleanInstallation": "Εκτέλεση καθαρής εγκατάστασης",
    "l10n.cleanInstallMessage": "Μια καθαρή εγκατάσταση επαναφέρει όλες τις ρυθμίσεις NVIDIA στις προεπιλεγμένες τιμές και αφαιρεί οποιοδήποτε προφίλ έχετε δημιουργήσει",
    "l10n.install": "Εγκατάσταση",
    "l10n.finish": "Τέλος",
    "l10n.status": "Κατάσταση",
    "l10n.version": "Έκδοση",
    "l10n.installationFail": "Η εγκατάσταση απέτυχε",
    "l10n.installationCompleteRestart": "Για να ολοκληρώσετε την εγκατάσταση, επανεκκινήστε το σύστημα.",
    "l10n.restartNow": "Επανεκκίνηση τώρα",
    "l10n.restartLater": "Επανεκκίνηση αργότερα",
    "l10n.installationCanNotContinue": "Η εγκατάσταση δεν μπορεί να συνεχιστεί",
    "l10n.restartingInSecond": "Γίνεται επανεκκίνηση σε λιγότερο από {{num}} δευτερόλεπτα",
    "l10n.afterRestartInstallation": "Μετά την επανεκκίνηση, η εγκατάσταση θα συνεχίσει.",
    "l10n.betaWithHypen": "{{name}} - BETA",
    "l10n.preparingForInstallation": "Γίνεται προετοιμασία για εγκατάσταση...",
    "l10n.preparingPackage": "Γίνεται προετοιμασία πακέτου...",
    "l10n.installed": "Εγκαταστάθηκε",
    "l10n.installing": "Γίνεται εγκατάσταση του {{progressTitle}}",
    "l10n.unInstalling": "Γίνεται απεγκατάσταση του {{progressTitle}}",
    "l10n.notSelected": "Δεν έχει επιλεγεί",
    "l10n.failed": "Αποτυχία",
    "l10n.paused": "Σε παύση",
    "l10n.retrying": "Γίνεται νέα δοκιμή",
    "l10n.driverDownloadFailed": "Απέτυχε η λήψη του προγράμματος οδήγησης",
    "l10n.downloadPausedUnableToReachNvidia": "Λήψη σε παύση, δεν είναι δυνατή η επικοινωνία με την NVIDIA",
    "l10n.fallbackGeforceDriverName": "Πρόγραμμα οδήγησης GeForce Game Ready",
    "l10n.unableToConnectToNvidia": "Δεν είναι δυνατή η σύνδεση στην NVIDIA",
    "l10n.downloadDiskSpace": "Η λήψη δεν μπορεί να συνεχίσει. Πρέπει να ελευθερώσετε επιπλέον χώρο. Απαιτούνται {{value}} στο δίσκο {{drive}}",
    "l10n.otherInstallationRunning": "Εκτελούνται άλλες εγκαταστάσεις. Τελειώσετε τις άλλες εγκαταστάσεις και μετά δοκιμάστε ξανά.",
    "l10n.anErrorOccured": "Προέκυψε σφάλμα.",
    "l10n.insufficientMemory": "Ανεπαρκής μνήμη (RAM). Κλείστε μερικά προγράμματα και δοκιμάστε ξανά.",
    "l10n.extractionErrorHeader": "Προέκυψε σφάλμα κατά την εξαγωγή του πακέτου.  Αυτό μπορεί να συνέβη εξαιτίας των παρακάτω λόγων:",
    "l10n.extractionErrorNotEnoughSpace": "Δεν υπάρχει αρκετός χώρος στο δίσκο.  Για να ελευθερώσετε επιπλέον χώρο διαγράψτε αρχεία που δεν χρειάζεστε.",
    "l10n.extractionErrorCorrupt": "Το πακέτο που λήφθηκε είναι κατεστραμμένο.",
    "l10n.newGfeAvailable": "Μια νέα έκδοση του GeForce Experience είναι έτοιμη για εγκατάσταση.",
    "l10n.installNewVersion": "Εγκαταστήστε νέα έκδοση.",
    "l10n.bestGamingExperience": "Καλύτερη εμπειρία παιχνιδιού για τους πιο καυτούς τίτλους της σεζόν",
    "l10n.overview": "Σύνοψη",
    "l10n.reInstalledDriver": "Νέα εγκατάσταση προγράμματος οδήγησης",
    "l10n.optimalSettingsAvailable": "Οι βέλτιστες ρυθμίσεις είναι διαθέσιμες",
    "l10n.tryAgain": "Δοκιμάστε ξανά",
    "l10n.operatingSystemInUseNotSupported": "Το λειτουργικό σύστημα που χρησιμοποιείται δεν υποστηρίζεται από αυτό το πακέτο. Λάβετε το σωστό πακέτο για το σύστημά σας.",
    "l10n.noComponentToInstall": "Δεν υπάρχουν συστατικά στοιχεία για εγκατάσταση.",
    "l10n.requireFilesAreMissing": "Λείπουν απαιτούμενα αρχεία.",
    "l10n.requireComponentMissing": "Λείπουν απαιτούμενα συστατικά στοιχεία.",
    "l10n.otherInstallationIsRunning": "Εκτελούνται άλλες εγκαταστάσεις. Τελειώσετε τις άλλες εγκαταστάσεις και μετά δοκιμάστε ξανά.",
    "l10n.systemRestartIsRequired": "Απαιτείται επανεκκίνηση συστήματος. Επανεκκινήστε το σύστημα και δοκιμάστε ξανά.",
    "l10n.installPackageCorrupt": "Το πακέτο εγκατάστασης είναι κατεστραμμένο.",
    "l10n.diskSpaceConstraint": "Για συνέχεια, ελευθερώστε πρόσθετο χώρο στο δίσκο. Απαιτούμενος χώρος: Δίσκος {{value}} MB {{drive}}",
    "l10n.foundNewWizardIsOpen": "Ο οδηγός υλισμικού βρίσκεται σε λειτουργία. Η εγκατάσταση θα συνεχιστεί μόλις αυτός τελειώσει.",
    "l10n.installIntelDriverFirst": "Πρέπει πρώτα να εγκαταστήσετε πρόγραμμα οδήγησης Intel®.",
    "l10n.packageCannotBeInstalledInSafeMode": "Δεν είναι δυνατή η εγκατάσταση Microsoft Visual C++ Redistributable packages for Visual Studio σε ασφαλή λειτουργία.",
    "l10n.driverIsNotCompatible": "Αυτό το πρόγραμμα οδήγησης γραφικών NVIDIA δεν είναι συμβατό με αυτή την έκδοση των Windows.",
    "l10n.graphicsHardwareNotCompatible": "Αυτό το πρόγραμμα οδήγησης γραφικών δεν είναι δυνατό να βρει συμβατό υλισμικό γραφικών.",
    "l10n.3dVisionDriverNotCompatible": "Το πρόγραμμα οδήγησης ελεγκτή NVIDIA 3D Vision που είναι εγκατεστημένο αυτή τη στιγμή δεν είναι συμβατό με αυτό το πρόγραμμα οδήγησης γραφικών και θα καταργηθεί η εγκατάστασή του. Για να χρησιμοποιήσετε το NVIDIA 3D Vision, πρέπει να εγκαταστήσετε και το πιο πρόσφατο πρόγραμμα οδήγησης ελεγκτή 3D Vision.",
    "l10n.installingOlderDriverVersion": "Εγκαθιστάτε μια παλαιότερη έκδοση του προγράμματος οδήγησης. Το σύστημα μπορεί να εγκαταστήσει μια νεότερη έκδοση όταν ο υπολογιστής βρίσκεται στη βάση του ή δεν βρίσκεται στη βάση του.",
    "l10n.virtualAudioIsNotCompatible": "Αυτό το Εικονικός ήχος Miracast δεν είναι συμβατό με αυτή την έκδοση των Windows.",
    "l10n.viewDetails": "Προβολή λεπτομερειών",
    "l10n.newGRDDriverAvailable": "Ένα νέο πρόγραμμα οδήγησης GeForce Game Ready είναι διαθέσιμο",
    "l10n.extracting": "Εξαγωγή...",
    "l10n.updateDriverToRunFeature": "Απαιτείται ενημέρωση προγράμματος οδήγησης για την εκτέλεση αυτής της δυνατότητας.",
    "l10n.showDriverRecommendationFor": "Επιλέξτε την προτίμησή σας για πρόγραμμα οδήγησης",
    "l10n.creatorReadyDriver": "Πρόγραμμα οδήγησης Studio",
    "l10n.recommendedForGameUpdates": "Παρέχει την καλύτερη εμπειρία παιχνιδιού",
    "l10n.recommendedForCreativeApp": "Παρέχει την καλύτερη εμπειρία για δημιουργικές εφαρμογές",
    "l10n.latestGeforceCRDUpdate": "Έχετε το πιο πρόσφατο πρόγραμμα οδήγησης NVIDIA Studio",
    "l10n.newCRDDriverAvailable": "Ένα νέο πρόγραμμα οδήγησης NVIDIA Studio είναι διαθέσιμο",
    "l10n.clickToChangeDriverPreference": "Κάντε κλικ για να αλλάξετε τις προτιμήσεις σας για το πρόγραμμα οδήγησης.",
    "l10n.gameReadyDriver": "Πρόγραμμα οδήγησης Game Ready",
    "l10n.fallbackGeforeceCrdDriverName": "Πρόγραμμα οδήγησης NVIDIA Studio",
    "l10n.rollbackToLastDriver": "Επαναφορά στο τελευταίο πρόγραμμα οδήγησης",
    "l10n.serverTrouble": "Λυπούμαστε, δεν είναι δυνατή η σύνδεση με τον διακομιστή αυτή τη στιγμή. Δοκιμάστε ξανά αργότερα."
}
