{
    "l10n.isAvailable": "está disponible",
    "l10n.releaseDate": "Fecha de la versión:",
    "l10n.versionColon": "Versión:",
    "l10n.download": "descargar",
    "l10n.available": "Disponible",
    "l10n.currentlyInstalled": "Instalado actualmente",
    "l10n.customInstall": "Instalación personalizada",
    "l10n.expressInstall": "Instalación rápida",
    "l10n.installDateColon": "Fecha de instalación:",
    "l10n.reviews": "Reseñas",
    "l10n.comments": "Comentarios",
    "l10n.highlights": "Destacados",
    "l10n.videoHighlights": "Vídeos destacados",
    "l10n.downloading": "Descargando...",
    "l10n.checkforUpdates": "Buscar actualizaciones",
    "l10n.checkingforUpdates": "Buscando actualizaciones...",
    "l10n.latestGeforceUpdate": "Tiene los controladores Game Ready de GeForce más recientes",
    "l10n.gpuAnalyzer": "Analizador de GPU",
    "l10n.installationComplete": "Instalación completa",
    "l10n.installationHasFinished": "La instalación ha terminado",
    "l10n.installationOption": "Opciones de instalación",
    "l10n.component": "Componente",
    "l10n.newVersion": "Nueva versión",
    "l10n.currentVersion": "Versión actual",
    "l10n.performCleanInstallation": "Realizar una instalación correcta",
    "l10n.cleanInstallMessage": "Una instalación correcta restaura todos los valores de configuración de NVIDIA a los predeterminados y elimina cualquier perfil que haya creado.",
    "l10n.install": "Instalar",
    "l10n.finish": "Terminar",
    "l10n.status": "Estado",
    "l10n.version": "Versión",
    "l10n.installationFail": "Error al instalar",
    "l10n.installationCompleteRestart": "Para completar la instalación, reinicie el sistema.",
    "l10n.restartNow": "Reiniciar ahora",
    "l10n.restartLater": "Reiniciar más tarde",
    "l10n.installationCanNotContinue": "La instalación no puede continuar",
    "l10n.restartingInSecond": "Reiniciando en menos de {{num}} segundos",
    "l10n.afterRestartInstallation": "Después de reiniciar, continuará la instalación.",
    "l10n.betaWithHypen": "{{name}} - BETA",
    "l10n.preparingForInstallation": "Preparando la instalación...",
    "l10n.preparingPackage": "Preparando el paquete...",
    "l10n.installed": "Instalado",
    "l10n.installing": "Instalando {{progressTitle}}",
    "l10n.unInstalling": "Desinstalando {{progressTitle}}",
    "l10n.notSelected": "Sin seleccionar",
    "l10n.failed": "Error",
    "l10n.paused": "Pausado",
    "l10n.retrying": "Intentándolo de nuevo",
    "l10n.driverDownloadFailed": "Error al descargar controlador",
    "l10n.downloadPausedUnableToReachNvidia": "Descarga pausada, no se puede contactar con NVIDIA",
    "l10n.fallbackGeforceDriverName": "Controladores Game Ready de GeForce",
    "l10n.unableToConnectToNvidia": "No se puede conectar con NVIDIA",
    "l10n.downloadDiskSpace": "La descarga no puede continuar; libere espacio en el disco. Se necesitan {{value}} en el disco {{drive}}",
    "l10n.otherInstallationRunning": "Otras instalaciones se están ejecutando. Finalice las otras instalaciones e inténtelo de nuevo.",
    "l10n.anErrorOccured": "Se ha producido un error.",
    "l10n.insufficientMemory": "Memoria insuficiente (RAM). Cierre algunos programas e inténtelo de nuevo.",
    "l10n.extractionErrorHeader": "Ha ocurrido un error durante la extracción del paquete, por una de las siguientes razones:",
    "l10n.extractionErrorNotEnoughSpace": "No hay suficiente espacio en el disco. Para liberar espacio en el disco, elimine archivos que no necesite.",
    "l10n.extractionErrorCorrupt": "El paquete descargado está dañado.",
    "l10n.newGfeAvailable": "Hay una nueva versión de GeForce Experience lista para instalar.",
    "l10n.installNewVersion": "Instalar nueva versión.",
    "l10n.bestGamingExperience": "Mejor experiencia de juego para los títulos más populares de la temporada",
    "l10n.overview": "Descripción general",
    "l10n.reInstalledDriver": "Reinstalar controlador",
    "l10n.optimalSettingsAvailable": "Existe una configuración óptima",
    "l10n.tryAgain": "Inténtelo de nuevo",
    "l10n.operatingSystemInUseNotSupported": "El sistema operativo que se está utilizando no es compatible con este paquete. Obtenga el paquete correcto para su sistema.",
    "l10n.noComponentToInstall": "No hay componentes para instalar.",
    "l10n.requireFilesAreMissing": "Faltan archivos necesarios.",
    "l10n.requireComponentMissing": "Faltan componentes necesarios.",
    "l10n.otherInstallationIsRunning": "Otras instalaciones se están ejecutando. Finalizar las otras instalaciones e intentar de nuevo.",
    "l10n.systemRestartIsRequired": "Hay que reiniciar el sistema. Reiniciar el sistema e intentar de nuevo.",
    "l10n.installPackageCorrupt": "El paquete de instalación está dañado.",
    "l10n.diskSpaceConstraint": "Para continuar, libere más espacio libre en el disco. Espacio necesario: Disco de {{value}} MB {{drive}}",
    "l10n.foundNewWizardIsOpen": "El asistente del hardware se está ejecutando. La instalación continuará cuando haya terminado.",
    "l10n.installIntelDriverFirst": "Debe instalar primero un controlador de Intel®.",
    "l10n.packageCannotBeInstalledInSafeMode": "Microsoft Visual C++ Redistributable packages for Visual Studio no puede instalarse en el modo seguro.",
    "l10n.driverIsNotCompatible": "Este controlador gráfico de NVIDIA no es compatible con esta versión de Windows.",
    "l10n.graphicsHardwareNotCompatible": "Este controlador gráfico no pudo encontrar hardware gráfico compatible.",
    "l10n.3dVisionDriverNotCompatible": "El controlador de NVIDIA 3D Vision instalado actualmente no es compatible con este controlador gráfico y será desinstalado. Para utilizar NVIDIA 3D Vision, también debe instalar el controlador más reciente de 3D Vision.",
    "l10n.installingOlderDriverVersion": "Está instalando una versión anterior del instalador. El sistema puede instalar una versión más reciente cuando el equipo esté conectado o desconectado.",
    "l10n.virtualAudioIsNotCompatible": "Este Audio virtual Miracast no es compatible con esta versión de Windows.",
    "l10n.viewDetails": "Ver detalles",
    "l10n.newGRDDriverAvailable": "Hay disponibles nuevos controladores Game Ready de GeForce",
    "l10n.extracting": "Extrayendo...",
    "l10n.updateDriverToRunFeature": "Es necesario actualizar el controlador para que esta característica funcione.",
    "l10n.showDriverRecommendationFor": "Seleccione su preferencia de controlador",
    "l10n.creatorReadyDriver": "Controlador Studio",
    "l10n.recommendedForGameUpdates": "Proporciona la mejor experiencia de juego",
    "l10n.recommendedForCreativeApp": "Proporciona la mejor experiencia para aplicaciones creativas",
    "l10n.latestGeforceCRDUpdate": "Tiene el controlador Studio de NVIDIA más reciente",
    "l10n.newCRDDriverAvailable": "Hay disponible un nuevo controlador Studio de NVIDIA",
    "l10n.clickToChangeDriverPreference": "Haga clic para cambiar las preferencias de su controlador.",
    "l10n.gameReadyDriver": "Controladores Game Ready",
    "l10n.fallbackGeforeceCrdDriverName": "Controlador Studio de NVIDIA",
    "l10n.rollbackToLastDriver": "Revertir al último controlador",
    "l10n.serverTrouble": "No es posible conectar con el servidor en este momento. Inténtelo de nuevo más tarde."
}
