{
    "l10n.isAvailable": "on käytettävissä",
    "l10n.releaseDate": "Julkaisupäivä:",
    "l10n.versionColon": "Versio:",
    "l10n.download": "lataa",
    "l10n.available": "Käytettävissä",
    "l10n.currentlyInstalled": "Asennettu nyt",
    "l10n.customInstall": "Mukautettu asennus",
    "l10n.expressInstall": "Pika-asennus",
    "l10n.installDateColon": "Asennuspäivä:",
    "l10n.reviews": "Arvostelut",
    "l10n.comments": "Kommentit",
    "l10n.highlights": "Kohokohdat",
    "l10n.videoHighlights": "Videon kohokohdat",
    "l10n.downloading": "Ladataan...",
    "l10n.checkforUpdates": "Tarkista, onko päivityksiä",
    "l10n.checkingforUpdates": "Päivityksiä tarkastetaan...",
    "l10n.latestGeforceUpdate": "Sinulla on viimeisin GeForce-pelivalmisajuri",
    "l10n.gpuAnalyzer": "Grafiikkasuorittimen analysoija",
    "l10n.installationComplete": "Asennus valmis",
    "l10n.installationHasFinished": "Asennus on päättynyt",
    "l10n.installationOption": "Asennusvaihtoehdot",
    "l10n.component": "Komponentti",
    "l10n.newVersion": "Uusi versio",
    "l10n.currentVersion": "Nykyinen versio",
    "l10n.performCleanInstallation": "Suorita puhdas asennus",
    "l10n.cleanInstallMessage": "Puhdas asennus palauttaa kaikki NVIDIA-asetukset oletusarvoihin ja poistaa luodut profiilit",
    "l10n.install": "Asenna",
    "l10n.finish": "Valmis",
    "l10n.status": "Tila",
    "l10n.version": "Versio",
    "l10n.installationFail": "Asennus epäonnistui",
    "l10n.installationCompleteRestart": "Suorita asennus loppuun käynnistämällä järjestelmä uudelleen.",
    "l10n.restartNow": "Käynnistä nyt",
    "l10n.restartLater": "Käynnistä myöhemmin",
    "l10n.installationCanNotContinue": "Asennus ei voi jatkua",
    "l10n.restartingInSecond": "Käynnistetään uudelleen {{num}} sekunnin kuluttua",
    "l10n.afterRestartInstallation": "Asennus jatkuu uudelleenkäynnistyksen jälkeen.",
    "l10n.betaWithHypen": "{{name}} - BEETA",
    "l10n.preparingForInstallation": "Valmistelee asennusta...",
    "l10n.preparingPackage": "Valmistelee pakettia...",
    "l10n.installed": "Asennettu",
    "l10n.installing": "Asennetaan {{progressTitle}}",
    "l10n.unInstalling": "Poistetaan asennusta {{progressTitle}}",
    "l10n.notSelected": "Ei valittu",
    "l10n.failed": "Epäonnistui",
    "l10n.paused": "Keskeytetty",
    "l10n.retrying": "Yrittää uudelleen",
    "l10n.driverDownloadFailed": "Ohjaimen lataus epäonnistui",
    "l10n.downloadPausedUnableToReachNvidia": "Lataus keskeytetty, ei saa yhteyttä NVIDIAan",
    "l10n.fallbackGeforceDriverName": "GeForce-pelivalmiusajuri",
    "l10n.unableToConnectToNvidia": "Ei voinut luoda yhteyttä NVIDIAan",
    "l10n.downloadDiskSpace": "Latausta ei voi jatkaa, vapauta lisää levytilaa. Vaadittu tila on {{value}} levyllä {{drive}}",
    "l10n.otherInstallationRunning": "Muita asennuksia on käytössä. Lopeta muut asennukset ja yritä uudelleen.",
    "l10n.anErrorOccured": "Tapahtui virhe.",
    "l10n.insufficientMemory": "Muisti ei riitä (RAM). Sulje joitakin ohjelmia ja yritä uudelleen.",
    "l10n.extractionErrorHeader": "Pakettia purkaessa tapahtui virhe. Se voi johtua seuraavista syistä:",
    "l10n.extractionErrorNotEnoughSpace": "Levytilaa ei ole tarpeeksi. Poista tiedostoja, joita et enää tarvitse, jotta saat lisää levytilaa.",
    "l10n.extractionErrorCorrupt": "Ladattu paketti on vioittunut.",
    "l10n.newGfeAvailable": "Uusi versio GeForce Experiencestä on valmis asennettavaksi.",
    "l10n.installNewVersion": "Asenna uusi versio.",
    "l10n.bestGamingExperience": "Paras pelikokemus kauden suosituimmille peleille",
    "l10n.overview": "Yleiskatsaus",
    "l10n.reInstalledDriver": "Asenna ohjain uudelleen",
    "l10n.optimalSettingsAvailable": "Optimaaliset asetukset käytettävissä",
    "l10n.tryAgain": "Yritä uudelleen",
    "l10n.operatingSystemInUseNotSupported": "Tämä pakkaus ei tue käytössä olevaa käyttöjärjestelmää. Hanki oikea pakkaus järjestelmää varten.",
    "l10n.noComponentToInstall": "Ei asennettavia komponentteja.",
    "l10n.requireFilesAreMissing": "Vaaditut tiedostot puuttuvat.",
    "l10n.requireComponentMissing": "Vaaditut komponentit puuttuvat.",
    "l10n.otherInstallationIsRunning": "Muita asennuksia on käytössä. Lopeta muut asennukset ja yritä uudelleen.",
    "l10n.systemRestartIsRequired": "Järjestelmä on käynnistettävä uudelleen. Käynnistä järjestelmä uudelleen ja yritä uudelleen.",
    "l10n.installPackageCorrupt": "Asennuspaketti on vahingoittunut.",
    "l10n.diskSpaceConstraint": "Jos haluat jatkaa, vapauta lisää levytilaa. Tarvittava tila: {{value}} Mt:n levy {{drive}}",
    "l10n.foundNewWizardIsOpen": "Laitteiston ohjattu toiminto on käynnissä. Asennusta jatketaan, kun toiminto on suoritettu loppuun.",
    "l10n.installIntelDriverFirst": "Intel®-ohjain on asennettava ensin.",
    "l10n.packageCannotBeInstalledInSafeMode": "Microsoft Visual C++ Redistributable packages for Visual Studio -ohjelmaa ei voi asentaa vikasietotilassa.",
    "l10n.driverIsNotCompatible": "Tämä NVIDIA-grafiikkaohjain ei ole yhteensopiva tämän Windows-version kanssa.",
    "l10n.graphicsHardwareNotCompatible": "Este controlador de gráficos no pudo encontrar hardware gráfico compatible.",
    "l10n.3dVisionDriverNotCompatible": "Tietokoneeseen asennettu NVIDIA 3D Vision -ohjain ei ole yhteensopiva tämän grafiikkaohjaimen kanssa ja sen asennus poistetaan. Jotta voisit käyttää NVIDIA 3D Visionia, sinun on asennettava myös viimeisin 3D Vision -ohjain.",
    "l10n.installingOlderDriverVersion": "Asennat vanhempaa ohjainversiota. Tämä järjestelmä voi asentaa uudemman version, kun tietokone on telakoitu tai poistettu telakasta.",
    "l10n.virtualAudioIsNotCompatible": "Tämä Miracast- virtuaalinen audio ei ole yhteensopiva tämän Windows-version kanssa.",
    "l10n.viewDetails": "Näytä tiedot",
    "l10n.newGRDDriverAvailable": "Uusi GeForcepelivalmiusajuri on saatavilla",
    "l10n.extracting": "Puretaan...",
    "l10n.updateDriverToRunFeature": "Ohjain on päivitettävä, jotta tämä toiminto toimisi.",
    "l10n.showDriverRecommendationFor": "Valitse ajurin valinnat",
    "l10n.creatorReadyDriver": "Studio-ohjain",
    "l10n.recommendedForGameUpdates": "Tarjoaa parhaan pelikokemuksen",
    "l10n.recommendedForCreativeApp": "Tarjoaa parhaan kokemuksen luovia sovelluksia käytettäessä",
    "l10n.latestGeforceCRDUpdate": "Sinulla on viimeisin NVIDIA Studio-ohjain",
    "l10n.newCRDDriverAvailable": "Uusi NVIDIA Studio-ohjain on saatavilla",
    "l10n.clickToChangeDriverPreference": "Vaihda ajurin valintoja napsauttamalla tätä.",
    "l10n.gameReadyDriver": "Pelausvalmisajuri",
    "l10n.fallbackGeforeceCrdDriverName": "NVIDIA Studio-ohjain",
    "l10n.rollbackToLastDriver": "Palauta viimeisin ohjain",
    "l10n.serverTrouble": "Pahoittelut, yhteyden muodostaminen palvelimeen ei onnistu tällä hetkellä. Yritä myöhemmin uudelleen."
}
