{
    "l10n.isAvailable": "est disponible",
    "l10n.releaseDate": "Date de la version :",
    "l10n.versionColon": "Version :",
    "l10n.download": "télécharger",
    "l10n.available": "Disponible",
    "l10n.currentlyInstalled": "Actuellement installé",
    "l10n.customInstall": "Installation personnalisée",
    "l10n.expressInstall": "Installation rapide",
    "l10n.installDateColon": "Date d'installation :",
    "l10n.reviews": "Avis",
    "l10n.comments": "Remarques",
    "l10n.highlights": "Extraits",
    "l10n.videoHighlights": "Extraits vidéo",
    "l10n.downloading": "Téléchargement en cours...",
    "l10n.checkforUpdates": "Vérifier s'il existe des mises à jour",
    "l10n.checkingforUpdates": "Vérification en cours d'éventuelles mises à jour...",
    "l10n.latestGeforceUpdate": "Vous possédez le dernier pilote GeForce Game Ready",
    "l10n.gpuAnalyzer": "Analyseur de GPU",
    "l10n.installationComplete": "Installation terminée",
    "l10n.installationHasFinished": "L'installation est terminée.",
    "l10n.installationOption": "Options d'installation",
    "l10n.component": "Composant",
    "l10n.newVersion": "Nouvelle version",
    "l10n.currentVersion": "Version actuelle",
    "l10n.performCleanInstallation": "Effectuer une nouvelle installation",
    "l10n.cleanInstallMessage": "Une nouvelle installation restaure les paramètres NVIDIA avec les valeurs par défaut et supprime tout profil que vous avez créé.",
    "l10n.install": "Installer",
    "l10n.finish": "Terminer",
    "l10n.status": "État",
    "l10n.version": "Version",
    "l10n.installationFail": "Installation échouée",
    "l10n.installationCompleteRestart": "Pour terminer l'installation, redémarrez l'ordinateur.",
    "l10n.restartNow": "Redémarrer maintenant",
    "l10n.restartLater": "Redémarrer plus tard",
    "l10n.installationCanNotContinue": "L'installation ne peut pas se poursuivre",
    "l10n.restartingInSecond": "Redémarrage dans moins de {{num}} secondes.",
    "l10n.afterRestartInstallation": "Après le redémarrage, l'installation se poursuivra.",
    "l10n.betaWithHypen": "{{name}} - BÊTA",
    "l10n.preparingForInstallation": "Préparation de l'installation...",
    "l10n.preparingPackage": "Préparation...",
    "l10n.installed": "Installé",
    "l10n.installing": "Installation de {{progressTitle}}...",
    "l10n.unInstalling": "Désinstallation de {{progressTitle}}...",
    "l10n.notSelected": "Non sélectionné",
    "l10n.failed": "Échec",
    "l10n.paused": "Pause",
    "l10n.retrying": "Nouvelle tentative",
    "l10n.driverDownloadFailed": "Téléchargement du pilote échoué",
    "l10n.downloadPausedUnableToReachNvidia": "Téléchargement interrompu, impossible d'atteindre NVIDIA",
    "l10n.fallbackGeforceDriverName": "Pilote GeForce Game Ready",
    "l10n.unableToConnectToNvidia": "Impossible d'établir la connexion à NVIDIA",
    "l10n.downloadDiskSpace": "Le téléchargement ne peut pas se poursuivre, veuillez libérer de l’espace disque supplémentaire. Vous devez disposer de {{value}} d'espace libre sur le disque {{drive}}.",
    "l10n.otherInstallationRunning": "D'autres installations sont en cours d'exécution. Terminez les autres installations et réessayez.",
    "l10n.anErrorOccured": "Une erreur s'est produite.",
    "l10n.insufficientMemory": "Mémoire insuffisante (RAM) fermez des programmes et réessayez.",
    "l10n.extractionErrorHeader": "Une erreur s'est produite lors de l'extraction du package. Elle a pu se produire pour les raisons suivantes :",
    "l10n.extractionErrorNotEnoughSpace": "Espace disque insuffisant. Pour libérer de l'espace, supprimez des fichiers dont vous n'avez plus besoin.",
    "l10n.extractionErrorCorrupt": "Le package téléchargé est endommagé.",
    "l10n.newGfeAvailable": "Une nouvelle version de GeForce Experience est prête pour l'installation.",
    "l10n.installNewVersion": "Installer la nouvelle version.",
    "l10n.bestGamingExperience": "Confort de jeu optimal avec les meilleurs titres tendances de la saison",
    "l10n.overview": "Vue d'ensemble",
    "l10n.reInstalledDriver": "Réinstaller le pilote",
    "l10n.optimalSettingsAvailable": "Paramètres optimaux disponibles",
    "l10n.tryAgain": "Réessayer",
    "l10n.operatingSystemInUseNotSupported": "Le système d'exploitation utilisé n'est pas pris en charge par cette version. Procurez-vous la version correcte pour votre système.",
    "l10n.noComponentToInstall": "Il n'y a aucun composant à installer.",
    "l10n.requireFilesAreMissing": "Les fichiers indispensables sont absents.",
    "l10n.requireComponentMissing": "Les composants nécessaires sont absents.",
    "l10n.otherInstallationIsRunning": "D'autres installations sont en cours d'exécution. Terminez les autres installations et réessayez.",
    "l10n.systemRestartIsRequired": "Le redémarrage du système est nécessaire. Redémarrez le système et réessayez.",
    "l10n.installPackageCorrupt": "Le programme d'installation est endommagé.",
    "l10n.diskSpaceConstraint": "Pour continuer, libérez de l’espace disque supplémentaire. Espace nécessaire : {{value}} Mo sur le disque {{drive}}",
    "l10n.foundNewWizardIsOpen": "L'assistant matériel est en cours d'exécution. L'installation reprendra lorsqu'il aura terminé.",
    "l10n.installIntelDriverFirst": "Vous devez d'abord installer un pilote Intel®.",
    "l10n.packageCannotBeInstalledInSafeMode": "Microsoft Visual C++ Redistributable packages for Visual Studio ne peut pas être installé en mode sans échec.",
    "l10n.driverIsNotCompatible": "Ce pilote graphique NVIDIA n'est pas compatible avec cette version de Windows.",
    "l10n.graphicsHardwareNotCompatible": "Ce pilote graphique n'a pas trouvé de matériel graphique compatible.",
    "l10n.3dVisionDriverNotCompatible": "Le pilote du contrôleur NVIDIA 3D Vision actuellement installé n'est pas compatible avec ce pilote graphique ; il va être désinstallé. Pour utiliser NVIDIA 3D Vision, vous devez également installer le pilote du contrôleur 3D Vision le plus récent.",
    "l10n.installingOlderDriverVersion": "Vous installez une version antérieure du pilote. Le système peut installer une version plus récente lorsque vous ancrez ou détachez le système..",
    "l10n.virtualAudioIsNotCompatible": "Ce Son virtuel Miracast n'est pas compatible avec cette version de Windows.",
    "l10n.viewDetails": "Afficher les détails",
    "l10n.newGRDDriverAvailable": "Un nouveau pilote GeForce Game Ready est disponible",
    "l10n.extracting": "Extraction…",
    "l10n.updateDriverToRunFeature": "Une mise à jour du pilote est requise pour exécuter cette fonctionnalité.",
    "l10n.showDriverRecommendationFor": "Choisissez vos préférences de pilote",
    "l10n.creatorReadyDriver": "Pilote Studio",
    "l10n.recommendedForGameUpdates": "Un confort de jeu optimal",
    "l10n.recommendedForCreativeApp": "Un confort d'utilisation optimal dans les applications créatives",
    "l10n.latestGeforceCRDUpdate": "Vous possédez le dernier pilote NVIDIA Studio",
    "l10n.newCRDDriverAvailable": "Un nouveau pilote NVIDIA Studio est disponible",
    "l10n.clickToChangeDriverPreference": "Cliquez ici pour modifier vos préférences de pilote.",
    "l10n.gameReadyDriver": "Pilote Game Ready",
    "l10n.fallbackGeforeceCrdDriverName": "Pilote NVIDIA Studio",
    "l10n.rollbackToLastDriver": "Restaurer le dernier pilote",
    "l10n.serverTrouble": "Désolé, la connexion au serveur est impossible pour le moment. Veuillez réessayer ultérieurement."
}
