{
    "l10n.isAvailable": "が入手可能です",
    "l10n.releaseDate": "リリース日:",
    "l10n.versionColon": "バージョン:",
    "l10n.download": "ダウンロード",
    "l10n.available": "利用可能",
    "l10n.currentlyInstalled": "現在インストール済み",
    "l10n.customInstall": "カスタム インストール",
    "l10n.expressInstall": "エクスプレス インストール",
    "l10n.installDateColon": "インストール日：",
    "l10n.reviews": "レビュー",
    "l10n.comments": "コメント",
    "l10n.highlights": "ハイライト",
    "l10n.videoHighlights": "ビデオ ハイライト",
    "l10n.downloading": "ダウンロードしています...",
    "l10n.checkforUpdates": "更新プログラムの確認",
    "l10n.checkingforUpdates": "更新をチェックしています...",
    "l10n.latestGeforceUpdate": "最新の GeForce Game Ready ドライバです",
    "l10n.gpuAnalyzer": "GPU アナライザー",
    "l10n.installationComplete": "インストールが完了しました",
    "l10n.installationHasFinished": "インストールが完了しました。",
    "l10n.installationOption": "インストール オプション",
    "l10n.component": "コンポーネント",
    "l10n.newVersion": "新バージョン",
    "l10n.currentVersion": "現在のバージョン",
    "l10n.performCleanInstallation": "クリーン インストールの実行",
    "l10n.cleanInstallMessage": "クリーン インストールを実行すると、すべての NVIDIA 設定が既定値に戻り、作成したプロファイルはすべて削除されます。",
    "l10n.install": "インストール",
    "l10n.finish": "完了",
    "l10n.status": "状況",
    "l10n.version": "バージョン",
    "l10n.installationFail": "インストールに失敗しました",
    "l10n.installationCompleteRestart": "インストールを完了するには、システムを再起動してください。",
    "l10n.restartNow": "今すぐ再起動する",
    "l10n.restartLater": "後で再起動する",
    "l10n.installationCanNotContinue": "インストールを続行できません",
    "l10n.restartingInSecond": "{{num}} 秒以内に再起動します",
    "l10n.afterRestartInstallation": "インストールは再起動後に続行します。",
    "l10n.betaWithHypen": "{{name}} - ベータ版",
    "l10n.preparingForInstallation": "インストールの準備をしています...",
    "l10n.preparingPackage": "更新の準備中…",
    "l10n.installed": "インストールされました",
    "l10n.installing": "{{progressTitle}} インストール中",
    "l10n.unInstalling": "{{progressTitle}} アンインストール中",
    "l10n.notSelected": "選択されていません",
    "l10n.failed": "失敗",
    "l10n.paused": "一時停止中",
    "l10n.retrying": "リトライ中",
    "l10n.driverDownloadFailed": "ドライバーのダウンロードに失敗しました",
    "l10n.downloadPausedUnableToReachNvidia": "ダウンロードが一時停止し、NVIDIA に到達できませんでした",
    "l10n.fallbackGeforceDriverName": "GeForce Game Ready ドライバ",
    "l10n.unableToConnectToNvidia": "NVIDIA に接続できません",
    "l10n.downloadDiskSpace": "ダウンロードが続行できません。空き領域を増やしてください。ディスク {{drive}} に {{value}} の空き領域が必要です。",
    "l10n.otherInstallationRunning": "実行中のインストールが他にあります。他のインストールを完了してからやり直してください。",
    "l10n.anErrorOccured": "エラーが発生しました。",
    "l10n.insufficientMemory": "メモリ不足 (RAM) です。プログラムをいくつか閉じて、再試行してください。",
    "l10n.extractionErrorHeader": "パッケージの解凍中にエラーが発生しました。これは、以下の理由により発生している可能性があります。",
    "l10n.extractionErrorNotEnoughSpace": "十分なディスクスペースがありません。ディスクスペースを解放するには、不要になったファイルを削除します。",
    "l10n.extractionErrorCorrupt": "ダウンロードしたパッケージが壊れています。",
    "l10n.newGfeAvailable": "新しいバージョンの GeForce Experience がインストールできます。",
    "l10n.installNewVersion": "新しいバージョンをインストールします。",
    "l10n.bestGamingExperience": "今シーズン最もホットなタイトルで最高のゲームプレイを体験",
    "l10n.overview": "概要",
    "l10n.reInstalledDriver": "ドライバーを再インストール",
    "l10n.optimalSettingsAvailable": "可能な最適設定",
    "l10n.tryAgain": "再試行してください",
    "l10n.operatingSystemInUseNotSupported": "使用中のオペレーティング システムは、このパッケージによってサポートされていません。お使いのシステムに合った正しいパッケージを取得してください。",
    "l10n.noComponentToInstall": "インストールするコンポーネントがありません。",
    "l10n.requireFilesAreMissing": "必要なファイルが見つかりません。",
    "l10n.requireComponentMissing": "必要なコンポーネントが見つかりません。",
    "l10n.otherInstallationIsRunning": "実行中のインストールが他にあります。他のインストールを完了してからやり直してください。",
    "l10n.systemRestartIsRequired": "システムを再起動する必要があります。システムを再起動してからやり直してください。",
    "l10n.installPackageCorrupt": "インストール パッケージが壊れています。",
    "l10n.diskSpaceConstraint": "続行するには、空き領域を増やしてください。必要な領域: {{value}} MB のディスク空き容量 {{drive}}",
    "l10n.foundNewWizardIsOpen": "ハードウェア ウィザードが実行中です。ウィザードが完了すると、インストールが再開されます。",
    "l10n.installIntelDriverFirst": "Intel® ドライバーを先にインストールする必要があります。",
    "l10n.packageCannotBeInstalledInSafeMode": "Microsoft Visual C++ Redistributable packages for Visual Studio はセーフ モードでインストールできません。",
    "l10n.driverIsNotCompatible": "この NVIDIA グラフィックス ドライバーには、このバージョンの Windows との互換性がありません。",
    "l10n.graphicsHardwareNotCompatible": "このグラフィックス ドライバーと互換性のあるグラフィックス ハードウェアが見つかりませんでした。",
    "l10n.3dVisionDriverNotCompatible": "現在インストールされている NVIDIA 3D Vision コントローラー ドライバーは、このグラフィックス ドライバーとの互換性がないため、アンインストールされます。NVIDIA 3D Vision を使用するには、最新の 3D Vision コントローラー ドライバーもインストールする必要があります。",
    "l10n.installingOlderDriverVersion": "古いバージョンのドライバーをインストールしています。コンピューターをドッキングまたはドッキング解除したときに、新しいバージョンがインストールされる場合があります。",
    "l10n.virtualAudioIsNotCompatible": "この Miracast 仮想オーディオには、このバージョンの Windows との互換性がありません。",
    "l10n.viewDetails": "詳細を表示",
    "l10n.newGRDDriverAvailable": "新しい GeForce Game Ready ドライバが入手可能です",
    "l10n.extracting": "解凍中です…",
    "l10n.updateDriverToRunFeature": "この機能を実行するには、ドライバを更新する必要があります",
    "l10n.showDriverRecommendationFor": "ドライバの設定を選択してください",
    "l10n.creatorReadyDriver": "Studio ドライバ",
    "l10n.recommendedForGameUpdates": "最高のゲーム体験を提供します",
    "l10n.recommendedForCreativeApp": "クリエイティブ アプリに最高の体験を提供します",
    "l10n.latestGeforceCRDUpdate": "最新の NVIDIA Studio ドライバです",
    "l10n.newCRDDriverAvailable": "新しい NVIDIA Studio ドライバが入手可能です",
    "l10n.clickToChangeDriverPreference": "クリックすると、ドライバの設定を変更できます。",
    "l10n.gameReadyDriver": "Game Ready ドライバ",
    "l10n.fallbackGeforeceCrdDriverName": "NVIDIA Studio ドライバ",
    "l10n.rollbackToLastDriver": "最新ドライバにロールバックする",
    "l10n.serverTrouble": "申し訳ございませんが、現在サーバーに接続できません。後で再試行してください。"
}
