{
    "l10n.isAvailable": "사용 가능",
    "l10n.releaseDate": "릴리스 날짜:",
    "l10n.versionColon": "버전:",
    "l10n.download": "다운로드",
    "l10n.available": "사용 가능",
    "l10n.currentlyInstalled": "현재 설치됨",
    "l10n.customInstall": "사용자 지정 설치",
    "l10n.expressInstall": "빠른 설치",
    "l10n.installDateColon": "설치 날짜:",
    "l10n.reviews": "검토",
    "l10n.comments": "설명",
    "l10n.highlights": "강조표시",
    "l10n.videoHighlights": "비디오 강조표시",
    "l10n.downloading": "다운로드 중...",
    "l10n.checkforUpdates": "업데이트 확인",
    "l10n.checkingforUpdates": "업데이트 확인 중...",
    "l10n.latestGeforceUpdate": "GeForce Game Ready 드라이버 최신 버전을 사용 중입니다.",
    "l10n.gpuAnalyzer": "GPU 분석기",
    "l10n.installationComplete": "설치 완료",
    "l10n.installationHasFinished": "설치를 완료하였습니다.",
    "l10n.installationOption": "설치 옵션",
    "l10n.component": "구성 요소",
    "l10n.newVersion": "새 버전",
    "l10n.currentVersion": "현재 버전",
    "l10n.performCleanInstallation": "새로 설치 수행",
    "l10n.cleanInstallMessage": "새로 설치는 모든 NVIDIA 설정을 기본 값으로 복구하고 작성된 모든 프로파일을 제거합니다.",
    "l10n.install": "설치",
    "l10n.finish": "마침",
    "l10n.status": "상태",
    "l10n.version": "버전",
    "l10n.installationFail": "설치 실패",
    "l10n.installationCompleteRestart": "설치를 완료하려면 시스템을 다시 시작하십시오.",
    "l10n.restartNow": "지금 다시 시작",
    "l10n.restartLater": "나중에 다시 시작",
    "l10n.installationCanNotContinue": "설치를 계속할 수 없습니다.",
    "l10n.restartingInSecond": "{{num}}초 이내에 다시 시작",
    "l10n.afterRestartInstallation": "다시 시작 후 설치가 계속됩니다.",
    "l10n.betaWithHypen": "{{name}} - 베타",
    "l10n.preparingForInstallation": "설치 준비 중...",
    "l10n.preparingPackage": "업데이트 준비 중...",
    "l10n.installed": "설치됨",
    "l10n.installing": "{{progressTitle}} 설치 중",
    "l10n.unInstalling": "{{progressTitle}} 설치 제거 중",
    "l10n.notSelected": "선택하지 않음",
    "l10n.failed": "실패",
    "l10n.paused": "일시 중지됨",
    "l10n.retrying": "재시도",
    "l10n.driverDownloadFailed": "드라이버 다운로드 실패",
    "l10n.downloadPausedUnableToReachNvidia": "다운로드가 일시 정지되어 NVIDIA에 연결할 수 없습니다.",
    "l10n.fallbackGeforceDriverName": "GeForce Game Ready 드라이버",
    "l10n.unableToConnectToNvidia": "NVIDIA에 연결할 수 없습니다",
    "l10n.downloadDiskSpace": "다운로드를 계속할 수 없습니다. 디스크 여유 공간을 확보하십시오. {{drive}} 디스크에 {{value}}의 여유 공간이 필요합니다.",
    "l10n.otherInstallationRunning": "다른 설치 프로그램이 실행 중입니다. 다른 설치 프로그램을 마치고 다시 시도하십시오.",
    "l10n.anErrorOccured": "오류가 발생했습니다.",
    "l10n.insufficientMemory": "메모리(RAM)가 부족합니다. 일부 프로그램을 닫고 다시 시도하십시오.",
    "l10n.extractionErrorHeader": "패키지를 추출하는 중에 오류가 발생했습니다. 이는 다음이 원인일 수 있습니다.",
    "l10n.extractionErrorNotEnoughSpace": "디스크 공간이 충분하지 않습니다. 디스크 공간을 확보하려면, 더 이상 필요하지 않은 파일을 삭제하십시오.",
    "l10n.extractionErrorCorrupt": "다운로드된 패키지가 손상되었습니다.",
    "l10n.newGfeAvailable": "GeForce Experience의 새 버전을 설치할 준비가 되었습니다.",
    "l10n.installNewVersion": "새 버전을 설치하십시오.",
    "l10n.bestGamingExperience": "이번 시즌 가장 인기있는 타이틀을 위한 최상의 게임 경험",
    "l10n.overview": "개요",
    "l10n.reInstalledDriver": "드라이버 재설치",
    "l10n.optimalSettingsAvailable": "최적 설정 이용 가능",
    "l10n.tryAgain": "다시 시도",
    "l10n.operatingSystemInUseNotSupported": "이 패키지는 사용 중인 운영 체제를 지원하지 않습니다. 시스템에 맞는 올바른 패키지를 사용하십시오.",
    "l10n.noComponentToInstall": "설치할 구성 요소가 없습니다.",
    "l10n.requireFilesAreMissing": "필수 파일이 없습니다.",
    "l10n.requireComponentMissing": "필수 구성 요소가 없습니다.",
    "l10n.otherInstallationIsRunning": "다른 설치 프로그램이 실행 중입니다. 다른 설치 프로그램을 마치고 다시 시도하십시오.",
    "l10n.systemRestartIsRequired": "시스템을 재시작해야 합니다. 시스템을 재시작하고 다시 시도하십시오.",
    "l10n.installPackageCorrupt": "설치 패키지가 손상되었습니다.",
    "l10n.diskSpaceConstraint": "계속하려면 추가 디스크 공간을 확보하십시오. 필요한 공간: {{value}} MB 디스크 공간{{drive}}",
    "l10n.foundNewWizardIsOpen": "하드웨어 마법사가 실행 중입니다. 마친 후에 설치가 다시 시작됩니다.",
    "l10n.installIntelDriverFirst": "Intel® 드라이버를 우선 설치해야 합니다.",
    "l10n.packageCannotBeInstalledInSafeMode": "안전 모드에서는 Microsoft Visual C++ Redistributable packages for Visual Studio을(를) 설치할 수 없습니다.",
    "l10n.driverIsNotCompatible": "이 NVIDIA 그래픽 드라이버는 이 Windows 버전과 호환되지 않습니다.",
    "l10n.graphicsHardwareNotCompatible": "이 그래픽 드라이버는 호환되는 그래픽 하드웨어를 찾지 못했습니다.",
    "l10n.3dVisionDriverNotCompatible": "현재 설치된 NVIDIA 3D Vision 컨트롤러 드라이버는 이 그래픽 드라이버와 호환되지 않으므로 제거됩니다. NVIDIA 3D Vision을 사용하려면 최신 NVIDIA 3D Vision 컨트롤러 드라이버를 설치해야 합니다.",
    "l10n.installingOlderDriverVersion": "이전 버전 드라이버를 설치 중입니다. 컴퓨터의 도킹 여부에 상관없이 시스템에 새로운 버전을 설치할 수 있습니다..",
    "l10n.virtualAudioIsNotCompatible": "이 Miracast 가상 오디오는 이 Windows 버전과 호환되지 않습니다",
    "l10n.viewDetails": "세부사항 보기",
    "l10n.newGRDDriverAvailable": "새로운 GeForce Game Ready 드라이버를 사용할 수 있습니다.",
    "l10n.extracting": "추출하는중...",
    "l10n.updateDriverToRunFeature": "이 기능을 실행하려면 드라이버 업데이트가 필요합니다.",
    "l10n.showDriverRecommendationFor": "드라이버 환경 설정하기",
    "l10n.creatorReadyDriver": "Studio 드라이버",
    "l10n.recommendedForGameUpdates": "최고의 게임 환경 제공",
    "l10n.recommendedForCreativeApp": "창의적인 앱에서 최고의 환경 제공",
    "l10n.latestGeforceCRDUpdate": "NVIDIA Studio 드라이버 최신 버전을 사용 중입니다.",
    "l10n.newCRDDriverAvailable": "새로운 NVIDIA Studio 드라이버를 사용할 수 있습니다.",
    "l10n.clickToChangeDriverPreference": "드라이버 환경 설정을 변경하려면 클릭하십시오.",
    "l10n.gameReadyDriver": "Game Ready 드라이버",
    "l10n.fallbackGeforeceCrdDriverName": "NVIDIA Studio 드라이버",
    "l10n.rollbackToLastDriver": "마지막 드라이버로 롤백",
    "l10n.serverTrouble": "죄송합니다. 현재 서버에 연결할 수 없습니다. 다시 시도하십시오."
}
