{
    "l10n.isAvailable": "er tilgjengelig",
    "l10n.releaseDate": "Utgivelsesdato:",
    "l10n.versionColon": "Versjon:",
    "l10n.download": "last ned",
    "l10n.available": "Tilgjengelig",
    "l10n.currentlyInstalled": "Installert for øyeblikket",
    "l10n.customInstall": "Tilpasset installering",
    "l10n.expressInstall": "Hurtiginstallering",
    "l10n.installDateColon": "Installasjonsdato:",
    "l10n.reviews": "Anmeldelser",
    "l10n.comments": "Kommentarer",
    "l10n.highlights": "Høydepunkter",
    "l10n.videoHighlights": "Videohøydepunkter",
    "l10n.downloading": "Laster ned ...",
    "l10n.checkforUpdates": "Søk etter oppdateringer",
    "l10n.checkingforUpdates": "Søker etter oppdateringer...",
    "l10n.latestGeforceUpdate": "Du har den nyeste GeForce Spillklar-driveren",
    "l10n.gpuAnalyzer": "GPU-analysator",
    "l10n.installationComplete": "Installeringen er fullført",
    "l10n.installationHasFinished": "Installeringen er fullført",
    "l10n.installationOption": "Installeringsalternativer",
    "l10n.component": "Komponent",
    "l10n.newVersion": "Ny versjon",
    "l10n.currentVersion": "Gjeldende versjon",
    "l10n.performCleanInstallation": "Utfør en ren installering",
    "l10n.cleanInstallMessage": "En ren installering innebærer at alle NVIDIA-innstillinger gjenopprettes til standardverdiene, og at eventuelle profiler du har opprettet slettes",
    "l10n.install": "Installer",
    "l10n.finish": "Fullfør",
    "l10n.status": "Status",
    "l10n.version": "Versjon",
    "l10n.installationFail": "Installeringen mislyktes",
    "l10n.installationCompleteRestart": "Start datamaskinen på nytt for å fullføre installeringen.",
    "l10n.restartNow": "Start på nytt nå",
    "l10n.restartLater": "Start på nytt senere",
    "l10n.installationCanNotContinue": "Installeringen kan ikke fortsette",
    "l10n.restartingInSecond": "Systemet startes på nytt om mindre enn {{num}} sekunder",
    "l10n.afterRestartInstallation": "Når systemet er startet på nytt, fortsettes installeringen.",
    "l10n.betaWithHypen": "{{name}} – BETA",
    "l10n.preparingForInstallation": "Klargjør til installering ...",
    "l10n.preparingPackage": "Forbereder pakke...",
    "l10n.installed": "Installert",
    "l10n.installing": "Installerer {{progressTitle}}",
    "l10n.unInstalling": "Avinstallerer {{progressTitle}}",
    "l10n.notSelected": "Ikke valgt",
    "l10n.failed": "Mislyktes",
    "l10n.paused": "Satt på pause",
    "l10n.retrying": "Forsøker igjen",
    "l10n.driverDownloadFailed": "Nedlasting av driver mislyktes",
    "l10n.downloadPausedUnableToReachNvidia": "Nedlasting midlertidig stanset. Kan ikke oppnå kontakt med NVIDIA",
    "l10n.fallbackGeforceDriverName": "GeForce Spillklar-driver",
    "l10n.unableToConnectToNvidia": "Kan ikke koble til NVIDIA",
    "l10n.downloadDiskSpace": "Nedlastingen kan ikke fortsette, frigjør mer diskplass. Det er nødvendig med {{value}} plass på disken {{drive}}",
    "l10n.otherInstallationRunning": "Andre installeringer kjøres. Fullfør de andre installeringene, og prøv på nytt.",
    "l10n.anErrorOccured": "Det oppsto en feil.",
    "l10n.insufficientMemory": "Ikke nok minne (RAM). Lukk noen av programmene, og prøv på nytt.",
    "l10n.extractionErrorHeader": "Det oppsto en feil ved utpakking av pakken, dette kan ha skjedd på grunn av følgende årsaker:",
    "l10n.extractionErrorNotEnoughSpace": "Ikke nok lagringsplass. For å frigjøre diskplass, slett filer du ikke trenger lenger.",
    "l10n.extractionErrorCorrupt": "Nedlasted pakke er korrupt.",
    "l10n.newGfeAvailable": "En ny versjon av GeForce Experience er klar for installasjon.",
    "l10n.installNewVersion": "Installer ny versjon.",
    "l10n.bestGamingExperience": "Den beste spillopplevelsen for sesongens mest populære titler",
    "l10n.overview": "Oversikt",
    "l10n.reInstalledDriver": "Installer driver på nytt",
    "l10n.optimalSettingsAvailable": "Optimale innstillinger tilgjengelige",
    "l10n.tryAgain": "Prøv på nytt",
    "l10n.operatingSystemInUseNotSupported": "Operativsystemet som er i bruk, støttes ikke av denne pakken. Skaff riktig pakke for systemet.",
    "l10n.noComponentToInstall": "Det finnes ingen komponenter som kan installeres.",
    "l10n.requireFilesAreMissing": "Påkrevde filer mangler.",
    "l10n.requireComponentMissing": "Påkrevde komponenter mangler.",
    "l10n.otherInstallationIsRunning": "Andre installeringer kjøres. Fullfør de andre installeringene, og prøv på nytt.",
    "l10n.systemRestartIsRequired": "Systemet må startes på nytt. Start systemet på nytt, og prøv igjen.",
    "l10n.installPackageCorrupt": "Installasjonspakken er skadet.",
    "l10n.diskSpaceConstraint": "Frigjør mer diskplass for å fortsette. Påkrevd plass: {{value}} MB disk {{drive}}",
    "l10n.foundNewWizardIsOpen": "Maskinvareveiviseren kjører. Installeringen fortsetter når den er ferdig.",
    "l10n.installIntelDriverFirst": "Du må installere Intel®-driveren først.",
    "l10n.packageCannotBeInstalledInSafeMode": "Microsoft Visual C++ Redistributable packages for Visual Studio kan ikke installeres i sikkermodus.",
    "l10n.driverIsNotCompatible": "Denne NVIDIA-grafikkdriveren er ikke kompatibel med denne Windows-versjonen.",
    "l10n.graphicsHardwareNotCompatible": "Denne grafikkdriveren finner ikke kompatibel grafikkmaskinvare",
    "l10n.3dVisionDriverNotCompatible": "Kontrollerdriveren for NVIDIA 3D Vision som er installert, er ikke kompatibel med denne grafikkdriveren og vil bli avinstallert. Du må installere den nyeste kontrollerdriveren for 3D Vision for å bruke NVIDIA 3D Vision.",
    "l10n.installingOlderDriverVersion": "Du installerer en eldre driverversjon. Systemet kan installere en nyere versjon når datamaskinen er forankret eller ikke forankret.",
    "l10n.virtualAudioIsNotCompatible": "Denne Miracast virtuell lyd er ikke kompatibel med denne Windows-versjonen.",
    "l10n.viewDetails": "Vis detaljer",
    "l10n.newGRDDriverAvailable": "En ny GeForce Spillklar-driver er tilgjengelig",
    "l10n.extracting": "Pakker ut ...",
    "l10n.updateDriverToRunFeature": "Driveroppdatering nødvendig for å kjøre denne funksjonen.",
    "l10n.showDriverRecommendationFor": "Velg din preferanse for driver",
    "l10n.creatorReadyDriver": "Studio driver",
    "l10n.recommendedForGameUpdates": "Gir den beste spillerfaringen",
    "l10n.recommendedForCreativeApp": "Gir den beste erfaringen for kreative apper",
    "l10n.latestGeforceCRDUpdate": "Du har den nyeste NVIDIA studio driveren",
    "l10n.newCRDDriverAvailable": "En ny NVIDIA studio driver er tilgjengelig",
    "l10n.clickToChangeDriverPreference": "Klikk for å endre dine preferanser for driveren.",
    "l10n.gameReadyDriver": "Spillklar driver",
    "l10n.fallbackGeforeceCrdDriverName": "NVIDIA studio driver",
    "l10n.rollbackToLastDriver": "Tilbakestill til forrige driver",
    "l10n.serverTrouble": "Beklager, vi kan ikke koble til serveren for øyeblikket. Prøv på nytt senere."
}
