{
    "l10n.isAvailable": "is beschikbaar",
    "l10n.releaseDate": "Releasedatum:",
    "l10n.versionColon": "Versie:",
    "l10n.download": "downloaden",
    "l10n.available": "Beschikbaar",
    "l10n.currentlyInstalled": "Momenteel geïnstalleerd",
    "l10n.customInstall": "Aangepaste installatie",
    "l10n.expressInstall": "Snelle installatie",
    "l10n.installDateColon": "Installatiedatum:",
    "l10n.reviews": "Evaluaties",
    "l10n.comments": "Opmerkingen",
    "l10n.highlights": "Markeringen",
    "l10n.videoHighlights": "Videomarkeringen",
    "l10n.downloading": "Downloaden...",
    "l10n.checkforUpdates": "Controleren op updates",
    "l10n.checkingforUpdates": "Bezig met controleren op beschikbare updates...",
    "l10n.latestGeforceUpdate": "Je hebt het nieuwste GeForce Game Ready-stuurprogramma",
    "l10n.gpuAnalyzer": "GPU-analyzer",
    "l10n.installationComplete": "Installatie voltooid",
    "l10n.installationHasFinished": "Installatie is voltooid",
    "l10n.installationOption": "Installatieopties",
    "l10n.component": "Onderdeel",
    "l10n.newVersion": "Nieuwe versie",
    "l10n.currentVersion": "Huidige versie",
    "l10n.performCleanInstallation": "Voer een schone installatie uit",
    "l10n.cleanInstallMessage": "Een schone installatie herstelt alle NVIDIA-instellingen naar de standaardwaarde en verwijdert alle profielen die u hebt gemaakt",
    "l10n.install": "Installeren",
    "l10n.finish": "Voltooien",
    "l10n.status": "Status",
    "l10n.version": "Versie",
    "l10n.installationFail": "Installatie mislukt",
    "l10n.installationCompleteRestart": "Start het systeem opnieuw om de installatie te voltooien.",
    "l10n.restartNow": "Nu opnieuw opstarten",
    "l10n.restartLater": "Later opnieuw starten",
    "l10n.installationCanNotContinue": "Installatie kan niet worden voortgezet",
    "l10n.restartingInSecond": "Opnieuw starten in minder dan {{num}} seconden",
    "l10n.afterRestartInstallation": "Na het opnieuw starten wordt de installatie voortgezet.",
    "l10n.betaWithHypen": "{{name}} - BÈTA",
    "l10n.preparingForInstallation": "Installatie voorbereiden...",
    "l10n.preparingPackage": "Pakket voorbereiden...",
    "l10n.installed": "Geïnstalleerd",
    "l10n.installing": "Bezig met installeren van {{progressTitle}}",
    "l10n.unInstalling": "Installatie {{progressTitle}} ongedaan maken",
    "l10n.notSelected": "Niet geselecteerd",
    "l10n.failed": "Mislukt",
    "l10n.paused": "Gepauzeerd",
    "l10n.retrying": "Opnieuw proberen",
    "l10n.driverDownloadFailed": "Downloaden stuurprogramma mislukt",
    "l10n.downloadPausedUnableToReachNvidia": "Download gepauzeerd; kan NVIDIA niet bereiken",
    "l10n.fallbackGeforceDriverName": "GeForce Game Ready-stuurprogramma",
    "l10n.unableToConnectToNvidia": "Kan geen verbinding maken met NVIDIA",
    "l10n.downloadDiskSpace": "Download kan niet worden voortgezet; maak meer schijfruimte vrij. Vereiste ruimte is {{value}} op schijf {{drive}}",
    "l10n.otherInstallationRunning": "Andere installaties worden uitgevoerd. Voltooi de andere installaties en probeer opnieuw.",
    "l10n.anErrorOccured": "Er is een fout opgetreden.",
    "l10n.insufficientMemory": "Onvoldoende geheugen (RAM). Sluit enkele programma’s en probeer opnieuw.",
    "l10n.extractionErrorHeader": "Er ging iets fout tijdens het uitpakken van het pakket, dit kan gebeurt zijn door:",
    "l10n.extractionErrorNotEnoughSpace": "Te weinig schijfruimte. Delete onnodige files om meer ruimte te maken.",
    "l10n.extractionErrorCorrupt": "Het gedownloade pakket is corrupt.",
    "l10n.newGfeAvailable": "Een nieuwe versie van GeForce Experience is gereed voor installatie.",
    "l10n.installNewVersion": "Nieuwe versie installeren.",
    "l10n.bestGamingExperience": "Beste game-ervaring voor de populairste games van dit seizoen",
    "l10n.overview": "Overzicht",
    "l10n.reInstalledDriver": "Stuurprogramma opnieuw installeren",
    "l10n.optimalSettingsAvailable": "Optimale instellingen beschikbaar",
    "l10n.tryAgain": "Probeer opnieuw",
    "l10n.operatingSystemInUseNotSupported": "Het gebruikte besturingssysteem wordt niet door dit pakket ondersteund. Verkrijg het juiste pakket voor uw systeem.",
    "l10n.noComponentToInstall": "Er zijn componenten om te installeren",
    "l10n.requireFilesAreMissing": "Vereiste bestanden ontbreken.",
    "l10n.requireComponentMissing": "Vereiste componenten ontbreken.",
    "l10n.otherInstallationIsRunning": "Andere installaties worden uitgevoerd. Sluit de andere installaties af en probeer opnieuw.",
    "l10n.systemRestartIsRequired": "Het systeem moet opnieuw worden gestart. Start het systeem opnieuw en probeer opnieuw.",
    "l10n.installPackageCorrupt": "Installatiepakket is corrupt.",
    "l10n.diskSpaceConstraint": "Maak meer schijfruimte vrij om verder te gaan. Vereiste ruimte: {{value}} MB op schijf {{drive}}",
    "l10n.foundNewWizardIsOpen": "De hardware-wizard wordt uitgevoerd. Installatie wordt hervat wanneer deze is voltooid.",
    "l10n.installIntelDriverFirst": "U moet eerst een Intel®-stuurprogramma installeren.",
    "l10n.packageCannotBeInstalledInSafeMode": "Microsoft Visual C++ Redistributable packages for Visual Studio kan niet in veilige modus worden geïnstalleerd.",
    "l10n.driverIsNotCompatible": "Dit NVIDIA grafisch stuurprogramma is niet compatibel met deze versie van Windows.",
    "l10n.graphicsHardwareNotCompatible": "Dit grafisch stuurprogramma kon geen compatibele grafische hardware vinden.",
    "l10n.3dVisionDriverNotCompatible": "Het momenteel geïnstalleerde NVIDIA 3D Vision controllerstuurprogramma is niet compatibel met dit grafische stuurprogramma en de installatie wordt ongedaan gemaakt. Om NVIDIA 3D Vision te gebruiken, moet u ook het laatste 3D Vision controllerstuurprogramma installeren.",
    "l10n.installingOlderDriverVersion": "U installeert een oudere versie van het stuurprogramma. Het systeem kan een nieuwere versie installeren wanneer de computer wordt gedokt of ontdokt.",
    "l10n.virtualAudioIsNotCompatible": "Dit Miracast virtuele audio is niet compatibel met deze versie van Windows.",
    "l10n.viewDetails": "Details weergeven",
    "l10n.newGRDDriverAvailable": "Er is een nieuw GeForce Game Ready-stuurprogramma beschikbaar",
    "l10n.extracting": "Uitpakken...",
    "l10n.updateDriverToRunFeature": "Het stuurprogramma moet worden bijgewerkt om deze functie te gebruiken.",
    "l10n.showDriverRecommendationFor": "Kies je stuurprogramma",
    "l10n.creatorReadyDriver": "Studio-stuurprogramma",
    "l10n.recommendedForGameUpdates": "Biedt de beste game-ervaring",
    "l10n.recommendedForCreativeApp": "Biedt de beste ervaring voor creatieve apps",
    "l10n.latestGeforceCRDUpdate": "Je hebt het nieuwste NVIDIA Studio-stuurprogramma",
    "l10n.newCRDDriverAvailable": "Er is een nieuw NVIDIA Studio-stuurprogramma beschikbaar",
    "l10n.clickToChangeDriverPreference": "Klik om je voorkeuren voor het stuurprogramma te wijzigen.",
    "l10n.gameReadyDriver": "Game Ready-stuurprogramma",
    "l10n.fallbackGeforeceCrdDriverName": "NVIDIA Studio-stuurprogramma",
    "l10n.rollbackToLastDriver": "Vorige driver gebruiken",
    "l10n.serverTrouble": "Sorry, we kunnen op dit moment geen verbinding maken met de server. Probeer het later nog eens."
}
