{
    "l10n.isAvailable": "jest dostępny",
    "l10n.releaseDate": "Data wydania:",
    "l10n.versionColon": "Wersja:",
    "l10n.download": "pobierz",
    "l10n.available": "Dostępna",
    "l10n.currentlyInstalled": "Obecnie zainstalowane",
    "l10n.customInstall": "Instalacja niestandardowa",
    "l10n.expressInstall": "Instalacja ekspresowa",
    "l10n.installDateColon": "Data instalacji:",
    "l10n.reviews": "Recenzje",
    "l10n.comments": "Komentarze",
    "l10n.highlights": "Najciekawsze punkty",
    "l10n.videoHighlights": "Wideo z najciekawszymi punktami",
    "l10n.downloading": "Pobieranie...",
    "l10n.checkforUpdates": "Sprawdź dostępność aktualizacji",
    "l10n.checkingforUpdates": "Trwa sprawdzanie dostępności aktualizacji...",
    "l10n.latestGeforceUpdate": "Masz najnowszy sterownik GeForce Game Ready",
    "l10n.gpuAnalyzer": "Analizator GPU",
    "l10n.installationComplete": "Instalacja zakończona",
    "l10n.installationHasFinished": "Instalacja została ukończona",
    "l10n.installationOption": "Opcje instalacji",
    "l10n.component": "Komponent",
    "l10n.newVersion": "Nowa wersja",
    "l10n.currentVersion": "Bieżąca wersja",
    "l10n.performCleanInstallation": "Wykonaj czystą instalację",
    "l10n.cleanInstallMessage": "Czysta instalacja przywraca wszystkie ustawienia NVIDIA do wartości domyślnych i usuwa utworzone profile",
    "l10n.install": "Zainstaluj",
    "l10n.finish": "Zakończ",
    "l10n.status": "Stan",
    "l10n.version": "Wersja",
    "l10n.installationFail": "Instalacja nie powiodła się",
    "l10n.installationCompleteRestart": "Aby ukończyć instalację, uruchom ponownie system.",
    "l10n.restartNow": "Uruchom ponownie teraz",
    "l10n.restartLater": "Uruchom ponownie później",
    "l10n.installationCanNotContinue": "Instalacja nie może być kontynuowana",
    "l10n.restartingInSecond": "Ponowne uruchomienie w czasie poniżej {{num}} sekund",
    "l10n.afterRestartInstallation": "Po ponownym uruchomieniu instalacja będzie kontynuowana.",
    "l10n.betaWithHypen": "{{name}} — BETA",
    "l10n.preparingForInstallation": "Przygotowanie do instalacji...",
    "l10n.preparingPackage": "Przygotowanie pakietu...",
    "l10n.installed": "Zainstalowano",
    "l10n.installing": "Instalowanie {{progressTitle}}",
    "l10n.unInstalling": "Odinstalowywanie {{progressTitle}}",
    "l10n.notSelected": "Nie wybrano",
    "l10n.failed": "Niepowodzenie",
    "l10n.paused": "Wstrzymano",
    "l10n.retrying": "Ponawianie",
    "l10n.driverDownloadFailed": "Pobieranie sterownika nie powiodło się",
    "l10n.downloadPausedUnableToReachNvidia": "Pobieranie wstrzymane, nie można skontaktować się z serwerem firmy NVIDIA",
    "l10n.fallbackGeforceDriverName": "Sterownik GeForce Game Ready",
    "l10n.unableToConnectToNvidia": "Nie można się połączyć z witryną firmy NVIDIA",
    "l10n.downloadDiskSpace": "Pobieranie nie może być kontynuowane, zwolnij miejsce na dysku. Wymagane jest {{value}} na dysku {{drive}}",
    "l10n.otherInstallationRunning": "Uruchomione są inne programy instalacyjne. Zakończ działanie innych programów instalacyjnych i spróbuj ponownie.",
    "l10n.anErrorOccured": "Wystąpił błąd.",
    "l10n.insufficientMemory": "Za mało pamięci (RAM). Zamknij niektóre programy i spróbuj ponownie.",
    "l10n.extractionErrorHeader": "Podczas wyodrębniania pakietu wystąpił błąd. Przyczyny mogą być następujące:",
    "l10n.extractionErrorNotEnoughSpace": "Za mało miejsca na dysku. Aby zwolnić miejsce na dysku, usuń pliki, których już nie potrzebujesz.",
    "l10n.extractionErrorCorrupt": "Pobrany pakiet jest uszkodzony.",
    "l10n.newGfeAvailable": "Nowa wersja programu GeForce Experience jest gotowa do instalacji.",
    "l10n.installNewVersion": "Zainstaluj nową wersję.",
    "l10n.bestGamingExperience": "Najlepsze wrażenia w najpopularniejszych grach tego sezonu",
    "l10n.overview": "Przegląd",
    "l10n.reInstalledDriver": "Zainstaluj sterownik ponownie",
    "l10n.optimalSettingsAvailable": "Dostępne są ustawienia optymalne",
    "l10n.tryAgain": "Spróbuj ponownie",
    "l10n.operatingSystemInUseNotSupported": "Używany system operacyjny nie jest obsługiwany przez ten pakiet. Uzyskaj właściwy pakiet dla posiadanego systemu.",
    "l10n.noComponentToInstall": "Brak składników do zainstalowania.",
    "l10n.requireFilesAreMissing": "Brak wymaganych plików.",
    "l10n.requireComponentMissing": "Brak wymaganych składników.",
    "l10n.otherInstallationIsRunning": "Uruchomione są inne programy instalacyjne. Zakończ działanie innych programów instalacyjnych i spróbuj ponownie.",
    "l10n.systemRestartIsRequired": "Wymagane jest ponowne uruchomienie systemu. Uruchom ponownie system i spróbuj ponownie.",
    "l10n.installPackageCorrupt": "Pakiet instalacyjny jest uszkodzony.",
    "l10n.diskSpaceConstraint": "Aby kontynuować, zwolnij miejsce na dysku. Wymagane miejsce: Dysk {{drive}} {{value}} MB",
    "l10n.foundNewWizardIsOpen": "Uruchomiony jest kreator sprzętu. Instalacja zostanie wznowiona po jego zakończeniu.",
    "l10n.installIntelDriverFirst": "Należy najpierw zainstalować sterownik Intel®.",
    "l10n.packageCannotBeInstalledInSafeMode": "Nie można zainstalować programu Microsoft Visual C++ Redistributable packages for Visual Studio w trybie awaryjnym.",
    "l10n.driverIsNotCompatible": "Ten sterownik graficzny NVIDIA nie jest zgodny z tą wersją systemu Windows.",
    "l10n.graphicsHardwareNotCompatible": "Ten sterownik graficzny nie mógł odnaleźć zgodnego sprzętu graficznego.",
    "l10n.3dVisionDriverNotCompatible": "Obecnie zainstalowany sterownik kontrolera NVIDIA 3D Vision nie jest zgodny z tym sterownikiem karty graficznej i zostanie odinstalowany. Aby używać rozwiązania NVIDIA 3D Vision, należy również zainstalować najnowszy sterownik kontrolera NVIDIA 3D Vision.",
    "l10n.installingOlderDriverVersion": "Instalowana jest starsza wersja sterownika. System może zainstalować nowszą wersję, gdy komputer zostanie zadokowany lub oddokowany.",
    "l10n.virtualAudioIsNotCompatible": "Ten Wirtualny dźwięk Miracast nie jest zgodny z tą wersją systemu Windows.",
    "l10n.viewDetails": "Zobacz szczegóły",
    "l10n.newGRDDriverAvailable": "Nowy sterownik GeForce Game Ready jest dostępny",
    "l10n.extracting": "Wyodrębnianie...",
    "l10n.updateDriverToRunFeature": "Wymagana aktualizacja sterownika w celu uruchamiania tej funkcji.",
    "l10n.showDriverRecommendationFor": "Wybierz preferencje dotyczące sterownika",
    "l10n.creatorReadyDriver": "Sterownik Studio",
    "l10n.recommendedForGameUpdates": "Zapewnia najlepsze wrażenia w czasie grania",
    "l10n.recommendedForCreativeApp": "Zapewnia najlepsze wrażenia w kreatywnych aplikacjach",
    "l10n.latestGeforceCRDUpdate": "Masz najnowszy sterownik NVIDIA Studio",
    "l10n.newCRDDriverAvailable": "Dostępny jest nowy sterownik NVIDIA Studio",
    "l10n.clickToChangeDriverPreference": "Kliknij, aby zmienić preferencje dotyczące sterownika.",
    "l10n.gameReadyDriver": "Sterownik Game Ready",
    "l10n.fallbackGeforeceCrdDriverName": "Sterownik NVIDIA Studio",
    "l10n.rollbackToLastDriver": "Wycofanie do ostatniej wersji sterownika",
    "l10n.serverTrouble": "Niestety w tej chwili nie można nawiązać połączenia z serwerem. Spróbuj ponownie później."
}
