{
    "l10n.isAvailable": "доступно",
    "l10n.releaseDate": "Дата випуску:",
    "l10n.versionColon": "Версія:",
    "l10n.download": "завантажити",
    "l10n.available": "Доступно",
    "l10n.currentlyInstalled": "Зараз установлено",
    "l10n.customInstall": "Вибіркова установка",
    "l10n.expressInstall": "Експрес-установка",
    "l10n.reviews": "Огляди",
    "l10n.comments": "Коментарі",
    "l10n.highlights": "Основні моменти",
    "l10n.videoHighlights": "Основні моменти відео",
    "l10n.downloading": "Завантаження...",
    "l10n.checkforUpdates": "Перевірити наявність оновлень",
    "l10n.checkingforUpdates": "Перевірка оновлень...",
    "l10n.latestGeforceUpdate": "У вас встановлена остання версія драйвера GeForce Game Ready",
    "l10n.gpuAnalyzer": "GPU Analyzer",
    "l10n.installationComplete": "Установка завершена",
    "l10n.installationHasFinished": "Установка завершена",
    "l10n.installationOption": "Варіанти установки",
    "l10n.component": "Rомпонентний",
    "l10n.newVersion": "Нова версsя",
    "l10n.currentVersion": "Поточна версія",
    "l10n.performCleanInstallation": "Виконати чисту установку",
    "l10n.cleanInstallMessage": "При чистої установці відновлюються всі налаштування NVIDIA за замовчуванням і видаляються всі профілі, створені користувачем",
    "l10n.install": "Установка",
    "l10n.finish": "Готово",
    "l10n.status": "Стан",
    "l10n.version": "Версія",
    "l10n.installationFail": "Збій установки",
    "l10n.installationCompleteRestart": "Для завершення установки перезавантажте систему.",
    "l10n.restartNow": "Перезавантажити зараз",
    "l10n.restartLater": "Перезавантажити потім",
    "l10n.installationCanNotContinue": "Продовжити установку неможливо",
    "l10n.restartingInSecond": "Перезавантаження у найближчі {{num}} сек.",
    "l10n.afterRestartInstallation": "Після перезавантаження установка буде продовжена.",
    "l10n.betaWithHypen": "{{name}} — БЕТА",
    "l10n.preparingForInstallation": "Підготовка до встановлення...",
    "l10n.preparingPackage": "Підготовка пакету...",
    "l10n.installed": "Установлено",
    "l10n.installing": "Установка {{progressTitle}}",
    "l10n.unInstalling": "Видалення {{progressTitle}}",
    "l10n.notSelected": "Не вобрано",
    "l10n.failed": "Збій",
    "l10n.paused": "Призупинено",
    "l10n.retrying": "Повторна спроба",
    "l10n.driverDownloadFailed": "Не вдалося завантажити драйвер",
    "l10n.downloadPausedUnableToReachNvidia": "Завантаження припинена, не вдалося підключитися до NVIDIA",
    "l10n.fallbackGeforceDriverName": "Драйвер GeForce Game Ready",
    "l10n.unableToConnectToNvidia": "Помилка з'єднання із сайтом NVIDIA",
    "l10n.downloadDiskSpace": "Неможливо продовжити завантаження, звільніть місце на диску. Потрібно {{value}} на дискові {{drive}}",
    "l10n.otherInstallationRunning": "Працюють інші програми установки. Завершіть інші процеси установки і спробуйте ще раз.",
    "l10n.anErrorOccured": "Виникла помилка.",
    "l10n.insufficientMemory": "Недостатньо пам'яті (ОЗП). Закрийте деякі програми і спробуйте ще раз.",
    "l10n.extractionErrorHeader": "Сталася помилка при вилученні з пакета. Можливі причини:",
    "l10n.extractionErrorNotEnoughSpace": "недостатньо місця на диску; Щоб звільнити місце на диску, видаліть непотрібні файли.",
    "l10n.extractionErrorCorrupt": "Завантажений пакет пошкоджений.",
    "l10n.newGfeAvailable": "Нова версія GeForce Experience готова до установки.",
    "l10n.installNewVersion": "Встановити нову версію",
    "l10n.bestGamingExperience": "Отримайте максимальне задоволення від найгарячіших новинок сезону",
    "l10n.overview": "Огляд",
    "l10n.reInstalledDriver": "Перевстановити драйвер",
    "l10n.optimalSettingsAvailable": "Доступні оптимальні налаштування",
    "l10n.tryAgain": "Спробувати знову",
    "l10n.operatingSystemInUseNotSupported": "Ваша операційна система не підтримується даним пакетом. Придбайте відповідний пакет для вашої системи.",
    "l10n.noComponentToInstall": "Не обрані компоненти для установки.",
    "l10n.requireFilesAreMissing": "Відсутні необхідні файли.",
    "l10n.requireComponentMissing": "Відсутні необхідні компоненти.",
    "l10n.otherInstallationIsRunning": "Працюють інші програми установки. Завершіть інші процеси установки і спробуйте ще раз.",
    "l10n.systemRestartIsRequired": "Потрібно перезавантажити систему. Перезавантажте комп'ютер і спробуйте знову.",
    "l10n.installPackageCorrupt": "Пакет установки пошкоджений.",
    "l10n.diskSpaceConstraint": "Для продовження звільніть місце на диску. Необхідну місце на диску: {{value}} МБ на диску {{drive}}",
    "l10n.foundNewWizardIsOpen": "Працює майстер установки обладнання. Установка відновиться після завершення роботи майстра.",
    "l10n.installIntelDriverFirst": "Спочатку потрібно встановити драйвер Intel®.",
    "l10n.packageCannotBeInstalledInSafeMode": "Встановити Microsoft Visual C++ Redistributable packages for Visual Studio в безпечному режимі неможливо.",
    "l10n.driverIsNotCompatible": "Цей графічний драйвер NVIDIA несумісний з цією версією Windows.",
    "l10n.graphicsHardwareNotCompatible": "Цей графічний драйвер не виявив сумісного графічного обладнання.",
    "l10n.3dVisionDriverNotCompatible": "Встановлений драйвер контролера NVIDIA 3D Vision несумісний з цим графічним драйвером і тому буде видалений. Для використання NVIDIA 3D Vision необхідно також встановити останню версію драйвера контролера 3D Vision.",
    "l10n.installingOlderDriverVersion": "Ви встановлюєте застарілу версію драйвера. Система може встановити новішу версію, коли комп'ютер підключений або відключений.",
    "l10n.virtualAudioIsNotCompatible": "Цей Віртуальний аудіопристр Miracast несумісний з цією версією Windows.",
    "l10n.viewDetails": "Перегляд відомостей",
    "l10n.newGRDDriverAvailable": "Доступна нова версія драйвераGeForce Game Ready",
    "l10n.extracting": "Видобування...",
    "l10n.updateDriverToRunFeature": "Для запуску цієї функції потрібне оновлення драйвера.",
    "l10n.showDriverRecommendationFor": "Виберіть драйвер",
    "l10n.creatorReadyDriver": "Драйвер Studio",
    "l10n.recommendedForGameUpdates": "Забезпечує оптимальну роботу в іграх",
    "l10n.recommendedForCreativeApp": "Забезпечує оптимальну роботу в творчих застосунках",
    "l10n.latestGeforceCRDUpdate": "У вас встановлена остання версія драйвера NVIDIA Studio",
    "l10n.newCRDDriverAvailable": "Доступний новий драйвер NVIDIA Studio",
    "l10n.clickToChangeDriverPreference": "Натисніть, щоб змінити драйвер.",
    "l10n.gameReadyDriver": "Драйвер Game Ready",
    "l10n.fallbackGeforeceCrdDriverName": "Драйвер NVIDIA Studio"
}
