{
    "l10n.chooseFromLatestCaptures": "Επιλογή από πιο πρόσφατες καταγραφές",
    "l10n.descriptionLimitReached": "Η περιγραφή δεν πρέπει να ξεπερνά τους 250 χαρακτήρες",
    "l10n.descriptionRequired": "Το πεδίο είναι υποχρεωτικό",
    "l10n.uploadFromPC": "Φόρτωση από H/Y",
    "l10n.uploadProfileCover": "Φόρτωση Εικόνας Προφίλ",
    "l10n.activityLog": "Στοιχεία Δραστηριότητας",
    "l10n.latestCaptures": "Πιο πρόσφατες καταγραφές",
    "l10n.viewGallery": "Δείτε τη συλλογή",
    "l10n.recentlyUploaded": "Πρόσφατα μεταφορτωμένα",
    "l10n.turnOnShare": "Ενεργοποίηση Κοινοποίησης",
    "l10n.recordingsCaptured": "<span class=\"md-accent foreground font-size-xl\">{{value}}</span> εγγραφές",
    "l10n.screenshotsCaptured": "<span class=\"md-accent foreground font-size-xl\">{{value}}</span> στιγμιότυπα οθόνης",
    "l10n.anselGamesValue": "<span class=\"games-summary-value\">{{value}}</span> υποστηριζόμενα παιχνίδια Ansel",
    "l10n.gamestreamGamesValue": "<span class=\"games-summary-value\">{{value}}</span> παιχνίδια και εφαρμογές έτοιμα για Gamestream",
    "l10n.installedGamesValue": "<span class=\"games-summary-value\">{{value}}</span> παιχνίδια και εφαρμογές βρέθηκαν",
    "l10n.optimizedGamesValue": "<span class=\"games-summary-value\"></span> παιχνίδια και εφαρμογές βελτιστοποιήθηκαν",
    "l10n.itsEmptyHere": "Δεν υπάρχει τίποτα εδώ!",
    "l10n.noRecentlyUploaded": "Ξεκινήστε να φορτώνετε στιγμιότυπα οθόνης και εγγεγραμμένα βίντεο",
    "l10n.noRecentlyCaptured": "Ξεκινήστε να αποτυπώνετε στιγμιότυπα οθόνης και εγγεγραμμένα βίντεο",
    "l10n.profileStatus": "Κατάσταση Προφίλ",
    "l10n.featuredMission": "Προβεβλημένη Αποστολή",
    "l10n.userProfileTourString": "Προσθέστε άβαταρ, συμπληρώστε τα στοιχεία σας και ενημερώστε την εικόνα προφίλ",
    "l10n.userMissionTourString": "Ολοκληρώστε αποστολές και κερδίστε βαθμούς εμπειρίας για να ανεβείτε επίπεδο",
    "l10n.userTokenTourString": "Συγκεντρώστε μάρκες και κερδίστε βραβεία",
    "l10n.userDefaultBioString": "Πείτε μας κάτι για εσάς",
    "l10n.missions": "Αποστολές",
    "l10n.totalXP": "{{value}} Βαθμοί Εμπειρίας",
    "l10n.totalXPEach": "{{value}} Βαθμοί Εμπειρίας το καθένα",
    "l10n.XPEarnedOutOf": "{{earned}}/{{total}} Βαθμοί Εμπειρίας",
    "l10n.plusXP": "+ {{number}} Βαθμοί Εμπειρίας",
    "l10n.plusXPEach": "+ {{number}} Βαθμοί Εμπειρίας το καθένα",
    "l10n.xpStatus": "<span class=\"current-xp\">{{current}}</span>/{{upper}} βαθμοί εμπειρίας",
    "l10n.xpRange": "{{lower}} βαθμοί εμπειρίας έως {{upper}} βαθμοί εμπειρίας",
    "l10n.xpMax": "{{number}}+ βαθμοί εμπειρίας",
    "l10n.plusXPPerWeek": "+ {{number}} Βαθμοί Εμπειρίας ανά συνεχόμενη εβδομάδα",
    "l10n.xp": "Βαθμοί Εμπειρίας",
    "l10n.token": "Μάρκα",
    "l10n.tokens": "Μάρκες",
    "l10n.tokenCount": "{{value}} <span class=\"tokens-text\">Μάρκα</span>",
    "l10n.tokensCount": "{{value}} <span class=\"tokens-text\">Μάρκες</span>",
    "l10n.tokensInformation": "Κάθε εβδομάδα θα κερδίζετε Μάρκες, εφόσον έχετε αποκτήσει XP την ίδια περίοδο. Όσο πιο υψηλό είναι το επίπεδο τόσο περισσότερες μάρκες θα αποκτάτε. Χρησιμοποιήστε τις Μάρκες για να έχετε την ευκαιρία να κερδίσετε τα μεγάλα Προβεβλημένα βραβεία.",
    "l10n.xpInformation": "Κερδίστε βαθμούς εμπειρίας (XP) ολοκληρώνοντας Αποστολές. Η ειδική Προβεβλημένη αποστολή είναι διαθέσιμη για περιορισμένο χρονικό διάστημα. Άλλες Αποστολές μπορεί να είναι διαθέσιμες μόνο για μία φορά ή να επαναλαμβάνονται κάθε εβδομάδα. Δείτε την καθεμία ξεχωριστά για περισσότερες πληροφορίες.",
    "l10n.viewAll": "Προβολή όλων",
    "l10n.featuredReward": "Προβεβλημένο Βραβείο",
    "l10n.enterToWin": "Λάβετε μέρος για να κερδίσετε: ",
    "l10n.enterNow": "Λάβετε μέρος τώρα",
    "l10n.hoverOnEachBadge": "Δείξτε στον κόσμο τι αξίζετε! Σύρετε και αποθέστε μέχρι 5 επιτεύγματα για να δείχνετε στο πάνω μέρος του προφίλ σας. Κάντε κλικ στο εικονίδιο αγαπημένων για να γίνει ένα από αυτά ο τίτλος χρήστη σας.",
    "l10n.topBadges": "Τα κορυφαία επιτεύγματά μου (μέγ. 5)",
    "l10n.badgesDisplayed": "Σήματα που εμφανίζονται στο προφίλ σας (έως 5)",
    "l10n.allAchievements": "Όλα τα άλλα επιτεύγματα",
    "l10n.dragDropBadges": "Μεταφέρετε και αποθέστε ξεχωριστά σήματα για να εμφανίζονται στα κορυφαία σήματα",
    "l10n.officialRules": "Επίσημοι Κανόνες",
    "l10n.timeLeft": "Χρόνος που απομένει: {{countdown}}",
    "l10n.timeLeftToEnter": "{{countdown}} ακόμη για εισαγωγή",
    "l10n.tokenEnteredSuccessfully": "Η μάρκα καταχωρήθηκε με επιτυχία!",
    "l10n.tokensEnteredSuccessfully": "Οι μάρκες καταχωρήθηκαν επιτυχώς!",
    "l10n.enterTokens": "Εισάγετε μάρκες",
    "l10n.addMoreTokens": "Προσθήκη περισσότερων μάρκων",
    "l10n.tokenEntered": "Η μάρκα καταχωρήθηκε",
    "l10n.tokensEntered": "Μάρκες που καταχωρήθηκαν",
    "l10n.addMore": "Προσθήκη κι άλλων",
    "l10n.numberOfWinners": "Αριθμός νικητών: {{number}}",
    "l10n.entriesSoFar": "Καταχωρήσεις μέχρι στιγμής: {{entries}}",
    "l10n.today": "Σήμερα",
    "l10n.levelsInfo": "Οι κορυφαίοι παίκτες GeForce είναι της κατηγορίας Platinum. Εσείς; Είναι εύκολο, απλώς λάβετε μέρος σε Αποστολές για να κερδίσετε βαθμούς εμπειρίας (XP) ώστε να ανεβείτε κατηγορία, από Silver, σε Gold και Platinum. Μόλις πάτε στην κατηγορία μέλους Silver θα αποκτήσετε προνόμια και καθώς προχωράτε θα κερδίζετε ακόμη περισσότερα βραβεία. Κάθε χρόνος είναι και μια νέα ευκαιρία για να ανεβείτε επίπεδο. Το επίπεδό σας στις 31 Δεκεμβρίου 2017 θα ισχύει για όλο το 2018.",
    "l10n.redeemPerks": "Για εξαργύρωση προνομίων, μεταβείτε στην καρτέλα \"ΟΙ ΕΠΙΒΡΑΒΕΥΣΕΙΣ ΜΟΥ\". Κάθε προνόμιο μπορεί να εξαργυρωθεί μία φορά ανά κάρτα γραφικών.",
    "l10n.silver": "Silver",
    "l10n.gold": "Gold",
    "l10n.titanium": "Platinum",
    "l10n.tokensPerWeekOne": "Λάβετε μία μάρκα ανά εβδομάδα",
    "l10n.tokensPerWeekThree": "Λάβετε τρεις μάρκες ανά εβδομάδα",
    "l10n.tokensPerWeekEight": "Λάβετε οκτώ μάρκες ανά εβδομάδα",
    "l10n.freeIndieGame": "Δωρεάν ετήσιο ανεξάρτητο παιχνίδι",
    "l10n.forumAdvancedFeatures": "Προηγμένα χαρακτηριστικά σε Φόρουμ GeForce",
    "l10n.forumVipAccess": "Αποκλειστική πρόσβαση σε Φόρουμ GeForce",
    "l10n.exclusiveOffers": "Αποκλειστικές Προσφορές",
    "l10n.discordAma": "Υπηρεσία Ερωτήσεων ανά Τρίμηνο σε Discord",
    "l10n.geforceSkins": "Πακέτο GeForce Skins",
    "l10n.titaniumFanKit": "Πακέτο Platinum Fan",
    "l10n.gfnPlaytime": "10 ώρες παιχνιδιού GeForce Now κατόπιν αιτήματος",
    "l10n.firstToBetaTest": "Γίνετε ο πρώτος που θα δοκιμάσει τα νέα χαρακτηριστικά σε λειτουργία BETA",
    "l10n.invalidAmountOfTokens": "Δεν έχετε εισάγει έγκυρες μάρκες",
    "l10n.errorOneOrMoreTokens": "Εισαγάγετε 1 ή περισσότερες μάρκες για να κερδίσετε!",
    "l10n.errorAddMoreTokens": "Έχετε λάβει μέρος για να κερδίσετε! Μπορείτε να προσθέτετε περισσότερες μάρκες, αλλά όχι να αφαιρείτε",
    "l10n.errorTooManyTokens": "Καλή δοκιμή! Φαίνεται ότι δεν έχετε διαθέσιμες αρκετές μάρκες για εισαγωγή",
    "l10n.agreeToRules": "Συμφωνώ με τους <a ng-click=\"sweepstakeCtrl.showRules($event)\">Επίσημους Κανόνες</a>",
    "l10n.agreeToRulesAndTnC": "Συμφωνώ με τους <a ng-click=\"sweepstakeCtrl.showRules($event)\">Επίσημους Κανόνες</a> και <a ng-click=\"sweepstakeCtrl.showTnC($event)\">τους Όρους και Προϋποθέσεις</a>",
    "l10n.levels": "Επίπεδα",
    "l10n.level": "Επίπεδο",
    "l10n.uptoXp": "έως {{value}} Βαθμούς Εμπειρίας",
    "l10n.tokenRemaining": "{{number}} διαπιστευτήριο απομένει",
    "l10n.tokensRemaining": "{{number}} διαπιστευτήρια απομένουν",
    "l10n.noTokensAvailable": "Δεν διατίθενται μάρκες",
    "l10n.errorSubmittingTokens": "Προέκυψε σφάλμα κατά την απόπειρα υποβολής διαπιστευτηρίων.",
    "l10n.fileSelectionError": "Δεν ήταν δυνατή η φόρτωση του επιλεγμένου αρχείου. Το ελάχιστο απαιτούμενο μέγεθος είναι {{w}} x {{h}} px σε μορφή JPEG, PNG ή BMP.",
    "l10n.errorTryAgain": "Υπήρξε πρόβλημα. Δοκιμάστε ξανά αργότερα.",
    "l10n.default": "Προεπιλογή",
    "l10n.activityFeed": "Τροφοδοσία δραστηριοτήτων",
    "l10n.myRewards": "Οι επιβραβεύσεις μου",
    "l10n.enterTokensToWin": "Εισάγετε μάρκες για να κερδίσετε",
    "l10n.featuredMissionCountdown": "Προβεβλημένη αποστολή ─ Λήγει σε {{countdown}}",
    "l10n.featuredMissionStartCountdown": "Προβεβλημένη αποστολή ─ Αρχίζει σε {{countdown}}",
    "l10n.featuredMissionEndCountdown": "Προβεβλημένη αποστολή ─ <span class=\"countdown\">Λήγει σε {{countdown}}</span>",
    "l10n.featuredMissionEnded": "Προβεβλημένη αποστολή ─ Έληξε",
    "l10n.weeklyMissionsCountdown": "Εβδομαδιαίες αποστολές ─ Επαναφέρονται σε {{countdown}}",
    "l10n.timelessMissions": "Αποστολές χωρίς χρονικό περιθώριο",
    "l10n.expiresIn": "Λήγει σε {{countdown}}",
    "l10n.gamersBio": "Βιογραφικό παίκτη",
    "l10n.verificationOfUploadInProgress": "Το ρομπότ μας εκτελεί σάρωση της αποστολής σας",
    "l10n.verificationSuccessfull": "Η αποστολή ήταν επιτυχής",
    "l10n.tryAnother": "ΔΟΚΙΜΑΣΤΕ ΑΛΛΟ",
    "l10n.winnersAnnouncement": "Προβολή παρελθοντικών νικητών",
    "l10n.minimumRequiredSize": "Το ελάχιστο απαιτούμενο μέγεθος είναι {{w}} x {{h}} px σε μορφή JPEG, PNG ή BMP",
    "l10n.levelUpToUnlock": "Ανεβείτε επίπεδο για ξεκλείδωμα",
    "l10n.save": "Αποθήκευση",
    "l10n.badges": "Σήματα",
    "l10n.userTitle": "Τίτλος χρήστη - Επιλέξτε το εικονίδιο αστεριού για να επιλέξετε τον τίτλο χρήστη σας",
    "l10n.uptoFiveAchievements": "Επιλέξτε μέχρι 5 επιτεύγματα για να δείξετε στο προφίλ σας",
    "l10n.showcaseAchievements": "Δείξτε τα επιτεύγματά σας",
    "l10n.errorAchievements": "Προέκυψε σφάλμα κατά την απόπειρα ενημέρωσης επιτευγμάτων",
    "l10n.errorUserTitle": "Προέκυψε σφάλμα κατά την απόπειρα ενημέρωσης τίτλου χρήστη",
    "l10n.someInfoMissing": "Μερικές πληροφορίες μπορεί να λείπουν",
    "l10n.geforceCommunityProgram": "Πιλοτικό πρόγραμμα κοινότητας GeForce",
    "l10n.participateInCommunity": "Συμμετάσχετε στην κοινότητα GeForce για να ανεβείτε επίπεδα και να κερδίσετε επιβραβεύσεις. Όταν φτάσετε ένα νέο επίπεδο, η κατάστασή σας θα παραμείνει μέχρι το τέλος του επόμενου ημερολογιακού έτους.",
    "l10n.aboutTokens": "Αποκτήστε βαθμούς εμπειρίας (XP) ολοκληρώνοντας αποστολές.",
    "l10n.aboutXP": "Αποκτήστε μάρκες παραμένοντας ενεργοί κάθε εβδομάδα, και καταχωρίστε τις για να κερδίσετε επιβραβεύσεις λαχειοφόρων.",
    "l10n.aboutRewards": "Μπορείτε να κερδίσετε τις ακόλουθες επιβραβεύσεις. Ωστόσο, συνεχίστε να ελέγχετε επειδή ενημερώνονται συχνά.",
    "l10n.refreshProfile": "Ανανέωση προφίλ",
    "l10n.tokensMinGpu": "Για την εισαγωγή διαπιστευτηρίων απαιτείται GeForce GTX 950 ή TITAN X ή νεότερο",
    "l10n.newRewardsComingSoon": "Νέες επιβραβεύσεις σύντομα κοντά σας!"
}
