{
    "l10n.chooseFromLatestCaptures": "Choose from latest captures",
    "l10n.descriptionLimitReached": "The description must be less than 250 characters long",
    "l10n.descriptionRequired": "This is required",
    "l10n.uploadFromPC": "Upload From PC",
    "l10n.uploadProfileCover": "Upload Profile Cover",
    "l10n.activityLog": "Activity Log",
    "l10n.latestCaptures": "Latest Captures",
    "l10n.viewGallery": "View Gallery",
    "l10n.recentlyUploaded": "Recently Uploaded",
    "l10n.turnOnShare": "Turn on Share",
    "l10n.recordingsCaptured": "<span class=\"md-accent foreground font-size-xl\">{{value}}</span> recordings",
    "l10n.screenshotsCaptured": "<span class=\"md-accent foreground font-size-xl\">{{value}}</span> screenshots",
    "l10n.anselGamesValue": "<span class=\"games-summary-value\">{{value}}</span> Ansel supported games",
    "l10n.gamestreamGamesValue": "<span class=\"games-summary-value\">{{value}}</span> Gamestream ready games and applications",
    "l10n.installedGamesValue": "<span class=\"games-summary-value\">{{value}}</span> Games and applications found",
    "l10n.optimizedGamesValue": "<span class=\"games-summary-value\"></span> games and applications optimised",
    "l10n.itsEmptyHere": "It's empty in here!",
    "l10n.noRecentlyUploaded": "Start uploading screenshots and recorded videos",
    "l10n.noRecentlyCaptured": "Start capturing screenshots and recording videos",
    "l10n.profileStatus": "Profile Status",
    "l10n.featuredMission": "Featured Mission",
    "l10n.userProfileTourString": "Add your Avatar, write bio and update cover image",
    "l10n.userMissionTourString": "Complete missions and earn XP to level up",
    "l10n.userTokenTourString": "Accumulate tokens and get rewards",
    "l10n.userDefaultBioString": "Tell something about yourself",
    "l10n.missions": "Missions",
    "l10n.totalXP": "{{value}} XP",
    "l10n.totalXPEach": "{{value}} XP each",
    "l10n.XPEarnedOutOf": "{{earned}}/{{total}} XP",
    "l10n.plusXP": "+ {{number}} XP",
    "l10n.plusXPEach": "+ {{number}} XP each",
    "l10n.xpStatus": "<span class=\"current-xp\">{{current}}</span>/{{upper}} XP",
    "l10n.xpRange": "{{lower}} XP to {{upper}} XP",
    "l10n.xpMax": "{{number}}+ XP",
    "l10n.plusXPPerWeek": "+ {{number}} XP per consecutive week",
    "l10n.xp": "XP",
    "l10n.token": "Token",
    "l10n.tokens": "Tokens",
    "l10n.tokenCount": "{{value}} <span class=\"tokens-text\">Token</span>",
    "l10n.tokensCount": "{{value}} <span class=\"tokens-text\">Tokens</span>",
    "l10n.tokensInformation": "Every week you’ll earn Tokens, as long as you gained any XP during that time. The higher your level, the more Tokens you’ll get. Use Tokens to enter for your chance to win the big Featured Rewards.",
    "l10n.xpInformation": "Earn Experience Points (XP) by completing Missions. A special Featured Mission is only available for a limited time. Other Missions may be available only once, or repeatable every week. Select each one for details.",
    "l10n.viewAll": "View All",
    "l10n.featuredReward": "Featured Reward",
    "l10n.enterToWin": "Enter to win: ",
    "l10n.enterNow": "Enter Now",
    "l10n.hoverOnEachBadge": "Show the world what you're made of! Drag and drop up to 5 Achievements to show at the top of your profile. Click the favourite icon to make one your user title.",
    "l10n.topBadges": "My Top Achievements (max 5)",
    "l10n.badgesDisplayed": "Badges displayed on your profile (max 5)",
    "l10n.allAchievements": "All Other Achievements",
    "l10n.dragDropBadges": "Drag and drop individual badges to display in top badges",
    "l10n.officialRules": "Official Rules",
    "l10n.timeLeft": "Time left: {{countdown}}",
    "l10n.timeLeftToEnter": "{{countdown}} left to enter",
    "l10n.tokenEnteredSuccessfully": "Token entered successfully!",
    "l10n.tokensEnteredSuccessfully": "Tokens entered successfully!",
    "l10n.enterTokens": "Enter tokens",
    "l10n.addMoreTokens": "Add more tokens",
    "l10n.tokenEntered": "Token entered",
    "l10n.tokensEntered": "Tokens entered",
    "l10n.addMore": "Add more",
    "l10n.numberOfWinners": "Number of winners: {{number}}",
    "l10n.entriesSoFar": "Entries so far: {{entries}}",
    "l10n.today": "Today",
    "l10n.levelsInfo": "The top GeForce gamers are Platinum. Are you? It's easy, just take on Missions to earn experience points (XP) that will level you up from Silver, to Gold, to Platinum. You get Perks right away as a Silver member, and as you progress, you'll get greater rewards. Every year is a new opportunity to level up; your level on 31st December 2017 will last through 2018.",
    "l10n.redeemPerks": "To redeem Perks, go to the \"MY REWARDS\" tab. Each Perk can only be redeemed once per graphics card.",
    "l10n.silver": "Silver",
    "l10n.gold": "Gold",
    "l10n.titanium": "Platinum",
    "l10n.tokensPerWeekOne": "Get one token per week",
    "l10n.tokensPerWeekThree": "Get three tokens per week",
    "l10n.tokensPerWeekEight": "Get eight tokens per week",
    "l10n.freeIndieGame": "Free annual indie game",
    "l10n.forumAdvancedFeatures": "Advanced features on GeForce Forums",
    "l10n.forumVipAccess": "VIP access on GeForce Forums",
    "l10n.exclusiveOffers": "Exclusive Offers",
    "l10n.discordAma": "Discord Quarterly AMA",
    "l10n.geforceSkins": "GeForce Skins pack",
    "l10n.titaniumFanKit": "Platinum Fan kit",
    "l10n.gfnPlaytime": "10 hours of GeForce Now playtime on-demand",
    "l10n.firstToBetaTest": "Be first to BETA test new features",
    "l10n.invalidAmountOfTokens": "Invalid amount of tokens entered",
    "l10n.errorOneOrMoreTokens": "Enter 1 or more tokens to win!",
    "l10n.errorAddMoreTokens": "You're entered to win! You can add more tokens, but not remove any",
    "l10n.errorTooManyTokens": "Nice try! It looks like you don't have enough tokens available to enter",
    "l10n.agreeToRules": "I agree to the <a ng-click=\"sweepstakeCtrl.showRules($event)\">Official Rules</a>",
    "l10n.agreeToRulesAndTnC": "I agree to the <a ng-click=\"sweepstakeCtrl.showRules($event)\">Official Rules</a> and <a ng-click=\"sweepstakeCtrl.showTnC($event)\">Terms and Conditions</a>",
    "l10n.levels": "Levels",
    "l10n.level": "Level",
    "l10n.uptoXp": "upto {{value}} XP",
    "l10n.tokenRemaining": "{{number}} token remaining",
    "l10n.tokensRemaining": "{{number}} tokens remaining",
    "l10n.noTokensAvailable": "No tokens available",
    "l10n.errorSubmittingTokens": "An error occurred while trying to submit tokens",
    "l10n.fileSelectionError": "The selected file could not be loaded. Minimum required size is {{w}} x {{h}} px in JPEG, PNG or BMP format.",
    "l10n.errorTryAgain": "Something went wrong. Please try again later.",
    "l10n.default": "Default",
    "l10n.activityFeed": "Activity Feed",
    "l10n.myRewards": "My Rewards",
    "l10n.enterTokensToWin": "Enter tokens to win",
    "l10n.featuredMissionCountdown": "Featured Mission ─ Expires in {{countdown}}",
    "l10n.featuredMissionStartCountdown": "Featured Mission ─ Starts in {{countdown}}",
    "l10n.featuredMissionEndCountdown": "Featured Mission ─ <span class=\"countdown\">Ends in {{countdown}}</span>",
    "l10n.featuredMissionEnded": "Featured Mission ─ Ended",
    "l10n.weeklyMissionsCountdown": "Weekly Missions ─ Resets in {{countdown}}",
    "l10n.timelessMissions": "Timeless Missions",
    "l10n.expiresIn": "Expires in {{countdown}}",
    "l10n.gamersBio": "Gamer's bio",
    "l10n.verificationOfUploadInProgress": "Our robot is scanning your upload",
    "l10n.verificationSuccessfull": "Upload successful",
    "l10n.tryAnother": "TRY ANOTHER",
    "l10n.winnersAnnouncement": "View Past Winners",
    "l10n.minimumRequiredSize": "Minimum required size is {{w}} x {{h}} px in JPEG, PNG or BMP format",
    "l10n.levelUpToUnlock": "Level up to unlock",
    "l10n.save": "Save",
    "l10n.badges": "Badges",
    "l10n.userTitle": "User Title - Select the star icon to choose your user title",
    "l10n.uptoFiveAchievements": "Choose up to 5 achievements to showcase in your profile",
    "l10n.showcaseAchievements": "Showcase your achievements",
    "l10n.errorAchievements": "An error occurred while trying to update achievements",
    "l10n.errorUserTitle": "An error occurred while trying to update user title",
    "l10n.someInfoMissing": "Some information might be missing",
    "l10n.geforceCommunityProgram": "GeForce Community Pilot Programme",
    "l10n.participateInCommunity": "Participate in the GeForce community to level up and earn rewards. When you reach a new level, your status will last until the end of the following calendar year.",
    "l10n.aboutTokens": "Get Experience Points (XP) by completing missions.",
    "l10n.aboutXP": "Get Tokens by staying active each week, and enter them to win sweepstakes rewards.",
    "l10n.aboutRewards": "You can earn the following rewards. However, keep checking back as they update often.",
    "l10n.refreshProfile": "Refresh Profile",
    "l10n.tokensMinGpu": "A GeForce GTX 950 or TITAN X or higher is required to enter tokens",
    "l10n.newRewardsComingSoon": "New rewards are coming soon!"
}
