{
    "l10n.chooseFromLatestCaptures": "Valitse viimeisimmistä sieppauksista",
    "l10n.descriptionLimitReached": "Kuvauksen on oltava alle 250 merkkiä pitkä",
    "l10n.descriptionRequired": "Tämä on pakollinen",
    "l10n.uploadFromPC": "Lataa PC:stä",
    "l10n.uploadProfileCover": "Lataa profiilikuva",
    "l10n.activityLog": "Aktiviteettiloki",
    "l10n.latestCaptures": "Viimeisimmät sieppaukset",
    "l10n.viewGallery": "Näytä galleria",
    "l10n.recentlyUploaded": "Äskettäin ladattu",
    "l10n.turnOnShare": "Ota käyttöön Jako",
    "l10n.recordingsCaptured": "<span class=\"md-accent foreground font-size-xl\">{{value}}</span> nauhoitusta",
    "l10n.screenshotsCaptured": "<span class=\"md-accent foreground font-size-xl\">{{value}}</span> näyttökuvaa",
    "l10n.anselGamesValue": "<span class=\"games-summary-value\">{{value}}</span> Ansel-tuettua peliä",
    "l10n.gamestreamGamesValue": "<span class=\"games-summary-value\">{{value}}</span> Gamestream-valmista peliä ja sovellusta",
    "l10n.installedGamesValue": "<span class=\"games-summary-value\">{{value}}</span> peliä ja sovellusta löydetty",
    "l10n.optimizedGamesValue": "<span class=\"games-summary-value\"></span> peliä ja sovellusta on optimoitu",
    "l10n.itsEmptyHere": "Voi, kun täällä on tyhjää!",
    "l10n.noRecentlyUploaded": "Aloita näyttökuvien ja nauhoitettujen videoiden lataaminen",
    "l10n.noRecentlyCaptured": "Aloita näyttökuvien sieppaaminen ja videoiden nauhoittaminen",
    "l10n.profileStatus": "Profiilin tila",
    "l10n.featuredMission": "Valittu missio",
    "l10n.userProfileTourString": "Lisää avatarisi, kirjoita biosi ja päivitä profiilikuvasi",
    "l10n.userMissionTourString": "Suorita missiosi ja ansaitse XP-pisteitä ylemmälle tasolle",
    "l10n.userTokenTourString": "Kerää tokeneita ja saa palkintoja",
    "l10n.userDefaultBioString": "Kerro jotakin itsestäsi",
    "l10n.missions": "Missiot",
    "l10n.totalXP": "{{value}} XP:tä",
    "l10n.totalXPEach": "{{value}} XP:tä per missio",
    "l10n.XPEarnedOutOf": "{{earned}}/{{total}} XP:tä",
    "l10n.plusXP": "+ {{number}} XP:tä",
    "l10n.plusXPEach": "+ {{number}} XP:tä per missio",
    "l10n.xpStatus": "<span class=\"current-xp\">{{current}}</span>/{{upper}} XP",
    "l10n.xpRange": "{{lower}} XP – {{upper}} XP",
    "l10n.xpMax": "{{number}}+ XP",
    "l10n.plusXPPerWeek": "+ {{number}} XP:tä per peräkkäinen viikko",
    "l10n.xp": "XP",
    "l10n.token": "Token",
    "l10n.tokens": "Tokenit",
    "l10n.tokenCount": "{{value}} <span class=\"tokens-text\">token</span>",
    "l10n.tokensCount": "{{value}} <span class=\"tokens-text\">tokenia</span>",
    "l10n.tokensInformation": "Ansaitset tokeneita joka viikko, niin kauan kuin olet saavuttanut XP:n sinä aikana. Mitä korkeampi tasosi, sitä enemmän saat tokeneita. Osallistu tokeneilla kilpailuun, jossa sinulla on mahdollisuus voittaa valittuja hienoja palkintoja.",
    "l10n.xpInformation": "Ansaitse Experience-pisteitä (XP) suorittamalla missioita. Erityinen valittu missio on saatavilla vain rajoitetun ajan. Muut missiot voivat olla saatavilla vain kerran, tai toistettavissa joka viikko. Tarkista tiedot kustakin.",
    "l10n.viewAll": "Näytä kaikki",
    "l10n.featuredReward": "Valittu palkinto",
    "l10n.enterToWin": "Osallistu voittaaksesi: ",
    "l10n.enterNow": "Osallistu nyt",
    "l10n.hoverOnEachBadge": "Näytä maailmalle, mistä sinut on tehty! Vedä ja pudota enintään 5 saavutusta, jotka esitetään profiilin ylälaidassa. Napsauta kuvaketta, josta teet käyttäjäotsikon.",
    "l10n.topBadges": "Tärkeimmät saavutukseni (enintään 5)",
    "l10n.badgesDisplayed": "Profiilissasi näkyvät ansiomerkit (maksimi 5)",
    "l10n.allAchievements": "Kaikki muut saavutukset",
    "l10n.dragDropBadges": "Vedä ja pudota yksittäiset ansiomerkit näkymään suosituimmissa ansiomerkeissä",
    "l10n.officialRules": "Viralliset säännöt",
    "l10n.timeLeft": "Aikaa jäljellä: {{countdown}}",
    "l10n.timeLeftToEnter": "{{countdown}} vasen kirjautuaksesi",
    "l10n.tokenEnteredSuccessfully": "Tokenit syötetty onnistuneesti!",
    "l10n.tokensEnteredSuccessfully": "Tokenit syötetty onnistuneesti!",
    "l10n.enterTokens": "Syötä tokenit",
    "l10n.addMoreTokens": "Lisää enemmän tokeneita",
    "l10n.tokenEntered": "Token syötetty",
    "l10n.tokensEntered": "Tokeneita syötetty",
    "l10n.addMore": "Lisää enemmän",
    "l10n.numberOfWinners": "Voittajien lukumäärä: {{number}}",
    "l10n.entriesSoFar": "Kohteita tähän mennessä: {{entries}}",
    "l10n.today": "Tänään",
    "l10n.levelsInfo": "GeForce-huippupelaajat ovat platina. Oletko sinä? Se on helppoa, ota vain missioita ansaitaksesi kokemuspisteitä (XP), jotka nostavat sinut hopeatasolta kultaan ja platinaan. Saat kannusteita heti hopeajäsenenä ja kun etenet saat hienoja palkintoja. Joka vuosi tuo uuden tilaisuuden nousta ylemmälle tasolle; tasosi 31. joulukuuta 2017 säilyy koko vuoden 2018.",
    "l10n.redeemPerks": "Lunasta kannusteet ”OMAT PALKINNOT\" -välilehdellä. Kunkin kannusteen voi lunastaa vain kerran grafiikkakorttia kohden.",
    "l10n.silver": "Hopea",
    "l10n.gold": "Kulta",
    "l10n.titanium": "Platina",
    "l10n.tokensPerWeekOne": "Saa yksi token per viikko",
    "l10n.tokensPerWeekThree": "Saa kolme tokenia per viikko",
    "l10n.tokensPerWeekEight": "Saa kahdeksan tokenia per viikko",
    "l10n.freeIndieGame": "Ilmainen vuosittainen indie-peli",
    "l10n.forumAdvancedFeatures": "Lisäominaisuudet GeForce-foorumeissa",
    "l10n.forumVipAccess": "VIP-pääsy GeForce-foorumeihin",
    "l10n.exclusiveOffers": "Eksklusiiviset tarjoukset",
    "l10n.discordAma": "Neljännesvuosittainen Discord-AMA (kysy minulta mitä vain)",
    "l10n.geforceSkins": "GeForce-ulkoasupaketti",
    "l10n.titaniumFanKit": "Platinafanipakkaus",
    "l10n.gfnPlaytime": "10 tuntia GeForce Now -peliaikaa on-demand",
    "l10n.firstToBetaTest": "Ole ensimmäinen uusien ominaisuuksien BEETA-testaaja",
    "l10n.invalidAmountOfTokens": "Virheellinen määrä tokeneita annettu",
    "l10n.errorOneOrMoreTokens": "Syötä 1 tai useampi tokeni voittaaksesi!",
    "l10n.errorAddMoreTokens": "Osallistuit voittaaksesi! Voit lisätä tokeneja mutta et voi poistaa yhtään",
    "l10n.errorTooManyTokens": "Hieno yritys! Näyttäisi, että sinulle ei ole vielä tarpeeksi tokeneja kyetäksesi kirjautumaan",
    "l10n.agreeToRules": "Hyväksyn <a ng-click=\"sweepstakeCtrl.showRules($event)\">viralliset säännöt</a>",
    "l10n.agreeToRulesAndTnC": "Hyväksyn <a ng-click=\"sweepstakeCtrl.showRules($event)\">viralliset säännöt</a> ja <a ng-click=\"sweepstakeCtrl.showTnC($event)\">käyttöehdot</a>",
    "l10n.levels": "Tasot",
    "l10n.level": "Taso",
    "l10n.uptoXp": "enintään {{value}} XP:tä",
    "l10n.tokenRemaining": "{{number}} token jäljellä",
    "l10n.tokensRemaining": "{{number}} tokenia jäljellä",
    "l10n.noTokensAvailable": "Tokenia ei ole saatavilla",
    "l10n.errorSubmittingTokens": "Tapahtui virhe yritettäessä lähettää tokeneja",
    "l10n.fileSelectionError": "Valittua tiedostoa ei voitu ladata. Vaadittu minimikoko on {{w}} x {{h}} pikseliä JPEG-, PNG- ja BMP-muodossa.",
    "l10n.errorTryAgain": "Jotakin meni pieleen. Yritä uudelleen myöhemmin.",
    "l10n.default": "Oletus",
    "l10n.activityFeed": "Aktiviteettisyöttö",
    "l10n.myRewards": "Omat palkinnot",
    "l10n.enterTokensToWin": "Syötä tokenit voittaaksesi",
    "l10n.featuredMissionCountdown": "Valittu missio ─ vanhentuu {{countdown}}",
    "l10n.featuredMissionStartCountdown": "Valittu missio ─ alkaa {{countdown}}",
    "l10n.featuredMissionEndCountdown": "Valittu missio ─ <span class=\"countdown\">päättyy {{countdown}}</span>",
    "l10n.featuredMissionEnded": "Valittu missio ─ päättynyt",
    "l10n.weeklyMissionsCountdown": "Viikottainen missio ─ palautuu {{countdown}}",
    "l10n.timelessMissions": "Ajattomat missiot",
    "l10n.expiresIn": "Vanhenee {{countdown}}",
    "l10n.gamersBio": "Pelaajan tiedot",
    "l10n.verificationOfUploadInProgress": "Robottimme skannaa lataustasi",
    "l10n.verificationSuccessfull": "Lataaminen onnistui",
    "l10n.tryAnother": "KOKEILE TOISTA",
    "l10n.winnersAnnouncement": "Näytä aikaisemmat voittajat",
    "l10n.minimumRequiredSize": "Vaadittu minimikoko on {{w}} x {{h}} pikseliä JPEG-, PNG- ja BMP-muodossa",
    "l10n.levelUpToUnlock": "Avaa lukitus siirtymällä ylemmälle tasolle",
    "l10n.save": "Tallenna",
    "l10n.badges": "Ansiomerkit",
    "l10n.userTitle": "Käyttäjän nimike - valitse käyttäjän nimike valitsemalla tähtikuvake",
    "l10n.uptoFiveAchievements": "Korosta profiiliasi valitsemalla enintään 5 saavutusta",
    "l10n.showcaseAchievements": "Korosta saavutuksiasi",
    "l10n.errorAchievements": "Tapahtui virhe päivitettäessä saavutuksia",
    "l10n.errorUserTitle": "Tapahtui virhe päivitettäessä käyttäjän nimikettä",
    "l10n.someInfoMissing": "Jotkin tiedot saattavat puuttua",
    "l10n.geforceCommunityProgram": "GeForce Community Pilot -ohjelma",
    "l10n.participateInCommunity": "Osallistu GeForce-yhteisöön kohottaaksesi tasoasi ja ansaittaaksesi palkintoja! Kun saavutat uuden tason, asemasi säilyy seuraavan kalenterivuoden loppuun.",
    "l10n.aboutTokens": "Ansaitse Experience-pisteitä (XP) suorittamalla tehtäviä loppuun.",
    "l10n.aboutXP": "Hanki tokeneja pysymällä aktiivisena joka viikko ja kirjaa ne voittaaksesi arvontapalkintoja.",
    "l10n.aboutRewards": "Voit ansaita seuraavia palkintoja. Tarkista kuitenkin, koska ne päivittyvät usein.",
    "l10n.refreshProfile": "Virkistysprofiili",
    "l10n.tokensMinGpu": "Tokenien syöttämiseen vaaditaan A GeForce GTX 950 tai TITAN X tai korkeampi",
    "l10n.newRewardsComingSoon": "Uudet palkkiot ovat tulossa pian!"
}
