{
    "l10n.chooseFromLatestCaptures": "Választás a legújabb rögzítésekből",
    "l10n.descriptionLimitReached": "A leírás nem lehet hosszabb 250 karakternél",
    "l10n.descriptionRequired": "Ez kötelező",
    "l10n.uploadFromPC": "Feltöltés számítógépről",
    "l10n.uploadProfileCover": "Profilborító feltöltése",
    "l10n.activityLog": "Tevékenységnapló",
    "l10n.latestCaptures": "Legújabb rögzítések",
    "l10n.viewGallery": "Galéria megtekintése",
    "l10n.recentlyUploaded": "Nemrég feltöltött",
    "l10n.turnOnShare": "A Megosztás bekapcsolása",
    "l10n.recordingsCaptured": "<span class=\"md-accent foreground font-size-xl\">{{value}}</span> felvétel",
    "l10n.screenshotsCaptured": "<span class=\"md-accent foreground font-size-xl\">{{value}}</span> képernyőkép",
    "l10n.anselGamesValue": "<span class=\"games-summary-value\">{{value}}</span> Ansel által támogatott játék",
    "l10n.gamestreamGamesValue": "<span class=\"games-summary-value\">{{value}}</span> Gamestreamre felkészített játékok és alkalmazások",
    "l10n.installedGamesValue": "<span class=\"games-summary-value\">{{value}}</span> Talált játékok és alkalmazások",
    "l10n.optimizedGamesValue": "<span class=\"games-summary-value\"></span> játék és alkalmazás optimalizálva",
    "l10n.itsEmptyHere": "Itt minden olyan üres!",
    "l10n.noRecentlyUploaded": "Kezdjen feltölteni képernyőképeket és rögzített videókat",
    "l10n.noRecentlyCaptured": "Kezdjen rögzíteni képernyőképeket és videókat",
    "l10n.profileStatus": "Profilállapot",
    "l10n.featuredMission": "Kiemelt küldetés",
    "l10n.userProfileTourString": "Adja hozzá avatarját, írjon életrajzot és frissítse borítóképét",
    "l10n.userMissionTourString": "Teljesítsen küldetéseket, és gyűjtsön XP-t a következő szintek eléréséhez",
    "l10n.userTokenTourString": "Gyűjtsön tokeneket és szerezzen jutalmakat",
    "l10n.userDefaultBioString": "Mondjon valamit magáról",
    "l10n.missions": "Küldetések",
    "l10n.totalXP": "{{value}} XP",
    "l10n.totalXPEach": "{{value}} XP mindegyik",
    "l10n.XPEarnedOutOf": "{{earned}}/{{total}} XP",
    "l10n.plusXP": "+ {{number}} XP",
    "l10n.plusXPEach": "+ {{number}} XP mindegyik",
    "l10n.xpStatus": "<span class=\"current-xp\">{{current}}</span>/{{upper}} XP",
    "l10n.xpRange": "{{lower}} XP helyett {{upper}} XP",
    "l10n.xpMax": "{{number}}+ XP",
    "l10n.plusXPPerWeek": "+ {{number}} XP minden héten",
    "l10n.xp": "XP",
    "l10n.token": "Token",
    "l10n.tokens": "Tokenek",
    "l10n.tokenCount": "{{value}} <span class=\"tokens-text\">Token</span>",
    "l10n.tokensCount": "{{value}} <span class=\"tokens-text\">Tokenek</span>",
    "l10n.tokensInformation": "Minden héten kapsz tokeneket, ha az adott időszakban szereztél XP-t. Minél magasabb szinten vagy, annál több tokent kapsz. Tokenekkel indulhatsz a Kiemelt jutalmak sorsolásán is.",
    "l10n.xpInformation": "Szerezz tapasztalatpontokat (XP) küldetések teljesítésével. A különleges Kiemelt küldetések csak korlátozott ideig érhetők el. Más küldetések csak egyszer érhetők el, vagy hetente ismétlődhetnek. Nézd meg mindegyik részleteit.",
    "l10n.viewAll": "Az összes megtekintése",
    "l10n.featuredReward": "Kiemelt jutalom",
    "l10n.enterToWin": "Nevezzen be a nyeréshez: ",
    "l10n.enterNow": "Nevezzen be most",
    "l10n.hoverOnEachBadge": "Mutasd meg a világnak, milyen kemény vagy! Húzz ide legfeljebb 5 eredményt, melyek a profilod tetején fognak megjelenni. A Kedvenc ikonra kattintva jelöld ki, hogy melyik legyen a felhasználói címkéd.",
    "l10n.topBadges": "Legjobb eredményeim (max 5)",
    "l10n.badgesDisplayed": "A profilján megjelenő jelvények (legfeljebb 5)",
    "l10n.allAchievements": "Egyéb eredmények",
    "l10n.dragDropBadges": "Az egyes jelvényeket húzással viheti a legjobb jelvények közé",
    "l10n.officialRules": "Hivatalos szabályok",
    "l10n.timeLeft": "Hátralévő idő: {{countdown}}",
    "l10n.timeLeftToEnter": "A belépésig hátra van: {{countdown}}",
    "l10n.tokenEnteredSuccessfully": "A token sikeresen megadva!",
    "l10n.tokensEnteredSuccessfully": "A tokenek sikeresen megadva!",
    "l10n.enterTokens": "Tokenek megadása",
    "l10n.addMoreTokens": "További tokenek hozzáadása",
    "l10n.tokenEntered": "Token megadva",
    "l10n.tokensEntered": "Megadott tokenek",
    "l10n.addMore": "Több hozzáadása",
    "l10n.numberOfWinners": "Nyertesek száma: {{number}}",
    "l10n.entriesSoFar": "Eddigi nevezések: {{entries}}",
    "l10n.today": "Ma",
    "l10n.levelsInfo": "A legjobb GeForce-játékosok Platinák. És Ön? Egyszerű: vállaljon küldetéseket tapasztalatpontokért (XP), melyekkel az Ezüst, az Arany, majd a Platina szintre juthat. Ezüst tagként azonnal bónuszokhoz jut, és előrehaladás közben egyre nagyobb jutalmakban részesül. Minden évben szintet léphet: a 2017. december 31-én érvényes szintjét 2018-ban végig megtartja.",
    "l10n.redeemPerks": "A bónuszok beváltásához nyisd meg a „JUTALMAIM” lapot. Egy bónusz csak egy alkalommal váltható be egy grafikus kártyához.",
    "l10n.silver": "Ezüst",
    "l10n.gold": "Arany",
    "l10n.titanium": "Platina",
    "l10n.tokensPerWeekOne": "Szerezzen egy tokent minden héten",
    "l10n.tokensPerWeekThree": "Szerezzen három tokent minden héten",
    "l10n.tokensPerWeekEight": "Szerezzen nyolc tokent minden héten",
    "l10n.freeIndieGame": "Évente egy ingyenes indie játék",
    "l10n.forumAdvancedFeatures": "Speciális funkciók a GeForce fórumokon",
    "l10n.forumVipAccess": "VIP hozzáférés a GeForce fórumokon",
    "l10n.exclusiveOffers": "Exkluzív ajánlatok",
    "l10n.discordAma": "Discord negyedéves AMA",
    "l10n.geforceSkins": "GeForce Témák csomag",
    "l10n.titaniumFanKit": "Platina rajongói készlet",
    "l10n.gfnPlaytime": "10 órányi GeForce Now játékidő",
    "l10n.firstToBetaTest": "Tesztelje elsőként az új BÉTA funkciókat",
    "l10n.invalidAmountOfTokens": "A megadott tokenmennyiség érvénytelen",
    "l10n.errorOneOrMoreTokens": "Adjon meg legalább 1 tokent a nyeréshez!",
    "l10n.errorAddMoreTokens": "Benevezett a nyereményre! Hozzáadhat még tokeneket, de nem vonhat vissza egyet sem",
    "l10n.errorTooManyTokens": "Szép próbálkozás! Úgy tűnik, még nincs elég tokenje a nevezéshez",
    "l10n.agreeToRules": "Elfogadom a <a ng-click=\"sweepstakeCtrl.showRules($event)\">Hivatalos szabályokat</a>",
    "l10n.agreeToRulesAndTnC": "Elfogadom a <a ng-click=\"sweepstakeCtrl.showRules($event)\">Hivatalos szabályokat</a> és a <a ng-click=\"sweepstakeCtrl.showTnC($event)\">Feltételeket</a>",
    "l10n.levels": "Szintek",
    "l10n.level": "Szint",
    "l10n.uptoXp": "legfeljebb {{value}} XP",
    "l10n.tokenRemaining": "{{number}} token maradt",
    "l10n.tokensRemaining": "{{number}} token maradt",
    "l10n.noTokensAvailable": "Nincsenek tokenek",
    "l10n.errorSubmittingTokens": "Hiba történt a tokenek beküldése közben",
    "l10n.fileSelectionError": "A kiválasztott fájlt nem lehetett betölteni. A szükséges minimális méret {{w}} x {{h}} képpont JPEG, PNG vagy BMP formátumban.",
    "l10n.errorTryAgain": "Hiba történt. Kérjük, próbáld meg később.",
    "l10n.default": "Alapértelmezett",
    "l10n.activityFeed": "Tevékenységfolyam",
    "l10n.myRewards": "Jutalmaim",
    "l10n.enterTokensToWin": "Adj meg tokeneket a nyeréshez",
    "l10n.featuredMissionCountdown": "Kiemelt küldetés ─ Lejár {{countdown}} múlva",
    "l10n.featuredMissionStartCountdown": "Kiemelt küldetés ─ {{countdown}} múlva kezdődik",
    "l10n.featuredMissionEndCountdown": "Kiemelt küldetés ─ <span class=\"countdown\">{{countdown}} múlva fejeződik be</span>",
    "l10n.featuredMissionEnded": "Kiemelt küldetés ─ Befejeződött",
    "l10n.weeklyMissionsCountdown": "Heti küldetések ─ Újraindul {{countdown}} múlva",
    "l10n.timelessMissions": "Időkorlát nélküli küldetések",
    "l10n.expiresIn": "Lejár {{countdown}} múlva",
    "l10n.gamersBio": "Játékos életrajza",
    "l10n.verificationOfUploadInProgress": "Robotunk vizsgálja a feltöltött adatokat",
    "l10n.verificationSuccessfull": "A feltöltés sikeres",
    "l10n.tryAnother": "PRÓBÁLJ EGY MÁSIKAT",
    "l10n.winnersAnnouncement": "Régebbi nyertesek megtekintése",
    "l10n.minimumRequiredSize": "A szükséges minimális méret {{w}} x {{h}} képpont JPEG, PNG vagy BMP formátumban",
    "l10n.levelUpToUnlock": "Lépj szintet a feloldáshoz",
    "l10n.save": "Mentés",
    "l10n.badges": "Jelvények",
    "l10n.userTitle": "Felhasználó rangja – Használd a csillag ikont felhasználói rangod kiválasztásához",
    "l10n.uptoFiveAchievements": "Válassz legfeljebb 5 eredményt, melyek a profilodban fognak megjelenni",
    "l10n.showcaseAchievements": "Mutasd be eredményeidet",
    "l10n.errorAchievements": "Hiba történt az eredmények frissítése közben",
    "l10n.errorUserTitle": "Hiba történt a felhasználói rang frissítése közben",
    "l10n.someInfoMissing": "Lehet, hogy bizonyos adatok hiányoznak",
    "l10n.geforceCommunityProgram": "GeForce közösség kísérleti program",
    "l10n.participateInCommunity": "Vegyen részt a GeForce közösségben, hogy szintet lépjen és jutalmakat kapjon! Amikor új szintet ér el, a státusza a következő naptári év végéig érvényes.",
    "l10n.aboutTokens": "Szerezzen tapasztalatpontokat (XP) küldetések teljesítésével!",
    "l10n.aboutXP": "Szerezzen tokeneket azzal, hogy minden héten aktív, és nevezzen be velük sorsolásokra az értékes nyereményekért!",
    "l10n.aboutRewards": "A következő jutalmakat zsebelheti be: Megéri visszanézni később is, mert a listát gyakran frissítjük.",
    "l10n.refreshProfile": "Profil frissítése",
    "l10n.tokensMinGpu": "Tokenek megadásához GeForce GTX 950 vagy TITAN X vagy magasabb szükséges",
    "l10n.newRewardsComingSoon": "Hamarosan új jutalmak érkeznek!"
}
