{
    "l10n.chooseFromLatestCaptures": "最新のキャプチャから選択",
    "l10n.descriptionLimitReached": "説明は 250 文字未満でなければなりません",
    "l10n.descriptionRequired": "必須事項です",
    "l10n.uploadFromPC": "PC からアップロード",
    "l10n.uploadProfileCover": "プロフィールのカバー写真をアップロード",
    "l10n.activityLog": "アクティビティログ",
    "l10n.latestCaptures": "最新のキャプチャ",
    "l10n.viewGallery": "ギャラリーを表示",
    "l10n.recentlyUploaded": "最近のアップロード",
    "l10n.turnOnShare": "シェアをオンにする",
    "l10n.recordingsCaptured": "<span class=\"md-accent foreground font-size-xl\">{{value}}</span> 録画",
    "l10n.screenshotsCaptured": "<span class=\"md-accent foreground font-size-xl\">{{value}}</span> スクリーンショット",
    "l10n.anselGamesValue": "<span class=\"games-summary-value\">{{value}}</span> Ansel サポートされたゲーム",
    "l10n.gamestreamGamesValue": "<span class=\"games-summary-value\">{{value}}</span> Gamestream と互換性のあるゲームとアプリケーション",
    "l10n.installedGamesValue": "<span class=\"games-summary-value\">{{value}}</span> 個のゲームとアプリケーションが検出されました",
    "l10n.optimizedGamesValue": "<span class=\"games-summary-value\"></span> 個のゲームとアプリケーションが最適化されています",
    "l10n.itsEmptyHere": "ここは空っぽだよ！",
    "l10n.noRecentlyUploaded": "スクリーンショットと録画したビデオのアップロードを開始する",
    "l10n.noRecentlyCaptured": "スクリーンショットのキャプチャとビデオの録画を開始する",
    "l10n.profileStatus": "プロフィールのステータス",
    "l10n.featuredMission": "注目のミッション",
    "l10n.userProfileTourString": "アバターを追加し、自己紹介を記入して、カバー写真を更新する",
    "l10n.userMissionTourString": "ミッションを完了し、レベルアップのための XP を獲得する",
    "l10n.userTokenTourString": "トークンを貯めてリワードを入手する",
    "l10n.userDefaultBioString": "自己紹介をする",
    "l10n.missions": "ミッション",
    "l10n.totalXP": "{{value}} XP",
    "l10n.totalXPEach": "{{value}} 各 XP",
    "l10n.XPEarnedOutOf": "{{earned}}/{{total}} XP",
    "l10n.plusXP": "+ {{number}} XP",
    "l10n.plusXPEach": "+ {{number}} 各 XP",
    "l10n.xpStatus": "<span class=\"current-xp\">{{current}}</span>/{{upper}} XP",
    "l10n.xpRange": "{{lower}} XP から {{upper}} XP",
    "l10n.xpMax": "{{number}}+ XP",
    "l10n.plusXPPerWeek": "+ {{number}} 連続週ごとの XP",
    "l10n.xp": "XP",
    "l10n.token": "トークン",
    "l10n.tokens": "トークン",
    "l10n.tokenCount": "{{value}} <span class=\"tokens-text\">トークン</span>",
    "l10n.tokensCount": "{{value}} <span class=\"tokens-text\">トークン</span>",
    "l10n.tokensInformation": "その期間中に XP を取得していれば、毎週トークンを獲得できます。レベルが高いほど、より多くのトークンを獲得できます。トークンを使用してエントリーし、大注目のリワードを獲得するチャンスをゲットしてください。",
    "l10n.xpInformation": "ミッションを完了して経験値 (XP) を獲得してください。注目のミッションは、限定された期間中のみ利用可能です。その他のミッションは 1 回のみ、または毎週再度利用可能です。詳細はそれぞれ確認してください。",
    "l10n.viewAll": "すべて表示",
    "l10n.featuredReward": "注目のリワード",
    "l10n.enterToWin": "エントリーして獲得する： ",
    "l10n.enterNow": "今すぐ入力する",
    "l10n.hoverOnEachBadge": "あなたが作ったものを世界中の人に見せてください！最大 5 つの成果をドラッグ アンド ドロップして、プロフィールの上部に表示できます。お気に入りのアイコンをクリックして、ユーザーのタイトルを作成します。",
    "l10n.topBadges": "マイ・ベスト成果（最大 5 つ）",
    "l10n.badgesDisplayed": "あなたのプロフィールに表示されているバッジ (最大 5 つ)",
    "l10n.allAchievements": "その他の成果",
    "l10n.dragDropBadges": "それぞれのバッジをドラッグ アンド ドロップして、トップ・バッジに表示する",
    "l10n.officialRules": "公式ルール",
    "l10n.timeLeft": "残り時間：{{countdown}}",
    "l10n.timeLeftToEnter": "入力するのに{{countdown}}残",
    "l10n.tokenEnteredSuccessfully": "トークンは正常にエントリーされました！",
    "l10n.tokensEnteredSuccessfully": "トークンは正常にエントリーされました！",
    "l10n.enterTokens": "トークンのエントリー",
    "l10n.addMoreTokens": "さらにトークンを追加",
    "l10n.tokenEntered": "エントリー済みのトークン",
    "l10n.tokensEntered": "エントリー済みのトークン",
    "l10n.addMore": "さらに追加",
    "l10n.numberOfWinners": "獲得者の人数：{{number}}",
    "l10n.entriesSoFar": "現在までのエントリー：{{entries}}",
    "l10n.today": "今日",
    "l10n.levelsInfo": "GeForce のトップゲーマーのレベルは、プラチナです。あなたはどうですか？簡単です。シルバーからゴールド、プラチナまでレベルアップする経験値 (XP) を獲得するためには、ミッションを受けるだけです。すぐにシルバーメンバーとして特典を入手し、進捗に応じてより大きなリワードを獲得できます。毎年新しくレベルアップする機会があります。2017 年 12 月 31 日現在のあなたのレベルは 2018 年の間、継続されます。",
    "l10n.redeemPerks": "特典を引き換えるには、「マイ・リワード」タブにアクセスします。各特典はグラフィックス カードあたり 1 回のみ引き換え可能です。",
    "l10n.silver": "シルバー",
    "l10n.gold": "ゴールド",
    "l10n.titanium": "プラチナ",
    "l10n.tokensPerWeekOne": "1 週間にトークンを 1 枚獲得する",
    "l10n.tokensPerWeekThree": "1 週間にトークンを 3 枚獲得する",
    "l10n.tokensPerWeekEight": "1 週間にトークンを 8 枚獲得する",
    "l10n.freeIndieGame": "無料年次インディーゲーム",
    "l10n.forumAdvancedFeatures": "GeForce フォーラムのアドバンス機能",
    "l10n.forumVipAccess": "GeForce フォーラムへの VIP アクセス",
    "l10n.exclusiveOffers": "独占オファー",
    "l10n.discordAma": "Discord 四半期毎の AMA (Ask Me Anything)",
    "l10n.geforceSkins": "GeForce スキンパック",
    "l10n.titaniumFanKit": "プラチナ・ファン・キット",
    "l10n.gfnPlaytime": "10 時間の GeForce Now のプレイ時間オンデマンド",
    "l10n.firstToBetaTest": "最初にベータ版の新機能をテストする",
    "l10n.invalidAmountOfTokens": "エントリーされたトークンの数が無効です",
    "l10n.errorOneOrMoreTokens": "獲得に向けて１つ以上のトークンをエントリー！",
    "l10n.errorAddMoreTokens": "獲得に向けてエントリしました！もっとトークンを追加できますが、削除することはできません。",
    "l10n.errorTooManyTokens": "ナイス トライ！エントリーするのに十分なトークンを保有されていないようです。",
    "l10n.agreeToRules": "私は<a ng-click=\"sweepstakeCtrl.showRules($event)\">公式ルール</a>に同意します。",
    "l10n.agreeToRulesAndTnC": "私は<a ng-click=\"sweepstakeCtrl.showRules($event)\">公式ルール</a>および<a ng-click=\"sweepstakeCtrl.showTnC($event)\">使用条件</a>に同意します。",
    "l10n.levels": "レベル",
    "l10n.level": "レベル",
    "l10n.uptoXp": "{{value}} XP まで",
    "l10n.tokenRemaining": "{{number}} つのトークンが残っています",
    "l10n.tokensRemaining": "{{number}} つのトークンが残っています",
    "l10n.noTokensAvailable": "利用可能なトークンはありません",
    "l10n.errorSubmittingTokens": "トークンの送信中にエラーが発生しました",
    "l10n.fileSelectionError": "選択したファイルをロードできませんでした。必要な最小サイズは、JPEG、PNG または BMP 形式で {{w}} x {{h}} ピクセルです。",
    "l10n.errorTryAgain": "エラーが発生しました。後で再試行してください。",
    "l10n.default": "既定",
    "l10n.activityFeed": "アクティビティフィード",
    "l10n.myRewards": "マイ・リワード",
    "l10n.enterTokensToWin": "獲得するトークンのエントリー",
    "l10n.featuredMissionCountdown": "注目のミッション ─ {{countdown}}後に期限切れ",
    "l10n.featuredMissionStartCountdown": "注目のミッション ─ {{countdown}}に開始",
    "l10n.featuredMissionEndCountdown": "注目のミッション ─ {{countdown}}<span class=\"countdown\">に終了</span>",
    "l10n.featuredMissionEnded": "注目のミッション ─ 終了しました",
    "l10n.weeklyMissionsCountdown": "ウィークリーミッション ─ {{countdown}}後にリセット",
    "l10n.timelessMissions": "タイムレスミッション",
    "l10n.expiresIn": "{{countdown}}後に期限切れ",
    "l10n.gamersBio": "ゲーマーの略歴",
    "l10n.verificationOfUploadInProgress": "ロボットがお客様のアップロードをスキャンしています",
    "l10n.verificationSuccessfull": "正常にアップロードされました",
    "l10n.tryAnother": "別のファイルでお試しください",
    "l10n.winnersAnnouncement": "過去の勝利者を見る",
    "l10n.minimumRequiredSize": "必要な最小サイズは、JPEG、PNG または BMP 形式で {{w}} x {{h}} ピクセルです",
    "l10n.levelUpToUnlock": "レベルアップしてロック解除",
    "l10n.save": "保存",
    "l10n.badges": "バッジ",
    "l10n.userTitle": "ユーザー タイトル-スターアイコンを選択して、ユーザータイトルを選ぶ",
    "l10n.uptoFiveAchievements": "最大 5 つの成果を選んで、プロフィールで紹介する",
    "l10n.showcaseAchievements": "成果を紹介する",
    "l10n.errorAchievements": "成果の更新中にエラーが発生しました",
    "l10n.errorUserTitle": "ユーザータイトルの更新中にエラーが発生しました",
    "l10n.someInfoMissing": "情報が一部不足しているようです",
    "l10n.geforceCommunityProgram": "GeForce コミュニティー パイロット プログラム",
    "l10n.participateInCommunity": "GeForce コミュニティーに参加してレベルアップするかリワードを獲得。新しいレベルに到達すると、ステータスは翌暦年の末まで続きます。",
    "l10n.aboutTokens": "ミッションを完了してエクスペリエンス ポイント (XP) を獲得してください。",
    "l10n.aboutXP": "毎週アクティブにしてトークンを入手、それを入力して懸賞リワードを獲得してください。",
    "l10n.aboutRewards": "次のリワードが得られます。ただし、頻繁に更新されるので常に確認てください。",
    "l10n.refreshProfile": "プロフィールをリフレッシュ",
    "l10n.tokensMinGpu": "トークンの入力には、GeForce GTX 950またはTITAN X以上が必要です。",
    "l10n.newRewardsComingSoon": "新リワードは近日公開！"
}
