{
    "l10n.chooseFromLatestCaptures": "최신 캡처에서 선택",
    "l10n.descriptionLimitReached": "설명은 250자 이하여야 합니다",
    "l10n.descriptionRequired": "필수 항목입니다",
    "l10n.uploadFromPC": "PC에서 업로드",
    "l10n.uploadProfileCover": "프로필 커버 업로드",
    "l10n.activityLog": "활동 로그",
    "l10n.latestCaptures": "최신 캡처",
    "l10n.viewGallery": "갤러리 보기",
    "l10n.recentlyUploaded": "최근 업로드",
    "l10n.turnOnShare": "공유 켜기",
    "l10n.recordingsCaptured": "<span class=\"md-accent foreground font-size-xl\">{{value}}</span> 녹화된 비디오",
    "l10n.screenshotsCaptured": "<span class=\"md-accent foreground font-size-xl\">{{value}}</span> 스크린샷",
    "l10n.anselGamesValue": "<span class=\"games-summary-value\">{{value}}</span> Ansel 지원 게임",
    "l10n.gamestreamGamesValue": "<span class=\"games-summary-value\">{{value}}</span> Gamestream ready 게임 및 앱",
    "l10n.installedGamesValue": "<span class=\"games-summary-value\">{{value}}</span>개의 게임 및 앱이 검색됨",
    "l10n.optimizedGamesValue": "<span class=\"games-summary-value\"></span>개의 게임 및 앱이 최적화됨",
    "l10n.itsEmptyHere": "여기는 비었습니다!",
    "l10n.noRecentlyUploaded": "스크린샷 및 동영상 업로드 시작하기",
    "l10n.noRecentlyCaptured": "스크린샷 캡쳐 및 동영상 녹화 시작하기",
    "l10n.profileStatus": "프로필 상태",
    "l10n.featuredMission": "주요 미션",
    "l10n.userProfileTourString": "당신의 아바타를 추가하고, 정보를 입력하고 커버 이미지를 업데이트하세요",
    "l10n.userMissionTourString": "미션을 완료하고 레벨업에 필요한 XP를 받으세요",
    "l10n.userTokenTourString": "토큰을 쌓아서 보상을 받으세요",
    "l10n.userDefaultBioString": "자기 소개",
    "l10n.missions": "미션",
    "l10n.totalXP": "{{value}} XP",
    "l10n.totalXPEach": "각 {{value}} XP",
    "l10n.XPEarnedOutOf": "{{earned}}/{{total}} XP",
    "l10n.plusXP": "+ {{number}} XP",
    "l10n.plusXPEach": "각 + {{number}} XP",
    "l10n.xpStatus": "<span class=\"current-xp\">{{current}}</span>/{{upper}}XP",
    "l10n.xpRange": "{{lower}}XP~{{upper}} XP",
    "l10n.xpMax": "{{number}}XP 이상",
    "l10n.plusXPPerWeek": "연속되는 주당 + {{number}} XP",
    "l10n.xp": "XP",
    "l10n.token": "토큰",
    "l10n.tokens": "토큰",
    "l10n.tokenCount": "{{value}} <span class=\"tokens-text\">토큰</span>",
    "l10n.tokensCount": "{{value}} <span class=\"tokens-text\">토큰</span>",
    "l10n.tokensInformation": "XP를 얻고 있는 기간에는 매주 토큰을 받게 됩니다. 레벨이 높을수록 더 많은 토큰을 받게 됩니다. 토큰을 이용해서 크고 특별한 보상을 탈 기회를 잡으세요.",
    "l10n.xpInformation": "미션을 완료해서 경험치 포인트(XP)를 얻으세요. 특별한 주요 미션은 제한된 시간에만 할 수 있습니다. 다른 미션은 한 번만 가능하거나, 매주 다시 할 수 있습니다. 각각을 확인하여 자세한 내용을 알아보세요.",
    "l10n.viewAll": "모두 보기",
    "l10n.featuredReward": "특별한 보상",
    "l10n.enterToWin": "승리하러 입장하기 ",
    "l10n.enterNow": "지금 입장하기",
    "l10n.hoverOnEachBadge": "당신이 어떤 사람인지 전 세계에 보여주세요!  성취 과제를 최대 5개까지 드래그 & 드롭하여 프로파일 상단에 표시할 수 있습니다. 가장 좋아하는 아이콘을 클릭하여 사용자 호칭을 만드십시오.",
    "l10n.topBadges": "나의 최고 성취 과제(최대 5개)",
    "l10n.badgesDisplayed": "프로필에서 보이는 배지(최대 5개)",
    "l10n.allAchievements": "기타 모든 성취 과제",
    "l10n.dragDropBadges": "상위 배지에 표시할 개별 배지를 끌어다 놓으십시오.",
    "l10n.officialRules": "공식 규칙",
    "l10n.timeLeft": "남은 시간: {{countdown}}",
    "l10n.timeLeftToEnter": "입력까지 남은 시간: {{countdown}}",
    "l10n.tokenEnteredSuccessfully": "토큰을 성공적으로 입력했습니다!",
    "l10n.tokensEnteredSuccessfully": "토큰을 성공적으로 사용했습니다!",
    "l10n.enterTokens": "토큰 입력",
    "l10n.addMoreTokens": "토큰 추가하기",
    "l10n.tokenEntered": "토큰 입력됨",
    "l10n.tokensEntered": "토큰 입력됨",
    "l10n.addMore": "추가하기",
    "l10n.numberOfWinners": "승리자 수: {{number}}명",
    "l10n.entriesSoFar": "현재까지 엔트리: {{entries}}",
    "l10n.today": "오늘",
    "l10n.levelsInfo": "최고의 GeForce 게이머는 플래티넘입니다. 당신은요? 간단합니다. 미션에 참여해서 경험치 포인트(XP)를 쌓아 실버에서 골드로, 골드에서 플래티넘으로 레벨을 올리세요. 실버 회원으로서 바로 혜택을 받게 되며, 진행에 따라 계속해서 더 큰 보상을 받게 됩니다. 매년마다 레벨업을 위한 새로운 기회가 있습니다. 2017년 12월 31일의 레벨은 2018년 말까지 유지됩니다.",
    "l10n.redeemPerks": "혜택을 사용하려면, \"내 보상\" 탭으로 이동하십시오. 각 혜택은 그래픽 카드당 한 번만 사용할 수 있습니다.",
    "l10n.silver": "실버",
    "l10n.gold": "골드",
    "l10n.titanium": "플래티넘",
    "l10n.tokensPerWeekOne": "일주마다 토큰 하나 받기",
    "l10n.tokensPerWeekThree": "일주마다 토큰 세 개 받기",
    "l10n.tokensPerWeekEight": "일주마다 토큰 여덟 개 받기",
    "l10n.freeIndieGame": "무료 연간 인디 게임",
    "l10n.forumAdvancedFeatures": "GeForce 포럼의 고급 기능",
    "l10n.forumVipAccess": "GeForce 포럼에 VIP 액세스",
    "l10n.exclusiveOffers": "전용 모드",
    "l10n.discordAma": "Discord 사분기 AMA",
    "l10n.geforceSkins": "GeForce 스킨 팩",
    "l10n.titaniumFanKit": "플래티넘 팬 키트",
    "l10n.gfnPlaytime": "10시간 GeForce Now 플레이 타임 온디맨드",
    "l10n.firstToBetaTest": "새로운 기능의 첫 번째 베타 테스터가 되세요.",
    "l10n.invalidAmountOfTokens": "잘못된 토큰 수량 입력됨",
    "l10n.errorOneOrMoreTokens": "토큰을 하나 이상 입력하여 당첨받으세요!",
    "l10n.errorAddMoreTokens": "추첨에 참여하셨습니다! 토큰을 더 추가할 수는 있지만 제거할 수는 없습니다.",
    "l10n.errorTooManyTokens": "좋아요! 입력할 수 있는 충분한 토큰이 없습니다.",
    "l10n.agreeToRules": "본인은 <a ng-click=\"sweepstakeCtrl.showRules($event)\">공식 규칙</a>에 동의합니다.",
    "l10n.agreeToRulesAndTnC": "본인은 <a ng-click=\"sweepstakeCtrl.showRules($event)\">공식 규칙</a>과 <a ng-click=\"sweepstakeCtrl.showTnC($event)\">이용 약관</a>에 동의합니다.",
    "l10n.levels": "레벨",
    "l10n.level": "레벨",
    "l10n.uptoXp": "{{value}}XP까지",
    "l10n.tokenRemaining": "{{number}} 토큰 남음",
    "l10n.tokensRemaining": "{{number}} 토큰 남음",
    "l10n.noTokensAvailable": "이용 가능한 토큰 없음",
    "l10n.errorSubmittingTokens": "토큰을 제출하는 중에 오류가 발생했습니다.",
    "l10n.fileSelectionError": "선택한 파일을 로드할 수 없습니다. JPEG, PNG 또는 BMP 포맷으로 최소 사이즈는 {{w}} x {{h}} px입니다.",
    "l10n.errorTryAgain": "문제가 발생했습니다. 나중에 다시 시도하십시오.",
    "l10n.default": "기본값",
    "l10n.activityFeed": "활동 피드",
    "l10n.myRewards": "내 보상",
    "l10n.enterTokensToWin": "획득을 위해 입장하기",
    "l10n.featuredMissionCountdown": "주요 미션 ─ {{countdown}} 후에 만료",
    "l10n.featuredMissionStartCountdown": "주요 미션 ─ {{countdown}} 후에 시작",
    "l10n.featuredMissionEndCountdown": "주요 미션 ─ <span class=\"countdown\">{{countdown}} 후에 종료</span>",
    "l10n.featuredMissionEnded": "주요 미션 ─ 종료됨",
    "l10n.weeklyMissionsCountdown": "주별 미션 ─ {{countdown}} 후에 재설정",
    "l10n.timelessMissions": "무기한 미션",
    "l10n.expiresIn": "{{countdown}} 후에 만료",
    "l10n.gamersBio": "게이머 정보",
    "l10n.verificationOfUploadInProgress": "로봇이 업로드를 스캔 중입니다",
    "l10n.verificationSuccessfull": "업로드 성공",
    "l10n.tryAnother": "다른 항목 시도",
    "l10n.winnersAnnouncement": "지난 승리자 보기",
    "l10n.minimumRequiredSize": "JPEG, PNG 또는 BMP 포맷으로 최소 사이즈는 {{w}} x {{h}} px입니다.",
    "l10n.levelUpToUnlock": "레벨업하여 잠금 해제",
    "l10n.save": "저장",
    "l10n.badges": "배지",
    "l10n.userTitle": "사용자 호칭 - 사용자 호칭 선택을 위해 별 아이콘을 선택하십시오",
    "l10n.uptoFiveAchievements": "성취 과제를 최대 5개까지 선택하여 프로파일에 표시하십시오",
    "l10n.showcaseAchievements": "성취 과제 표시",
    "l10n.errorAchievements": "성취 과제를 업데이트하는 중에 오류가 발생했습니다",
    "l10n.errorUserTitle": "사용자 호칭을 업데이트하는 중에 오류가 발생했습니다",
    "l10n.someInfoMissing": "일부 정보가 누락된 것 같습니다",
    "l10n.geforceCommunityProgram": "GeForce 커뮤니티 파일럿 프로그램",
    "l10n.participateInCommunity": "GeForce 커뮤니티에 참여하여 레벨업하고 보상도 받으세요. 새로운 레벨에 도달하면 올해 마지막까지 현재 상태로 유지됩니다.",
    "l10n.aboutTokens": "미션을 완료해서 경험치 포인트(XP)를 얻으세요.",
    "l10n.aboutXP": "매주 활발하게 활동하여 토큰을 얻고, 토큰을 입력하여 승자독식 보상 추첨에 참여해 보세요.",
    "l10n.aboutRewards": "다음과 같은 보상을 얻을 수 있습니다. 단, 자주 업데이트되니 항상 확인하시기 바랍니다.",
    "l10n.refreshProfile": "프로필 새로고침",
    "l10n.tokensMinGpu": "토큰을 입력하려면 GeForce GTX 950 또는 TITAN X 또는 상위 사양이 필요합니다",
    "l10n.newRewardsComingSoon": "신규 보상이 곧 찾아옵니다!"
}
