{
    "l10n.chooseFromLatestCaptures": "Uit laatste opnamen kiezen",
    "l10n.descriptionLimitReached": "De beschrijving moet minder dan 250 tekens bevatten",
    "l10n.descriptionRequired": "Dit is vereist",
    "l10n.uploadFromPC": "Uploaden vanaf pc",
    "l10n.uploadProfileCover": "Profielomslag uploaden",
    "l10n.activityLog": "Activiteitenlogboek",
    "l10n.latestCaptures": "Laatste opnamen",
    "l10n.viewGallery": "Galerij weergeven",
    "l10n.recentlyUploaded": "Onlangs geüpload",
    "l10n.turnOnShare": "Delen inschakelen",
    "l10n.recordingsCaptured": "<span class=\"md-accent foreground font-size-xl\">{{value}}</span> opnames",
    "l10n.screenshotsCaptured": "<span class=\"md-accent foreground font-size-xl\">{{value}}</span> screenshots",
    "l10n.anselGamesValue": "<span class=\"games-summary-value\">{{value}}</span> door Ansel ondersteunde games",
    "l10n.gamestreamGamesValue": "<span class=\"games-summary-value\">{{value}}</span> Gamestream-games en -apps",
    "l10n.installedGamesValue": "<span class=\"games-summary-value\">{{value}}</span> games en apps gevonden",
    "l10n.optimizedGamesValue": "<span class=\"games-summary-value\"></span> games en apps geoptimaliseerd",
    "l10n.itsEmptyHere": "Het is hier wel een beetje leeg!",
    "l10n.noRecentlyUploaded": "Begin screenshots en opgenomen video's te uploaden",
    "l10n.noRecentlyCaptured": "Begin screenshots vast te leggen en video's op te nemen",
    "l10n.profileStatus": "Profielstatus",
    "l10n.featuredMission": "Uitgelichte missie",
    "l10n.userProfileTourString": "Voeg avatar toe, schrijf bio en werk omslagafbeelding bij",
    "l10n.userMissionTourString": "Voltooi missies en verdien XP voor een hoger niveau",
    "l10n.userTokenTourString": "Vergaar tokens en ontvang beloningen",
    "l10n.userDefaultBioString": "Vertel iets over uzelf",
    "l10n.missions": "Missies",
    "l10n.totalXP": "{{value}} XP",
    "l10n.totalXPEach": "{{value}} XP elk",
    "l10n.XPEarnedOutOf": "{{earned}}/{{total}} XP",
    "l10n.plusXP": "+ {{number}} XP",
    "l10n.plusXPEach": "+ {{number}} XP elk",
    "l10n.xpStatus": "<span class=\"current-xp\">{{current}}</span>/{{upper}} XP",
    "l10n.xpRange": "{{lower}} XP tot {{upper}} XP",
    "l10n.xpMax": "{{number}}+ XP",
    "l10n.plusXPPerWeek": "+ {{number}} XP per opeenvolgende week",
    "l10n.xp": "XP",
    "l10n.token": "Token",
    "l10n.tokens": "Tokens",
    "l10n.tokenCount": "{{value}} <span class=\"tokens-text\">Token</span>",
    "l10n.tokensCount": "{{value}} <span class=\"tokens-text\">Tokens</span>",
    "l10n.tokensInformation": "Elke week verdient u tokens voor alle XP die u gedurende die periode hebt gewonnen. Hoe hoger uw niveau, hoe meer tokens u ontvangt. Met tokens kunt u meedoen voor een kans op de grote uitgelichte beloningen.",
    "l10n.xpInformation": "Verdien ervaringspunten (Experience Points [XP]) door missies te voltooien. Een speciale uitgelichte missie is maar voor een beperkte tijd beschikbaar. Andere missies kunnen maar één keer beschikbaar zijn of elke week worden herhaald. Kijk bij elk ervan voor details.",
    "l10n.viewAll": "Alles weergeven",
    "l10n.featuredReward": "Uitgelichte beloning",
    "l10n.enterToWin": "Meld u aan op om te winnen: ",
    "l10n.enterNow": "Nu aanmelden",
    "l10n.hoverOnEachBadge": "Laat de wereld zien wat je in huis hebt! Sleep en zet maximaal 5 prestaties bovenaan uw profiel neer. Klik op het favoriet-pictogram om er een als gebruikerstitel in te stellen.",
    "l10n.topBadges": "Mijn topprestaties (max. 5)",
    "l10n.badgesDisplayed": "Bij uw profiel weergegeven badges (max. 5)",
    "l10n.allAchievements": "Alle andere prestaties",
    "l10n.dragDropBadges": "Sleep afzonderlijke badges en zet ze neer voor weergave bij de topbadges",
    "l10n.officialRules": "Officiële regels",
    "l10n.timeLeft": "Resterende tijd: {{countdown}}",
    "l10n.timeLeftToEnter": "Nog {{countdown}} om in te zetten",
    "l10n.tokenEnteredSuccessfully": "Tokens aangemeld.",
    "l10n.tokensEnteredSuccessfully": "Tokens aangemeld.",
    "l10n.enterTokens": "Tokens aanmelden",
    "l10n.addMoreTokens": "Meer tokens toevoegen",
    "l10n.tokenEntered": "Token aangemeld",
    "l10n.tokensEntered": "Aangemelde tokens",
    "l10n.addMore": "Meer toevoegen",
    "l10n.numberOfWinners": "Aantal winnaars: {{number}}",
    "l10n.entriesSoFar": "Aanmeldingen tot nu toe: {{entries}}",
    "l10n.today": "Vandaag",
    "l10n.levelsInfo": "De beste GeForce-gamers zijn Platina. U ook? Het is gemakkelijk. Neem gewoon deel aan missies om ervaringspunten (XP) te verdienen waarmee u steeds een niveau hoger komt: van Zilver, naar Goud, naar Platina. Met de status Zilver ontvangt u onmiddellijk extraatjes en hoe verder u komt, hoe mooier de beloningen worden. Elk jaar is een nieuwe gelegenheid een niveau hoger te komen. Uw niveau op 31 december 2017 geldt voor het hele jaar 2018.",
    "l10n.redeemPerks": "Om extraatjes in te wisselen, gaat u naar het tabblad “MIJN BELONINGEN” Elke extraatje kan maar één keer per grafische kaart worden ingewisseld.",
    "l10n.silver": "Zilver",
    "l10n.gold": "Goud",
    "l10n.titanium": "Platina",
    "l10n.tokensPerWeekOne": "Ontvang één token per week",
    "l10n.tokensPerWeekThree": "Ontvang drie tokens per week",
    "l10n.tokensPerWeekEight": "Ontvang acht tokens per week",
    "l10n.freeIndieGame": "Gratis jaarlijkse indie-game",
    "l10n.forumAdvancedFeatures": "Geavanceerde functies op GeForce Forums",
    "l10n.forumVipAccess": "VIP-toegang op GeForce Forums",
    "l10n.exclusiveOffers": "Exclusieve aanbiedingen",
    "l10n.discordAma": "Driemaandelijks vragenrondje bij Discord",
    "l10n.geforceSkins": "GeForce-skinpack",
    "l10n.titaniumFanKit": "Platina-fanset",
    "l10n.gfnPlaytime": "10 uur GeForce Now speeltijd on-demand",
    "l10n.firstToBetaTest": "Wees de eerste BETA-tester van nieuwe functies",
    "l10n.invalidAmountOfTokens": "Ongeldig aantal tokens aangemeld",
    "l10n.errorOneOrMoreTokens": "Zet nog 1 of meer tokens in om te winnen!",
    "l10n.errorAddMoreTokens": "Je hebt ingezet voor de winst! Je kunt nog meer tokens toevoegen, maar er geen verwijderen",
    "l10n.errorTooManyTokens": "Mooie poging! Je hebt zo te zien niet genoeg tokens om in te zetten",
    "l10n.agreeToRules": "Ik ga akkoord met de <a ng-click=\"sweepstakeCtrl.showRules($event)\">officiële regels</a> van deze wedstrijd",
    "l10n.agreeToRulesAndTnC": "Ik ga akkoord met de <a ng-click=\"sweepstakeCtrl.showRules($event)\">officiële regels</a> en de <a ng-click=\"sweepstakeCtrl.showTnC($event)\">voorwaarden en bepalingen</a> van deze wedstrijd",
    "l10n.levels": "Niveaus",
    "l10n.level": "Niveau",
    "l10n.uptoXp": "tot aan {{value}} XP",
    "l10n.tokenRemaining": "{{number}} resterend token",
    "l10n.tokensRemaining": "{{number}} resterende tokens",
    "l10n.noTokensAvailable": "Er zijn geen tokens beschikbaar",
    "l10n.errorSubmittingTokens": "Er is een fout opgetreden bij het indienen van tokens",
    "l10n.fileSelectionError": "Het geselecteerde bestand is niet geladen. De grootte in JPEG-, PNG- of BMP-indeling moet minimaal {{w}} x {{h}} px zijn.",
    "l10n.errorTryAgain": "Er is iets fout gegaan. Probeer het later opnieuw.",
    "l10n.default": "Standaard",
    "l10n.activityFeed": "Activiteitenfeed",
    "l10n.myRewards": "Mijn beloningen",
    "l10n.enterTokensToWin": "Tokens aanmelden om te winnen",
    "l10n.featuredMissionCountdown": "Uitgelichte missie - verloopt in {{countdown}}",
    "l10n.featuredMissionStartCountdown": "Uitgelichte missie - start over {{countdown}}",
    "l10n.featuredMissionEndCountdown": "Uitgelichte missie - <span class=\"countdown\">eindigt over {{countdown}}</span>",
    "l10n.featuredMissionEnded": "Uitgelichte missie - beëindigd",
    "l10n.weeklyMissionsCountdown": "Wekelijkse missies - gereset in {{countdown}}",
    "l10n.timelessMissions": "Tijdloze missies",
    "l10n.expiresIn": "Verloopt in {{countdown}}",
    "l10n.gamersBio": "Bio van gamer",
    "l10n.verificationOfUploadInProgress": "Onze robot scant uw upload",
    "l10n.verificationSuccessfull": "Upload geslaagd",
    "l10n.tryAnother": "NOG EENS PROBEREN",
    "l10n.winnersAnnouncement": "Eerdere winnaars weergeven",
    "l10n.minimumRequiredSize": "De grootte in JPEG-, PNG- of BMP-indeling moet minimaal {{w}} x {{h}} px zijn.",
    "l10n.levelUpToUnlock": "Niveau omhoog om te ontgrendelen",
    "l10n.save": "Opslaan",
    "l10n.badges": "Badges",
    "l10n.userTitle": "Gebruikerstitel - Selecteer het pictogram van het sterretje om uw gebruikerstitel te kiezen",
    "l10n.uptoFiveAchievements": "Kies maximaal 5 prestaties om in uw profiel weer te geven.",
    "l10n.showcaseAchievements": "Uw prestaties weergeven",
    "l10n.errorAchievements": "Er is een fout opgetreden bij het bijwerken van uw prestaties",
    "l10n.errorUserTitle": "Er is een fout opgetreden bij het bijwerken van uw gebruikerstitel",
    "l10n.someInfoMissing": "Er ontbreekt mogelijk informatie",
    "l10n.geforceCommunityProgram": "Pilotprogramma GeForce-community",
    "l10n.participateInCommunity": "Neem deel aan de GeForce-community om hogere levels te bereiken en beloningen te verdienen. Als je een nieuw level bereikt, blijft je status onveranderd tot het einde van het volgende kalenderjaar.",
    "l10n.aboutTokens": "Verdien ervaringspunten (XP) door missies te voltooien.",
    "l10n.aboutXP": "Verzamel tokens door steeds actief te blijven en zet ze in om beloningen te winnen.",
    "l10n.aboutRewards": "Je kunt de volgende beloningen winnen. Kom regelmatig terug, want ze worden steeds bijgewerkt.",
    "l10n.refreshProfile": "Profiel vernieuwen",
    "l10n.tokensMinGpu": "Je hebt een GeForce GTX 950 of TITAN X of beter nodig om tokens in te voeren",
    "l10n.newRewardsComingSoon": "Binnenkort nieuwe beloningen!"
}
