{
    "l10n.chooseFromLatestCaptures": "Escolher nas capturas mais recentes",
    "l10n.descriptionLimitReached": "A descrição deve ter menos de 250 caracteres",
    "l10n.descriptionRequired": "Informação obrigatória",
    "l10n.uploadFromPC": "Fazer upload do computador",
    "l10n.uploadProfileCover": "Fazer upload da capa do perfil",
    "l10n.activityLog": "Log da atividade",
    "l10n.latestCaptures": "Capturas mais recentes",
    "l10n.viewGallery": "Visualizar Galeria",
    "l10n.recentlyUploaded": "Carregado recentemente",
    "l10n.turnOnShare": "Ligar o compartilhamento",
    "l10n.recordingsCaptured": "<span class=\"md-accent foreground font-size-xl\">{{value}}</span> gravações",
    "l10n.screenshotsCaptured": "<span class=\"md-accent foreground font-size-xl\">{{value}}</span> capturas de tela",
    "l10n.anselGamesValue": "<span class=\"games-summary-value\">{{value}}</span> jogos compatíveis com Ansel",
    "l10n.gamestreamGamesValue": "<span class=\"games-summary-value\">{{value}}</span> jogos e aplicativos compatíveis com o Gamestream",
    "l10n.installedGamesValue": "<span class=\"games-summary-value\">{{value}}</span> jogos e aplicativos encontrados",
    "l10n.optimizedGamesValue": "<span class=\"games-summary-value\"></span> jogos e aplicativos otimizados",
    "l10n.itsEmptyHere": "Está vazio aqui!",
    "l10n.noRecentlyUploaded": "Comece a fazer upload de capturas de tela e a gravar vídeos",
    "l10n.noRecentlyCaptured": "Comece a fazer upload de capturas de tela e a gravar vídeos",
    "l10n.profileStatus": "Status do perfil",
    "l10n.featuredMission": "Missão em destaque",
    "l10n.userProfileTourString": "Acrescente seu avatar, escreva sobre você e atualize a imagem da capa",
    "l10n.userMissionTourString": "Complete as missões e ganhe XP para subir de nível",
    "l10n.userTokenTourString": "Acumule tokens e ganhe recompensas",
    "l10n.userDefaultBioString": "Conte algo a seu respeito",
    "l10n.missions": "Missões",
    "l10n.totalXP": "{{value}} XP",
    "l10n.totalXPEach": "{{value}} XP cada",
    "l10n.XPEarnedOutOf": "{{earned}}/{{total}} XP",
    "l10n.plusXP": "+ {{number}} XP",
    "l10n.plusXPEach": "+ {{number}} XP cada",
    "l10n.xpStatus": "<span class=\"current-xp\">{{current}}</span>/{{upper}} XP",
    "l10n.xpRange": "{{lower}} XP para {{upper}} XP",
    "l10n.xpMax": "{{number}}+ XP",
    "l10n.plusXPPerWeek": "+ {{number}} XP por semana consecutiva",
    "l10n.xp": "XP",
    "l10n.token": "Token",
    "l10n.tokens": "Tokens",
    "l10n.tokenCount": "{{value}} <span class=\"tokens-text\">Token</span>",
    "l10n.tokensCount": "{{value}} <span class=\"tokens-text\">Tokens</span>",
    "l10n.tokensInformation": "Toda semana você ganhará tokens desde que tenha ganho algum XP durante esse período. Quanto maior o nível, mais tokens você ganha. Use os tokens para concorrer às incríveis Recompensas em destaque.",
    "l10n.xpInformation": "Ganhe Pontos de experiência (XP) completando as missões. Uma Missão em destaque especial está disponível por tempo limitado apenas. Outras missões podem estar disponíveis somente uma vez ou serem repetidas toda semana. Verifique os detalhes de cada uma.",
    "l10n.viewAll": "Exibir tudo",
    "l10n.featuredReward": "Recompensa em destaque",
    "l10n.enterToWin": "Inscreva-se para ganhar: ",
    "l10n.enterNow": "Inscreva-se agora mesmo",
    "l10n.hoverOnEachBadge": "Mostra ao mundo aquilo de que você é feito! Arrasta e larga até 5 Conquistas para serem apresentadas no seu perfil. Clique no ícone de favorito para tornar uma das conquistas no título de utilizador.",
    "l10n.topBadges": "As minhas principais Conquistas (máx. 5)",
    "l10n.badgesDisplayed": "Distintivos exibidos no seu perfil (máx. 5)",
    "l10n.allAchievements": "Todas as outras Conquistas",
    "l10n.dragDropBadges": "Arraste e solte os distintivos individuais para exibir nos principais distintivos",
    "l10n.officialRules": "Regulamento oficial",
    "l10n.timeLeft": "Tempo restante: {{countdown}}",
    "l10n.timeLeftToEnter": "{{countdown}} para entrar",
    "l10n.tokenEnteredSuccessfully": "Token inserido com sucesso!",
    "l10n.tokensEnteredSuccessfully": "Tokens inseridos com sucesso!",
    "l10n.enterTokens": "Inserir tokens",
    "l10n.addMoreTokens": "Acrescentar mais tokens",
    "l10n.tokenEntered": "Token inserido",
    "l10n.tokensEntered": "Tokens inseridos",
    "l10n.addMore": "Acrescentar mais",
    "l10n.numberOfWinners": "Número de vencedores: {{number}}",
    "l10n.entriesSoFar": "Inscrições até agora: {{entries}}",
    "l10n.today": "Hoje",
    "l10n.levelsInfo": "Os melhores gamers GeForce são Platina. Você é um deles? É fácil, basta embarcar na Missão para ganhar pontos de experiência (XP) que farão você subir de nível, de Prata para Ouro e Platina. Você ganha vantagens imediatamente como membro Prata e, à medida que avança, ganha recompensas melhores. Todo ano é uma nova oportunidade de subir de nível; seu nível em 31 de dezembro de 2017 irá durar até 2018.",
    "l10n.redeemPerks": "Para resgatar vantagens, vá para a guia \"MINHAS RECOMPENSAS\". Cada vantagem só pode ser resgatada uma vez por placa gráfica.",
    "l10n.silver": "Prata",
    "l10n.gold": "Ouro",
    "l10n.titanium": "Platina",
    "l10n.tokensPerWeekOne": "Ganhe um token por semana",
    "l10n.tokensPerWeekThree": "Ganhe três tokens por semana",
    "l10n.tokensPerWeekEight": "Ganhe oito tokens por semana",
    "l10n.freeIndieGame": "Jogo independente gratuito anual",
    "l10n.forumAdvancedFeatures": "Recursos avançados no GeForce Forums",
    "l10n.forumVipAccess": "Acesso VIP no GeForce Forums",
    "l10n.exclusiveOffers": "Ofertas exclusivas",
    "l10n.discordAma": "“Ask Me Anything” trimestral do Discord",
    "l10n.geforceSkins": "Pacote de capas GeForce",
    "l10n.titaniumFanKit": "Kit Fã Platina",
    "l10n.gfnPlaytime": "10 horas de jogo on-demand do GeForce Now",
    "l10n.firstToBetaTest": "Seja o primeiro a fazer o teste BETA dos novos recursos",
    "l10n.invalidAmountOfTokens": "Quantidade inválida de tokens inseridos",
    "l10n.errorOneOrMoreTokens": "Inserir 1 ou mais tokens para ganhar!",
    "l10n.errorAddMoreTokens": "Você já se inscreveu para ganhar! Você pode acrescentar mais tokens, mas não pode remover nenhum deles",
    "l10n.errorTooManyTokens": "Boa tentativa! Parece que você ainda não tem tokens suficientes disponíveis para entrar",
    "l10n.agreeToRules": "Concordo com o <a ng-click=\"sweepstakeCtrl.showRules($event)\">Regulamento Oficial</a>",
    "l10n.agreeToRulesAndTnC": "Concordo com o <a ng-click=\"sweepstakeCtrl.showRules($event)\">Regulamento Oficial</a> e com os <a ng-click=\"sweepstakeCtrl.showTnC($event)\">Termos e Condições</a>",
    "l10n.levels": "Níveis",
    "l10n.level": "Nível",
    "l10n.uptoXp": "até {{value}} XP",
    "l10n.tokenRemaining": "{{number}} token(s) restante(s)",
    "l10n.tokensRemaining": "{{number}} fichas restantes",
    "l10n.noTokensAvailable": "Não há tokens disponíveis",
    "l10n.errorSubmittingTokens": "Ocorreu um erro ao tentar enviar fichas",
    "l10n.fileSelectionError": "Não foi possível carregar o arquivo selecionado. O tamanho mínimo necessário é de {{w}} x {{h}} pixels no formato JPEG, PNG ou BMP.",
    "l10n.errorTryAgain": "Ocorreu um erro. Tente novamente mais tarde.",
    "l10n.default": "Padrão",
    "l10n.activityFeed": "Feed de atividades",
    "l10n.myRewards": "Minhas recompensas",
    "l10n.enterTokensToWin": "Inserir tokens para ganhar",
    "l10n.featuredMissionCountdown": "Missão em destaque ─ Expira em {{countdown}}",
    "l10n.featuredMissionStartCountdown": "Missão em destaque ─ Inicia em {{countdown}}",
    "l10n.featuredMissionEndCountdown": "Missão em destaque ─ <span class=\"countdown\">Expira em {{countdown}}</span>",
    "l10n.featuredMissionEnded": "Missão em destaque ─ Concluída",
    "l10n.weeklyMissionsCountdown": "Missões semanais ─ Reinicia em {{countdown}}",
    "l10n.timelessMissions": "Missões perpétuas",
    "l10n.expiresIn": "Expira em {{countdown}}",
    "l10n.gamersBio": "Biografia do jogador",
    "l10n.verificationOfUploadInProgress": "Nosso robô está verificando seu upload",
    "l10n.verificationSuccessfull": "Upload bem-sucedido",
    "l10n.tryAnother": "TENTE OUTRO",
    "l10n.winnersAnnouncement": "Exibir Últimos Ganhadores",
    "l10n.minimumRequiredSize": "O tamanho mínimo necessário é de {{w}} x {{h}} pixels no formato JPEG, PNG ou BMP",
    "l10n.levelUpToUnlock": "Suba de nível para desbloquear",
    "l10n.save": "Salvar",
    "l10n.badges": "Distintivos",
    "l10n.userTitle": "Título de usuário - Selecione o ícone de estrela para escolher o título de usuário",
    "l10n.uptoFiveAchievements": "Escolha até 5 conquistas para serem exibidas no seu perfil",
    "l10n.showcaseAchievements": "Exibir suas conquistas",
    "l10n.errorAchievements": "Ocorreu um erro ao tentar atualizar as conquistas",
    "l10n.errorUserTitle": "Ocorreu um erro ao tentar atualizar o título de usuário",
    "l10n.someInfoMissing": "Podem estar faltando algumas informações",
    "l10n.geforceCommunityProgram": "Programa piloto da comunidade GeForce",
    "l10n.participateInCommunity": "Participe da comunidade GeForce para subir de nível e ganhar recompensas. Ao atingir um novo nível, seu status durará até o final do ano seguinte.",
    "l10n.aboutTokens": "Obtenha Pontos de experiência (XP) completando as missões.",
    "l10n.aboutXP": "Obtenha tokens ao manter atividade a cada semana e insira-os para ganhar recompensas.",
    "l10n.aboutRewards": "Você pode ganhar as seguintes recompensas. No entanto, continue verificando, já que elas são atualizadas frequentemente.",
    "l10n.refreshProfile": "Atualizar perfil",
    "l10n.tokensMinGpu": "Observe que é necessário ter uma série GeForce GTX 950 ou TITAN X ou superior para inserir tokens",
    "l10n.newRewardsComingSoon": "Novas recompensas em breve!"
}
