{
    "l10n.chooseFromLatestCaptures": "Seleccionar nas capturas mais recentes",
    "l10n.descriptionLimitReached": "A descrição deverá ter menos de 250 caracteres",
    "l10n.descriptionRequired": "Esta opção é necessária",
    "l10n.uploadFromPC": "Transferir do computador",
    "l10n.uploadProfileCover": "Transferir o perfil",
    "l10n.activityLog": "Registo de actividade",
    "l10n.latestCaptures": "Capturas mais recentes",
    "l10n.viewGallery": "Ver Galeria",
    "l10n.recentlyUploaded": "Transferidos recentemente",
    "l10n.turnOnShare": "Activar a Partilha",
    "l10n.recordingsCaptured": "<span class=\"md-accent foreground font-size-xl\">{{value}}</span> gravações",
    "l10n.screenshotsCaptured": "<span class=\"md-accent foreground font-size-xl\">{{value}}</span> capturas de ecrã",
    "l10n.anselGamesValue": "<span class=\"games-summary-value\">{{value}}</span> jogos suportados pelo Ansel",
    "l10n.gamestreamGamesValue": "<span class=\"games-summary-value\">{{value}}</span> jogos e aplicações preparados para Gamestream",
    "l10n.installedGamesValue": "Foram encontrados <span class=\"games-summary-value\">{{value}}</span> jogos e aplicações",
    "l10n.optimizedGamesValue": "Foram optimizados <span class=\"games-summary-value\"></span> jogos e aplicações",
    "l10n.itsEmptyHere": "Está tudo vazio aqui!",
    "l10n.noRecentlyUploaded": "Iniciar a transferência de capturas de ecrã e vídeos gravados",
    "l10n.noRecentlyCaptured": "Iniciar a captura de ecrãs e de vídeos gravados",
    "l10n.profileStatus": "Estado do perfil",
    "l10n.featuredMission": "Missão em destaque",
    "l10n.userProfileTourString": "Adicione o seu Avatar, escreva a biografia e actualize a imagem de perfil",
    "l10n.userMissionTourString": "Complete missões e conquiste XP para subir de nível",
    "l10n.userTokenTourString": "Acumule fichas e receba prémios",
    "l10n.userDefaultBioString": "Conte-nos mais sobre si",
    "l10n.missions": "Missões",
    "l10n.totalXP": "{{value}} XP",
    "l10n.totalXPEach": "{{value}} XP cada",
    "l10n.XPEarnedOutOf": "{{earned}}/{{total}} XP",
    "l10n.plusXP": "+ {{number}} XP",
    "l10n.plusXPEach": "+ {{number}} XP cada",
    "l10n.xpStatus": "<span class=\"current-xp\">{{current}}</span>/{{upper}} XP",
    "l10n.xpRange": "{{lower}} XP para {{upper}} XP",
    "l10n.xpMax": "{{number}}+ XP",
    "l10n.plusXPPerWeek": "+ {{number}} XP por semana consecutiva",
    "l10n.xp": "XP",
    "l10n.token": "Ficha",
    "l10n.tokens": "Fichas",
    "l10n.tokenCount": "{{value}} <span class=\"tokens-text\">Ficha</span>",
    "l10n.tokensCount": "{{value}} <span class=\"tokens-text\">Fichas</span>",
    "l10n.tokensInformation": "Pode ganhar fichas todas as semanas, desde que tenha ganho um XP durante esse período. Quanto mais alto o nível, mais fichas recebe. Utilize as fichas para conseguir ter a oportunidade de ganhar os grandes prémios em destaque.",
    "l10n.xpInformation": "Ganhe Pontos de experiência (XP) ao completar as missões. Uma missão especial em destaque só está disponível durante um período limitado. Outras missões podem estar disponíveis apenas uma vez ou serem repetidas todas as semanas. Verifique cada uma para saber mais.",
    "l10n.viewAll": "Ver tudo",
    "l10n.featuredReward": "Prémios em destaque",
    "l10n.enterToWin": "Introduza para ganhar: ",
    "l10n.enterNow": "Introduzir agora",
    "l10n.hoverOnEachBadge": "Mostra ao mundo aquilo de que és feito! Arrasta e larga até 5 Conquistas para serem apresentadas no teu perfil. Clica no ícone de favorito para tornar uma das conquistas no título de utilizador.",
    "l10n.topBadges": "As minhas principais Conquistas (máx. 5)",
    "l10n.badgesDisplayed": "Emblemas apresentados no seu perfil (máx. 5)",
    "l10n.allAchievements": "Todas as outras Conquistas",
    "l10n.dragDropBadges": "Arraste e largue os emblemas individuais que serão apresentados nos melhores emblemas",
    "l10n.officialRules": "Regras oficiais",
    "l10n.timeLeft": "Tempo restante: {{countdown}}",
    "l10n.timeLeftToEnter": "{{countdown}} restantes para introduzir",
    "l10n.tokenEnteredSuccessfully": "Ficha introduzida com sucesso!",
    "l10n.tokensEnteredSuccessfully": "Fichas introduzidas com sucesso!",
    "l10n.enterTokens": "Introduzir fichas",
    "l10n.addMoreTokens": "Adicionar mais fichas",
    "l10n.tokenEntered": "Ficha introduzida",
    "l10n.tokensEntered": "Fichas introduzidas",
    "l10n.addMore": "Adicionar mais",
    "l10n.numberOfWinners": "Número de vencedores: {{number}}",
    "l10n.entriesSoFar": "Entradas até à data: {{entries}}",
    "l10n.today": "Hoje",
    "l10n.levelsInfo": "Os melhores gamers GeForce já chegaram ao nível platina. E você? É muito simples, basta aceitar as missões para conquistar pontos de experiência (XP) que farão com que suba de nível, de prata para ouro e depois para platina. As vantagens são recebidas logo enquanto membro de prata e, conforme sobe de nível, receberá prémios melhores. Todos os anos são uma oportunidade de subir de nível; o nível em que se encontra no dia 31 de dezembro de 2017 permanecerá em 2018.",
    "l10n.redeemPerks": "Para resgatar vantagens, aceda ao separador \"OS MEUS PRÉMIOS\". Cada vantagem só pode ser resgatada uma vez por placa gráfica.",
    "l10n.silver": "Prata",
    "l10n.gold": "Ouro",
    "l10n.titanium": "Platina",
    "l10n.tokensPerWeekOne": "Receba uma ficha por semana",
    "l10n.tokensPerWeekThree": "Receba três fichas por semana",
    "l10n.tokensPerWeekEight": "Receba oito fichas por semana",
    "l10n.freeIndieGame": "Jogos independentes anuais grátis",
    "l10n.forumAdvancedFeatures": "Funcionalidades avançadas nos fóruns GeForce",
    "l10n.forumVipAccess": "Acesso VIP nos fóruns GeForce",
    "l10n.exclusiveOffers": "Ofertas exclusivas",
    "l10n.discordAma": "Resposta a todas as perguntas trimestralmente no Discord",
    "l10n.geforceSkins": "Pacote de máscaras do GeForce",
    "l10n.titaniumFanKit": "Kit de fã platina",
    "l10n.gfnPlaytime": "10 horas de tempo de jogo GeForce NOW a pedido",
    "l10n.firstToBetaTest": "Seja o primeira a fazer os testes BETA das novas funcionalidades",
    "l10n.invalidAmountOfTokens": "O número de fichas introduzido não é válido",
    "l10n.errorOneOrMoreTokens": "Introduzir 1 ou mais fichas para ganhar!",
    "l10n.errorAddMoreTokens": "Está inscrito para ganhar! Pode adicionar mais fichas, mas não pode remover nenhuma",
    "l10n.errorTooManyTokens": "Boa tentativa! Aparentemente, ainda não tem fichas suficientes para introduzir",
    "l10n.agreeToRules": "Aceito o <a ng-click=\"sweepstakeCtrl.showRules($event)\">Regulamento oficial</a>",
    "l10n.agreeToRulesAndTnC": "Aceito o <a ng-click=\"sweepstakeCtrl.showRules($event)\">Regulamento oficial</a> e os <a ng-click=\"sweepstakeCtrl.showTnC($event)\">Termos e Condições</a>",
    "l10n.levels": "Níveis",
    "l10n.level": "Nível",
    "l10n.uptoXp": "até {{value}} XP",
    "l10n.tokenRemaining": "{{number}} fichas restantes",
    "l10n.tokensRemaining": "{{number}} fichas restantes",
    "l10n.noTokensAvailable": "Não estão disponíveis fichas",
    "l10n.errorSubmittingTokens": "Ocorreu um erro ao tentar enviar fichas",
    "l10n.fileSelectionError": "Não foi possível carregar o ficheiro seleccionado. O tamanho mínimo requerido é de {{w}} x {{h}} px no formato JPEG, PNG ou BMP.",
    "l10n.errorTryAgain": "Ocorreu um erro. Tente novamente mais tarde.",
    "l10n.default": "Predefinição",
    "l10n.activityFeed": "Feed de actividades",
    "l10n.myRewards": "Os meus prémios",
    "l10n.enterTokensToWin": "Introduzir fichas para ganhar",
    "l10n.featuredMissionCountdown": "Missão em destaque ─ Expira dentro de {{countdown}}",
    "l10n.featuredMissionStartCountdown": "Missão em destaque ─ Começa dentro de {{countdown}}",
    "l10n.featuredMissionEndCountdown": "Missão em destaque ─ <span class=\"countdown\">Termina dentro de {{countdown}}</span>",
    "l10n.featuredMissionEnded": "Missão em destaque ─ Terminada",
    "l10n.weeklyMissionsCountdown": "Missões semanais ─ Reinicia dentro de {{countdown}}",
    "l10n.timelessMissions": "Missões sem prazo",
    "l10n.expiresIn": "Expira dentro de {{countdown}}",
    "l10n.gamersBio": "Biografia do jogador",
    "l10n.verificationOfUploadInProgress": "O nosso robô está a verificar a sua transferência",
    "l10n.verificationSuccessfull": "Transferência bem sucedida",
    "l10n.tryAnother": "TENTAR NOVAMENTE",
    "l10n.winnersAnnouncement": "Ver os vencedores anteriores",
    "l10n.minimumRequiredSize": "O tamanho mínimo requerido é de {{w}} x {{h}} px no formato JPEG, PNG ou BMP",
    "l10n.levelUpToUnlock": "Aumentar de nível para desbloquear",
    "l10n.save": "Guardar",
    "l10n.badges": "Emblemas",
    "l10n.userTitle": "Título do Utilizador - Seleccione o ícone de asterisco para seleccionar o título de utilizador",
    "l10n.uptoFiveAchievements": "Seleccione até 5 conquistas para serem apresentadas no perfil",
    "l10n.showcaseAchievements": "Apresente as suas conquistas",
    "l10n.errorAchievements": "Ocorreu um erro ao tentar actualizar as conquistas",
    "l10n.errorUserTitle": "Ocorreu um erro ao tentar actualizar o título do utilizador",
    "l10n.someInfoMissing": "Algumas informações podem estar em falta",
    "l10n.geforceCommunityProgram": "Programa Piloto da Comunidade GeForce",
    "l10n.participateInCommunity": "Participe na comunidade GeForce para subir de nível e ganhar prémios. Quando chegar a um novo nível, o seu estado será mantido até ao final do ano seguinte.",
    "l10n.aboutTokens": "Ganhe Pontos de experiência (XP) ao completar as missões.",
    "l10n.aboutXP": "Ganhe fichas mantendo-se activo todas as semanas e introduzindo-as para ganhar sorteios de prémios.",
    "l10n.aboutRewards": "Pode ganhar os prémios seguintes. Contudo, mantenha-se a par porque estes são atualizados com frequência.",
    "l10n.refreshProfile": "Actualizar perfil",
    "l10n.tokensMinGpu": "É necessário o GeForce GTX 950, TITAN X ou superior para introduzir fichas",
    "l10n.newRewardsComingSoon": "Estão a chegar novos prémios!"
}
