{
    "l10n.chooseFromLatestCaptures": "Выбрать из последних записей",
    "l10n.descriptionLimitReached": "Описание должно содержать не более 250 знаков",
    "l10n.descriptionRequired": "Поле является обязательным для заполнения",
    "l10n.uploadFromPC": "Загрузить с ПК",
    "l10n.uploadProfileCover": "Загрузить обложку профиля",
    "l10n.activityLog": "Журнал активности",
    "l10n.latestCaptures": "Последние записи",
    "l10n.viewGallery": "Просмотреть галерею",
    "l10n.recentlyUploaded": "Недавно загруженные",
    "l10n.turnOnShare": "Включить общий доступ",
    "l10n.recordingsCaptured": "Записей: <span class=\"md-accent foreground font-size-xl\">{{value}}</span>",
    "l10n.screenshotsCaptured": "Снимков экрана: <span class=\"md-accent foreground font-size-xl\">{{value}}</span>",
    "l10n.anselGamesValue": "Ansel-совместимых игр: <span class=\"games-summary-value\">{{value}}</span>",
    "l10n.gamestreamGamesValue": "Gamestream-совместимые игры и приложения: <span class=\"games-summary-value\">{{value}}</span>",
    "l10n.installedGamesValue": "Найдено игр и приложений: <span class=\"games-summary-value\">{{value}}</span>",
    "l10n.optimizedGamesValue": "Оптимизировано игр и приложений: <span class=\"games-summary-value\"></span>",
    "l10n.itsEmptyHere": "Здесь пусто",
    "l10n.noRecentlyUploaded": "Начните загружать снимки экрана и видеозаписи",
    "l10n.noRecentlyCaptured": "Начните делать снимки экрана и записывать видео",
    "l10n.profileStatus": "Статус профиля",
    "l10n.featuredMission": "Избранная миссия",
    "l10n.userProfileTourString": "Добавьте аватар, напишите биографию и измените изображение на обложке",
    "l10n.userMissionTourString": "Выполняйте миссии, получайте очки опыта и повышайте уровень",
    "l10n.userTokenTourString": "Набирайте жетоны и получайте награды",
    "l10n.userDefaultBioString": "Расскажите о себе",
    "l10n.missions": "Миссии",
    "l10n.totalXP": "{{value}} XP",
    "l10n.totalXPEach": "{{value}} XP каждый",
    "l10n.XPEarnedOutOf": "{{earned}}/{{total}} XP",
    "l10n.plusXP": "+ {{number}} XP",
    "l10n.plusXPEach": "+ {{number}} XP каждый",
    "l10n.xpStatus": "<span class=\"current-xp\">{{current}}</span>/{{upper}} XP",
    "l10n.xpRange": "От {{lower}} до {{upper}} XP",
    "l10n.xpMax": "{{number}}+ XP",
    "l10n.plusXPPerWeek": "+ {{number}} XP за каждую следующую неделю",
    "l10n.xp": "XP",
    "l10n.token": "Жетон",
    "l10n.tokens": "Жетоны",
    "l10n.tokenCount": "<span class=\"tokens-text\">Жетонов:</span> {{value}}",
    "l10n.tokensCount": "<span class=\"tokens-text\">Жетонов:</span> {{value}}",
    "l10n.tokensInformation": "Вы получаете жетоны каждую неделю, если за это время вы набрали очки опыта. Чем выше уровень, тем больше дается жетонов. За жетоны вы участвуете в розыгрыше больших призов.",
    "l10n.xpInformation": "Зарабатывайте очки опыта за выполнение миссий. Особые избранные миссии доступны лишь короткое время. Другие миссии доступны только один раз или повторяются каждую неделю. Смотрите условия каждой из них.",
    "l10n.viewAll": "Показать все",
    "l10n.featuredReward": "Большой приз",
    "l10n.enterToWin": "Вы можете выиграть: ",
    "l10n.enterNow": "Участвовать",
    "l10n.hoverOnEachBadge": "Покажите всему миру, на что вы способны! Перетащите до 5 достижений для их отображения вверху профиля. Нажмите на значок «Избранное», чтобы сделать одно из них вашим титулом пользователя.",
    "l10n.topBadges": "Мои главные достижения (максимум 5)",
    "l10n.badgesDisplayed": "Значки, отображаемые в профиле (до 5)",
    "l10n.allAchievements": "Все прочие достижения",
    "l10n.dragDropBadges": "Перетащите отдельные значки в раздел лучших значков",
    "l10n.officialRules": "Официальные правила",
    "l10n.timeLeft": "Осталось: {{countdown}}",
    "l10n.timeLeftToEnter": "Осталось времени: {{countdown}}",
    "l10n.tokenEnteredSuccessfully": "Жетон успешно внесен!",
    "l10n.tokensEnteredSuccessfully": "Жетоны внесены.",
    "l10n.enterTokens": "Внести жетоны",
    "l10n.addMoreTokens": "Добавить еще жетонов",
    "l10n.tokenEntered": "Жетон внесен",
    "l10n.tokensEntered": "Внесено жетонов",
    "l10n.addMore": "Добавить еще",
    "l10n.numberOfWinners": "Количество победителей: {{number}}",
    "l10n.entriesSoFar": "Всего заявок: {{entries}}",
    "l10n.today": "Сегодня",
    "l10n.levelsInfo": "У лучших GeForce-геймеров платиновый уровень. А у вас? Все просто: выполняйте миссии, зарабатывайте XP и переходите на серебряный, золотой, а затем и платиновый уровень. Уже на серебряном уровне вы начнете получать бонусы, а по мере роста они станут только лучше. Каждый год у вас будет возможность повысить уровень. Текущий уровень на 31 декабря 2017 года действует весь 2018 год.",
    "l10n.redeemPerks": "Для активации бонусов перейдите на вкладку \"МОИ НАГРАДЫ\". Бонусы можно активировать только один раз на одну видеокарту.",
    "l10n.silver": "Серебряный",
    "l10n.gold": "Золотой",
    "l10n.titanium": "Платиновый",
    "l10n.tokensPerWeekOne": "Получаете один жетон в неделю",
    "l10n.tokensPerWeekThree": "Получаете три жетона в неделю",
    "l10n.tokensPerWeekEight": "Получаете восемь жетонов в неделю",
    "l10n.freeIndieGame": "Бесплатная ежегодная инди-игра",
    "l10n.forumAdvancedFeatures": "Расширенные возможности на форумах GeForce",
    "l10n.forumVipAccess": "VIP-доступ на форумах GeForce",
    "l10n.exclusiveOffers": "Эксклюзивные предложения",
    "l10n.discordAma": "Квартальные AMA в Discord",
    "l10n.geforceSkins": "Набор обложек GeForce",
    "l10n.titaniumFanKit": "Платиновый фанатский набор",
    "l10n.gfnPlaytime": "10 часов игрового времени в GeForce Now по запросу",
    "l10n.firstToBetaTest": "Приоритетный доступ к бета-тестированию новых функций",
    "l10n.invalidAmountOfTokens": "Введено неверное количество жетонов",
    "l10n.errorOneOrMoreTokens": "Внесите 1 или несколько жетонов для победы!",
    "l10n.errorAddMoreTokens": "Вы участвуете! Вы можете добавлять, но не забирать жетоны",
    "l10n.errorTooManyTokens": "К сожалению, у вас недостаточно жетонов для участия",
    "l10n.agreeToRules": "Я принимаю <a ng-click=\"sweepstakeCtrl.showRules($event)\">официальные правила</a>",
    "l10n.agreeToRulesAndTnC": "Я принимаю <a ng-click=\"sweepstakeCtrl.showRules($event)\">официальные правила</a> и <a ng-click=\"sweepstakeCtrl.showTnC($event)\">условия и положения</a>",
    "l10n.levels": "Уровни",
    "l10n.level": "Уровень",
    "l10n.uptoXp": "до {{value}} XP",
    "l10n.tokenRemaining": "Осталось жетонов: {{number}}",
    "l10n.tokensRemaining": "Осталось жетонов: {{number}}",
    "l10n.noTokensAvailable": "Жетонов нет",
    "l10n.errorSubmittingTokens": "Ошибка при попытке отправки жетонов",
    "l10n.fileSelectionError": "Не удалось загрузить выбранный файл. Минимальный размер изображения в формате JPEG, PNG и BMP составляет {{w}} х {{h}} пикселей.",
    "l10n.errorTryAgain": "Произошла ошибка. Повторите попытку позже.",
    "l10n.default": "По умолчанию",
    "l10n.activityFeed": "Лента активности",
    "l10n.myRewards": "Мои награды",
    "l10n.enterTokensToWin": "Внесите жетоны для победы",
    "l10n.featuredMissionCountdown": "Избранная миссия ─ истекает через {{countdown}}",
    "l10n.featuredMissionStartCountdown": "Избранная миссия ─ Начало через {{countdown}}",
    "l10n.featuredMissionEndCountdown": "Избранная миссия ─ <span class=\"countdown\">Окончание через {{countdown}}</span>",
    "l10n.featuredMissionEnded": "Избранная миссия ─ Завершено",
    "l10n.weeklyMissionsCountdown": "Еженедельные миссии ─ будут обновлены через {{countdown}}",
    "l10n.timelessMissions": "Постоянные миссии",
    "l10n.expiresIn": "Истекает через {{countdown}}",
    "l10n.gamersBio": "Биография игрока",
    "l10n.verificationOfUploadInProgress": "Наш робот сканирует отправленный вами файл",
    "l10n.verificationSuccessfull": "Отправлено",
    "l10n.tryAnother": "ВЫБЕРИТЕ ДРУГОЙ ФАЙЛ",
    "l10n.winnersAnnouncement": "Посмотреть предыдущих победителей",
    "l10n.minimumRequiredSize": "Минимальный размер изображения в формате JPEG, PNG и BMP составляет {{w}} х {{h}} пикселей.",
    "l10n.levelUpToUnlock": "Поднимите уровень для разблокировки",
    "l10n.save": "Сохранить",
    "l10n.badges": "Значки",
    "l10n.userTitle": "Пользовательский заголовок — нажмите на звездочку, чтобы выбрать пользовательский заголовок",
    "l10n.uptoFiveAchievements": "Выберите до 5 достижений для отображения в профиле",
    "l10n.showcaseAchievements": "Показать достижения",
    "l10n.errorAchievements": "Ошибка при попытке обновления достижений",
    "l10n.errorUserTitle": "Ошибка при попытке обновления пользовательского заголовка",
    "l10n.someInfoMissing": "Возможно, некоторая информация отсутствует",
    "l10n.geforceCommunityProgram": "Пилотная программа сообщества GeForce",
    "l10n.participateInCommunity": "Участвуйте в жизни сообщества GeForce, чтобы получать уровни и награды. После перехода на новый уровень ваш статус останется до конца следующего календарного года.",
    "l10n.aboutTokens": "Зарабатывайте очки опыта (XP) за выполнение миссий.",
    "l10n.aboutXP": "Зарабатывайте жетоны за еженедельную активность и вносите их ради наград.",
    "l10n.aboutRewards": "Вы можете выиграть следующие награды. Не забудьте регулярно проверять, они часто обновляются.",
    "l10n.refreshProfile": "Обновить профиль",
    "l10n.tokensMinGpu": "Чтобы внести жетоны, требуется GeForce GTX 950 или TITAN X и выше",
    "l10n.newRewardsComingSoon": "Новые награды уже скоро!"
}
