{
    "l10n.chooseFromLatestCaptures": "Vyberte si z najnovších snímok",
    "l10n.descriptionLimitReached": "Opis musí mať menej ako 250 znakov",
    "l10n.descriptionRequired": "Povinná položka",
    "l10n.uploadFromPC": "Nahrať z počítača",
    "l10n.uploadProfileCover": "Nahrať titulnú fotografiu profilu",
    "l10n.activityLog": "Denník aktivity",
    "l10n.latestCaptures": "Najnovšie snímky",
    "l10n.viewGallery": "Zobraziť galériu",
    "l10n.recentlyUploaded": "Nedávno nahrané",
    "l10n.turnOnShare": "Zapnúť zdieľanie",
    "l10n.recordingsCaptured": "Nahrávky: <span class=\"md-accent foreground font-size-xl\">{{value}}</span>",
    "l10n.screenshotsCaptured": "Snímky obrazovky: <span class=\"md-accent foreground font-size-xl\">{{value}}</span>",
    "l10n.anselGamesValue": "Hry s podporou programu Ansel: <span class=\"games-summary-value\">{{value}}</span>",
    "l10n.gamestreamGamesValue": "Počet hier a aplikácií pripravených na technológiu Gamestream: <span class=\"games-summary-value\">{{value}}</span>",
    "l10n.installedGamesValue": "Počet nájdených hier a aplikácií: <span class=\"games-summary-value\">{{value}}</span>",
    "l10n.optimizedGamesValue": "Počet optimalizovaných hier a aplikácií: <span class=\"games-summary-value\"></span>",
    "l10n.itsEmptyHere": "Nič tu nie je",
    "l10n.noRecentlyUploaded": "Spustiť nahrávanie snímok obrazovky a nahratých videí",
    "l10n.noRecentlyCaptured": "Spustiť zaznamenávanie snímok obrazovky a nahrávanie videí",
    "l10n.profileStatus": "Stav profilu",
    "l10n.featuredMission": "Odporúčaná misia",
    "l10n.userProfileTourString": "Pridajte si avatar, napíšte životopis, aktualizujte titulnú fotografiu",
    "l10n.userMissionTourString": "Zvyšujte si úroveň plnením misií a získavaním bodov skúseností (XP)",
    "l10n.userTokenTourString": "Zbierajte tokeny a získavajte odmeny",
    "l10n.userDefaultBioString": "Povedzte niečo o sebe",
    "l10n.missions": "Misie",
    "l10n.totalXP": "Body skúseností (XP): {{value}}",
    "l10n.totalXPEach": "Body skúseností (XP) pre každého: {{value}}",
    "l10n.XPEarnedOutOf": "Body skúseností (XP): {{earned}}/{{total}}",
    "l10n.plusXP": "Získané body skúseností (XP): + {{number}}",
    "l10n.plusXPEach": "Získané body skúseností (XP) pre každého: + {{number}}",
    "l10n.xpStatus": "BODY SKÚSENOSTÍ (XP): <span class=\"current-xp\">{{current}}</span>/{{upper}}",
    "l10n.xpRange": "{{lower}} – {{upper}} XP",
    "l10n.xpMax": "{{number}}+ XP",
    "l10n.plusXPPerWeek": "Získané body skúseností (XP) za nasledujúci týždeň: + {{number}}",
    "l10n.xp": "Body skúseností (XP)",
    "l10n.token": "Token",
    "l10n.tokens": "Tokeny",
    "l10n.tokenCount": "{{value}} <span class=\"tokens-text\">token</span>",
    "l10n.tokensCount": "Niekoľko ({{value}}) <span class=\"tokens-text\">tokenov</span>",
    "l10n.tokensInformation": "Každý týždeň získate tokeny, ak počas tohto obdobia získate nejaké body skúseností. Čím je vaša úroveň vyššia, tým viac tokenov získate. Zadajte tokeny a vyhrajte veľké odporúčané odmeny.",
    "l10n.xpInformation": "Získavajte body skúseností (XP) plnením misií. Špeciálna odporúčaná misia je vždy k dispozícii iba istý obmedzený čas. Ostatné misie môžu byť k dispozícii iba raz alebo sa môžu opakovať každý týždeň. Pozrite si podrobnosti každej z nich.",
    "l10n.viewAll": "Zobraziť všetko",
    "l10n.featuredReward": "Odporúčaná odmena",
    "l10n.enterToWin": "Pridajte sa a získajte výhru: ",
    "l10n.enterNow": "Pridať sa teraz",
    "l10n.hoverOnEachBadge": "Ukážte ostatným, čo sa vo vás skrýva! Presuňte myšou 5 výsledkov, ktoré chcete mať zobrazené v hornej časti profilu. Kliknutím na ikonu Obľúbené z jedného spravíte svoj titul používateľa.",
    "l10n.topBadges": "Moje najlepšie výsledky (max. 5)",
    "l10n.badgesDisplayed": "Odznaky zobrazené v profile (max. 5)",
    "l10n.allAchievements": "Všetky ostatné výsledky",
    "l10n.dragDropBadges": "Odznaky, ktoré chcete zobraziť v najcennejších odznakoch, presuňte myšou",
    "l10n.officialRules": "Oficiálne pravidlá",
    "l10n.timeLeft": "Zostávajúci čas: {{countdown}}",
    "l10n.timeLeftToEnter": "Na zapojenie sa zostáva {{countdown}}",
    "l10n.tokenEnteredSuccessfully": "Token bol úspešne zadaný.",
    "l10n.tokensEnteredSuccessfully": "Tokeny boli úspešne zadané.",
    "l10n.enterTokens": "Zadajte tokeny",
    "l10n.addMoreTokens": "Pridať ďalšie tokeny",
    "l10n.tokenEntered": "Token bol zadaný",
    "l10n.tokensEntered": "Tokeny boli zadané",
    "l10n.addMore": "Pridať ďalšie…",
    "l10n.numberOfWinners": "Počet výhercov: {{number}}",
    "l10n.entriesSoFar": "Počet doteraz zadaných položiek: {{entries}}",
    "l10n.today": "Dnes",
    "l10n.levelsInfo": "Najlepší hráči GeForce sú na platinovej úrovni. A čo vy? Je to jednoduché, iba plňte misie a získajte body skúseností (XP), ktoré vašu úroveň zvýšia zo striebornej cez zlatú až na platinovú úroveň. Už na striebornej úrovni okamžite získate výhody a ako budete postupovať, získate stále lepšie a lepšie výhody. Každý rok máte príležitosť zvýšiť svoju úroveň, úroveň z 31. decembra 2017 budete mať počas celého roka 2018.",
    "l10n.redeemPerks": "Ak si chcete uplatniť výhody, prejdite na kartu MOJE ODMENY. Každú výhodu možno na každú grafickú kartu uplatniť iba raz.",
    "l10n.silver": "Strieborná úroveň",
    "l10n.gold": "Zlatá úroveň",
    "l10n.titanium": "Platinová úroveň",
    "l10n.tokensPerWeekOne": "Získanie jedného tokenu týždenne",
    "l10n.tokensPerWeekThree": "Získanie troch tokenov týždenne",
    "l10n.tokensPerWeekEight": "Získanie ôsmich tokenov týždenne",
    "l10n.freeIndieGame": "Bezplatná výročná indie hra",
    "l10n.forumAdvancedFeatures": "Rozšírené funkcie fór GeForce",
    "l10n.forumVipAccess": "VIP prístup do fór GeForce",
    "l10n.exclusiveOffers": "Exkluzívne ponuky",
    "l10n.discordAma": "Štvrťročný rozhovor s otázkami o čomkoľvek (AMA) služby Discord",
    "l10n.geforceSkins": "Balík obalov GeForce",
    "l10n.titaniumFanKit": "Súprava platinového fanúšika",
    "l10n.gfnPlaytime": "10 hodín herného času na požiadanie služby GeForce Now",
    "l10n.firstToBetaTest": "Prístup medzi prvými na BETA testovanie nových funkcií",
    "l10n.invalidAmountOfTokens": "Bol zadaný neplatný počet tokenov",
    "l10n.errorOneOrMoreTokens": "Ak chcete vyhrať, zadajte ešte aspoň 1 token.",
    "l10n.errorAddMoreTokens": "Zapojili ste sa do súťaže. Môžete pridať ďalšie tokeny, no nemôžete ich odobrať",
    "l10n.errorTooManyTokens": "Pekný pokus! Zdá sa, že na zapojenie sa nemáte dostatok tokenov",
    "l10n.agreeToRules": "Súhlasím s <a ng-click=\"sweepstakeCtrl.showRules($event)\">oficiálnymi pravidlami</a>",
    "l10n.agreeToRulesAndTnC": "Súhlasím s <a ng-click=\"sweepstakeCtrl.showRules($event)\">oficiálnymi pravidlami</a> a <a ng-click=\"sweepstakeCtrl.showTnC($event)\">podmienkami a požiadavkami</a>",
    "l10n.levels": "Úrovne",
    "l10n.level": "Úroveň",
    "l10n.uptoXp": "až {{value}} bodov skúseností (XP)",
    "l10n.tokenRemaining": "Zostáva {{number}} token",
    "l10n.tokensRemaining": "Počet zostávajúcich tokenov: {{number}}",
    "l10n.noTokensAvailable": "K dispozícii nie sú žiadne tokeny",
    "l10n.errorSubmittingTokens": "Pri pokuse o odoslanie tokenov sa vyskytla chyba",
    "l10n.fileSelectionError": "Vybratý súbor sa nepodarilo načítať. Minimálna požadovaná veľkosť je {{w}} x {{h}} pixelov vo formáte JPEG, PNG alebo BMP.",
    "l10n.errorTryAgain": "Vyskytla sa chyba. Skúste to znova neskôr.",
    "l10n.default": "Predvolený",
    "l10n.activityFeed": "Informačný kanál aktivity",
    "l10n.myRewards": "Moje odmeny",
    "l10n.enterTokensToWin": "Ak chcete vyhrať, zadajte tokeny",
    "l10n.featuredMissionCountdown": "Odporúčaná misia ─ platnosť uplynie o {{countdown}}",
    "l10n.featuredMissionStartCountdown": "Odporúčaná misia ─ sa začína o {{countdown}}",
    "l10n.featuredMissionEndCountdown": "Odporúčaná misia ─ <span class=\"countdown\">sa končí o {{countdown}}</span>",
    "l10n.featuredMissionEnded": "Odporúčaná misia sa skončila",
    "l10n.weeklyMissionsCountdown": "Týždenné misie ─ obnovia sa o {{countdown}}",
    "l10n.timelessMissions": "Časovo neobmedzené misie",
    "l10n.expiresIn": "Platnosť uplynie o {{countdown}}",
    "l10n.gamersBio": "Informácie o hráčovi",
    "l10n.verificationOfUploadInProgress": "Náš robot kontroluje súbor, ktorý nahrávate",
    "l10n.verificationSuccessfull": "Nahrávanie bolo úspešné",
    "l10n.tryAnother": "SKÚSIŤ INÝ",
    "l10n.winnersAnnouncement": "Zobraziť niekdajších víťazov",
    "l10n.minimumRequiredSize": "Minimálna požadovaná veľkosť je {{w}} x {{h}} pixelov vo formáte JPEG, PNG alebo BMP.",
    "l10n.levelUpToUnlock": "Na odomknutie je potrebná vyššia úroveň",
    "l10n.save": "Uložiť",
    "l10n.badges": "Odznaky",
    "l10n.userTitle": "Titul používateľa – ak si chcete vybrať titul používateľa, kliknite na ikonu hviezdičky",
    "l10n.uptoFiveAchievements": "Vyberte si 5 výsledkov, ktoré chcete mať zobrazené v profile",
    "l10n.showcaseAchievements": "Pochváľte sa svojimi výsledkami",
    "l10n.errorAchievements": "Pri pokuse o aktualizáciu výsledkov sa vyskytla chyba",
    "l10n.errorUserTitle": "Pri pokuse o aktualizáciu titulu používateľa sa vyskytla chyba",
    "l10n.someInfoMissing": "Niektoré informácie možno chýbajú",
    "l10n.geforceCommunityProgram": "Pilotný program komunity GeForce",
    "l10n.participateInCommunity": "Ak chcete zvýšiť svoju úroveň a získať ceny, zapájajte sa v komunite GeForce. Po dosiahnutí novej úrovne bude váš stav platný do konca nasledujúceho kalendárneho roka.",
    "l10n.aboutTokens": "Získavajte body skúseností (XP) plnením misií.",
    "l10n.aboutXP": "Získavajte tokeny za každotýždennú aktivitu a použite ich na účasť v zlosovaní o bank.",
    "l10n.aboutRewards": "Môžete vyhrať tieto odmeny. Pravidelne ich však kontrolujte, pretože sa často menia.",
    "l10n.refreshProfile": "Profil obnovenia",
    "l10n.tokensMinGpu": "Na zadanie tokenov je potrebná grafická karta GeForce GTX 950 alebo TITAN X alebo vyššia",
    "l10n.newRewardsComingSoon": "Nové odmeny už čoskoro!"
}
