{
    "l10n.chooseFromLatestCaptures": "Izberite iz zadnjih zajetih slik",
    "l10n.descriptionLimitReached": "Opis mora vsebovati manj kot 250 znakov",
    "l10n.descriptionRequired": "To je obvezno",
    "l10n.uploadFromPC": "Naložite iz računalnika",
    "l10n.uploadProfileCover": "Naložite naslovnico profila",
    "l10n.activityLog": "Dnevnik aktivnosti",
    "l10n.latestCaptures": "Zadnje zajete slike",
    "l10n.viewGallery": "Ogled galerije",
    "l10n.recentlyUploaded": "Nedavno naloženo",
    "l10n.turnOnShare": "Vklopi Deljenje",
    "l10n.recordingsCaptured": "Snemanja <span class=\"md-accent foreground font-size-xl\">{{value}}</span>",
    "l10n.screenshotsCaptured": "Posnetek zaslona <span class=\"md-accent foreground font-size-xl\">{{value}}</span>",
    "l10n.anselGamesValue": "Igre podprte od <span class=\"games-summary-value\">{{value}}</span> Ansel",
    "l10n.gamestreamGamesValue": "<span class=\"games-summary-value\">{{value}}</span> igre in aplikacije, pripravljene za Gamestream",
    "l10n.installedGamesValue": "<span class=\"games-summary-value\">{{value}}</span> igre in aplikacije najdene",
    "l10n.optimizedGamesValue": "<span class=\"games-summary-value\"></span> iger in aplikacij je optimiziranih",
    "l10n.itsEmptyHere": "Tu je prazno!",
    "l10n.noRecentlyUploaded": "Začnite nalagati zaslonske in video posnetke",
    "l10n.noRecentlyCaptured": "Začnite z zajemanjem zaslonskih in video posnetkov",
    "l10n.profileStatus": "Stanje profila",
    "l10n.featuredMission": "Predstavljena Mission",
    "l10n.userProfileTourString": "Dodajte svoj avatar, napišite življenjepis in posodobite naslovno slik",
    "l10n.userMissionTourString": "Zaključite naloge in si prislužite XP za naslednjo raven",
    "l10n.userTokenTourString": "Zbirajte žetone in si pridobite nagrade",
    "l10n.userDefaultBioString": "Povejte kaj o sebi",
    "l10n.missions": "Naloge",
    "l10n.totalXP": "{{value}} XP",
    "l10n.totalXPEach": "{{value}} XP vsak",
    "l10n.XPEarnedOutOf": "{{earned}}/{{total}} XP",
    "l10n.plusXP": "+ {{number}} XP",
    "l10n.plusXPEach": "+ {{number}} XP vsak",
    "l10n.xpStatus": "<span class=\"current-xp\">{{current}}</span>/{{upper}} XP",
    "l10n.xpRange": "{{lower}} XP v {{upper}} XP",
    "l10n.xpMax": "{{number}}+ XP",
    "l10n.plusXPPerWeek": "+ {{number}} XP vsak zaporedni teden",
    "l10n.xp": "XP",
    "l10n.token": "Žeton",
    "l10n.tokens": "Žetoni",
    "l10n.tokenCount": "{{value}} <span class=\"tokens-text\">Žeton</span>",
    "l10n.tokensCount": "{{value}} <span class=\"tokens-text\">Žetoni</span>",
    "l10n.tokensInformation": "Vsak teden si boste pridobili žetone, v kolikor ste v tem času pridobili XP.  Višja je vaša raven, več žetonov boste prejeli.  Uporabite žetone za možnost, da zadenete veliko nagrado Featured Rewards.",
    "l10n.xpInformation": "Pridobite točke za izkušnje (XP), tako da zaključite Naloge. Posebna predstavljena naloga je na voljo samo za določen čas. Druge naloge so morda na boljo le enkrat ali pa se vsak teden ponavijo. Za podrobnosti preverite vsakega posebej.",
    "l10n.viewAll": "Ogled vseh",
    "l10n.featuredReward": "Predstavljena nagrada",
    "l10n.enterToWin": "Prijavite se, če želite zmagati: ",
    "l10n.enterNow": "Prijavite se zdaj",
    "l10n.hoverOnEachBadge": "Pokažite svetu iz kakšnega testa ste!  Povlecite in spustite do 5 dosežkov, da jih pokažete na vrhu svojega profila. Kliknite priljubljeno ikono, da iz ene naredite svoj uporabniški naslov.",
    "l10n.topBadges": "Moji najboljši dosežki (največ 5)",
    "l10n.badgesDisplayed": "Oznake, prikazane v vašem profilu (največ 5)",
    "l10n.allAchievements": "Vsi drugi dosežki",
    "l10n.dragDropBadges": "Povlecite in izpustite posamezne oznake, da jih prikažate v zgornjih oznakah",
    "l10n.officialRules": "Uradna pravila",
    "l10n.timeLeft": "Preostali čas: {{countdown}}",
    "l10n.timeLeftToEnter": "{{countdown}} ostal za vnos",
    "l10n.tokenEnteredSuccessfully": "Žeton uspešno vnesen!",
    "l10n.tokensEnteredSuccessfully": "Uspešno vneseni žetoni!",
    "l10n.enterTokens": "Vnesite žetone",
    "l10n.addMoreTokens": "Dodaj več žetonov",
    "l10n.tokenEntered": "Vnesen žeton",
    "l10n.tokensEntered": "Žetoni vneseni",
    "l10n.addMore": "Dodaj več",
    "l10n.numberOfWinners": "Število zmagovalcev: {{number}}",
    "l10n.entriesSoFar": "Vnosov do sedaj: {{entries}}",
    "l10n.today": "Danes",
    "l10n.levelsInfo": "Najboljši igralci GeForce so Platinasti. Ali ste vi? Preprosto je, zadajte si naloge, da si prislužite točke izkušenj (XP), ki vas bodo dvignile na Srebro, Zlato in Platina. Ugodnosti dobite takoh, že kot srebrn član. Ko pa se dvigujete, boste dobili še boljše nagrade. Vsako leto je nova priložnost, da se dvignete. Vaša raven na 31. dec. 2017 bo ostala enaka vseskozi 2018.",
    "l10n.redeemPerks": "Za prevzem Ugodnosti, pojdite k zavihku \"MY REWARDS (MOJE NAGRADE)\". Vsako ugodnost lahko prevzamete samo enkrat na grafično kartico.",
    "l10n.silver": "Srebro",
    "l10n.gold": "Zlato",
    "l10n.titanium": "Platina",
    "l10n.tokensPerWeekOne": "Pridobite en žeton na teden",
    "l10n.tokensPerWeekThree": "Pridobite tri žetone na teden",
    "l10n.tokensPerWeekEight": "Pridobite osem žetonov na teden",
    "l10n.freeIndieGame": "Brezplačna letna igra Indie",
    "l10n.forumAdvancedFeatures": "Napredne funkcije na forumu GeForce",
    "l10n.forumVipAccess": "VIP dostop na forumih GeForce",
    "l10n.exclusiveOffers": "Ekskluzivne ponudbe",
    "l10n.discordAma": "Neskladni četrtletni AMA",
    "l10n.geforceSkins": "GeForce paket za kožo",
    "l10n.titaniumFanKit": "Komplet za platinastega navdušenca",
    "l10n.gfnPlaytime": "10 ur GeForce Zdaj igranje na zahtevo",
    "l10n.firstToBetaTest": "Bodite prvi pri beta testiranju novih funkcij",
    "l10n.invalidAmountOfTokens": "Neveljavno število vnesenih žetonov",
    "l10n.errorOneOrMoreTokens": "Vnesite 1 ali več žetonov, da zmagate!",
    "l10n.errorAddMoreTokens": "Prijavljeni ste za možnost zmage! Lahko dodate več žetonov, vendar nobenih ne odstranite",
    "l10n.errorTooManyTokens": "Lep poizkus! Videti je, da še nimate dovolj žetonov na voljo za vstop",
    "l10n.agreeToRules": "Strinjam se z <a ng-click=\"sweepstakeCtrl.showRules($event)\">uradnimi pravili</a>",
    "l10n.agreeToRulesAndTnC": "Strinjam se z <a ng-click=\"sweepstakeCtrl.showRules($event)\">uradnimi pravili</a> in <a ng-click=\"sweepstakeCtrl.showTnC($event)\">določili in pogoji</a>",
    "l10n.levels": "Ravni",
    "l10n.level": "Raven",
    "l10n.uptoXp": "do {{value}} XP",
    "l10n.tokenRemaining": "{{number}} žetonov ostalo",
    "l10n.tokensRemaining": "{{number}} žetonov ostalo",
    "l10n.noTokensAvailable": "Nobenih žetonov ni na voljo",
    "l10n.errorSubmittingTokens": "Med pošiljanjem žetonov je prišlo do napake.",
    "l10n.fileSelectionError": "Izbrane datoteke ni bilo mogoče naložiti. Minimalna potrebna velikost je {{w}}pik x {{h}}pik v formatu JPEG, PNG ali BMP.",
    "l10n.errorTryAgain": "Nekaj je šlo narobe. Poizkusite še enkrat kasneje.",
    "l10n.default": "Privzeto",
    "l10n.activityFeed": "Vir aktivnosti",
    "l10n.myRewards": "Moje nagrade",
    "l10n.enterTokensToWin": "Vnesite žetone, da zmagate",
    "l10n.featuredMissionCountdown": "Predstavljena naloga ─ Poteče v {{countdown}}",
    "l10n.featuredMissionStartCountdown": "Predstavljena naloga ─ Se začne čez {{countdown}}",
    "l10n.featuredMissionEndCountdown": "Predstavljena naloga ─ <span class=\"countdown\">Poteče v {{countdown}}</span>",
    "l10n.featuredMissionEnded": "Predstavljena naloga ─ Končana",
    "l10n.weeklyMissionsCountdown": "Tedenske naloge ─ Se ponastavi v {{countdown}}",
    "l10n.timelessMissions": "Neskončne naloge",
    "l10n.expiresIn": "Poteče v {{countdown}}",
    "l10n.gamersBio": "Biografija igralca",
    "l10n.verificationOfUploadInProgress": "Naš robot skenira vaš prenos",
    "l10n.verificationSuccessfull": "Prenos je uspel",
    "l10n.tryAnother": "POIZKUSITE ŠE ENEGA",
    "l10n.winnersAnnouncement": "Ogled prejšnjih zmagovalcev",
    "l10n.minimumRequiredSize": "Minimalna potrebna velikost je {{w}}pik x {{h}}pik v formatu JPEG, PNG ali BMP",
    "l10n.levelUpToUnlock": "Raven navzgor, da odklenete",
    "l10n.save": "Shrani",
    "l10n.badges": "Oznake",
    "l10n.userTitle": "Naziv uporabnika - Izberite ikono zvezdica, da izberete svoj naziv uporabnika",
    "l10n.uptoFiveAchievements": "Izberite do 5 dosežkov, da jih pokažete na vrhu svojega profila",
    "l10n.showcaseAchievements": "Pokažite svoje dosežke",
    "l10n.errorAchievements": "Med posodabljanjem dosežkov je prišlo do napake",
    "l10n.errorUserTitle": "Med posodabljanjem naziva uporabnika je prišlo do napake",
    "l10n.someInfoMissing": "Nekaj informacij manjka",
    "l10n.geforceCommunityProgram": "GeForce Community Pilot Program",
    "l10n.participateInCommunity": "Sodelujte v skupnosti GeForce, da dosežete naslednjo raven in zaslužite nagrade. Ko dosežete novo raven, bo vaš status ostal enak do naslednjega koledarskega leta.",
    "l10n.aboutTokens": "Pridobite točke za izkušnje (XP), tako da zaključite naloge.",
    "l10n.aboutXP": "Pridobite žetone s tem, da vsak teden ostanete aktivni in jih vnesite, da zadenete nagrade.",
    "l10n.aboutRewards": "Lahko si zaslužite naslednje nagrade. Večkrat se vrnite preverit, ker so pogosto posodobljene.",
    "l10n.refreshProfile": "Osvežitev profila",
    "l10n.tokensMinGpu": "Za vnos žetonov je potreben GeForce GTX 950 ali TITAN X ali višji",
    "l10n.newRewardsComingSoon": "Nove nagrade bodo kmalu na voljo!"
}
