{
    "l10n.friendTitle": "Προφίλ του/της {{displayName}}",
    "l10n.friendListTitle": "Φίλοι",
    "l10n.friendGroupListTitle": "Ομάδες",
    "l10n.watchBroadcast": "Παρακολούθηση μετάδοσης",
    "l10n.askToPlay": "Ερώτηση για παιχνίδι",
    "l10n.viewProfile": "Προβολή προφίλ",
    "l10n.chat": "Συνομιλία",
    "l10n.otherViewers": "+ {{otherViewers}} θεατές",
    "l10n.activity": "Δραστηριότητα",
    "l10n.placeholderText": "Κείμενο κράτησης θέσης",
    "l10n.alt.background": "Φόντο",
    "l10n.broadcasting": "Γίνεται μετάδοση {{displayName}}",
    "l10n.playing": "Παίζεται {{displayName}}",
    "l10n.offline": "Εκτός σύνδεσης",
    "l10n.online": "Σε σύνδεση",
    "l10n.friendsWhoAchievedThis": "Φίλοι που το πέτυχαν αυτό:",
    "l10n.realName": "Αληθινό όνομα",
    "l10n.lastSeen": "Τελευταία εμφάνιση",
    "l10n.memberSince": "Μέλος από",
    "l10n.reputation": "Φήμη",
    "l10n.gameSummary": "Σύνοψη παιχνιδιών και εφαρμογών",
    "l10n.compareGames": "Σύγκριση παιχνιδιών και εφαρμογών",
    "l10n.numGames": "{{numGames}} παιχνίδια και εφαρμογές"
}
