{
    "l10n.friendTitle": "Perfil de {{displayName}}",
    "l10n.friendListTitle": "Amigos",
    "l10n.friendGroupListTitle": "Grupos",
    "l10n.watchBroadcast": "Ver difusión",
    "l10n.askToPlay": "Invitar a jugar",
    "l10n.viewProfile": "Ver perfil",
    "l10n.chat": "Chatear",
    "l10n.otherViewers": "+ {{otherViewers}} espectadores",
    "l10n.activity": "Actividad",
    "l10n.placeholderText": "Texto para marcador de posición",
    "l10n.alt.background": "Segundo plano",
    "l10n.broadcasting": "Difundiendo {{displayName}}",
    "l10n.playing": "Jugando a {{displayName}}",
    "l10n.offline": "Desconectado",
    "l10n.online": "Conectado",
    "l10n.friendsWhoAchievedThis": "Amigos que han logrado esto:",
    "l10n.realName": "Nombre real",
    "l10n.lastSeen": "Última conexión",
    "l10n.memberSince": "Miembro desde",
    "l10n.reputation": "Reputación",
    "l10n.gameSummary": "Resumen del juego y la aplicación",
    "l10n.compareGames": "Comparar juegos y aplicaciones",
    "l10n.numGames": "{{numGames}} juegos y aplicaciones"
}
