{
    "l10n.friendTitle": "{{displayName}}のプロフィール",
    "l10n.friendListTitle": "友達",
    "l10n.friendGroupListTitle": "グループ",
    "l10n.watchBroadcast": "ブロードキャストを見る",
    "l10n.askToPlay": "プレイに誘う",
    "l10n.viewProfile": "プロフィールを見る",
    "l10n.chat": "チャット",
    "l10n.otherViewers": "+ {{otherViewers}} ビューア",
    "l10n.activity": "アクティビティ",
    "l10n.placeholderText": "プレースホルダー テキスト",
    "l10n.alt.background": "背景",
    "l10n.broadcasting": "{{displayName}}をブロードキャスト中",
    "l10n.playing": "{{displayName}}を再生中",
    "l10n.offline": "オフライン",
    "l10n.online": "オンライン",
    "l10n.friendsWhoAchievedThis": "これをアーカイブした友達：",
    "l10n.realName": "リアルネーム",
    "l10n.lastSeen": "最後に目撃された日",
    "l10n.memberSince": "メンバーとなった日",
    "l10n.reputation": "評判",
    "l10n.gameSummary": "ゲームとアプリケーションの概要",
    "l10n.compareGames": "ゲームとアプリケーションの比較",
    "l10n.numGames": "{{numGames}} 個のゲームとアプリケーション"
}
