{
    "l10n.friendTitle": "{{displayName}} perfil",
    "l10n.friendListTitle": "Amigos",
    "l10n.friendGroupListTitle": "Grupos",
    "l10n.watchBroadcast": "Assistir a transmissão",
    "l10n.askToPlay": "Peça para jogar",
    "l10n.viewProfile": "Visualizar perfil",
    "l10n.chat": "Chat",
    "l10n.otherViewers": "+ {{otherViewers}} visualizadores",
    "l10n.activity": "Atividade",
    "l10n.placeholderText": "Texto com espaço reservado",
    "l10n.alt.background": "Fundo",
    "l10n.broadcasting": "Transmissão {{displayName}}",
    "l10n.playing": "Reproduzindo {{displayName}}",
    "l10n.offline": "Offline",
    "l10n.online": "On-line",
    "l10n.friendsWhoAchievedThis": "Amigos que obtiveram isto:",
    "l10n.realName": "Nome real",
    "l10n.lastSeen": "Última visualização",
    "l10n.memberSince": "Membro desde",
    "l10n.reputation": "Reputação",
    "l10n.gameSummary": "Resumo do jogo e aplicativo",
    "l10n.compareGames": "Compare jogos e aplicativos",
    "l10n.numGames": "{{numGames}} jogos e aplicativos"
}
