{
    "l10n.friendTitle": "Profil {{displayName}}",
    "l10n.friendListTitle": "Prijatelji",
    "l10n.friendGroupListTitle": "Skupine",
    "l10n.watchBroadcast": "Glejte oddajanje",
    "l10n.askToPlay": "Vprašajte, če lahko igrate",
    "l10n.viewProfile": "Ogled profila",
    "l10n.chat": "Klepetaj",
    "l10n.otherViewers": "+ {{otherViewers}} gledalcev",
    "l10n.activity": "Aktivnost",
    "l10n.placeholderText": "Besedilo označbe mesta",
    "l10n.alt.background": "Ozadje",
    "l10n.broadcasting": "Oddajanje {{displayName}} v teku",
    "l10n.playing": "Igranje {{displayName}} v teku",
    "l10n.offline": "Nedosegljiv",
    "l10n.online": "Dosegljiv",
    "l10n.friendsWhoAchievedThis": "Prijatelji, ki so to dosegli:",
    "l10n.realName": "Pravo ime",
    "l10n.lastSeen": "Nazadnje videno",
    "l10n.memberSince": "Član od",
    "l10n.reputation": "Ugled",
    "l10n.gameSummary": "Povzetek iger in aplikacij",
    "l10n.compareGames": "Primerjaj igre in aplikacije",
    "l10n.numGames": "{{numGames}} igre in aplikacije"
}
