{
    "l10n.loginTitle": "Log ind ved brug af din konto",
    "l10n.logIn": "Log ind",
    "l10n.logInWithGoogle": "Log ind med Google",
    "l10n.register": "Registrer",
    "l10n.forgotPassword": "Glemt adgangskode",
    "l10n.unableToSendRecovery": "Kan ikke sende e-mail om genoprettelse af adgangskode på nuværende tidspunkt. Prøv igen senere.",
    "l10n.emailAddress": "E-mailadresse",
    "l10n.password": "Adgangskode",
    "l10n.passwordReqs": "Brug mindst {{minsize}} tegn<br>Brug en kombination af mindst {{required}} forskellige former for tegn: små bogstaver, store bogstaver, tal, symboler og andre tegn.",
    "l10n.showPassword": "Vis adgangskode",
    "l10n.invalidCredentials": "Forkert e-mailadresse eller adgangskode",
    "l10n.invalidCredentialsAttempts": "Forkert e-mailadresse eller adgangskode. Du kan nulstille din adgangskode ved at klikke på linket nedenfor.",
    "l10n.serverError": "Kan ikke logge dig ind på nuværende tidspunkt. Prøv igen senere",
    "l10n.sessionExpired": "Session udløbet. Log ind for at fortsætte",
    "l10n.accountBlocked": "For mange mislykkede login-forsøg. Af sikkerhedsmæssige grunde er din konto blevet blokeret i {{blockedMinutes}} minutter.",
    "l10n.createAccount": "Opret din NVIDIA-konto",
    "l10n.displayName": "Skærmnavn",
    "l10n.displayNameReqs": "Brug op til {{maxsize}} tegn<br>Må ikke begynde eller slutte med et mellemrum. Brug ikke på hinanden følgende mellemrum.",
    "l10n.dateOfBirth": "Fødselsdato",
    "l10n.subscribe": "Gå ikke glip af! Få de seneste belønninger, kampagner og  mere fra GeForce og NVIDIA.",
    "l10n.agreeToTerms": "Jeg accepterer <a {{agreeToTermsLink}}>betingelser og vilkår</a>",
    "l10n.displayNameDetails": "Dit skærmnavn vil være synligt for alle",
    "l10n.displayNameNotAvailable": "Skærmnavn er ikke tilgængeligt",
    "l10n.spacesAreNotAllowed": "Mellemrum er ikke tilladt",
    "l10n.emailAddressInUse": "E-mailadresse er allerede i brug",
    "l10n.invalidDateOfBirth": "Ugyldig fødselsdato",
    "l10n.serverErrorRegister": "Kan ikke registrere dig på nuværende tidspunkt. Prøv igen senere",
    "l10n.fillOutAllFields": "Udfyld alle de obligatoriske felter nedenfor",
    "l10n.registrationFailed": "Registrering mislykkedes",
    "l10n.coppaText": "I overensstemmelse med COPPA (Children's Online Privacy Protection Act) kan vi ikke tillade din registrering. Du kan få yderligere oplysninger i NVIDIA’s politik for beskyttelse af personlige oplysninger.",
    "l10n.forgotPasswordText": "Indtast den e-mailadresse, som du benyttede til at oprette din konto, og vi vil sende dig linket til at nulstille din adgangskode",
    "l10n.forgotPasswordSentText": "Vi har sendt en e-mail til <span class=\"color-white\">{{email}}</span> med instruktioner i at oprette en ny adgangskode.<br><br>Din eksisterende adgangskode er ikke blevet ændret",
    "l10n.loginProgress": "Logger ind",
    "l10n.invalidEmail": "Ugyldig e-mailadresse",
    "l10n.enterYourEmailAddress": "Indtast din e-mailadresse",
    "l10n.enterYourPassword": "Indtast din adgangskode",
    "l10n.loginFailed": "Log ind mislykkedes",
    "l10n.loginServerError": "Vi kan ikke logge dig ind på nuværende tidspunkt. Prøv igen senere.",
    "l10n.accountCreated": "NVIDIA-konto oprettet",
    "l10n.alt.nvidiaSignIn": "Log ind med NVIDIA",
    "l10n.alt.googleSignIn": "Log ind med Google",
    "l10n.alt.facebookSignIn": "Log ind med Facebook",
    "l10n.alt.qqLogIn": "Log ind med QQ",
    "l10n.alt.wechatLogIn": "Log ind med WeChat",
    "l10n.confirmPassword": "Bekræft adgangskode",
    "l10n.createAccountProgress": "Opretter din NVIDIA-konto",
    "l10n.almostDone": "Næsten færdig",
    "l10n.pleaseConfirmTheInformation": "Bekræft oplysningerne nedenfor for at gøre registreringen færdig",
    "l10n.mustAgreeToTerms": "Du skal acceptere vores Betingelser og vilkår",
    "l10n.required": "Felt må ikke være tomt",
    "l10n.emailAlreadyUsed": "Denne e-mailadresse er allerede i brug",
    "l10n.formError": "Der opstod en fejl. Kontrollér formularen og prøv igen.",
    "l10n.emailVerificationPending": "Bekræftelse af e-mail forestående",
    "l10n.resendVerificationEmail": "Send bekræftelses-e-mail igen",
    "l10n.resendVerification": "Send bekræftelse igen",
    "l10n.changeUser": "Skift bruger",
    "l10n.verficationEmailHasBeenSent": "Der er blevet sendt en bekræftelses-e-mail til <span class='color-white'>{{email}}</span>. Kontrollér din e-mail og klik på linket for at bekræfte din e-mailadresse.",
    "l10n.clickContinueAfter": "Klik på Fortsæt efter du har udført trinene ovenfor.",
    "l10n.notBeenVerified": "E-mailadressen er endnu ikke blevet bekræftet",
    "l10n.unableToConnect": "Kan ikke etablere forbindelse til serveren. Prøv igen senere.",
    "l10n.verificationEmailResent": "Bekræftelses-e-mail er blevet sendt igen",
    "l10n.unableToSendEmail": "Kunne ikke sende e-mailen. Prøv igen senere.",
    "l10n.termsAndConditions": "Betingelser og vilkår",
    "l10n.editEmailAddress": "Rediger e-mailadresse",
    "l10n.enterYourInformation": "Indtast dine oplysninger nedenfor for at redigere registreret e-mailadresse",
    "l10n.currentPassword": "Aktuel adgangskode",
    "l10n.newEmailAddress": "Ny e-mailadresse",
    "l10n.reEnterEmailAddress": "Indtast e-mailadresse igen",
    "l10n.emailAddressesDoNotMatch": "E-mailadresserne stemmer ikke overens",
    "l10n.emailAddressUpdated": "Din e-mailadresse er blevet opdateret",
    "l10n.incorrectPassword": "Forkert adgangskode",
    "l10n.noPassword": "PLADSHOLDER INGEN ADGANGSKODE",
    "l10n.existingAccount": "E-mailadressen {{email}} er knyttet til en eksisterende NVIDIA-konto",
    "l10n.shareDialogDescription": "Optag og del nemt videoer, tag skærmbilleder og stream live med venner.",
    "l10n.shareDialogDescriptionWithAnsel": "Optag og del nemt videoer, tag skærmbilleder og billeder i spillet, og stream live med venner.",
    "l10n.mustBeOnline": "GeForce Experience skal være online for at logge ind",
    "l10n.autoOptimizeNewGames": "Optimer automatisk spil og applikationer, som er tilføjet fornyligt",
    "l10n.applyTheBestSettings": "Anvender de bedste spil- og applikationsindstillinger, som er skræddersyet til din pc",
    "l10n.enable": "aktivér",
    "l10n.noDriverFound": "Der blev ikke fundet nogen driver",
    "l10n.clickContinueToInstallDriver": "Klik på Fortsæt for at installere den seneste spilleparate driver eller studieparate driver",
    "l10n.getStarted": "Kom godt i gang",
    "l10n.gameMaxPerformance": "Optimer spil- og applikationsindstillinger",
    "l10n.gameReadyDrivers": "Hent spilleparate eller studioparate drivere",
    "l10n.shareGameMoments": "Indspil og del gameplay",
    "l10n.logInWithNVIDIA": "Log ind med NVIDIA-konto",
    "l10n.dontHaveAnAccount": "Har du endnu ikke en konto?",
    "l10n.createNewAccount": "Opret konto",
    "l10n.createNewNVIDIAAccount": "Opret NVIDIA-konto",
    "l10n.alreadyHaveAnAccount": "Har du allerede en konto?",
    "l10n.startScan": "Start scanning",
    "l10n.oobeShareHotkeyInfo": "Tryk på {{assignedKey}} for at dele dit gameplay eller justere indstillinger.",
    "l10n.logInWithYourAccount": "Log ind med din konto",
    "l10n.keepGamesOptimized": "Hold dine spil og applikationer optimerede",
    "l10n.additionalInfo": "Yderligere oplysninger",
    "l10n.blockedMessage": "GeForce Experience er ikke tilgængelig for dit land eller område i øjeblikket.",
    "l10n.visitSettingsPage": "På et senere tidspunkt kan du gå til siden Indstillinger for at følge os",
    "l10n.scanningForGames": "Scanner for spil og applikationer ...",
    "l10n.startTour": "Start rundvisning",
    "l10n.gfeBestExperience": "GeForce Experience analyserer din specifikke GPU, CPU og skærm og anvender brugerdefinerede spil- og applikationsindstillinger, så du kan få den bedste oplevelse.",
    "l10n.logInToGeforceExp": "Log ind på GeForce Experience"
}
