{
    "l10n.loginTitle": "Σύνδεση με τον λογαριασμό σας",
    "l10n.logIn": "Σύνδεση",
    "l10n.logInWithGoogle": "Σύνδεση με Google",
    "l10n.register": "Καταχώρηση",
    "l10n.forgotPassword": "Ξεχάσατε τον κωδικό πρόσβασής σας",
    "l10n.unableToSendRecovery": "Αυτή τη στιγμή, δεν είναι δυνατή η αποστολή email ανάκτησης κωδικού πρόσβασης. Δοκιμάστε ξανά αργότερα.",
    "l10n.emailAddress": "Διεύθυνση email",
    "l10n.password": "Κωδικός πρόσβασης",
    "l10n.passwordReqs": "Χρησιμοποιήστε τουλάχιστον {{minsize}} χαρακτήρες<br>Χρησιμοποιήστε έναν συνδυασμό με τουλάχιστον {{required}} είδη χαρακτήρων: πεζά γράμματα, κεφαλαία γράμματα, αριθμοί, σύμβολα και άλλα γράμματα.",
    "l10n.showPassword": "Εμφάνιση κωδικού πρόσβασης",
    "l10n.invalidCredentials": "Λανθασμένη διεύθυνση email ή κωδικός πρόσβασης",
    "l10n.invalidCredentialsAttempts": "Λανθασμένη διεύθυνση email ή κωδικός πρόσβασης. Μπορείτε να επαναφέρετε τον κωδικό πρόσβασής σας αν κάνετε κλικ στον παρακάτω σύνδεσμο.",
    "l10n.serverError": "Αυτή τη στιγμή, δεν είναι δυνατό να συνδεθείτε. Δοκιμάστε ξανά αργότερα",
    "l10n.sessionExpired": "Η συνεδρία έληξε. Συνδεθείτε για να συνεχίσετε",
    "l10n.accountBlocked": "Πάρα πολλές αποτυχημένες απόπειρες σύνδεσης. Για την ασφάλειά σας, ο λογαριασμός σας αποκλείστηκε για {{blockedMinutes}} λεπτά.",
    "l10n.createAccount": "Δημιουργία του λογαριασμού NVIDIA σας",
    "l10n.displayName": "Εμφανιζόμενο όνομα",
    "l10n.displayNameReqs": "Χρησιμοποιήστε μέχρι {{maxsize}} χαρακτήρες<br>Μην ξεκινήσετε και μην τελειώσετε με διάστημα. Μη χρησιμοποιήσετε διαδοχικά διαστήματα.",
    "l10n.dateOfBirth": "Ημερομηνία γέννησης",
    "l10n.subscribe": "Μην χάσετε! Λάβετε τις πιο πρόσφατες επιβραβεύσεις, προωθήσεις και περισσότερα από την GeForce και την NVIDIA.",
    "l10n.agreeToTerms": "Συμφωνώ με τους <a {{agreeToTermsLink}}>όρους και προϋποθέσεις</a>",
    "l10n.displayNameDetails": "Το εμφανιζόμενο όνομά σας θα είναι ορατό σε όλους",
    "l10n.displayNameNotAvailable": "Το εμφανιζόμενο όνομα δεν διατίθεται",
    "l10n.spacesAreNotAllowed": "Τα διαστήματα δεν επιτρέπονται",
    "l10n.emailAddressInUse": "Η διεύθυνση email ήδη χρησιμοποιείται",
    "l10n.invalidDateOfBirth": "Μη έγκυρη ημερομηνία γέννησης",
    "l10n.serverErrorRegister": "Αυτή τη στιγμή, δεν είναι δυνατό να εγγραφείτε. Δοκιμάστε ξανά αργότερα",
    "l10n.fillOutAllFields": "Συμπληρώστε όλα τα απαιτούμενα πεδία παρακάτω",
    "l10n.registrationFailed": "Η εγγραφή απέτυχε",
    "l10n.coppaText": "Σε συμμόρφωση με τη νομοθεσία Children’s Online Privacy Protection Act (COPPA), δεν μπορούμε να επιτρέψουμε την εγγραφή σας. Για επιπρόσθετες πληροφορίες, δείτε την πολιτική απορρήτου της NVIDIA.",
    "l10n.forgotPasswordText": "Εισάγετε τη διεύθυνση email που χρησιμοποιήσατε για να δημιουργήσετε τον λογαριασμό σας, για να σας στείλουμε τον σύνδεσμο για να επαναφέρετε τον κωδικό πρόσβασής σας",
    "l10n.forgotPasswordSentText": "Στείλαμε email στο <span class=\"color-white\">{{email}}</span> με οδηγίες για τη δημιουργία ενός νέου κωδικού πρόσβασης.<br><br>Ο υπάρχων κωδικός πρόσβασής σας δεν έχει αλλάξει",
    "l10n.loginProgress": "Γίνεται σύνδεση",
    "l10n.invalidEmail": "Μη έγκυρη διεύθυνση email",
    "l10n.enterYourEmailAddress": "Εισαγωγή της διεύθυνσης email σας",
    "l10n.enterYourPassword": "Εισαγωγή του κωδικού πρόσβασής σας",
    "l10n.loginFailed": "Η σύνδεση απέτυχε",
    "l10n.loginServerError": "Αυτή τη στιγμή, δεν είναι δυνατό να συνδεθείτε. Δοκιμάστε ξανά αργότερα.",
    "l10n.accountCreated": "Δημιουργήθηκε λογαριασμός NVIDIA",
    "l10n.alt.nvidiaSignIn": "Σύνδεση μέσω NVIDIA",
    "l10n.alt.googleSignIn": "Είσοδος με το Google",
    "l10n.alt.facebookSignIn": "Σύνδεση μέσω Facebook",
    "l10n.alt.qqLogIn": "Σύνδεση μέσω QQ",
    "l10n.alt.wechatLogIn": "Σύνδεση μέσω WeChat",
    "l10n.confirmPassword": "Επιβεβαίωση κωδικού πρόσβασης",
    "l10n.createAccountProgress": "Γίνεται δημιουργία του λογαριασμού NVIDIA σας",
    "l10n.almostDone": "Σχεδόν τελειώσατε!",
    "l10n.pleaseConfirmTheInformation": "Επιβεβαιώστε τις παρακάτω πληροφορίες για να ολοκληρώσετε την καταχώρηση",
    "l10n.mustAgreeToTerms": "Πρέπει να συμφωνήσετε με τους όρους και προϋποθέσεις μας",
    "l10n.required": "Δεν είναι δυνατό το πεδίο να είναι άδειο",
    "l10n.emailAlreadyUsed": "Αυτό το email ήδη χρησιμοποιείται",
    "l10n.formError": "Προέκυψε σφάλμα. Ελέγξτε τη φόρμα και δοκιμάστε ξανά.",
    "l10n.emailVerificationPending": "Εκκρεμεί επαλήθευση email",
    "l10n.resendVerificationEmail": "Επανάληψη αποστολής email επαλήθευσης",
    "l10n.resendVerification": "Επανάληψη αποστολής επαλήθευσης",
    "l10n.changeUser": "Αλλαγή χρήστη",
    "l10n.verficationEmailHasBeenSent": "Έχει σταλεί email επαλήθευσης στη διεύθυνση <span class='color-white'>{{email}}</span>. Ανοίξτε το email και κάντε κλικ στο σύνδεσμο για να επαληθεύσετε τη διεύθυνση του email σας.",
    "l10n.clickContinueAfter": "Κάντε κλικ στην επιλογή Συνέχεια μετά την ολοκλήρωση του παραπάνω βήματος.",
    "l10n.notBeenVerified": "Δεν έχει γίνει ακόμη επιβεβαίωση της διεύθυνσης email",
    "l10n.unableToConnect": "Δεν είναι δυνατή η σύνδεση με το διακομιστή. Δοκιμάστε ξανά αργότερα.",
    "l10n.verificationEmailResent": "Έχει σταλεί ξανά ένα email επαλήθευσης",
    "l10n.unableToSendEmail": "Δεν είναι δυνατή η αποστολή του email. Δοκιμάστε ξανά αργότερα.",
    "l10n.termsAndConditions": "Όροι και προϋποθέσεις",
    "l10n.editEmailAddress": "Επεξεργασία διεύθυνσης email",
    "l10n.enterYourInformation": "Εισάγετε παρακάτω τις πληροφορίες σας για να επεξεργαστείτε μια καταχωρισμένη διεύθυνση email",
    "l10n.currentPassword": "Τρέχων κωδικός πρόσβασης",
    "l10n.newEmailAddress": "Νέα διεύθυνση email",
    "l10n.reEnterEmailAddress": "Επανάληψη εισαγωγής διεύθυνσης email",
    "l10n.emailAddressesDoNotMatch": "Οι διευθύνσεις email σας δεν ταιριάζουν",
    "l10n.emailAddressUpdated": "Η διεύθυνση email σας ενημερώθηκε",
    "l10n.incorrectPassword": "Λανθασμένος κωδικός πρόσβασης",
    "l10n.noPassword": "ΘΕΣΗ ΚΡΑΤΗΣΗΣ ΓΙΑ ΑΠΟΥΣΙΑ ΚΩΔΙΚΟΥ ΠΡΟΣΒΑΣΗΣ",
    "l10n.existingAccount": "Η διεύθυνση email {{email}} συσχετίζεται με υπάρχοντα λογαριασμό NVIDIA",
    "l10n.shareDialogDescription": "Καταγράψτε και μοιραστείτε βίντεο εύκολα, αποθηκεύστε στιγμιότυπα οθόνης και πραγματοποιήστε ροή ζωντανά με φίλους.",
    "l10n.shareDialogDescriptionWithAnsel": "Καταγράψτε και μοιραστείτε βίντεο εύκολα, αποτυπώστε στιγμιότυπα οθόνης και φωτογραφίες εντός παιχνιδιού, και πραγματοποιήστε ροή ζωντανά με φίλους.",
    "l10n.mustBeOnline": "Η GeForce Experience πρέπει να είναι online για να γίνει σύνδεση",
    "l10n.autoOptimizeNewGames": "Αυτόματη βελτιστοποίηση παιχνιδιών και εφαρμογών που προστέθηκαν πρόσφατα",
    "l10n.applyTheBestSettings": "Εφαρμόζει τις καλύτερες ρυθμίσεις παιχνιδιών και εφαρμογών προσαρμοσμένες για τον υπολογιστή σας",
    "l10n.enable": "ενεργοποίηση",
    "l10n.noDriverFound": "Δεν βρέθηκε οδηγός",
    "l10n.clickContinueToInstallDriver": "Κάντε κλικ στην επιλογή Συνέχεια για να εγκαταστήσετε το πιο πρόσφατο πρόγραμμα οδήγησης Game Ready ή πρόγραμμα οδήγησης Studio",
    "l10n.getStarted": "Εκκίνηση",
    "l10n.gameMaxPerformance": "Βελτιστοποίηση ρυθμίσεων παιχνιδιών και εφαρμογών",
    "l10n.gameReadyDrivers": "Αποκτήστε τα προγράμματα οδήγησης Game Ready ή τα προγράμματα οδήγησης Studio",
    "l10n.shareGameMoments": "Καταγράψτε και μοιραστείτε τα παιχνίδια",
    "l10n.logInWithNVIDIA": "Σύνδεση με λογαριασμό NVIDIA",
    "l10n.dontHaveAnAccount": "Δεν έχετε λογαριασμό;",
    "l10n.createNewAccount": "Δημιουργία λογαριασμού",
    "l10n.createNewNVIDIAAccount": "Δημιουργία λογαριασμού NVIDIA",
    "l10n.alreadyHaveAnAccount": "Έχετε ήδη λογαριασμό;",
    "l10n.startScan": "Έναρξη σάρωσης",
    "l10n.oobeShareHotkeyInfo": "Πατήστε το {{assignedKey}} για κοινή χρήση του παιχνιδιού σας ή για να προσαρμόσετε τις ρυθμίσεις σας.",
    "l10n.logInWithYourAccount": "Σύνδεση με τον λογαριασμό σας",
    "l10n.keepGamesOptimized": "Διατήρηση των παιχνιδιών και εφαρμογών σας βελτιστοποιημένων",
    "l10n.additionalInfo": "Πρόσθετες πληροφορίες",
    "l10n.blockedMessage": "Αυτή τη στιγμή, το GeForce Experience δεν διατίθεται στη χώρα ή στην περιοχή σας.",
    "l10n.visitSettingsPage": "Επισκεφτείτε τη σελίδα Ρυθμίσεις για να μας ακολουθήσετε αργότερα",
    "l10n.scanningForGames": "Σάρωση για παιχνίδια και εφαρμογές...",
    "l10n.startTour": "Έναρξη περιήγησης",
    "l10n.gfeBestExperience": "Το GeForce Experience αναλύει τα συγκεκριμένα σας GPU, CPU και οθόνη καθώς και εφαρμόζει εξατομικευμένες ρυθμίσεις παιχνιδιών και εφαρμογών για τη βέλτιστη εμπειρία.",
    "l10n.logInToGeforceExp": "Σύνδεση στο GeForce Experience"
}
