{
    "l10n.loginTitle": "Login using your account",
    "l10n.logIn": "Log In",
    "l10n.logInWithGoogle": "Log in with Google",
    "l10n.register": "Register",
    "l10n.forgotPassword": "Forgot Password",
    "l10n.unableToSendRecovery": "Unable to send password recovery email at the moment. Try again later.",
    "l10n.emailAddress": "Email address",
    "l10n.password": "Password",
    "l10n.passwordReqs": "Use at least {{minsize}} characters<br>Use a combination of at least {{required}} different types of characters: lowercase letters, uppercase letters, numbers, symbols, and other letters.",
    "l10n.showPassword": "Show password",
    "l10n.invalidCredentials": "Incorrect email address or password",
    "l10n.invalidCredentialsAttempts": "Incorrect email address or password. You can reset your password by clicking the link below.",
    "l10n.serverError": "Unable to log you in at the moment. Try again later",
    "l10n.sessionExpired": "Session expired. Log in to continue",
    "l10n.accountBlocked": "Too many failed log in attempts. For your security, your account has been blocked for {{blockedMinutes}} minutes.",
    "l10n.createAccount": "Create your NVIDIA Account",
    "l10n.displayName": "Display name",
    "l10n.displayNameReqs": "Use up to {{maxsize}} characters<br>Don't begin or end with a space. Don't use consecutive spaces.",
    "l10n.dateOfBirth": "Date of birth",
    "l10n.subscribe": "Don't miss out! Get the latest rewards, promotions, and more from GeForce and NVIDIA.",
    "l10n.agreeToTerms": "I agree to the <a {{agreeToTermsLink}}>terms and conditions</a>",
    "l10n.displayNameDetails": "Your display name will be visible to everyone",
    "l10n.displayNameNotAvailable": "Display name isn't available",
    "l10n.spacesAreNotAllowed": "Spaces aren't allowed",
    "l10n.emailAddressInUse": "Email address is already in use",
    "l10n.invalidDateOfBirth": "Invalid date of birth",
    "l10n.serverErrorRegister": "Unable to register you at the moment. Try again later",
    "l10n.fillOutAllFields": "Fill out all the required fields below",
    "l10n.registrationFailed": "Registration Failed",
    "l10n.coppaText": "In compliance with the US Children’s Online Privacy Protection Act (COPPA), we are unable to allow your registration. For additional information, please see NVIDIA’s Privacy Policy.",
    "l10n.forgotPasswordText": "Enter the email address you used to create your account, and we will send you the link to reset your password",
    "l10n.forgotPasswordSentText": "We have sent an email to <span class=\"color-white\">{{email}}</span> with instructions to create a new password.<br><br>Your existing password has not been changed",
    "l10n.loginProgress": "Logging in",
    "l10n.invalidEmail": "Invalid email address",
    "l10n.enterYourEmailAddress": "Enter your email address",
    "l10n.enterYourPassword": "Enter your password",
    "l10n.loginFailed": "Log in failed",
    "l10n.loginServerError": "We are unable to log you in at the moment. Try again later.",
    "l10n.accountCreated": "NVIDIA Account created",
    "l10n.alt.nvidiaSignIn": "Log in with NVIDIA",
    "l10n.alt.googleSignIn": "Sign in with Google",
    "l10n.alt.facebookSignIn": "Sign in with Facebook",
    "l10n.alt.qqLogIn": "Log in with QQ",
    "l10n.alt.wechatLogIn": "Log in with WeChat",
    "l10n.confirmPassword": "Confirm Password",
    "l10n.createAccountProgress": "Creating your NVIDIA Account",
    "l10n.almostDone": "Almost Finished",
    "l10n.pleaseConfirmTheInformation": "Please confirm the information below to complete registration",
    "l10n.mustAgreeToTerms": "You must agree to our Terms & Conditions",
    "l10n.required": "Field can't be empty",
    "l10n.emailAlreadyUsed": "This email is already being used",
    "l10n.formError": "An error occurred. Please check the form and try again.",
    "l10n.emailVerificationPending": "Email verification pending",
    "l10n.resendVerificationEmail": "Resend verification email",
    "l10n.resendVerification": "Resend verification",
    "l10n.changeUser": "Change user",
    "l10n.verficationEmailHasBeenSent": "A verification email has been sent to <span class='color-white'>{{email}}</span>. Check your email and click on the link to verify your email address",
    "l10n.clickContinueAfter": "Click continue after completing the step above",
    "l10n.notBeenVerified": "The email address has not been verified yet",
    "l10n.unableToConnect": "Unable to connect to server. Try again later.",
    "l10n.verificationEmailResent": "Verification email has been resent",
    "l10n.unableToSendEmail": "Unable to send the email. Try again later.",
    "l10n.termsAndConditions": "Terms and Conditions",
    "l10n.editEmailAddress": "Edit email address",
    "l10n.enterYourInformation": "Enter your information below to edit the registered email address",
    "l10n.currentPassword": "Current password",
    "l10n.newEmailAddress": "New email address",
    "l10n.reEnterEmailAddress": "Re-enter email address",
    "l10n.emailAddressesDoNotMatch": "The email addresses don't match",
    "l10n.emailAddressUpdated": "Your email address has been updated",
    "l10n.incorrectPassword": "Incorrect password",
    "l10n.noPassword": "PLACEHOLDER NO PASSWORD",
    "l10n.existingAccount": "The email address {{email}} is associated with an existing NVIDIA account",
    "l10n.shareDialogDescription": "Easily capture and share videos, take screenshots, and stream live with friends.",
    "l10n.shareDialogDescriptionWithAnsel": "Easily capture and share videos, take screenshots and in-game photographs, and stream live with friends.",
    "l10n.mustBeOnline": "GeForce Experience needs to be online to login",
    "l10n.autoOptimizeNewGames": "Automatically optimise newly added games and applications",
    "l10n.applyTheBestSettings": "Applies the best game and application settings tailored to your PC",
    "l10n.enable": "enable",
    "l10n.noDriverFound": "No driver found",
    "l10n.clickContinueToInstallDriver": "Click continue to install the latest Game Ready driver or Studio driver",
    "l10n.getStarted": "Get Started",
    "l10n.gameMaxPerformance": "Optimise game and application settings",
    "l10n.gameReadyDrivers": "Get Game Ready Drivers or Studio Drivers",
    "l10n.shareGameMoments": "Capture and share gameplay",
    "l10n.logInWithNVIDIA": "Log in with NVIDIA account",
    "l10n.dontHaveAnAccount": "Don't have an account?",
    "l10n.createNewAccount": "Create account",
    "l10n.createNewNVIDIAAccount": "Create NVIDIA account",
    "l10n.alreadyHaveAnAccount": "Already have an account?",
    "l10n.startScan": "Start scan",
    "l10n.oobeShareHotkeyInfo": "Press {{assignedKey}} to share your gameplay or adjust settings.",
    "l10n.logInWithYourAccount": "Log in with your account",
    "l10n.keepGamesOptimized": "Keep your games and applications optimised",
    "l10n.additionalInfo": "Additional info",
    "l10n.blockedMessage": "GeForce Experience is currently not available in your country or region.",
    "l10n.visitSettingsPage": "Visit Settings page to follow us later",
    "l10n.scanningForGames": "Scanning for games and applications...",
    "l10n.startTour": "Start tour",
    "l10n.gfeBestExperience": "GeForce Experience analyzes your specific GPU, CPU, and display monitor and applies customised game and application settings for the best experience.",
    "l10n.logInToGeforceExp": "Log in to GeForce Experience"
}
