{
    "l10n.loginTitle": "Увіти за допомогою вашого облікового запису",
    "l10n.logIn": "Увійти",
    "l10n.logInWithGoogle": "Увійти з облікового запису Google",
    "l10n.register": "Зареєструватися",
    "l10n.forgotPassword": "Забули пароль?",
    "l10n.unableToSendRecovery": "На даний момент неможливо надіслати листа для відновлення пароля. Повторіть спробу пізніше.",
    "l10n.emailAddress": "Адреса ел. пошти",
    "l10n.password": "Пароль",
    "l10n.passwordReqs": "Використовуйте не меньше {{minsize}} символів<br>Використовуйте поєднання не менше {{required}} різних типів символів: малі літери, великі літери, цифри та інші знаки",
    "l10n.showPassword": "Показати пароль",
    "l10n.invalidCredentials": "Неправильна адреса електронної пошти або пароль",
    "l10n.invalidCredentialsAttempts": "Неправильна адреса електронної пошти або пароль. Ви можете скинути пароль за посиланням нижче.",
    "l10n.serverError": "На даний момент вхід неможливий. Повторіть спробу пізніше",
    "l10n.sessionExpired": "Час сеансу минув. Увійдіть, щоб продовжити",
    "l10n.accountBlocked": "Перевищено кількість невдалих спроб входу. З метою безпеки ваш обліковий запис заблоковано на {{blockedMinutes}} хвилин.",
    "l10n.createAccount": "Створити обліковий запис NVIDIA",
    "l10n.displayName": "Нік",
    "l10n.displayNameReqs": "Використовуйте до {{maxsize}} символів<br>Не починайте і не закінчуйте відступами. Не використовуйте декілька відступів підряд.",
    "l10n.dateOfBirth": "Дата народження",
    "l10n.subscribe": "Не пропустіть! Скористайтесь останніми призами, акціями і багато іншим від GeForce та NVIDIA.",
    "l10n.agreeToTerms": "Я приймаю <a {{agreeToTermsLink}}>умови та положення</a>",
    "l10n.displayNameDetails": "Ваш нік буде видно всім",
    "l10n.displayNameNotAvailable": "Нік недоступний",
    "l10n.spacesAreNotAllowed": "Відступи не допускаються",
    "l10n.emailAddressInUse": "Адреса електронної пошти вже використовується",
    "l10n.invalidDateOfBirth": "Неприпустима дата народження",
    "l10n.serverErrorRegister": "На даний момент реєстрація неможлива. Повторіть спробу пізніше",
    "l10n.fillOutAllFields": "Заповніть всі обов'язкові поля нижче",
    "l10n.registrationFailed": "Не вдалося виконати реєстрацію",
    "l10n.coppaText": "Відповідно до Закону про захист конфіденційності дітей в Інтернеті (Children's Online Privacy Protection Act, COPPA) ми не можемо допустити вашої реєстрації. Для отримання додаткової інформації ознайомтесь із Політикою конфіденційності NVIDIA.",
    "l10n.forgotPasswordText": "Вкажіть адресу електронної пошти, яку ви використовували при реєстрації облікового запису, і ми надішлемо посилання для скидання пароля",
    "l10n.forgotPasswordSentText": "Ми надіслали лист <span class=\"color-white\">{{email}}</span> з інструкціями щодо створення нового пароля.<br><br>Ваш поточний пароль не змінено",
    "l10n.loginProgress": "Вхід",
    "l10n.invalidEmail": "Неприпустима адреса електронної пошти",
    "l10n.enterYourEmailAddress": "Укажіть адресу електронної пошти",
    "l10n.enterYourPassword": "Укажіть пароль",
    "l10n.loginFailed": "Не вдалося увійти.",
    "l10n.loginServerError": "На даний момент вхід неможливий. Повторіть спробу пізніше.",
    "l10n.accountCreated": "Створено обліковий запис NVIDIA",
    "l10n.alt.nvidiaSignIn": "Увійти через обліковий запис NVIDIA",
    "l10n.alt.googleSignIn": "Увійти через обліковий запис Google",
    "l10n.alt.facebookSignIn": "Увійти через обліковий запис Facebook",
    "l10n.alt.qqLogIn": "Увійти через обліковий запис QQ",
    "l10n.alt.wechatLogIn": "Увійти через обліковий запис WeChat",
    "l10n.confirmPassword": "Підтвердження пароля",
    "l10n.createAccountProgress": "Створення облікового запису NVIDIA",
    "l10n.almostDone": "Майже готово",
    "l10n.pleaseConfirmTheInformation": "Для завершення реєстрації підтвердіть наступну інформацію",
    "l10n.mustAgreeToTerms": "Ви повинні прийняти наші Умови та положення",
    "l10n.required": "Поле не може бути порожнім",
    "l10n.emailAlreadyUsed": "Ця електронна адреса вже використовується",
    "l10n.formError": "Виникла помилка. Перевірте форму та повторіть спробу.",
    "l10n.emailVerificationPending": "Очікується підтвердження адреси електронної пошти",
    "l10n.resendVerificationEmail": "Повторно надіслати лист для перевірки",
    "l10n.resendVerification": "Повторно надіслати лист для перевірки",
    "l10n.changeUser": "Змінити користувача",
    "l10n.verficationEmailHasBeenSent": "Лист для перевірки надіслано на адресу <span class='color-white'>{{email}}</span>. Перевірте пошту та перейдіть за посиланням для підтвердження адреси електронної пошти.",
    "l10n.clickContinueAfter": "Після виконання кроку, натисніть «Продовжити».",
    "l10n.notBeenVerified": "Адреса електронної пошти ще не пройшла перевірку",
    "l10n.unableToConnect": "Не вдалося підключитися до сервера. Повторіть спробу пізніше.",
    "l10n.verificationEmailResent": "Лист для перевірки надіслано повторно",
    "l10n.unableToSendEmail": "Не вдалося надіслати листа. Повторіть спробу пізніше.",
    "l10n.termsAndConditions": "Умови та положення",
    "l10n.editEmailAddress": "Змінити адресу електронної пошти",
    "l10n.enterYourInformation": "Вкажіть нижче інформацію для зміни зареєстрованої адреси електронної пошти",
    "l10n.currentPassword": "Поточний пароль",
    "l10n.newEmailAddress": "Нова адреса електронної пошти",
    "l10n.reEnterEmailAddress": "Повторно вкажіть адресу електронної пошти",
    "l10n.emailAddressesDoNotMatch": "Адреси електронної пошти не співпадають",
    "l10n.emailAddressUpdated": "Адреса електронної пошти змінено",
    "l10n.incorrectPassword": "неправильний пароль",
    "l10n.noPassword": "ТЕКСТ ДЛЯ ПІДСТАНОВКИ НЕМАЄ ПАРОЛЮ",
    "l10n.existingAccount": "Адреса ел. пошти {{email}} вже прив'язана до облікового запису NVIDIA",
    "l10n.shareDialogDescription": "Без зусиль захоплюйте та діліться відео, робіть знімки екрану та влаштовуйте трансляції в реальному часі разом із друзями.",
    "l10n.shareDialogDescriptionWithAnsel": "Без зусиль захоплюйте та діліться відео, робіть знімки екрану та влаштовуйте трансляції в реальному часі разом із друзями.",
    "l10n.mustBeOnline": "GeForce Experience повинен бути в режимі онлайн для входу",
    "l10n.autoOptimizeNewGames": "Автоматично оптимізувати нещодавно додані ігри або програм",
    "l10n.applyTheBestSettings": "Застосовує оптимальні налаштування ігор та програм для вашого ПК",
    "l10n.enable": "увімкнути",
    "l10n.noDriverFound": "Драйвер не знайдено",
    "l10n.clickContinueToInstallDriver": "Натисніть «Продовжити» для встановлення найновіших драйверів Game Ready або Studio Ready",
    "l10n.getStarted": "Запуск",
    "l10n.gameMaxPerformance": "Оптимальні налаштування ігор та програм",
    "l10n.gameReadyDrivers": "Завантажити драйвери Game Ready або Studio Ready",
    "l10n.shareGameMoments": "Запис та загальний доступ до ігрового процесу",
    "l10n.logInWithNVIDIA": "Увійти через обліковий запис NVIDIA",
    "l10n.dontHaveAnAccount": "Немає облікового запису?",
    "l10n.createNewAccount": "Створити обліковий запис",
    "l10n.createNewNVIDIAAccount": "Створити обліковий запис NVIDIA",
    "l10n.alreadyHaveAnAccount": "Вже є обліковий запис?",
    "l10n.startScan": "Почати сканування",
    "l10n.oobeShareHotkeyInfo": "Натисніть {{assignedKey}}, щоб поділитись ігровим процесом або відрегулювати параметри.",
    "l10n.logInWithYourAccount": "Увійти через ваш обліковий запис",
    "l10n.keepGamesOptimized": "Оптимізуйте свої ігри та програми",
    "l10n.additionalInfo": "Додаткова інформація",
    "l10n.blockedMessage": "GeForce Experience на даний момент недоступний у вашій країні чи регіоні.",
    "l10n.visitSettingsPage": "Зайдіть на сторінку «Параметри», щоб підписатися на нас пізніше",
    "l10n.scanningForGames": "Пошук ігор та програм...",
    "l10n.startTour": "Почати знайомство",
    "l10n.gfeBestExperience": "GeForce Experience аналізує відомості про ваше ГП, ЦП і монітор та оптимізує налаштування в іграх та прогамах.",
    "l10n.logInToGeforceExp": "Увійти в GeForce Experience"
}
