{
    "l10n.loginTitle": "Inicie sesión con su cuenta",
    "l10n.logIn": "Iniciar sesión",
    "l10n.logInWithGoogle": "Iniciar sesión con Google",
    "l10n.register": "Registrarse",
    "l10n.forgotPassword": "Olvidé la contraseña.",
    "l10n.unableToSendRecovery": "En este momento, no es posible enviar el correo electrónico de recuperación de contraseña. Intentar de nuevo más tarde.",
    "l10n.emailAddress": "Dirección de correo electrónico",
    "l10n.password": "Contraseña",
    "l10n.passwordReqs": "Use al menos {{minsize}} caracteres.<br>Use una combinación de al menos {{required}} tipos de caracteres: letras minúsculas, letras mayúsculas, números, símbolos y otras letras.",
    "l10n.showPassword": "Mostrar contraseña",
    "l10n.invalidCredentials": "Dirección de correo electrónico o contraseña incorrectos",
    "l10n.invalidCredentialsAttempts": "Dirección de correo electrónico o contraseña incorrectos Puede restablecer su contraseña haciendo clic en el siguiente vínculo.",
    "l10n.serverError": "No es posible iniciar sesión en este momento. Intentar de nuevo más tarde.",
    "l10n.sessionExpired": "La sesión ha expirado. Inicie sesión para continuar.",
    "l10n.accountBlocked": "Demasiados intentos de inicio de sesión incorrectos. Por razones de seguridad, su cuenta se ha bloqueado por {{blockedMinutes}} minutos.",
    "l10n.createAccount": "Cree su cuenta de NVIDIA",
    "l10n.displayName": "Mostrar nombre",
    "l10n.displayNameReqs": "Use hasta {{maxsize}} caracteres.<br>No use un espacio ni al principio ni al final. No use espacios consecutivos.",
    "l10n.dateOfBirth": "Fecha de nacimiento",
    "l10n.subscribe": "¡No se lo pierda! Obtenga las últimas recompensas, promociones y más beneficios de GeForce y NVIDIA.",
    "l10n.agreeToTerms": "Acepto los <a {{agreeToTermsLink}}>términos y condiciones</a>",
    "l10n.displayNameDetails": "Todos podrán ver el nombre que muestre.",
    "l10n.displayNameNotAvailable": "El nombre para mostrar no está disponible.",
    "l10n.spacesAreNotAllowed": "No se permiten espacios.",
    "l10n.emailAddressInUse": "La dirección de correo electrónico ya está en uso.",
    "l10n.invalidDateOfBirth": "Fecha de nacimiento no válida",
    "l10n.serverErrorRegister": "No es posible completar su registro en este momento. Intentar de nuevo más tarde.",
    "l10n.fillOutAllFields": "Complete todos los siguientes campos necesarios.",
    "l10n.registrationFailed": "Error de registro",
    "l10n.coppaText": "Conforme a la Ley de Protección de la Privacidad Infantil en Línea (Children’s Online Privacy Protection Act, COPPA), no le podemos permitir completar su registro. Para obtener información adicional, consulte la política de privacidad de NVIDIA.",
    "l10n.forgotPasswordText": "Ingrese la dirección de correo electrónico que usó para crear su cuenta, y le enviaremos el vínculo para restablecer su contraseña.",
    "l10n.forgotPasswordSentText": "Hemos enviado un correo electrónico a <span class=\"color-white\">{{email}}</span> con instrucciones para crear una nueva contraseña.<br><br>No se ha cambiado su contraseña existente.",
    "l10n.loginProgress": "Iniciando sesión",
    "l10n.invalidEmail": "Dirección de correo electrónico no válida",
    "l10n.enterYourEmailAddress": "Ingrese su dirección de correo electrónico.",
    "l10n.enterYourPassword": "Ingrese su contraseña.",
    "l10n.loginFailed": "Error en el inicio de sesión",
    "l10n.loginServerError": "No es posible iniciar sesión en este momento. Intentar de nuevo más tarde.",
    "l10n.accountCreated": "Cuenta de NVIDIA creada",
    "l10n.alt.nvidiaSignIn": "Iniciar sesión con NVIDIA",
    "l10n.alt.googleSignIn": "Iniciar sesión con Google",
    "l10n.alt.facebookSignIn": "Iniciar sesión con Facebook",
    "l10n.alt.qqLogIn": "Iniciar sesión con QQ",
    "l10n.alt.wechatLogIn": "Iniciar sesión con WeChat",
    "l10n.confirmPassword": "Confirmar contraseña",
    "l10n.createAccountProgress": "Creando su cuenta de NVIDIA",
    "l10n.almostDone": "¡Ya casi termina!",
    "l10n.pleaseConfirmTheInformation": "Confirme la información que aparece abajo para completar el registro.",
    "l10n.mustAgreeToTerms": "Debe aceptar nuestros términos y condiciones.",
    "l10n.required": "El campo no puede estar vacío.",
    "l10n.emailAlreadyUsed": "Este correo electrónico ya está en uso.",
    "l10n.formError": "Se produjo un error. Verifique el formulario y vuelva a intentarlo.",
    "l10n.emailVerificationPending": "Verificación de correo electrónico pendiente",
    "l10n.resendVerificationEmail": "Reenviar correo electrónico de verificación",
    "l10n.resendVerification": "Reenviar verificación",
    "l10n.changeUser": "Cambiar usuario",
    "l10n.verficationEmailHasBeenSent": "Se ha enviado un correo electrónico de verificación a <span class='color-white'>{{email}}</span>. Verifique su correo electrónico y haga clic en el vínculo para verificar su dirección de correo electrónico.",
    "l10n.clickContinueAfter": "Después de completar el paso anterior, haga clic en Continuar.",
    "l10n.notBeenVerified": "Aún no se ha verificado la dirección de correo electrónico.",
    "l10n.unableToConnect": "No es posible conectarse con el servidor. Intentar de nuevo más tarde.",
    "l10n.verificationEmailResent": "Se ha reenviado el correo electrónico de verificación.",
    "l10n.unableToSendEmail": "No es posible enviar el correo electrónico. Intentar de nuevo más tarde.",
    "l10n.termsAndConditions": "Términos y condiciones",
    "l10n.editEmailAddress": "Editar la dirección de correo electrónico",
    "l10n.enterYourInformation": "Ingrese su información a continuación para editar la dirección de correo electrónico registrada.",
    "l10n.currentPassword": "Contraseña actual",
    "l10n.newEmailAddress": "Nueva dirección de correo electrónico",
    "l10n.reEnterEmailAddress": "Vuelva a ingresar la dirección de correo electrónico.",
    "l10n.emailAddressesDoNotMatch": "Las direcciones de correo electrónico no coinciden.",
    "l10n.emailAddressUpdated": "Se ha actualizado su dirección de correo electrónico.",
    "l10n.incorrectPassword": "Contraseña incorrecta",
    "l10n.noPassword": "MARCADOR DE POSICIÓN SIN CONTRASEÑA",
    "l10n.existingAccount": "Este correo electrónico {{email}} está asociado a una cuenta existente de NVIDIA.",
    "l10n.shareDialogDescription": "Capture y comparta videos fácilmente, tome capturas de pantalla y transmita en vivo con amigos.",
    "l10n.shareDialogDescriptionWithAnsel": "Capture y comparta videos fácilmente, tome capturas de pantalla y transmita en vivo con amigos.",
    "l10n.mustBeOnline": "GeForce Experience necesita estar conectado para iniciar sesión.",
    "l10n.autoOptimizeNewGames": "Optimizar automáticamente juegos y aplicaciones recientemente agregados",
    "l10n.applyTheBestSettings": "Aplica la mejor configuración de juegos y aplicaciones adaptada a su PC",
    "l10n.enable": "habilitar",
    "l10n.noDriverFound": "No se encuentra el controlador.",
    "l10n.clickContinueToInstallDriver": "Haga clic en Continuar para instalar el controlador compatible con los juegos o compatible con Studio más reciente",
    "l10n.getStarted": "Comenzar",
    "l10n.gameMaxPerformance": "Optimizar la configuración de juegos y aplicaciones",
    "l10n.gameReadyDrivers": "Obtener controladores compatibles con los juegos o controladores compatibles con Studio",
    "l10n.shareGameMoments": "Capturar y compartir el juego",
    "l10n.logInWithNVIDIA": "Iniciar sesión con cuenta de NVIDIA",
    "l10n.dontHaveAnAccount": "¿No tiene una cuenta?",
    "l10n.createNewAccount": "Crear cuenta",
    "l10n.createNewNVIDIAAccount": "Crear cuenta de NVIDIA",
    "l10n.alreadyHaveAnAccount": "¿Ya tiene una cuenta?",
    "l10n.startScan": "Iniciar exploración",
    "l10n.oobeShareHotkeyInfo": "Presione {{assignedKey}} para compartir su juego o ajustar la configuración.",
    "l10n.logInWithYourAccount": "Inicie sesión con su cuenta",
    "l10n.keepGamesOptimized": "Mantenga optimizados sus juegos y aplicaciones",
    "l10n.additionalInfo": "Información adicional",
    "l10n.blockedMessage": "Actualmente, GeForce Experience no está disponible en su país o región.",
    "l10n.visitSettingsPage": "Luego, visite la página Configuración para seguirnos",
    "l10n.scanningForGames": "Buscando juegos y aplicaciones...",
    "l10n.startTour": "Iniciar paseo",
    "l10n.gfeBestExperience": "GeForce Experience analiza su GPU, CPU y monitor de la pantalla específicos, y aplica una configuración de juegos y aplicaciones personalizada para lograr la mejor experiencia.",
    "l10n.logInToGeforceExp": "Iniciar sesión en GeForce Experience"
}
