{
    "l10n.loginTitle": "Jelentkezzen be fiókjával",
    "l10n.logIn": "Bejelentkezés",
    "l10n.logInWithGoogle": "Bejelentkezés a Google-lal",
    "l10n.register": "Regisztrálás",
    "l10n.forgotPassword": "Elfelejtett jelszó",
    "l10n.unableToSendRecovery": "Jelenleg nem küldhető jelszó-emlékeztető e-mail. Próbálja meg később.",
    "l10n.emailAddress": "E-mail cím",
    "l10n.password": "Jelszó",
    "l10n.passwordReqs": "Használjon legalább {{minsize}} karaktert<br>Használjon legalább {{required}} fajta karaktert: kisbetűket, nagybetűket, számokat, szimbólumokat és más betűket.",
    "l10n.showPassword": "Jelszó mutatása",
    "l10n.invalidCredentials": "Helytelen e-mail-cím vagy jelszó",
    "l10n.invalidCredentialsAttempts": "Helytelen e-mail-cím vagy jelszó. Az alábbi hivatkozásra kattintva kérhet új jelszót.",
    "l10n.serverError": "Jelenleg nem tudjuk beléptetni. Próbálja meg később",
    "l10n.sessionExpired": "A munkamenet lejárt. Jelentkezzen be a folytatáshoz",
    "l10n.accountBlocked": "Túl sok sikertelen bejelentkezési próbálkozás. Biztonsági okokból fiókját {{blockedMinutes}} percre blokkoltuk.",
    "l10n.createAccount": "NVIDIA-fiók létrehozása",
    "l10n.displayName": "Megjelenített név",
    "l10n.displayNameReqs": "Használjon legfeljebb {{maxsize}} karaktert<br>Ne kezdje és ne fejezze be szóközzel. Ne használjon egymást követő szóközöket.",
    "l10n.dateOfBirth": "Születési dátum",
    "l10n.subscribe": "Ne hagyja ki! Szerezze meg a legújabb jutalmakat, promóciókat, és még többet a GeForce-tól és a NVIDIA-tól.",
    "l10n.agreeToTerms": "Elfogadom a <a {{agreeToTermsLink}}>feltételeket</a>",
    "l10n.displayNameDetails": "A megjelenített nevet mindenki látni fogja",
    "l10n.displayNameNotAvailable": "A megjelenített név nem érhető el",
    "l10n.spacesAreNotAllowed": "Szóközök nem megengedettek",
    "l10n.emailAddressInUse": "Az e-mail cím már használatban van",
    "l10n.invalidDateOfBirth": "Érvénytelen születési dátum",
    "l10n.serverErrorRegister": "Jelenleg nem tudjuk regisztrálni. Próbálja meg később",
    "l10n.fillOutAllFields": "Töltsön ki minden alábbi kötelező mezőt",
    "l10n.registrationFailed": "A regisztráció sikertelen",
    "l10n.coppaText": "A gyermekek online adatvédelméről szóló törvény (COPPA) értelmében nem engedélyezhetjük a regisztrációját. Kérjük, további információkért olvassa le az NVIDIA Adatvédelmi irányelveit.",
    "l10n.forgotPasswordText": "Adja meg a fiók létrehozásához használt e-mail-címet, és elküldjük Önnek az új jelszó létrehozására használható hivatkozást",
    "l10n.forgotPasswordSentText": "Küldtünk egy e-mailt a(z) <span class=\"color-white\">{{email}}</span> címre, amely tartalmazza az új jelszó létrehozásához szükséges utasításokat.<br><br>A meglévő jelszava még nem változott meg",
    "l10n.loginProgress": "Bejelentkezés",
    "l10n.invalidEmail": "Érvénytelen e-mail cím",
    "l10n.enterYourEmailAddress": "Adja meg e-mail-címét",
    "l10n.enterYourPassword": "Adja meg jelszavát",
    "l10n.loginFailed": "A bejelentkezés sikertelen",
    "l10n.loginServerError": "Jelenleg nem tudjuk beléptetni. Próbálja meg később.",
    "l10n.accountCreated": "NVIDIA-fiók létrehozva",
    "l10n.alt.nvidiaSignIn": "Bejelentkezés az NVIDIA-val",
    "l10n.alt.googleSignIn": "Bejelentkezés a Google-lal",
    "l10n.alt.facebookSignIn": "Bejelentkezés a Facebookkal",
    "l10n.alt.qqLogIn": "Bejelentkezés a következővel QQ",
    "l10n.alt.wechatLogIn": "Bejelentkezés a következővel WeChat",
    "l10n.confirmPassword": "Jelszó megerősítése",
    "l10n.createAccountProgress": "NVIDIA-fiók létrehozása",
    "l10n.almostDone": "Majdnem kész!",
    "l10n.pleaseConfirmTheInformation": "Erősítse meg az alábbi adatokat a regisztráció befejezéséhez",
    "l10n.mustAgreeToTerms": "El kell fogadnia a Feltételeket",
    "l10n.required": "A mező nem maradhat üres",
    "l10n.emailAlreadyUsed": "Ez az e-mail-cím már használatban van",
    "l10n.formError": "Hiba történt. Ellenőrizze az űrlapot, majd próbálja meg újra.",
    "l10n.emailVerificationPending": "E-mail-cím ellenőrzése folyamatban",
    "l10n.resendVerificationEmail": "Ellenőrző e-mail újraküldése",
    "l10n.resendVerification": "Ellenőrző e-mail újraküldése",
    "l10n.changeUser": "Felhasználóváltás",
    "l10n.verficationEmailHasBeenSent": "Ellenőrző e-mailt küldtünk a következő címre: <span class='color-white'>{{email}}</span>. Ellenőrizze az e-mailjeit, és kattintson a hivatkozásra az e-mail-cím megerősítéséhez.",
    "l10n.clickContinueAfter": "A fenti lépés elvégzése után kattintson a folytatás lehetőségre.",
    "l10n.notBeenVerified": "Az e-mail cím még nincs megerősítve.",
    "l10n.unableToConnect": "Nem lehet csatlakozni a kiszolgálóhoz. Próbálja meg később.",
    "l10n.verificationEmailResent": "Az ellenőrző e-mailt újra elküldtük",
    "l10n.unableToSendEmail": "Nem lehet elküldeni az e-mailt. Próbálja meg később.",
    "l10n.termsAndConditions": "Feltételek",
    "l10n.editEmailAddress": "E-mail-cím szerkesztése",
    "l10n.enterYourInformation": "A regisztrált e-mail-cím szerkesztéséhez adja meg az adatait az alábbiakban",
    "l10n.currentPassword": "Jelenlegi jelszó",
    "l10n.newEmailAddress": "Új e-mail-cím",
    "l10n.reEnterEmailAddress": "Adja meg újra az e-mail-címet",
    "l10n.emailAddressesDoNotMatch": "Az e-mail-címek nem egyeznek",
    "l10n.emailAddressUpdated": "Az e-mail-címe frissült",
    "l10n.incorrectPassword": "Helytelen jelszó",
    "l10n.noPassword": "HELYÖRZŐ NINCS JELSZÓ",
    "l10n.existingAccount": "A(z) {{email}} e-mail-cím egy létező NVIDIA-fiókhoz tartozik",
    "l10n.shareDialogDescription": "Videók egyszerű rögzítése és megosztása, képernyőképek készítése és élő streamelés az ismerősökkel.",
    "l10n.shareDialogDescriptionWithAnsel": "Videók egyszerű rögzítése és megosztása, képernyőképek és játékon belüli fotók készítése, valamint és élő streamelés az ismerősökkel.",
    "l10n.mustBeOnline": "A bejelentkezéshez a GeForce Experience-nek csatlakoznia kell az internethez",
    "l10n.autoOptimizeNewGames": "Újonnan hozzáadott játékok és alkalmazások automatikus optimalizálása",
    "l10n.applyTheBestSettings": "A számítógépnek leginkább megfelelő játék- és alkalmazásbeállításokat alkalmazza",
    "l10n.enable": "engedélyezés",
    "l10n.noDriverFound": "Nem található meghajtó",
    "l10n.clickContinueToInstallDriver": "Kattintson a Folytatás gombra a legújabb Game Ready vagy Studio illesztőprogram telepítéséhez",
    "l10n.getStarted": "Kezdés",
    "l10n.gameMaxPerformance": "Játék- és alkalmazásbeállítások optimalizálása",
    "l10n.gameReadyDrivers": "Game Ready illesztőprogramok vagy Studio illesztőprogramok beszerzése",
    "l10n.shareGameMoments": "Játékmenet rögzítése és megosztása",
    "l10n.logInWithNVIDIA": "Bejelentkezés az NVIDIA-fiókkal",
    "l10n.dontHaveAnAccount": "Nincs fiókja?",
    "l10n.createNewAccount": "Fiók létrehozása",
    "l10n.createNewNVIDIAAccount": "NVIDIA-fiók létrehozása",
    "l10n.alreadyHaveAnAccount": "Már van fiókja?",
    "l10n.startScan": "Keresés megkezdése",
    "l10n.oobeShareHotkeyInfo": "Nyomja meg a(z) {{assignedKey}} gombot a játékmenet megosztásához vagy a beállítások módosításához.",
    "l10n.logInWithYourAccount": "Jelentkezzen be fiókjával",
    "l10n.keepGamesOptimized": "Tartsd optimalizálva játékaidat és alkalmazásaidat",
    "l10n.additionalInfo": "További információ",
    "l10n.blockedMessage": "A GeForce Experience jelenleg nem érhető el az Ön országában vagy régiójában.",
    "l10n.visitSettingsPage": "Ha később követni szeretne minket, nyissa meg a Beállítások oldalt",
    "l10n.scanningForGames": "Játékok és alkalmazások keresése...",
    "l10n.startTour": "Túra indítása",
    "l10n.gfeBestExperience": "A GeForce Experience elemzi GPU-dat, CPU-dat és monitorodat, majd testre szabott játék- és alkalmazásbeállításokat alkalmaz a legjobb élmény érdekében.",
    "l10n.logInToGeforceExp": "Bejelentkezés a GeForce Experience-be"
}
