{
    "l10n.loginTitle": "계정을 사용하여 로그인",
    "l10n.logIn": "로그인",
    "l10n.logInWithGoogle": "Google로 로그인",
    "l10n.register": "등록",
    "l10n.forgotPassword": "암호 잊음",
    "l10n.unableToSendRecovery": "지금은 암호 복구 이메일을 전송할 수 없습니다. 나중에 다시 시도하십시오.",
    "l10n.emailAddress": "이메일 주소",
    "l10n.password": "암호",
    "l10n.passwordReqs": "최소 {{minsize}}자를 사용하십시오.<br>소문자, 대문자, 숫자, 기호 및 기타 문자 중 최소 {{required}}가지 유형을 조합하여 사용하십시오.",
    "l10n.showPassword": "암호 표시",
    "l10n.invalidCredentials": "잘못된 이메일 주소 또는 암호",
    "l10n.invalidCredentialsAttempts": "이메일 주소 또는 암호가 잘못되었습니다. 아래 링크를 클릭하여 암호를 재설정할 수 있습니다.",
    "l10n.serverError": "지금은 로그인할 수 없습니다. 나중에 다시 시도하십시오.",
    "l10n.sessionExpired": "세션이 만료되었습니다. 계속 진행하려면 로그인하십시오.",
    "l10n.accountBlocked": "로그인 시도 실패가 너무 많습니다. 보안을 위해 계정이 {{blockedMinutes}}분간 차단됩니다.",
    "l10n.createAccount": "NVIDIA 계정 생성",
    "l10n.displayName": "디스플레이 이름",
    "l10n.displayNameReqs": "최대 {{maxsize}}자를 사용하십시오.<br>맨 앞이나 끝에 공백이 있어서는 안 됩니다. 공백을 연속으로 사용하면 안 됩니다.",
    "l10n.dateOfBirth": "생년월일",
    "l10n.subscribe": "이 기회를 놓치지 마십시오! GeForce 및 NVIDIA의 최신 보상, 프로모션 등과 같은 혜택을 누리세요.",
    "l10n.agreeToTerms": "<a {{agreeToTermsLink}}>이용 약관</a>에 동의합니다.",
    "l10n.displayNameDetails": "디스플레이 이름은 모든 사용자에게 표시됩니다.",
    "l10n.displayNameNotAvailable": "디스플레이 이름 사용 불가",
    "l10n.spacesAreNotAllowed": "공백 허용되지 않음",
    "l10n.emailAddressInUse": "이미 사용 중인 이메일",
    "l10n.invalidDateOfBirth": "잘못된 생일",
    "l10n.serverErrorRegister": "지금은 등록할 수 없습니다. 나중에 다시 시도하십시오.",
    "l10n.fillOutAllFields": "아래 필수 필드를 모두 작성하십시오.",
    "l10n.registrationFailed": "등록 실패",
    "l10n.coppaText": "아동 온라인 개인 정보 보호법(COPPA)에 따라 등록할 수 없습니다. 자세한 내용은 NVIDIA 개인 정보 보호 정책을 참조하십시오.",
    "l10n.forgotPasswordText": "계정 생성에 사용했던 이메일 주소를 입력하면 암호를 재설정할 수 있는 링크가 전송됩니다.",
    "l10n.forgotPasswordSentText": "새로운 암호 생성 안내를 담은 이메일을 <span class=\"color-white\">{{email}}</span>(으)로 전송했습니다.<br><br>기존 암호는 변경되지 않았습니다.",
    "l10n.loginProgress": "로그인 중",
    "l10n.invalidEmail": "잘못된 이메일 주소",
    "l10n.enterYourEmailAddress": "이메일 주소 입력",
    "l10n.enterYourPassword": "암호 입력",
    "l10n.loginFailed": "로그인에 실패했습니다.",
    "l10n.loginServerError": "지금은 로그인할 수 없습니다. 나중에 다시 시도하십시오.",
    "l10n.accountCreated": "NVIDIA 계정 생성됨",
    "l10n.alt.nvidiaSignIn": "NVIDIA로 로그인",
    "l10n.alt.googleSignIn": "Google로 로그인",
    "l10n.alt.facebookSignIn": "Facebook으로 로그인",
    "l10n.alt.qqLogIn": "QQ로 로그인",
    "l10n.alt.wechatLogIn": "WeChat로 로그인",
    "l10n.confirmPassword": "암호 확인",
    "l10n.createAccountProgress": "NVIDIA 계정 생성 중",
    "l10n.almostDone": "거의 완료됨",
    "l10n.pleaseConfirmTheInformation": "아래 정보를 확인해 등록을 완료해 주십시오.",
    "l10n.mustAgreeToTerms": "이용 약관에 동의해야 합니다.",
    "l10n.required": "필드는 공백이 아니어야 합니다.",
    "l10n.emailAlreadyUsed": "이 이메일은 이미 사용 중입니다.",
    "l10n.formError": "오류가 발생했습니다. 양식을 확인한 후 다시 시도하십시오.",
    "l10n.emailVerificationPending": "이메일 확인 대기 중",
    "l10n.resendVerificationEmail": "확인 이메일 재발송",
    "l10n.resendVerification": "확인 재발송",
    "l10n.changeUser": "사용자 변경",
    "l10n.verficationEmailHasBeenSent": "검증 이메일이 <span class='color-white'>{{email}}</span>(으)로 전송되었습니다. 이메일을 확인하고 링크를 클릭해 이메일 주소를 확인하십시오.",
    "l10n.clickContinueAfter": "위 단계 완료 후 계속을 클릭하십시오.",
    "l10n.notBeenVerified": "이메일 주소가 아직 확인되지 않았습니다.",
    "l10n.unableToConnect": "서버에 연결할 수 없습니다. 나중에 다시 시도하십시오.",
    "l10n.verificationEmailResent": "확인 이메일이 재전송되었습니다.",
    "l10n.unableToSendEmail": "이메일을 전송할 수 없습니다. 나중에 다시 시도하십시오.",
    "l10n.termsAndConditions": "이용 약관",
    "l10n.editEmailAddress": "이메일 주소 편집",
    "l10n.enterYourInformation": "아래 정보를 입력해 등록한 이메일 주소를 편집하십시오.",
    "l10n.currentPassword": "현재 암호",
    "l10n.newEmailAddress": "새 이메일 주소",
    "l10n.reEnterEmailAddress": "이메일 주소 다시 입력",
    "l10n.emailAddressesDoNotMatch": "이메일 주소가 일치하지 않습니다.",
    "l10n.emailAddressUpdated": "이메일 주소가 업데이트되었습니다.",
    "l10n.incorrectPassword": "잘못된 암호",
    "l10n.noPassword": "암호 없음 자리 표시자",
    "l10n.existingAccount": "이메일 주소 {{email}}은(는) 이미 NVIDIA 계정에 연결되어 있습니다.",
    "l10n.shareDialogDescription": "비디오를 쉽게 캡처 및 공유하고 스크린샷을 찍고 친구들에게 실시간으로 스트리밍할 수 있습니다.",
    "l10n.shareDialogDescriptionWithAnsel": "비디오를 쉽게 캡처 및 공유하고 스크린샷과 게임 내 사진을 찍고 친구들에게 실시간으로 스트리밍할 수 있습니다.",
    "l10n.mustBeOnline": "로그인하려면 GeForce Experience가 온라인이 되어야 합니다.",
    "l10n.autoOptimizeNewGames": "새로 추가된 게임 및 앱 자동 최적화",
    "l10n.applyTheBestSettings": "사용자 PC에 최적화된 최상의 게임 및 앱 설정 적용",
    "l10n.enable": "활성화",
    "l10n.noDriverFound": "드라이버를 찾을 수 없음",
    "l10n.clickContinueToInstallDriver": "최신 Game Ready 드라이버 또는 Studio 드라이버를 설치하려면 계속을 클릭",
    "l10n.getStarted": "시작하기",
    "l10n.gameMaxPerformance": "게임 및 앱 설정 최적화",
    "l10n.gameReadyDrivers": "Game Ready 드라이버 또는 Studio 드라이버 받기",
    "l10n.shareGameMoments": "게임플레이 캡처 및 공유",
    "l10n.logInWithNVIDIA": "NVIDIA 계정으로 로그인",
    "l10n.dontHaveAnAccount": "계정이 없으신가요?",
    "l10n.createNewAccount": "계정 만들기",
    "l10n.createNewNVIDIAAccount": "NVIDIA 계정 만들기",
    "l10n.alreadyHaveAnAccount": "계정이 있으신가요?",
    "l10n.startScan": "스캔 시작",
    "l10n.oobeShareHotkeyInfo": "{{assignedKey}}(을)를 눌러 게임 플레이를 공유하고 설정을 조정합니다.",
    "l10n.logInWithYourAccount": "계정으로 로그인",
    "l10n.keepGamesOptimized": "게임과 앱 최적화를 유지하세요",
    "l10n.additionalInfo": "추가 정보",
    "l10n.blockedMessage": "GeForce Experience는 귀하의 국가 또는 지역에서 현재 이용할 수 없습니다.",
    "l10n.visitSettingsPage": "설정 페이지를 방문하여 나중에 팔로우하십시오",
    "l10n.scanningForGames": "게임 및 앱 스캔 중...",
    "l10n.startTour": "투어 시작",
    "l10n.gfeBestExperience": "GeForce Experience는 사용자의 GPU, CPU, 디스플레이 모니터를 분석하여 최고의 경험을 제공하기 위해 게임 및 앱 사용자 정의 설정을 적용합니다.",
    "l10n.logInToGeforceExp": "GeForce Experience에 로그인"
}
