{
    "l10n.loginTitle": "Fazer login usando sua conta",
    "l10n.logIn": "Faça login",
    "l10n.logInWithGoogle": "Fazer login com Google",
    "l10n.register": "Registrar",
    "l10n.forgotPassword": "Esqueceu a senha",
    "l10n.unableToSendRecovery": "Não foi possível enviar um e-mail de recuperação de senha neste momento. Tente novamente mais tarde.",
    "l10n.emailAddress": "Endereço de e-mail",
    "l10n.password": "Senha",
    "l10n.passwordReqs": "Use pelo menos {{minsize}} caracteres<br>Utilize uma combinação de, pelo menos, {{required}} tipos diferentes de caracteres: letras minúsculas, letras maiúsculas, números, símbolos e outras letras.",
    "l10n.showPassword": "Mostrar senha",
    "l10n.invalidCredentials": "Endereço de e-mail ou senha incorretos",
    "l10n.invalidCredentialsAttempts": "Endereço de e-mail ou senha incorretos. Pode redefinir sua senha clicando no link abaixo.",
    "l10n.serverError": "Não é possível registrá-lo neste momento. Tente novamente mais tarde",
    "l10n.sessionExpired": "Sessão expirada. Fazer login para continuar",
    "l10n.accountBlocked": "Muitas tentativas de registro sem sucesso. Para sua segurança, sua conta foi bloqueada por {{blockedMinutes}} minutos.",
    "l10n.createAccount": "Criar sua conta NVIDIA",
    "l10n.displayName": "Nome de exibição",
    "l10n.displayNameReqs": "Use até {{maxsize}} caracteres<br>Não comece nem termine com um espaço. Não utilize espaços consecutivos.",
    "l10n.dateOfBirth": "Data de nascimento",
    "l10n.subscribe": "Não perca a oportunidade! Conheça as últimas recompensas, promoções e mais da GeForce e a NVIDIA.",
    "l10n.agreeToTerms": "Concordo com os <a {{agreeToTermsLink}}>termos e condições</a>",
    "l10n.displayNameDetails": "Seu nome de exibição será visível para todos",
    "l10n.displayNameNotAvailable": "Nome de exibição indisponível",
    "l10n.spacesAreNotAllowed": "Não são permitidos espaços",
    "l10n.emailAddressInUse": "Este endereço de e-mail já está em uso",
    "l10n.invalidDateOfBirth": "Data de nascimento inválida",
    "l10n.serverErrorRegister": "Não é possível registrá-lo neste momento. Tente novamente mais tarde",
    "l10n.fillOutAllFields": "Preencha todos os campos obrigatórios abaixo",
    "l10n.registrationFailed": "Falha ao registrar",
    "l10n.coppaText": "Em conformidade com a lei de proteção da privacidade das crianças na Internet (COPPA), não é possível permitir o seu registro. Para obter informações adicionais, visualize a Política de privacidade da NVIDIA.",
    "l10n.forgotPasswordText": "Digite o endereço de e-mail que usou para criar sua conta e enviaremos para você o link para redefinir sua senha",
    "l10n.forgotPasswordSentText": "Enviamos um e-mail para <span class=\"color-white\">{{email}}</span> com instruções para criar uma nova senha.<br><br>Sua senha atual não foi alterada",
    "l10n.loginProgress": "Fazendo o login",
    "l10n.invalidEmail": "Endereço de e-mail inválido",
    "l10n.enterYourEmailAddress": "Digite seu endereço de e-mail",
    "l10n.enterYourPassword": "Digite sua senha",
    "l10n.loginFailed": "Falha no login",
    "l10n.loginServerError": "Não é possível registrá-lo neste momento. Tente novamente mais tarde.",
    "l10n.accountCreated": "Conta NVIDIA criada",
    "l10n.alt.nvidiaSignIn": "Fazer login com NVIDIA",
    "l10n.alt.googleSignIn": "Iniciar sessão com Google",
    "l10n.alt.facebookSignIn": "Fazer login com Facebook",
    "l10n.alt.qqLogIn": "Fazer login com QQ",
    "l10n.alt.wechatLogIn": "Fazer login com WeChat",
    "l10n.confirmPassword": "Confirmar senha",
    "l10n.createAccountProgress": "Criando sua conta NVIDIA",
    "l10n.almostDone": "Falta pouco",
    "l10n.pleaseConfirmTheInformation": "Confirme as informações abaixo e conclua o registro",
    "l10n.mustAgreeToTerms": "É preciso aceitar os Termos e Condições",
    "l10n.required": "O campo não pode ficar em branco",
    "l10n.emailAlreadyUsed": "Este e-mail já está a ser usado",
    "l10n.formError": "Ocorreu um erro. Verifique o formulário e tente novamente.",
    "l10n.emailVerificationPending": "Verificação de e-mail pendente",
    "l10n.resendVerificationEmail": "Reenviar e-mail de verificação",
    "l10n.resendVerification": "Reenviar verificação",
    "l10n.changeUser": "Alterar usuário",
    "l10n.verficationEmailHasBeenSent": "Um e-mail de verificação foi enviado para <span class='color-white'>{{email}}</span>. Revise seu e-mail e clique no link para verificar seu endereço de e-mail.",
    "l10n.clickContinueAfter": "Clique em continuar depois de completar a etapa acima.",
    "l10n.notBeenVerified": "O endereço de e-mail não foi verificado ainda",
    "l10n.unableToConnect": "Não foi possível se conectar ao servidor. Tente novamente mais tarde.",
    "l10n.verificationEmailResent": "O e-mail de verificação foi reenviado",
    "l10n.unableToSendEmail": "Não foi possível enviar o e-mail. Tente novamente mais tarde.",
    "l10n.termsAndConditions": "Termos e condições",
    "l10n.editEmailAddress": "Editar endereço de e-mail",
    "l10n.enterYourInformation": "Digite suas informações abaixo para editar o endereço de e-mail registrado",
    "l10n.currentPassword": "Senha atual",
    "l10n.newEmailAddress": "Novo endereço de e-mail",
    "l10n.reEnterEmailAddress": "Voltar a digitar endereço de e-mail",
    "l10n.emailAddressesDoNotMatch": "Os endereços de e-mail não coincidem",
    "l10n.emailAddressUpdated": "O seu endereço de e-mail foi atualizado",
    "l10n.incorrectPassword": "Senha incorreta",
    "l10n.noPassword": "ESPAÇO RESERVADO SEM SENHA",
    "l10n.existingAccount": "Este endereço de e-mail {{email}} está associado a uma conta da NVIDIA.",
    "l10n.shareDialogDescription": "Capture e compartilhe vídeos, faça capturas de tela e faça uma transmissão ao vivo com amigos, tudo isso facilmente.",
    "l10n.shareDialogDescriptionWithAnsel": "Capture e compartilhe vídeos, faça capturas de tela, tire fotos durante o jogo e faça uma transmissão ao vivo com amigos, tudo isso facilmente.",
    "l10n.mustBeOnline": "O GeForce Experience deve estar on-line para fazer login",
    "l10n.autoOptimizeNewGames": "Otimizar de maneira automática os jogos e aplicativos adicionados recentemente",
    "l10n.applyTheBestSettings": "Aplica as melhores configurações de jogo e aplicativo adaptadas para seu PC",
    "l10n.enable": "habilitar",
    "l10n.noDriverFound": "Nenhum driver encontrado",
    "l10n.clickContinueToInstallDriver": "Clique em continuar para instalar o driver Game Ready ou Studio mais recente",
    "l10n.getStarted": "Iniciar",
    "l10n.gameMaxPerformance": "Otimizar as configurações de jogo e aplicativo",
    "l10n.gameReadyDrivers": "Obter drivers Game Ready ou Studio",
    "l10n.shareGameMoments": "Capturar e compartilhar jogo",
    "l10n.logInWithNVIDIA": "Fazer login com a conta da NVIDIA",
    "l10n.dontHaveAnAccount": "Você não tem uma conta?",
    "l10n.createNewAccount": "Criar uma conta",
    "l10n.createNewNVIDIAAccount": "Criar uma conta NVIDIA",
    "l10n.alreadyHaveAnAccount": "Você tem uma conta?",
    "l10n.startScan": "Iniciar varredura",
    "l10n.oobeShareHotkeyInfo": "Pressione {{assignedKey}} para compartilhar seu jogo ou ajustar as configurações.",
    "l10n.logInWithYourAccount": "Fazer login com a conta",
    "l10n.keepGamesOptimized": "Mantenha seus jogos e aplicativos otimizados",
    "l10n.additionalInfo": "Informações adicionais",
    "l10n.blockedMessage": "O GeForce Experience não está disponível atualmente no seu país ou região.",
    "l10n.visitSettingsPage": "Acesse a página Configurações para nos seguir mais tarde",
    "l10n.scanningForGames": "Procurando jogos e aplicativos…",
    "l10n.startTour": "Iniciar tour",
    "l10n.gfeBestExperience": "O GeForce Experience analisa a GPU, a CPU e o monitor específicos, aplicando configurações personalizadas do jogo e aplicativo para proporcionar a melhor experiência.",
    "l10n.logInToGeforceExp": "Fazer login no GeForce Experience"
}
