{
    "l10n.loginTitle": "Inicie sessão com a sua conta",
    "l10n.logIn": "Iniciar sessão",
    "l10n.logInWithGoogle": "Iniciar sessão com a conta Google",
    "l10n.register": "Registar",
    "l10n.forgotPassword": "Esqueceu-se da sua palavra-passe?",
    "l10n.unableToSendRecovery": "Neste momento não é possível enviar uma mensagem de correio electrónico de recuperação da palavra-passe. Volte a tentar mais tarde.",
    "l10n.emailAddress": "Endereço de correio electrónico",
    "l10n.password": "Palavra-passe",
    "l10n.passwordReqs": "Utilize pelo menos {{minsize}} caracteres<br>Utilize uma combinação de, pelo menos {{required}} tipos de caracteres: letras em minúscula, letras em maiúscula, números, símbolos e outras letras.",
    "l10n.showPassword": "Mostrar palavra-passe",
    "l10n.invalidCredentials": "Palavra-passe ou endereço de correio electrónico incorrectos",
    "l10n.invalidCredentialsAttempts": "Palavra-passe ou endereço de correio electrónico incorrectos. Pode redefinir a sua palavra-passe ao clicar na ligação abaixo.",
    "l10n.serverError": "De momento não é possível iniciar sessão. Volte a tentar mais tarde",
    "l10n.sessionExpired": "Sessão expirada. Inicie sessão para continuar",
    "l10n.accountBlocked": "Demasiadas tentativas falhadas de início de sessão. Por motivos de segurança, a sua conta foi bloqueada durante {{blockedMinutes}} minutos.",
    "l10n.createAccount": "Criar a sua Conta NVIDIA",
    "l10n.displayName": "Nome de apresentação",
    "l10n.displayNameReqs": "Utilize até {{maxsize}} caracteres<br>Não comece nem termine com um espaço em branco. Não utilize espaços consecutivos.",
    "l10n.dateOfBirth": "Data de nascimento",
    "l10n.subscribe": "Não perca a oportunidade! Obtenha os mais recentes prémios, promoções e mais da GeForce e NVIDIA.",
    "l10n.agreeToTerms": "Aceito os <a {{agreeToTermsLink}}>termos e condições</a>",
    "l10n.displayNameDetails": "O seu nome de apresentação será visível para todos os utilizadores",
    "l10n.displayNameNotAvailable": "O nome de apresentação não está disponível",
    "l10n.spacesAreNotAllowed": "Não são permitidos espaços",
    "l10n.emailAddressInUse": "O endereço de correio electrónico já está a ser utilizado",
    "l10n.invalidDateOfBirth": "A data de nascimento não é válida",
    "l10n.serverErrorRegister": "De momento não é possível efectuar o registo. Volte a tentar mais tarde",
    "l10n.fillOutAllFields": "Preencha todos os campos obrigatórios abaixo",
    "l10n.registrationFailed": "Falha do registo",
    "l10n.coppaText": "Em conformidade com o Children’s Online Privacy Protection Act - COPPA (Lei de Protecção da Privacidade das Crianças Online), não podemos autorizar o seu registo. Para obter informações adicionais, consulte a Política de Privacidade da NVIDIA.",
    "l10n.forgotPasswordText": "Introduza o endereço de correio electrónico utilizado para criar uma conta e enviar-lhe-emos uma mensagem de correio electrónico com a ligação para repor a sua palavra-passe.",
    "l10n.forgotPasswordSentText": "Enviámos uma mensagem de correio electrónico para <span class=\"color-white\">{{email}}</span> com instruções de criação de uma nova palavra-passe.<br><br>A sua palavra-passe actual não foi alterada",
    "l10n.loginProgress": "Iniciar sessão",
    "l10n.invalidEmail": "Endereço de correio electrónico não válido",
    "l10n.enterYourEmailAddress": "Introduza o seu endereço de correio electrónico",
    "l10n.enterYourPassword": "Introduza a sua palavra-passe",
    "l10n.loginFailed": "Falha do início de sessão",
    "l10n.loginServerError": "De momento não é possível iniciar sessão. Volte a tentar mais tarde.",
    "l10n.accountCreated": "Conta NVIDIA criada",
    "l10n.alt.nvidiaSignIn": "Iniciar sessão com NVIDIA",
    "l10n.alt.googleSignIn": "Iniciar sessão com o Google",
    "l10n.alt.facebookSignIn": "Iniciar sessão com Facebook",
    "l10n.alt.qqLogIn": "Iniciar sessão com QQ",
    "l10n.alt.wechatLogIn": "Iniciar sessão com WeChat",
    "l10n.confirmPassword": "Confirmar Palavra-passe",
    "l10n.createAccountProgress": "Criar a sua Conta NVIDIA",
    "l10n.almostDone": "Quase concluído",
    "l10n.pleaseConfirmTheInformation": "Confirme a informação abaixo para concluir o registo",
    "l10n.mustAgreeToTerms": "É necessário aceitar os nossos Termos e Condições",
    "l10n.required": "O campo não pode estar vazio",
    "l10n.emailAlreadyUsed": "Este endereço de correio electrónico já está a ser utilizado",
    "l10n.formError": "Ocorreu um erro. Verifique o formulário e volte a tentar.",
    "l10n.emailVerificationPending": "Verificação de correio electrónico pendente",
    "l10n.resendVerificationEmail": "Reenviar mensagem de correio electrónico de verificação",
    "l10n.resendVerification": "Reenviar mensagem de verificação",
    "l10n.changeUser": "Alterar utilizador",
    "l10n.verficationEmailHasBeenSent": "Foi enviada uma mensagem de correio electrónico de verificação para <span class='color-white'>{{email}}</span>. Verifique a sua caixa de correio electrónico e clique na ligação para verificar o seu endereço de correio electrónico.",
    "l10n.clickContinueAfter": "Clique em continuar depois de concluir o passo acima.",
    "l10n.notBeenVerified": "O endereço de correio electrónico ainda não foi verificado",
    "l10n.unableToConnect": "Não foi possível estabelecer ligação ao servidor. Volte a tentar mais tarde.",
    "l10n.verificationEmailResent": "A mensagem de verificação foi enviada novamente.",
    "l10n.unableToSendEmail": "Não é possível enviar a mensagem de correio electrónico. Volte a tentar mais tarde.",
    "l10n.termsAndConditions": "Termos e condições",
    "l10n.editEmailAddress": "Editar o endereço de correio electrónico",
    "l10n.enterYourInformation": "Introduza as suas informações abaixo para editar o endereço de correio electrónico registado",
    "l10n.currentPassword": "Palavra-passe actual",
    "l10n.newEmailAddress": "Novo endereço de correio electrónico",
    "l10n.reEnterEmailAddress": "Introduza novamente o endereço de correio electrónico",
    "l10n.emailAddressesDoNotMatch": "Os endereços de correio electrónico não correspondem",
    "l10n.emailAddressUpdated": "O seu endereço de correio electrónico foi actualizado",
    "l10n.incorrectPassword": "Palavra-passe incorrecta",
    "l10n.noPassword": "TEXTO DE EXEMPLO NO CAMPO DE PALAVRA-PASSE",
    "l10n.existingAccount": "Este endereço de correio electrónico {{email}} já está associado a uma conta NVIDIA.",
    "l10n.shareDialogDescription": "Permite facilmente capturar e partilhar vídeos, criar capturas de ecrã e transmitir em directo com amigos.",
    "l10n.shareDialogDescriptionWithAnsel": "Permite facilmente capturar e partilhar vídeos, criar capturas e fotografar o ecrã de jogo, bem como transmitir em directo com amigos.",
    "l10n.mustBeOnline": "É necessário que o GeForce Experience esteja online para iniciar sessão",
    "l10n.autoOptimizeNewGames": "Optimizar automaticamente jogos e aplicações adicionados recentemente",
    "l10n.applyTheBestSettings": "Aplica as melhores definições de jogo ou aplicação adequadas ao seu PC",
    "l10n.enable": "activar",
    "l10n.noDriverFound": "Não foram encontrados controladores",
    "l10n.clickContinueToInstallDriver": "Clique em continuar para instalar o controlador Game Ready ou Studio mais recente",
    "l10n.getStarted": "Começar",
    "l10n.gameMaxPerformance": "Optimizar definições de jogos e aplicações",
    "l10n.gameReadyDrivers": "Obter controladores Game Ready ou Studio",
    "l10n.shareGameMoments": "Capturar e partilhar o jogo",
    "l10n.logInWithNVIDIA": "Iniciar sessão com a conta NVIDIA",
    "l10n.dontHaveAnAccount": "Não tem uma conta?",
    "l10n.createNewAccount": "Criar conta",
    "l10n.createNewNVIDIAAccount": "Criar conta NVIDIA",
    "l10n.alreadyHaveAnAccount": "Já tem uma conta?",
    "l10n.startScan": "Iniciar procura",
    "l10n.oobeShareHotkeyInfo": "Prima {{assignedKey}} para partilhar o jogo ou ajustar as definições.",
    "l10n.logInWithYourAccount": "Iniciar sessão com a sua conta",
    "l10n.keepGamesOptimized": "Manter jogos e aplicações optimizadas",
    "l10n.additionalInfo": "Informação adicional",
    "l10n.blockedMessage": "O GeForce Experience não está actualmente disponível no seu país ou região.",
    "l10n.visitSettingsPage": "Visite a página das definições para nos seguir mais tarde",
    "l10n.scanningForGames": "A procurar jogos e aplicações...",
    "l10n.startTour": "Iniciar a apresentação",
    "l10n.gfeBestExperience": "O GeForce Experience analisa a CPU, a GPU e o monitor e aplica definições de jogo e aplicação personalizadas para obter uma melhor experiência.",
    "l10n.logInToGeforceExp": "Iniciar sessão no GeForce Experience"
}
