{
    "l10n.loginTitle": "Войти с помощью вашей учетной записи",
    "l10n.logIn": "Войти",
    "l10n.logInWithGoogle": "Войти через учетную запись Google",
    "l10n.register": "Зарегистрироваться",
    "l10n.forgotPassword": "Забыли пароль?",
    "l10n.unableToSendRecovery": "В данный момент невозможно отправить письмо для восстановления пароля. Повторите попытку позже.",
    "l10n.emailAddress": "Адрес эл. почты",
    "l10n.password": "Пароль",
    "l10n.passwordReqs": "Используйте не менее {{minsize}} символов<br>Используйте сочетание не менее {{required}} разных типов символов: строчные буквы, заглавные буквы, цифры и другие знаки",
    "l10n.showPassword": "Показать пароль",
    "l10n.invalidCredentials": "Неверный адрес электронной почты или пароль",
    "l10n.invalidCredentialsAttempts": "Неверный адрес электронной почты или пароль. Вы можете сбросить пароль, перейдя по ссылке ниже.",
    "l10n.serverError": "В данный момент вход невозможен. Повторите попытку позже",
    "l10n.sessionExpired": "Время сеанса истекло. Войдите, чтобы продолжить",
    "l10n.accountBlocked": "Превышено количество неудачных попыток входа. В целях безопасности ваша учетная запись заблокирована на {{blockedMinutes}} минут.",
    "l10n.createAccount": "Создать учетную запись NVIDIA",
    "l10n.displayName": "Ник",
    "l10n.displayNameReqs": "Используйте до {{maxsize}} символов<br>Не начинайте и не заканчивайте пробелом. Не используйте несколько пробелов подряд.",
    "l10n.dateOfBirth": "Дата рождения",
    "l10n.subscribe": "Не пропустите! Воспользуйтесь последними призами, акциями и многим другим от GeForce и NVIDIA.",
    "l10n.agreeToTerms": "Я принимаю <a {{agreeToTermsLink}}>условия и положения</a>",
    "l10n.displayNameDetails": "Ваш ник будет виден всем",
    "l10n.displayNameNotAvailable": "Ник недоступен",
    "l10n.spacesAreNotAllowed": "Пробелы не допускаются",
    "l10n.emailAddressInUse": "Адрес электронной почты уже используется",
    "l10n.invalidDateOfBirth": "Недопустимая дата рождения",
    "l10n.serverErrorRegister": "В данный момент регистрация невозможна. Повторите попытку позже",
    "l10n.fillOutAllFields": "Заполните все обязательные поля ниже",
    "l10n.registrationFailed": "Не удалось выполнить регистрацию",
    "l10n.coppaText": "В соответствии с Законом о защите конфиденциальности детей в Интернете (Children's Online Privacy Protection Act, COPPA) мы не можем допустить вашу регистрацию. Для получения дополнительной информации ознакомьтесь с Политикой конфиденциальности NVIDIA.",
    "l10n.forgotPasswordText": "Укажите адрес электронной почты, который вы использовали при регистрации учетной записи, и мы отправим вам ссылку для сброса пароля",
    "l10n.forgotPasswordSentText": "Мы отправили письмо <span class=\"color-white\">{{email}}</span> с инструкциями по созданию нового пароля.<br><br>Ваш текущий пароль не был изменен",
    "l10n.loginProgress": "Вход",
    "l10n.invalidEmail": "Недопустимый адрес электронной почты",
    "l10n.enterYourEmailAddress": "Укажите адрес электронной почты",
    "l10n.enterYourPassword": "Укажите пароль",
    "l10n.loginFailed": "Вход не удался.",
    "l10n.loginServerError": "В данный момент вход невозможен. Повторите попытку позже.",
    "l10n.accountCreated": "Создана учетная запись NVIDIA",
    "l10n.alt.nvidiaSignIn": "Войти через учетную запись NVIDIA",
    "l10n.alt.googleSignIn": "Войти через учетную запись Google",
    "l10n.alt.facebookSignIn": "Войти через учетную запись Facebook",
    "l10n.alt.qqLogIn": "Войти через учетную запись QQ",
    "l10n.alt.wechatLogIn": "Войти через учетную запись WeChat",
    "l10n.confirmPassword": "Подтверждение пароля",
    "l10n.createAccountProgress": "Создание учетной записи NVIDIA",
    "l10n.almostDone": "Почти готово",
    "l10n.pleaseConfirmTheInformation": "Для завершения регистрации подтвердите следующую информацию",
    "l10n.mustAgreeToTerms": "Вы должны принять наши Условия и положения",
    "l10n.required": "Поле не может быть пустым",
    "l10n.emailAlreadyUsed": "Этот адрес электронной почты уже используется",
    "l10n.formError": "Произошла ошибка. Проверьте форму и повторите попытку.",
    "l10n.emailVerificationPending": "Ожидается подтверждение адреса электронной почты",
    "l10n.resendVerificationEmail": "Повторно отправить проверочное письмо",
    "l10n.resendVerification": "Повторно отправить проверочное письмо",
    "l10n.changeUser": "Сменить пользователя",
    "l10n.verficationEmailHasBeenSent": "Проверочное письмо отправлено по адресу <span class='color-white'>{{email}}</span>. Проверьте почту и перейдите по ссылке для подтверждения адреса электронной почты.",
    "l10n.clickContinueAfter": "Выполнив вышеуказанный шаг, нажмите «Продолжить».",
    "l10n.notBeenVerified": "Адрес электронной почты еще не прошел проверку",
    "l10n.unableToConnect": "Не удалось подключиться к серверу. Повторите попытку позже.",
    "l10n.verificationEmailResent": "Проверочное письмо отправлено повторно",
    "l10n.unableToSendEmail": "Не удалось отправить письмо. Повторите попытку позже.",
    "l10n.termsAndConditions": "Условия и положения",
    "l10n.editEmailAddress": "Изменить адрес электронной почты",
    "l10n.enterYourInformation": "Укажите информацию ниже для изменения зарегистрированного адреса электронной почты",
    "l10n.currentPassword": "Текущий пароль",
    "l10n.newEmailAddress": "Новый адрес электронной почты",
    "l10n.reEnterEmailAddress": "Повторно укажите адрес электронной почты",
    "l10n.emailAddressesDoNotMatch": "Адреса электронной почты не совпадают",
    "l10n.emailAddressUpdated": "Адрес электронной почты изменен",
    "l10n.incorrectPassword": "Неверный пароль",
    "l10n.noPassword": "ПОДСТАНОВОЧНЫЙ ТЕКСТ НЕТ ПАРОЛЯ",
    "l10n.existingAccount": "Адрес эл. почты {{email}} уже привязан к учетной записи NVIDIA",
    "l10n.shareDialogDescription": "Без труда захватывайте и делитесь видео, делайте снимки экрана и устраивайте трансляции в реальном времени вместе с друзьями.",
    "l10n.shareDialogDescriptionWithAnsel": "Без труда захватывайте и делитесь видео, делайте снимки экрана и фото в играх и устраивайте трансляции в реальном времени вместе с друзьями.",
    "l10n.mustBeOnline": "GeForce Experience должен быть в режиме онлайн для входа",
    "l10n.autoOptimizeNewGames": "Автоматически оптимизировать недавно добавленные игры или приложения",
    "l10n.applyTheBestSettings": "Применяет оптимальные настройки игр и приложений для вашего ПК",
    "l10n.enable": "включить",
    "l10n.noDriverFound": "Драйвер не найден",
    "l10n.clickContinueToInstallDriver": "Нажмите «Продолжить» для установки новейших драйверов Game Ready или Studio Ready",
    "l10n.getStarted": "Запуск",
    "l10n.gameMaxPerformance": "Оптимальные настройки игр и приложений",
    "l10n.gameReadyDrivers": "Загрузить драйверы Game Ready или Studio Ready",
    "l10n.shareGameMoments": "Запись и общий доступ к игровому процессу",
    "l10n.logInWithNVIDIA": "Войти через учетную запись NVIDIA",
    "l10n.dontHaveAnAccount": "Нет учетной записи?",
    "l10n.createNewAccount": "Создать учетную запись",
    "l10n.createNewNVIDIAAccount": "Создать учетную запись NVIDIA",
    "l10n.alreadyHaveAnAccount": "Уже есть учетная запись?",
    "l10n.startScan": "Начать сканирование",
    "l10n.oobeShareHotkeyInfo": "Нажмите {{assignedKey}}, чтобы поделиться игровым процессом или отрегулировать параметры.",
    "l10n.logInWithYourAccount": "Войти через вашу учетную запись",
    "l10n.keepGamesOptimized": "Оптимизируйте свои игры и приложения",
    "l10n.additionalInfo": "Дополнительная информация",
    "l10n.blockedMessage": "GeForce Experience в данный момент недоступен в вашей стране или регионе.",
    "l10n.visitSettingsPage": "Зайдите на страницу «Параметры», чтобы подписаться на нас позже",
    "l10n.scanningForGames": "Поиск игр и приложений...",
    "l10n.startTour": "Начать знакомство",
    "l10n.gfeBestExperience": "GeForce Experience анализирует сведения о вашем ГП, ЦП и мониторе и оптимизирует настройки в играх и приложениях.",
    "l10n.logInToGeforceExp": "Войти в GeForce Experience"
}
