{
    "l10n.loginTitle": "Logga in genom att använda ditt konto",
    "l10n.logIn": "Logga in",
    "l10n.logInWithGoogle": "Logga in med Google",
    "l10n.register": "Registrera",
    "l10n.forgotPassword": "Glömt lösenordet",
    "l10n.unableToSendRecovery": "Det går inte att skicka e-post för återställning av lösenord just nu. Försök igen senare.",
    "l10n.emailAddress": "Mejladress",
    "l10n.password": "Lösenord",
    "l10n.passwordReqs": "Använd minst {{minsize}} tecken<br>Använd en kombination av minst {{required}} typer av tecken: små bokstäver, stora bokstäver, siffror, symboler och andra bokstäver",
    "l10n.showPassword": "Visa lösenord",
    "l10n.invalidCredentials": "Felaktig mejladress eller felaktigt lösenord",
    "l10n.invalidCredentialsAttempts": "Felaktig mejladress eller felaktigt lösenord. Du kan återställa ditt lösenord genom att klicka på länken nedan.",
    "l10n.serverError": "Vi kan inte logga in dig just nu. Försök igen senare",
    "l10n.sessionExpired": "Sessionen har gått ut. Logga in för att fortsätta",
    "l10n.accountBlocked": "För många misslyckade inloggningsförsök.. Av säkerhetsskäl har ditt konto blockerats i {{blockedMinutes}} minuter.",
    "l10n.createAccount": "Skapa ditt NVIDIA-konto",
    "l10n.displayName": "Visa namn",
    "l10n.displayNameReqs": "Använd upp till {{maxsize}} tecken<br>Du kan inte börja eller sluta med blanksteg. Använd inte flera mellanslag i rad.",
    "l10n.dateOfBirth": "Födelsedatum",
    "l10n.subscribe": "Missa inte! Få de senaste priserna, kampanjerna och mer från GeForce och NVIDIA.",
    "l10n.agreeToTerms": "Jag godkänner <a {{agreeToTermsLink}}>de allmänna villkoren</a>",
    "l10n.displayNameDetails": "Ditt visningsnamn syns för alla",
    "l10n.displayNameNotAvailable": "Visningsnamnet är inte tillgängligt",
    "l10n.spacesAreNotAllowed": "Blanksteg är inte tillåtna",
    "l10n.emailAddressInUse": "Mejladressen används redan",
    "l10n.invalidDateOfBirth": "Ogiltigt födelsedatum",
    "l10n.serverErrorRegister": "Vi kan inte registrera dig just nu. Försök igen senare",
    "l10n.fillOutAllFields": "Fyll i de obligatoriska fälten nedan",
    "l10n.registrationFailed": "Registreringen misslyckades",
    "l10n.coppaText": "Enligt den amerikanska lagen Children’s Online Privacy Protection Act (COPPA) kan vi inte tillåta din registrering. Mer information finns i NVIDIAs integritetspolicy.",
    "l10n.forgotPasswordText": "Ange den e-postadress du använde för att skapa kontot, så skickar vi dig en länk för att återställa lösenordet",
    "l10n.forgotPasswordSentText": "Vi har skickat e-post till <span class=\"color-white\">{{email}}</span> med instruktioner för hur du skapar ett nytt lösenord.<br><br>Ditt nuvarande lösenord har inte ändrats",
    "l10n.loginProgress": "Loggar in",
    "l10n.invalidEmail": "Ogiltig e-postadress",
    "l10n.enterYourEmailAddress": "Ange din e-postadress",
    "l10n.enterYourPassword": "Ange ditt lösenord",
    "l10n.loginFailed": "Inloggningen misslyckades",
    "l10n.loginServerError": "Vi kan inte logga in dig just nu. Försök igen senare.",
    "l10n.accountCreated": "NVIDIA-kontot har skapats",
    "l10n.alt.nvidiaSignIn": "Logga in med NVIDIA",
    "l10n.alt.googleSignIn": "Logga in med Google",
    "l10n.alt.facebookSignIn": "Logga in med Facebook",
    "l10n.alt.qqLogIn": "Logga in med QQ",
    "l10n.alt.wechatLogIn": "Logga in med WeChat",
    "l10n.confirmPassword": "Bekräfta lösenord",
    "l10n.createAccountProgress": "Skapar ditt NVIDIA-konto",
    "l10n.almostDone": "Nästan klart!",
    "l10n.pleaseConfirmTheInformation": "Bekräfta informationen nedan för att slutföra registreringen.",
    "l10n.mustAgreeToTerms": "Du måste godta våra Regler och villkor",
    "l10n.required": "Fältet får inte vara tomt",
    "l10n.emailAlreadyUsed": "Den här e-postadressen används redan",
    "l10n.formError": "Ett fel inträffade. Kontrollera formuläret och försök igen.",
    "l10n.emailVerificationPending": "E-postverifiering väntar",
    "l10n.resendVerificationEmail": "Skicka e-post med verifiering igen",
    "l10n.resendVerification": "Skicka verifiering igen",
    "l10n.changeUser": "Byt användare",
    "l10n.verficationEmailHasBeenSent": "Ett e-postmeddelande för verifiering har skickats till <span class='color-white'>{{email}}</span>. Kontrollera din e-post och klicka på länken för att verifiera din e-postadress.",
    "l10n.clickContinueAfter": "Klicka på Fortsätt när du är klar med steget ovan.",
    "l10n.notBeenVerified": "E-postadressen har inte verifierats ännu",
    "l10n.unableToConnect": "Det gick inte att ansluta till servern. Försök igen senare.",
    "l10n.verificationEmailResent": "E-postmeddelandet med verifiering har skickats igen",
    "l10n.unableToSendEmail": "Det går inte att skicka e-postmeddelandet. Försök igen senare.",
    "l10n.termsAndConditions": "Regler och villkor",
    "l10n.editEmailAddress": "Redigera e-postadress",
    "l10n.enterYourInformation": "Ange din information nedan för att redigera den registrerade e-postadressen",
    "l10n.currentPassword": "Nuvarande lösenord",
    "l10n.newEmailAddress": "Ny e-postadress",
    "l10n.reEnterEmailAddress": "Ange den nya e-postadressen igen",
    "l10n.emailAddressesDoNotMatch": "E-postadresserna stämmer inte överens",
    "l10n.emailAddressUpdated": "Din e-postadress har uppdaterats",
    "l10n.incorrectPassword": "Felaktigt lösenord",
    "l10n.noPassword": "PLATSHÅLLARE INGET LÖSENORD",
    "l10n.existingAccount": "E-postadressen {{email}} är associerad med ett befintligt NVIDIA-konto",
    "l10n.shareDialogDescription": "Spela enkelt in och dela videor, ta skärmdumpar och strömma live med vänner.",
    "l10n.shareDialogDescriptionWithAnsel": "Spela enkelt in och dela videor, ta skärmdumpar och foton i spel, och strömma live med dina vänner.",
    "l10n.mustBeOnline": "GeForce Experience måste vara online för att logga in",
    "l10n.autoOptimizeNewGames": "Optimera automatiskt spel och program som nyligen lagts till",
    "l10n.applyTheBestSettings": "Använder de bästa spel- och programinställningarna för din dator",
    "l10n.enable": "aktivera",
    "l10n.noDriverFound": "Drivrutin saknas",
    "l10n.clickContinueToInstallDriver": "Klicka på Fortsätt för att installera den senaste Game Ready- eller Studio-drivrutinen",
    "l10n.getStarted": "Kom igång",
    "l10n.gameMaxPerformance": "Optimera inställningar för spel och program",
    "l10n.gameReadyDrivers": "Hämta Game Ready- eller Studio-drivrutiner",
    "l10n.shareGameMoments": "Fånga och dela gameplay",
    "l10n.logInWithNVIDIA": "Logga in med NVIDIA-konto",
    "l10n.dontHaveAnAccount": "Har du inget konto?",
    "l10n.createNewAccount": "Skapa konto",
    "l10n.createNewNVIDIAAccount": "Skapa NVIDIA-konto",
    "l10n.alreadyHaveAnAccount": "Har du redan konto?",
    "l10n.startScan": "Starta skanning",
    "l10n.oobeShareHotkeyInfo": "Tryck {{assignedKey}} för att dela ditt spel eller för att justera inställningar.",
    "l10n.logInWithYourAccount": "Logga in med ditt konto",
    "l10n.keepGamesOptimized": "Håll dina spel och program optimerade",
    "l10n.additionalInfo": "Ytterligare information",
    "l10n.blockedMessage": "GeForce Experience är för närvarande inte tillgängligt i ditt land eller region.",
    "l10n.visitSettingsPage": "Besök inställningssidan för att följa oss senare",
    "l10n.scanningForGames": "Söker efter spel och program ...",
    "l10n.startTour": "Starta turnering",
    "l10n.gfeBestExperience": "GeForce Experience analyserar din specifika GPU, CPU och bildskärm och applicerar anpassade spel- och programinställningar för den bästa upplevelsen.",
    "l10n.logInToGeforceExp": "Logga in på GeForce Experience"
}
