{
    "l10n.loginTitle": "ลงชื่อเข้าระบบโดยใช้บัญชีของคุณ",
    "l10n.logIn": "เข้าสู่ระบบ",
    "l10n.logInWithGoogle": "เข้าสู่ระบบด้วย Google",
    "l10n.register": "ลงทะเบียน",
    "l10n.forgotPassword": "ลืมรหัสผ่าน",
    "l10n.unableToSendRecovery": "ไม่สามารถส่งอีเมลกู้คืนรหัสผ่านในขณะนี้ ลองใหม่ในภายหลัง",
    "l10n.emailAddress": "ที่อยู่อีเมล",
    "l10n.password": "รหัสผ่าน",
    "l10n.passwordReqs": "ใช้อย่างน้อย {{minsize}} อักขระ<br>ใช้การผสมกันของอักขระอย่างน้อย {{required}} ประเภท: อักษรตัวเล็ก อักษรตัวใหญ่ ตัวเลข สัญลักษณ์ และอักษรอื่นๆ",
    "l10n.showPassword": "แสดงรหัสผ่าน",
    "l10n.invalidCredentials": "ที่อยู่อีเมลหรือรหัสผ่านไม่ถูกต้อง",
    "l10n.invalidCredentialsAttempts": "ที่อยู่อีเมลหรือรหัสผ่านไม่ถูกต้อง คุณสามารถรีเซ็ตรหัสผ่านโดยคลิกที่ลิงก์ด้านล่าง",
    "l10n.serverError": "ไม่สามารถนำคุณเข้าสู่ระบบได้ในขณะนี้ ลองใหม่ในภายหลัง",
    "l10n.sessionExpired": "เซสชั่นหมดอายุแล้ว เข้าสู่ระบบเพื่อดำเนินการต่อ",
    "l10n.accountBlocked": "ล็อกอินล้มเหลวหลายครั้งเกินไป บัญชีของคุณจะถูกบล็อกเป็นเวลา {{blockedMinutes}} นาทีเพื่อความปลอดภัย",
    "l10n.createAccount": "สร้างบัญชี NVIDIA ของคุณ",
    "l10n.displayName": "ชื่อหน่วยแสดงผล",
    "l10n.displayNameReqs": "ใช้อักขระไม่เกิน {{maxsize}} ตัว<br>อย่าเริ่มต้นหรือลงท้ายด้วยการเคาะเว้นว่าง อย่าใช้การเคาะเว้นว่างต่อเนื่องกัน",
    "l10n.dateOfBirth": "วันเกิด",
    "l10n.subscribe": "ห้ามพลาด! รับรางวัลรุ่นล่าสุด, การส่งเสริมการขาย และอื่นๆ อีกมากมายจาก GeForce และ NVIDIA",
    "l10n.agreeToTerms": "ฉันยอมรับ<a {{agreeToTermsLink}}>ข้อกำหนดและเงื่อนไข</a>",
    "l10n.displayNameDetails": "ทุกคนสามารถมองเห็นชื่อที่ปรากฎของคุณ",
    "l10n.displayNameNotAvailable": "ชื่อที่ปรากฎไม่แสดงขึ้นมา",
    "l10n.spacesAreNotAllowed": "ไม่อนุญาตให้เคาะเว้นว่าง",
    "l10n.emailAddressInUse": "ที่อยู่อีเมลถูกใช้แล้ว",
    "l10n.invalidDateOfBirth": "วันเกิดไม่ถูกต้อง",
    "l10n.serverErrorRegister": "ไม่สามารถลงทะเบียนให้คุณได้ในขณะนี้ ลองใหม่ในภายหลัง",
    "l10n.fillOutAllFields": "กรอกข้อมูลในช่องที่จำเป็นทั้งหมดด้านล่าง",
    "l10n.registrationFailed": "การลงทะเบียนล้มเหลว",
    "l10n.coppaText": "โดยความสอดคล้องกับกฎหมายการปกป้องความเป็นส่วนตัวทางออนไลน์ของเด็ก (COPPA) เราไม่สามารถอนุญาตการลงทะเบียนของคุณได้ กรุณาดูที่นโยบายความเป็นส่วนตัวของ NVIDIA สำหรับข้อมูลเพิ่มเติม",
    "l10n.forgotPasswordText": "ป้อนที่อยู่อีเมลที่คุณใช้เพื่อจัดทำบัญชีของคุณ แล้วเราจะส่งลิงก์เพื่อรีเซ็ตรหัสผ่านไปให้คุณ",
    "l10n.forgotPasswordSentText": "เราได้ส่งอีเมลไปที่ <span class=\"color-white\">{{email}}</span> พร้อมคำแนะนำในการสร้างรหัสผ่านใหม่<br><br>รหัสผ่านที่มีอยู่ไม่มีการเปลี่ยนแปลง",
    "l10n.loginProgress": "กำลังลงชื่อเข้าระบบ",
    "l10n.invalidEmail": "ที่อยู่อีเมลไม่ถูกต้อง",
    "l10n.enterYourEmailAddress": "ป้อนที่อยู่อีเมลของคุณ",
    "l10n.enterYourPassword": "ป้อนรหัสผ่านของคุณ",
    "l10n.loginFailed": "ไม่สามารถเข้าสู่ระบบ",
    "l10n.loginServerError": "เราไม่สามารถนำคุณเข้าระบบได้ในขณะนี้ ลองใหม่ในภายหลัง",
    "l10n.accountCreated": "บัญชี NVIDIA ถูกสร้างขึ้นแล้ว",
    "l10n.alt.nvidiaSignIn": "เข้าสู่ระบบด้วย NVIDIA",
    "l10n.alt.googleSignIn": "เข้าสู่ระบบด้วย Google",
    "l10n.alt.facebookSignIn": "เข้าสู่ระบบด้วย Facebook",
    "l10n.alt.qqLogIn": "เข้าสู่ระบบด้วย QQ",
    "l10n.alt.wechatLogIn": "เข้าสู่ระบบด้วย WeChat",
    "l10n.confirmPassword": "ยืนยันรหัสผ่าน",
    "l10n.createAccountProgress": "กำลังสร้างบัญชี NVIDIA ของคุณ",
    "l10n.almostDone": "เกือบเสร็จแล้ว",
    "l10n.pleaseConfirmTheInformation": "โปรดยืนยันข้อมูลด้านล่างเพื่อดำเนินการลงทะเบียนให้เสร็จสมบูรณ์",
    "l10n.mustAgreeToTerms": "คุณจะต้องยอมรับในข้อกำหนดและเงื่อนไขของเรา",
    "l10n.required": "ช่องต้องไม่ว่างเปล่า",
    "l10n.emailAlreadyUsed": "อีเมลนี้ถูกใช้ไปแล้ว",
    "l10n.formError": "เกิดข้อผิดพลาด กรุณาตรวจสอบแบบฟอร์มแล้วลองใหม่อีกครั้ง",
    "l10n.emailVerificationPending": "รอดำเนินการยืนยันอีเมล",
    "l10n.resendVerificationEmail": "ส่งการยืนยันอีเมลอีกครั้ง",
    "l10n.resendVerification": "ส่งการยืนยันอีกครั้ง",
    "l10n.changeUser": "เปลี่ยนผู้ใช้",
    "l10n.verficationEmailHasBeenSent": "อีเมลยืนยันถูกส่งไปที่ <span class='color-white'>{{email}}</span> ตรวจสอบอีเมลของุคณและคลิกที่ลิงก์เพื่อยันยันที่อยู่อีเมลของคุณ",
    "l10n.clickContinueAfter": "คลิกไปต่อหลังจากเสร็จสิ้นขั้นตอนข้างต้น",
    "l10n.notBeenVerified": "ที่อยู่อีเมลยังไม่ได้รับการยืนยัน",
    "l10n.unableToConnect": "ไม่สามารถเชื่อมต่อเซิร์ฟเวอร์ ลองใหม่ในภายหลัง",
    "l10n.verificationEmailResent": "อีเมลยืนยันถูกส่งไปให้ใหม่",
    "l10n.unableToSendEmail": "ไม่สามารถส่งอีเมลได้ ลองใหม่ในภายหลัง",
    "l10n.termsAndConditions": "ข้อกำหนดและเงื่อนไข",
    "l10n.editEmailAddress": "แก้ไขที่อยู่อีเมล",
    "l10n.enterYourInformation": "ป้อนข้อมูลของคุณด้านล่างเพื่อแก้ไขที่อยู่อีเมลที่ลงทะเบียนไว้",
    "l10n.currentPassword": "รหัสผ่านปัจจุบัน",
    "l10n.newEmailAddress": "ที่อยู่อีเมลใหม่",
    "l10n.reEnterEmailAddress": "ป้อนที่อยู่อีเมลอีกครั้ง",
    "l10n.emailAddressesDoNotMatch": "ที่อยู่อีเมลไม่ตรงกัน",
    "l10n.emailAddressUpdated": "ที่อยู่อีเมลของคุณได้รับการอัปเดตแล้ว",
    "l10n.incorrectPassword": "รหัสผ่านไม่ถูกต้อง",
    "l10n.noPassword": "ตัวแทนข้อความไม่มีรหัสผ่าน",
    "l10n.existingAccount": "ที่อยู่อีเมล {{email}} มีความเชื่อมโยงกับบัญชีผู้ใช้รายหนึ่งของ NVIDIA อยู่แล้ว",
    "l10n.shareDialogDescription": "บันทึกภาพและแชร์วิดีโอ ถ่ายภาพหน้าจอ และสตรีมสดกับเพื่อนๆ ได้อย่างง่ายดาย",
    "l10n.shareDialogDescriptionWithAnsel": "บันทึกภาพและแชร์วิดีโอ ถ่ายภาพหน้าจอและภาพในเกม และสตรีมสดกับเพื่อนๆ ได้อย่างง่ายดาย",
    "l10n.mustBeOnline": "GeForce Experience จะต้องออนไลน์เพื่อเข้าระบบ",
    "l10n.autoOptimizeNewGames": "ปรับสมรรถนะเกมและแอปพลิเคชันที่เพิ่มเข้ามาใหม่โดยอัตโนมัติ",
    "l10n.applyTheBestSettings": "ใช้งานการตั้งค่าเกมและแอปพลิเคชันที่ปรับเหมาะสมที่สุดกับพีซีของคุณ",
    "l10n.enable": "เปิดใช้งาน",
    "l10n.noDriverFound": "ไม่พบไดร์ฟเวอร์",
    "l10n.clickContinueToInstallDriver": "คลิกไปต่อเพื่อติดตั้งไดร์ฟเวอร์ Game Ready หรือ Studio รุ่นล่าสุด",
    "l10n.getStarted": "เริ่มใช้งาน",
    "l10n.gameMaxPerformance": "ปรับการตั้งค่าเกมและแอปพลิเคชันให้เหมาะสม",
    "l10n.gameReadyDrivers": "รับไดร์ฟเวอร์ Game Ready หรือ Studio",
    "l10n.shareGameMoments": "บันทึกภาพหน้าจอและแชร์การเล่นเกม",
    "l10n.logInWithNVIDIA": "เข้าสู่ระบบด้วยบัญชี NVIDIA",
    "l10n.dontHaveAnAccount": "ไม่มีบัญชีใช่หรือไม่",
    "l10n.createNewAccount": "สร้างบัญชี",
    "l10n.createNewNVIDIAAccount": "สร้างบัญชี NVIDIA",
    "l10n.alreadyHaveAnAccount": "มีบัญชีอยู่แล้วใช่หรือไม่",
    "l10n.startScan": "เริ่มสแกน",
    "l10n.oobeShareHotkeyInfo": "กด {{assignedKey}} เพื่อแชร์การเล่นเกมของคุณหรือปรับการตั้งค่า",
    "l10n.logInWithYourAccount": "เข้าสู่ระบบด้วยบัญชีของคุณ",
    "l10n.keepGamesOptimized": "คงให้เกมและแอปพลิเคชันของคุณมีประสิทธิภาพสูงสุดอยู่เสมอ",
    "l10n.additionalInfo": "ข้อมูลเพิ่มเติม",
    "l10n.blockedMessage": "GeForce Experience ไม่พร้อมใช้งานในประเทศหรือภูมิภาคของคุณในขณะนี้",
    "l10n.visitSettingsPage": "ไปที่หน้าการตั้งค่าเพื่อติดตามเราภายหลัง",
    "l10n.scanningForGames": "กำลังสแกนหาเกมและแอปพลิเคชัน...",
    "l10n.startTour": "เริ่มการสำรวจของคุณ",
    "l10n.gfeBestExperience": "GeForce Experience วิเคราะห์ GPU, CPU และจอแสดงผลเฉพาะของคุณ และใช้งานการตั้งค่าเกมและแอปพลิเคชันแบบกำหนดเองเพื่อให้ประสบการณ์เล่นเกมที่ยอดเยี่ยมที่สุด",
    "l10n.logInToGeforceExp": "เข้าสู่ระบบ GeForce Experience"
}
