{
    "l10n.loginTitle": "Hesabınızı kullanarak oturum açın",
    "l10n.logIn": "Oturum Aç",
    "l10n.logInWithGoogle": "Google hesabıyla oturum aç",
    "l10n.register": "Kayıt",
    "l10n.forgotPassword": "Parolayı Unuttum",
    "l10n.unableToSendRecovery": "Şu anda parola kurtarma e-postası gönderilemiyor. Sonradan tekrar deneyin.",
    "l10n.emailAddress": "E-posta adresi",
    "l10n.password": "Parola",
    "l10n.passwordReqs": "En az {{minsize}} karakter kullanın.<br>En az {{required}} farklı türden karakterin kombinasyonunu kullanın: küçük harfler, büyük harfler, rakamlar, simgeler ve başka karakterler.",
    "l10n.showPassword": "Parolayı göster",
    "l10n.invalidCredentials": "Yanlış e-posta adresi veya parola",
    "l10n.invalidCredentialsAttempts": "Yanlış e-posta adresi veya parola. Aşağıdaki bağlantıyı tıklatıp parolanızı sıfırlayabilirsiniz.",
    "l10n.serverError": "Şu anda oturumunuz açılamıyor. Daha sonra tekrar deneyin.",
    "l10n.sessionExpired": "Oturumun süresi doldu. Devam etmek için oturum açın.",
    "l10n.accountBlocked": "Çok fazla sayıda başarısız oturum açma girişiminde bulunuldu. Hesabınız, güvenliğiniz için {{blockedMinutes}} dakika için engellendi.",
    "l10n.createAccount": "NVIDIA Hesabı oluşturun",
    "l10n.displayName": "Ekran adı",
    "l10n.displayNameReqs": "En çok {{maxsize}} karakter kullanın.<br>En başta veya en sonda boşluk kullanmayın. Arka arkaya birden çok boşluk kullanmayın.",
    "l10n.dateOfBirth": "Doğum tarihi",
    "l10n.subscribe": "Kaçırmayın! GeForce ve NVIDIA'dan en yeni ödülleri, promosyonları ve daha fazlasını elde edin.",
    "l10n.agreeToTerms": "<a {{agreeToTermsLink}}>Hükümler ve Şartlar</a> metnini kabul ediyorum",
    "l10n.displayNameDetails": "Görüntülenecek adınız herkes tarafından görülebilir",
    "l10n.displayNameNotAvailable": "Görüntülenecek ad kullanılabilir durumda değil",
    "l10n.spacesAreNotAllowed": "Boşluk karakteri kullanılamaz",
    "l10n.emailAddressInUse": "E-posta adresi zaten kullanımda",
    "l10n.invalidDateOfBirth": "Geçersiz doğum tarihi",
    "l10n.serverErrorRegister": "Şu anda kaydınız yapılamıyor. Daha sonra tekrar deneyin.",
    "l10n.fillOutAllFields": "Aşağıdaki bütün zorunlu alanları doldurun",
    "l10n.registrationFailed": "Kayıt işlemi başarısız",
    "l10n.coppaText": "Children’s Online Privacy Protection Act (COPPA; Çocukların Çevrimiçi Kişisel Gizliliğini Koruma Yasası) gereği, kaydınıza izin veremiyoruz. Daha fazla bilgi edinmek için, bkz. NVIDIA Gizlilik İlkesi.",
    "l10n.forgotPasswordText": "Hesabınızı oluşturmakta kullandığınız e-posta adresinizi girin. Parolanızı sıfırlamak için gereken bağlantıyı göndereceğiz.",
    "l10n.forgotPasswordSentText": "<span class=\"color-white\">{{email}}</span> adresine, nasıl yeni bir parola oluşturacağınızı anlattığımız bir e-posta gönderdik.<br><br>Mevcut parolanız değiştirilmedi.",
    "l10n.loginProgress": "Oturum açılıyor",
    "l10n.invalidEmail": "Geçersiz e-posta adresi",
    "l10n.enterYourEmailAddress": "E-posta adresinizi girin",
    "l10n.enterYourPassword": "Parolanızı girin",
    "l10n.loginFailed": "Oturum açılamadı",
    "l10n.loginServerError": "Şu anda size oturum açamıyoruz. Sonradan tekrar deneyin.",
    "l10n.accountCreated": "NVIDIA Hesabı oluşturuldu",
    "l10n.alt.nvidiaSignIn": "NVIDIA hesabıyla oturum aç",
    "l10n.alt.googleSignIn": "Google hesabıyla kaydol",
    "l10n.alt.facebookSignIn": "Facebook hesabıyla oturum aç",
    "l10n.alt.qqLogIn": "QQ hesabıyla oturum aç",
    "l10n.alt.wechatLogIn": "WeChat hesabıyla oturum aç",
    "l10n.confirmPassword": "Parola Onayı",
    "l10n.createAccountProgress": "NVIDIA Hesabı'nız oluşturuluyor",
    "l10n.almostDone": "Neredeyse bitti",
    "l10n.pleaseConfirmTheInformation": "Kayıt işlemini tamamlamak için lütfen aşağıdaki bilgileri doldurun",
    "l10n.mustAgreeToTerms": "Hükümler ve Şartlar belgemizi kabul etmeniz gerekiyor",
    "l10n.required": "Bu alan boş bırakılamaz",
    "l10n.emailAlreadyUsed": "Bu e-posta adresi zaten kullanımda",
    "l10n.formError": "Hata oluştu. Lütfen formu kontrol edip tekrar deneyin.",
    "l10n.emailVerificationPending": "E-posta doğrulaması henüz tamamlanmadı",
    "l10n.resendVerificationEmail": "Doğrulama e-postasına yeniden gönder",
    "l10n.resendVerification": "Doğrulamayı yeniden gönder",
    "l10n.changeUser": "Kullanıcıyı değiştir",
    "l10n.verficationEmailHasBeenSent": "<span class='color-white'>{{email}}</span> adresine bir doğrulama e-postası gönderildi. E-postanızı kontrol edin ve e-posta adresinizi doğrulamak için bağlantıyı tıklatın.",
    "l10n.clickContinueAfter": "Yukarıdaki adımı tamamladıktan sonra Devam düğmesini tıklatın.",
    "l10n.notBeenVerified": "E-posta adresi henüz doğrulanmadı",
    "l10n.unableToConnect": "Sunucuya bağlanılamıyor. Sonradan tekrar deneyin.",
    "l10n.verificationEmailResent": "Doğrulama e-postası gönderildi",
    "l10n.unableToSendEmail": "E-posta gönderilemiyor. Sonradan tekrar deneyin.",
    "l10n.termsAndConditions": "Hükümler ve Şartlar",
    "l10n.editEmailAddress": "E-posta adresini düzenle",
    "l10n.enterYourInformation": "Kayıtlı e-posta adresini düzenlemek için aşağıdaki bilgileri girin",
    "l10n.currentPassword": "Şu anki parola",
    "l10n.newEmailAddress": "Yeni e-posta adresi",
    "l10n.reEnterEmailAddress": "E-posta adresini tekrar girin",
    "l10n.emailAddressesDoNotMatch": "E-posta adresleri birbiriyle aynı değil",
    "l10n.emailAddressUpdated": "E-posta adresiniz güncelleştirildi",
    "l10n.incorrectPassword": "Yanlış parola",
    "l10n.noPassword": "YER TUTUCU - PAROLA YOK",
    "l10n.existingAccount": "{{email}} e-posta adresi mevcut bir NVIDIA hesabıyla ilişkilendirilmiş durumda",
    "l10n.shareDialogDescription": "Kolayca video yakalayın ve paylaşın, ekran görüntüsü alın ve arkadaşlarınıza canlı akış yayını yapın.",
    "l10n.shareDialogDescriptionWithAnsel": "Kolayca video yakalayın ve paylaşın, ekran görüntüsü alın, oyun sırasında fotoğraf çekin ve arkadaşlarınıza canlı akış yayını yapın.",
    "l10n.mustBeOnline": "Oturum açmak için GeForce Experience'ın çevrimiçi olması gerekir",
    "l10n.autoOptimizeNewGames": "Yeni eklenen oyunları ve uygulamaları otomatik olarak optimize et",
    "l10n.applyTheBestSettings": "PC'niz için özel olarak uyarlanmış en iyi oyun ve uygulama ayarlarını uygular",
    "l10n.enable": "Etkinleştir",
    "l10n.noDriverFound": "Sürücü bulunamadı",
    "l10n.clickContinueToInstallDriver": "En son Game Ready veya Studio sürücüsünü kurmak için Devam düğmesine tıklayın",
    "l10n.getStarted": "Başlangıç Yardımı",
    "l10n.gameMaxPerformance": "Oyun ve uygulama ayarlarını optimize et",
    "l10n.gameReadyDrivers": "Game Ready Sürücülerini veya Studio Sürücülerini edin",
    "l10n.shareGameMoments": "Oyun oynarken ekranı yakala ve paylaş",
    "l10n.logInWithNVIDIA": "NVIDIA hesabıyla oturum aç",
    "l10n.dontHaveAnAccount": "Hesabınız yok mu?",
    "l10n.createNewAccount": "Hesap oluştur",
    "l10n.createNewNVIDIAAccount": "NVIDIA hesabı oluştur",
    "l10n.alreadyHaveAnAccount": "Zaten hesabınız var mı?",
    "l10n.startScan": "Taramayı başlat",
    "l10n.oobeShareHotkeyInfo": "Oyununuzu paylaşmak veya ayarları değiştirmek için {{assignedKey}} tuşuna basın.",
    "l10n.logInWithYourAccount": "Hesabınızla oturum açın",
    "l10n.keepGamesOptimized": "Oyunlarınız ve uygulamalarınız her zaman optimize edilmiş durumda kalsın",
    "l10n.additionalInfo": "Ek bilgi",
    "l10n.blockedMessage": "GeForce Experience şu anda ülkenizde veya bölgenizde kullanılamıyor.",
    "l10n.visitSettingsPage": "Bizi daha sonra takip etmek için Ayarlar sayfasına gidin",
    "l10n.scanningForGames": "Oyunlar ve uygulamalar aranıyor...",
    "l10n.startTour": "Tura başla",
    "l10n.gfeBestExperience": "GeForce Experience, GPU'nuzu, CPU'nuzu ve monitörünüzü analiz eder ve en iyi deneyim için özelleştirilmiş oyun ve uygulama ayarlarını uygular.",
    "l10n.logInToGeforceExp": "GeForce Experience oturumu aç"
}
