{
    "l10n.loginTitle": "使用您的账户登录",
    "l10n.logIn": "登录",
    "l10n.logInWithGoogle": "使用 Google 登录",
    "l10n.register": "注册",
    "l10n.forgotPassword": "忘记密码",
    "l10n.unableToSendRecovery": "此时无法发送密码恢复邮箱。请稍后重试。",
    "l10n.emailAddress": "电子邮件地址：",
    "l10n.password": "密码",
    "l10n.passwordReqs": "至少使用 {{minsize}} 个字符<br>至少使用 {{required}} 种不同字符的组合：小写字母、大写字母、数字、符号和其他字符。",
    "l10n.showPassword": "显示密码",
    "l10n.invalidCredentials": "电子邮箱地址或密码不正确",
    "l10n.invalidCredentialsAttempts": "电子邮箱地址或密码不正确。您可以单击以下链接，重置您的密码。",
    "l10n.serverError": "此时系统无法让您登录。请稍后重试",
    "l10n.sessionExpired": "会话已失效。登录以继续",
    "l10n.accountBlocked": "登录失败次数过多。为安全起见，您的账户被锁定 {{blockedMinutes}} 分钟。",
    "l10n.createAccount": "创建您的 NVIDIA 账户",
    "l10n.displayName": "显示名称",
    "l10n.displayNameReqs": "最多使用 {{maxsize}} 个字符<br>请勿使用空格开头或结尾。请勿使用连续空格。",
    "l10n.dateOfBirth": "出生日期",
    "l10n.subscribe": "不容错过！通过 GeForce 和 NVIDIA 获取最新奖励、促销等。",
    "l10n.agreeToTerms": "我同意<a {{agreeToTermsLink}}>条款和条件</a>",
    "l10n.displayNameDetails": "所有人都将可以看见您的显示名称",
    "l10n.displayNameNotAvailable": "显示名称已被占用",
    "l10n.spacesAreNotAllowed": "不允许使用空格",
    "l10n.emailAddressInUse": "该电子邮件地址已被使用：",
    "l10n.invalidDateOfBirth": "出生日期无效",
    "l10n.serverErrorRegister": "此时系统无法让您注册。请稍后重试",
    "l10n.fillOutAllFields": "请填写以下所有必填字段",
    "l10n.registrationFailed": "注册失败",
    "l10n.coppaText": "不符合《儿童在线隐私保护法》(COPPA)，我们无法让您注册。如需了解更多信息，请参阅 NVIDIA 隐私政策。",
    "l10n.forgotPasswordText": "请输入您用于创建账户的电子邮箱地址，我们将向您发送链接，以重置您的密码",
    "l10n.forgotPasswordSentText": "我们已发送一封邮件至 <span class=\"color-white\">{{email}}</span>，邮件说明了如何创建新密码。<br><br>您的现有密码尚未更改",
    "l10n.loginProgress": "正在登录",
    "l10n.invalidEmail": "电子邮箱地址无效",
    "l10n.enterYourEmailAddress": "请输入您的电子邮箱地址",
    "l10n.enterYourPassword": "请输入您的密码",
    "l10n.loginFailed": "登录失败",
    "l10n.loginServerError": "此时，我们无法让您登录。请稍后重试。",
    "l10n.accountCreated": "NVIDIA 账户已创建",
    "l10n.alt.nvidiaSignIn": "使用 NVIDIA 登录",
    "l10n.alt.googleSignIn": "使用 Google 登录",
    "l10n.alt.facebookSignIn": "使用 Facebook 登录",
    "l10n.alt.qqLogIn": "使用QQ登录",
    "l10n.alt.wechatLogIn": "使用微信登录",
    "l10n.confirmPassword": "确认密码",
    "l10n.createAccountProgress": "正在创建您的 NVIDIA 账户",
    "l10n.almostDone": "接近完成",
    "l10n.pleaseConfirmTheInformation": "请确认下方的信息以完成注册",
    "l10n.mustAgreeToTerms": "您必须同意我们的条款和条件",
    "l10n.required": "字段不得为空",
    "l10n.emailAlreadyUsed": "此邮箱已被使用",
    "l10n.formError": "出现一个错误。请检查表格并重试。",
    "l10n.emailVerificationPending": "有待进行邮件验证",
    "l10n.resendVerificationEmail": "重新发送验证邮件",
    "l10n.resendVerification": "重新发送验证",
    "l10n.changeUser": "更改用户",
    "l10n.verficationEmailHasBeenSent": "验证邮件已发送至 <span class='color-white'>{{email}}</span>。检查您的邮件并点击链接验证您的电子邮箱地址。",
    "l10n.clickContinueAfter": "完成上述步骤后点击“继续”。",
    "l10n.notBeenVerified": "电子邮箱地址还未被验证",
    "l10n.unableToConnect": "无法连接到服务器。请稍后重试。",
    "l10n.verificationEmailResent": "验证邮件已发送",
    "l10n.unableToSendEmail": "无法发送电子邮件。请稍后重试。",
    "l10n.termsAndConditions": "条款和条件",
    "l10n.editEmailAddress": "编辑电子邮箱地址",
    "l10n.enterYourInformation": "请在下方输入您的信息以编辑注册的电子邮箱地址",
    "l10n.currentPassword": "当前密码",
    "l10n.newEmailAddress": "新的电子邮箱地址",
    "l10n.reEnterEmailAddress": "重新输入电子邮箱地址",
    "l10n.emailAddressesDoNotMatch": "电子邮箱地址不符",
    "l10n.emailAddressUpdated": "您的电子邮箱地址已更新",
    "l10n.incorrectPassword": "密码不对",
    "l10n.noPassword": "占位符不可用于密码",
    "l10n.existingAccount": "此电子邮箱地址 {{email}} 已与一个 NVIDIA 账户关联",
    "l10n.shareDialogDescription": "轻松捕获并分享视频，抓取截屏并与朋友进行实时流式传输。",
    "l10n.shareDialogDescriptionWithAnsel": "轻松捕获并分享视频，抓取截屏及游戏内照片，并与朋友进行实时流式传输。",
    "l10n.mustBeOnline": "GeForce Experience 需要连接网络以便登录",
    "l10n.autoOptimizeNewGames": "自动优化新添加的游戏及应用程序",
    "l10n.applyTheBestSettings": "应用专为您的 PC 定制的最佳游戏及应用程序设置。",
    "l10n.enable": "启用",
    "l10n.noDriverFound": "找不到驱动程序",
    "l10n.clickContinueToInstallDriver": "点击“继续”，安装最新的 Game Ready 驱动程序或 Studio 驱动程序",
    "l10n.getStarted": "开始",
    "l10n.gameMaxPerformance": "优化游戏及应用程序设置",
    "l10n.gameReadyDrivers": "获取 Game Ready 驱动程序或 Studio 驱动程序",
    "l10n.shareGameMoments": "抓取并分享游戏",
    "l10n.logInWithNVIDIA": "使用 NVIDIA 账户登录",
    "l10n.dontHaveAnAccount": "没有账户？",
    "l10n.createNewAccount": "创建账户",
    "l10n.createNewNVIDIAAccount": "创建 NVIDIA 账户",
    "l10n.alreadyHaveAnAccount": "已有一个账户？",
    "l10n.startScan": "开始扫描",
    "l10n.oobeShareHotkeyInfo": "按下 {{assignedKey}}，分享您的游戏或调节设置。",
    "l10n.logInWithYourAccount": "使用您的账户登录",
    "l10n.keepGamesOptimized": "优化您的游戏及应用程序",
    "l10n.additionalInfo": "附加信息",
    "l10n.blockedMessage": "GeForce Experience 目前在您的国家或地区不可用。",
    "l10n.visitSettingsPage": "稍后访问“设置”页面关注我们",
    "l10n.scanningForGames": "扫描游戏及应用程序……",
    "l10n.startTour": "开启旅程",
    "l10n.gfeBestExperience": "GeForce Experience 可分析您的特定 GPU、CPU 和显示器并应用自定义游戏及应用程序设置，让您获得最佳体验。",
    "l10n.logInToGeforceExp": "登录 GeForce Experience"
}
