{
    "l10n.loginTitle": "使用您的帳戶登入",
    "l10n.logIn": "登入",
    "l10n.logInWithGoogle": "利用 Google 登入",
    "l10n.register": "註冊",
    "l10n.forgotPassword": "忘記密碼",
    "l10n.unableToSendRecovery": "此時無法傳送密碼復原電子郵件。請稍後再試。",
    "l10n.emailAddress": "電子郵件地址",
    "l10n.password": "密碼",
    "l10n.passwordReqs": "使用至少 {{minsize}} 個字元<br>使用至少 {{required}} 種類型的字元組合：小寫字母、大寫字母、數字、符號和其他字母",
    "l10n.showPassword": "顯示密碼",
    "l10n.invalidCredentials": "電子郵件地址或密碼不正確",
    "l10n.invalidCredentialsAttempts": "電子郵件地址或密碼不正確。您可以按一下下方的連結以重設密碼。",
    "l10n.serverError": "此時無法將您登入。請稍後再試",
    "l10n.sessionExpired": "工作階段已過期。登入以繼續",
    "l10n.accountBlocked": "失敗的登入嘗試過多。為了安全目的，您的帳戶已經被封鎖 {{blockedMinutes}} 分鐘。",
    "l10n.createAccount": "建立您的 NVIDIA 帳戶",
    "l10n.displayName": "顯示名稱",
    "l10n.displayNameReqs": "使用最多 {{maxsize}} 個字元<br>不要以空格開始或結尾。不要使用連續的空格。",
    "l10n.dateOfBirth": "出生日期",
    "l10n.subscribe": "千萬不要錯過！獲得來自 GeForce 和 NVIDIA 的最新獎勵、促銷及其他更多優惠。",
    "l10n.agreeToTerms": "我同意<a {{agreeToTermsLink}}>條款和條件</a>",
    "l10n.displayNameDetails": "每個人都看得到您的顯示名稱",
    "l10n.displayNameNotAvailable": "顯示名稱無法使用",
    "l10n.spacesAreNotAllowed": "不允許使用空格",
    "l10n.emailAddressInUse": "電子郵件地址已經在使用中",
    "l10n.invalidDateOfBirth": "出生日期無效",
    "l10n.serverErrorRegister": "此時無法為您註冊。請稍後再試",
    "l10n.fillOutAllFields": "填寫下方所有必填的欄位",
    "l10n.registrationFailed": "註冊失敗",
    "l10n.coppaText": "依照兒童線上隱私保護法 (Children’s Online Privacy Protection Act, COPPA) 的規定，我們無法允許您註冊。請參見 NVIDIA 隱私權原則以瞭解詳情。",
    "l10n.forgotPasswordText": "請輸入您用來建立帳戶的電子郵件地址，我們會傳送連結給您以便重設您的密碼。",
    "l10n.forgotPasswordSentText": "我們已將電子郵件送至 <span class=\"color-white\">{{email}}</span>，其中含有建立新密碼的說明。<br><br>您現有的密碼尚未變更",
    "l10n.loginProgress": "正在登入",
    "l10n.invalidEmail": "無效的電子郵件地址",
    "l10n.enterYourEmailAddress": "輸入您的電子郵件地址",
    "l10n.enterYourPassword": "輸入您的密碼",
    "l10n.loginFailed": "登入失敗",
    "l10n.loginServerError": "此時我們無法將您登入。請稍後再試。",
    "l10n.accountCreated": "已建立 NVIDIA 帳戶",
    "l10n.alt.nvidiaSignIn": "利用 NVIDIA 登入",
    "l10n.alt.googleSignIn": "利用 Google 登入",
    "l10n.alt.facebookSignIn": "利用 Facebook 登入",
    "l10n.alt.qqLogIn": "利用 QQ 帳戶登入",
    "l10n.alt.wechatLogIn": "利用 WeChat 帳戶登入",
    "l10n.confirmPassword": "確定密碼",
    "l10n.createAccountProgress": "正在建立您的 NVIDIA 帳戶",
    "l10n.almostDone": "幾乎快完成了",
    "l10n.pleaseConfirmTheInformation": "請確認以下資訊以完成註冊",
    "l10n.mustAgreeToTerms": "您必須同意我們的條款和條件",
    "l10n.required": "欄位不能是空的",
    "l10n.emailAlreadyUsed": "這個電子郵件已經被使用",
    "l10n.formError": "發生一個錯誤。請檢查表格並且再試一次。",
    "l10n.emailVerificationPending": "電子郵件驗證擱置中",
    "l10n.resendVerificationEmail": "重新傳送驗證電子郵件",
    "l10n.resendVerification": "重新傳送驗證",
    "l10n.changeUser": "變更使用者",
    "l10n.verficationEmailHasBeenSent": "已將驗證電子郵件傳送給 <span class='color-white'>{{email}}</span>。檢查您的電子郵件並且按一下其中的連結以驗證您的電子郵件地址。",
    "l10n.clickContinueAfter": "在完成上述步驟之後按一下「繼續」。",
    "l10n.notBeenVerified": "電子郵件地址尚未經過驗證",
    "l10n.unableToConnect": "無法連接到伺服器。請稍後再試。",
    "l10n.verificationEmailResent": "已重送驗證電子郵件",
    "l10n.unableToSendEmail": "無法傳送電子郵件。請稍後再試。",
    "l10n.termsAndConditions": "條款和條件",
    "l10n.editEmailAddress": "編輯電子郵件地址",
    "l10n.enterYourInformation": "請在下方輸入您的資訊以編輯註冊的電子郵件地址",
    "l10n.currentPassword": "目前的密碼",
    "l10n.newEmailAddress": "新電子郵件地址",
    "l10n.reEnterEmailAddress": "重新輸入電子郵件地址",
    "l10n.emailAddressesDoNotMatch": "電子郵件地址不相符",
    "l10n.emailAddressUpdated": "您的電子郵件地址已經更新",
    "l10n.incorrectPassword": "密碼不正確",
    "l10n.noPassword": "預留位置沒有密碼",
    "l10n.existingAccount": "此電子郵件地址 {{email}} 與某個現有的 NVIDIA 帳戶關聯",
    "l10n.shareDialogDescription": "輕易地擷取與分享影片、擷取螢幕畫面並與朋友進行即時串流。",
    "l10n.shareDialogDescriptionWithAnsel": "輕易地擷取與分享影片、擷取螢幕畫面和遊戲內攝影並與朋友進行即時串流。",
    "l10n.mustBeOnline": "GeForce Experience 需要在線上才能登入",
    "l10n.autoOptimizeNewGames": "自動最佳化最近新增的遊戲和應用程式",
    "l10n.applyTheBestSettings": "套用針對您的電腦定製的最佳遊戲和應用程式設定",
    "l10n.enable": "啟用",
    "l10n.noDriverFound": "沒有找到驅動程式",
    "l10n.clickContinueToInstallDriver": "按一下「繼續」以安裝最新的具遊戲功能的驅動程式或工作室就緒驅動程式",
    "l10n.getStarted": "入門",
    "l10n.gameMaxPerformance": "最佳化遊戲和應用程式設定",
    "l10n.gameReadyDrivers": "取得具遊戲功能的驅動程式或工作室就緒驅動程式",
    "l10n.shareGameMoments": "擷取與分享遊戲玩法",
    "l10n.logInWithNVIDIA": "利用 NVIDIA 帳戶登入",
    "l10n.dontHaveAnAccount": "還沒有帳戶嗎？",
    "l10n.createNewAccount": "建立帳戶",
    "l10n.createNewNVIDIAAccount": "建立 NVIDIA 帳戶",
    "l10n.alreadyHaveAnAccount": "已經有帳戶了？",
    "l10n.startScan": "開始掃描",
    "l10n.oobeShareHotkeyInfo": "按 {{assignedKey}} 以共享您的遊戲體驗或調整設定。",
    "l10n.logInWithYourAccount": "利用您的帳戶登入",
    "l10n.keepGamesOptimized": "讓您的遊戲和應用程式保持最佳狀態",
    "l10n.additionalInfo": "其他資訊",
    "l10n.blockedMessage": "GeForce Experience 目前在您所在的國家或地區無法使用。",
    "l10n.visitSettingsPage": "造訪「設定」頁面以稍後跟隨我們",
    "l10n.scanningForGames": "正在掃描遊戲和應用程式...",
    "l10n.startTour": "開始導覽",
    "l10n.gfeBestExperience": "GeForce Experience 會分析您的特定 GPU、CPU 和顯示器並套用您自訂的遊戲和應用程式設定，讓您獲得最佳體驗。",
    "l10n.logInToGeforceExp": "登入 GeForce Experience"
}
