{
    "l10n.friendTitle": "Профиль {{displayName}}",
    "l10n.friendListTitle": "Друзья",
    "l10n.friendGroupListTitle": "Группы",
    "l10n.watchBroadcast": "Смотреть трансляцию",
    "l10n.askToPlay": "Пригласить в игру",
    "l10n.viewProfile": "Просмотреть профиль",
    "l10n.chat": "Чат",
    "l10n.otherViewers": "+ {{otherViewers}} зрителей",
    "l10n.activity": "Активность",
    "l10n.placeholderText": "Подстановочный текст",
    "l10n.alt.background": "фон",
    "l10n.broadcasting": "Трансляция {{displayName}}",
    "l10n.playing": "Воспроизведение {{displayName}}",
    "l10n.offline": "Офлайн",
    "l10n.online": "Онлайн",
    "l10n.friendsWhoAchievedThis": "Друзья, достигшие этого:",
    "l10n.realName": "Настоящее имя",
    "l10n.lastSeen": "Был в сети",
    "l10n.memberSince": "Участник с",
    "l10n.reputation": "Репутация",
    "l10n.gameSummary": "Обзор игр и приложений",
    "l10n.compareGames": "Сравнить игры и приложения",
    "l10n.numGames": "Игр и приложений: {{numGames}}"
}
