{
    "l10n.chooseFromLatestCaptures": "Vybrat z naposledy zachycených položek",
    "l10n.descriptionLimitReached": "Popis nesmí obsahovat více než 250 znaků",
    "l10n.descriptionRequired": "Toto je povinný údaj",
    "l10n.uploadFromPC": "Uploadovat z počítače",
    "l10n.uploadProfileCover": "Nahrát obrázek profilu",
    "l10n.activityLog": "Záznam o aktivitách",
    "l10n.latestCaptures": "Naposledy zachycené položky",
    "l10n.viewGallery": "Zobrazit galerii",
    "l10n.recentlyUploaded": "Nedávno uploadované",
    "l10n.turnOnShare": "Zapnout Sdílení",
    "l10n.recordingsCaptured": "<span class=\"md-accent foreground font-size-xl\">{{value}}</span> nahrávky",
    "l10n.screenshotsCaptured": "<span class=\"md-accent foreground font-size-xl\">{{value}}</span> snímky obrazovky",
    "l10n.anselGamesValue": "<span class=\"games-summary-value\">{{value}}</span> Podporované hry Ansel",
    "l10n.gamestreamGamesValue": "<span class=\"games-summary-value\">{{value}}</span> her a aplikací kompatibilních s Gamestream",
    "l10n.installedGamesValue": "<span class=\"games-summary-value\">{{value}}</span> her a aplikací nalezeno",
    "l10n.optimizedGamesValue": "<span class=\"games-summary-value\"></span> her a aplikací optimalizováno",
    "l10n.itsEmptyHere": "Nic tu není!",
    "l10n.noRecentlyUploaded": "Začněte nahrávat snímky obrazovky a videozáznamy",
    "l10n.noRecentlyCaptured": "Začněte zachytávat snímky obrazovky and videozáznamy",
    "l10n.profileStatus": "Status profilu",
    "l10n.featuredMission": "Vybraná mise",
    "l10n.userProfileTourString": "Přidejte svého Avatara, napište životopis a a aktualizujte svůj obrázek",
    "l10n.userMissionTourString": "Dokončete mise a získejte body, abyste se dostali do vyšší úrovně",
    "l10n.userTokenTourString": "Sbírejte tokeny a získejte odměny",
    "l10n.userDefaultBioString": "Řekněte něco o sobě",
    "l10n.missions": "Mise",
    "l10n.totalXP": "{{value}} body",
    "l10n.totalXPEach": "{{value}} body za misi",
    "l10n.XPEarnedOutOf": "{{earned}} /{{total}} bodů",
    "l10n.plusXP": "+ {{number}} bodů",
    "l10n.plusXPEach": "+ {{number}} body za misi",
    "l10n.xpStatus": "<span class=\"current-xp\">{{current}}</span>/{{upper}} BODŮ (XP)",
    "l10n.xpRange": "{{lower}} BODŮ (XP) až {{upper}} BODŮ (XP)",
    "l10n.xpMax": "{{number}}+ BODŮ (XP)",
    "l10n.plusXPPerWeek": "+ {{number}} za každý následující týden",
    "l10n.xp": "BODY",
    "l10n.token": "Token",
    "l10n.tokens": "Tokeny",
    "l10n.tokenCount": "{{value}} <span class=\"tokens-text\">Token</span>",
    "l10n.tokensCount": "{{value}}<span class=\"tokens-text\">Tokeny</span>",
    "l10n.tokensInformation": "Každý týden budete vyhrávat tokeny, dokud během této doby nezískáte nějaké body XP. Čím vyšší úroveň, tím získáte více tokenů. Použijte tokeny, abyste se pokusili vyhrát velké a zajímavé odměny.",
    "l10n.xpInformation": "Dokončujte mise, abyste získali zkušenostní body (XP). Speciální vybraná mise je k dispozici pouze po omezenou dobu. Jiné mise mohou být k dispozici jen jednou, anebo opakovaně každý týden. Podívejte se na podrobné informace ke každé z nich.",
    "l10n.viewAll": "Zobrazit vše",
    "l10n.featuredReward": "Vybraná odměna",
    "l10n.enterToWin": "Zadejte a vyhrajte: ",
    "l10n.enterNow": "Zadejte nyní",
    "l10n.hoverOnEachBadge": "Ukažte všem, jaký jste! Přetáhněte až 5 dosažených výsledků a zobrazte je v horní části vašeho profilu. Klikněte na ikonu Oblíbené, abyste vytvořili uživatelský název.",
    "l10n.topBadges": "Mých 5 nejlepších výsledků (max 5)",
    "l10n.badgesDisplayed": "Odznaky zobrazené na vašem profilu (max. 5)",
    "l10n.allAchievements": "Všechny ostatní dosažené výsledky",
    "l10n.dragDropBadges": "Zachyťte a přetáhněte jednotlivé odznaky do Nejlepších odznaků",
    "l10n.officialRules": "Oficiální pravidla",
    "l10n.timeLeft": "Zbývající čas: {{countdown}}",
    "l10n.timeLeftToEnter": "zbývá {{countdown}} k použití",
    "l10n.tokenEnteredSuccessfully": "Token byl úspěšně zadán!",
    "l10n.tokensEnteredSuccessfully": "Tokeny byly úspěšně získány!",
    "l10n.enterTokens": "Zadat tokeny",
    "l10n.addMoreTokens": "Přidat více tokenů",
    "l10n.tokenEntered": "Zadaný token",
    "l10n.tokensEntered": "Zadané tokeny",
    "l10n.addMore": "Přidat více",
    "l10n.numberOfWinners": "Počet vítězů: {{number}}",
    "l10n.entriesSoFar": "Dosud záznamů: {{entries}}",
    "l10n.today": "Dnes",
    "l10n.levelsInfo": "Nejlepší hráči GeForce jsou v kategorii platinové. Jste mezi nimi? Je to snadné, stačí na misích získat body (XP), které vás posunou do kategorie Stříbrná, Zlatá, Platinová. Benefity získáte ihned, jakmile postoupíte do kategorie Stříbrná a postupně budete získávat větší odměny. Každý rok máte příležitost dostat se o úroveň výše, vaše úroveň k 31. 12. 2017 bude zachována i v roce 2018.",
    "l10n.redeemPerks": "Pro uplatnění benefitů přejděte na kartu „MOJE ODMĚNY“. Každý benefit lze získat pouze jednou k příslušné grafické kartě.",
    "l10n.silver": "Stříbrná",
    "l10n.gold": "Zlatá",
    "l10n.titanium": "Platinová",
    "l10n.tokensPerWeekOne": "Získejte jeden token týdně",
    "l10n.tokensPerWeekThree": "Získejte tři tokeny týdně",
    "l10n.tokensPerWeekEight": "Získejte osm tokenů týdně",
    "l10n.freeIndieGame": "Bezplatná výroční hra indie",
    "l10n.forumAdvancedFeatures": "Pokročilé funkce na GeForce fórech",
    "l10n.forumVipAccess": "VIP přístup na GeForce fórech",
    "l10n.exclusiveOffers": "Exkluzivní nabídky",
    "l10n.discordAma": "Čtvrtletní online setkání „Zeptej se mě na cokoliv“ služby Discord",
    "l10n.geforceSkins": "Balíček se skiny GeForce",
    "l10n.titaniumFanKit": "Sada Platinium Fan",
    "l10n.gfnPlaytime": "10 hodin hraní GeForce Now na vyžádání",
    "l10n.firstToBetaTest": "Buďte jako první, kdo otestuje nové funkce",
    "l10n.invalidAmountOfTokens": "Zadán neplatný počet tokenů",
    "l10n.errorOneOrMoreTokens": "Použijte 1 nebo více tokenů a vyhrajte!",
    "l10n.errorAddMoreTokens": "Přidejte se a vyhrajte! Můžete přidat více tokenů, ale žádný odebrat",
    "l10n.errorTooManyTokens": "Hezký pokus! Vypadá to, že zatím nemáte dost tokenů pro zadání",
    "l10n.agreeToRules": "Souhlasím s <a ng-click=\"sweepstakeCtrl.showRules($event)\">oficiálními pravidly</a>",
    "l10n.agreeToRulesAndTnC": "Souhlasím s <a ng-click=\"sweepstakeCtrl.showRules($event)\">oficiálními pravidly</a> a <a ng-click=\"sweepstakeCtrl.showTnC($event)\">smluvními podmínkami</a>",
    "l10n.levels": "Úrovně",
    "l10n.level": "Úroveň",
    "l10n.uptoXp": "max. {{value}} bodů",
    "l10n.tokenRemaining": "Zbývá {{number}} token",
    "l10n.tokensRemaining": "Zbývá {{number}} tokenů",
    "l10n.noTokensAvailable": "K dispozici nejsou žádné tokeny",
    "l10n.errorSubmittingTokens": "Při pokusu o odeslání tokenů došlo k chybě",
    "l10n.fileSelectionError": "Zvolený soubor se nepodařilo načíst. Minimální požadovaná velikost pro formát JPEG, PNG a BMP je {{w}} x {{h}} px.",
    "l10n.errorTryAgain": "Něco se pokazilo. Zkuste to prosím znovu.",
    "l10n.default": "Výchozí",
    "l10n.activityFeed": "Informační kanál o aktivitách",
    "l10n.myRewards": "Moje odměny",
    "l10n.enterTokensToWin": "Zadat tokeny pro výhru",
    "l10n.featuredMissionCountdown": "Vybraná mise - platnost vyprší za {{countdown}}",
    "l10n.featuredMissionStartCountdown": "Vybraná mise - začne za {{countdown}}",
    "l10n.featuredMissionEndCountdown": "Vybraná mise - <span class=\"countdown\">skončí za {{countdown}}</span>",
    "l10n.featuredMissionEnded": "Vybraná mise - ukončena",
    "l10n.weeklyMissionsCountdown": "Týdenní mise - obnoví se za {{countdown}}",
    "l10n.timelessMissions": "Nekonečné mise",
    "l10n.expiresIn": "Platnost vyprší za {{countdown}}",
    "l10n.gamersBio": "Osobní údaje hráče",
    "l10n.verificationOfUploadInProgress": "Náš robot skenuje vaše odesílání",
    "l10n.verificationSuccessfull": "Odeslání bylo úspěšné",
    "l10n.tryAnother": "ZKUSIT JINÝ",
    "l10n.winnersAnnouncement": "Zobrazit poslední vítěze",
    "l10n.minimumRequiredSize": "Minimální požadovaná velikost pro formát JPEG, PNG a BMP je {{w}} x {{h}} px",
    "l10n.levelUpToUnlock": "Vyšší úroveň k odemknutí",
    "l10n.save": "Uložit",
    "l10n.badges": "Odznaky",
    "l10n.userTitle": "Přezdívka uživatele - vyberte ikonu hvězdy a zvolte přezdívku uživatele",
    "l10n.uptoFiveAchievements": "Vyberte až 5 dosažených výsledků a zobrazte je ve svém profilu",
    "l10n.showcaseAchievements": "Zobrazte své dosažené výsledky",
    "l10n.errorAchievements": "Při pokusu o aktualizaci dosažených výsledků došlo k chybě",
    "l10n.errorUserTitle": "Při pokusu o aktualizaci přezdívky uživatele došlo k chybě",
    "l10n.someInfoMissing": "Některé informace mohou chybět",
    "l10n.geforceCommunityProgram": "Pilotní program komunity GeForce",
    "l10n.participateInCommunity": "Přidejte se ke komunitě GeForce a zvyšte svou úroveň a získejte odměny. Když dosáhnete nové úrovně, váš status zůstane platný až do konce následujícího kalendářního roku.",
    "l10n.aboutTokens": "Dokončujte mise, abyste získali zkušenostní body (XP).",
    "l10n.aboutXP": "Získejte tokeny díky každotýdenní aktivitě a použijte je k výhře odměn v celkové sázce.",
    "l10n.aboutRewards": "Můžete získat následující odměny. Pravidelně to sledujte, protože se často aktualizují.",
    "l10n.refreshProfile": "Aktualizovat profil",
    "l10n.tokensMinGpu": "Funkce zadávání tokenů vyžaduje grafickou kartu GeForce GTX 950 nebo TITAN X nebo vyšší",
    "l10n.newRewardsComingSoon": "Nové odměny již brzy!"
}
