{
    "l10n.chooseFromLatestCaptures": "Vælg fra seneste indspilninger",
    "l10n.descriptionLimitReached": "Beskrivelsen må ikke være på mere end 250 tegn",
    "l10n.descriptionRequired": "Dette felt skal udfyldes",
    "l10n.uploadFromPC": "Upload fra pc",
    "l10n.uploadProfileCover": "Upload profilbillede",
    "l10n.activityLog": "Aktivitetslog",
    "l10n.latestCaptures": "Seneste indspilninger",
    "l10n.viewGallery": "Vis galleri",
    "l10n.recentlyUploaded": "Uploadet fornylig",
    "l10n.turnOnShare": "Aktivér Deling",
    "l10n.recordingsCaptured": "<span class=\"md-accent foreground font-size-xl\">{{value}}</span> indspilninger",
    "l10n.screenshotsCaptured": "<span class=\"md-accent foreground font-size-xl\">{{value}}</span> skærmbilleder",
    "l10n.anselGamesValue": "<span class=\"games-summary-value\">{{value}}</span> Ansel understøttede spil",
    "l10n.gamestreamGamesValue": "<span class=\"games-summary-value\">{{value}}</span>Gamestream-parate spil og applikationer",
    "l10n.installedGamesValue": "<span class=\"games-summary-value\">{{value}}</span> Spil og applikationer blev fundet",
    "l10n.optimizedGamesValue": "<span class=\"games-summary-value\"></span> spil og applikationer er optimeret",
    "l10n.itsEmptyHere": "Det er tomt herinde!",
    "l10n.noRecentlyUploaded": "Begynd at uploade skærmbilleder og indspillede videoer",
    "l10n.noRecentlyCaptured": "Begynd indspilning af skærmbilleder og videoer",
    "l10n.profileStatus": "Profilstatus",
    "l10n.featuredMission": "Fremhævet mission",
    "l10n.userProfileTourString": "Tilføj din avatar, skriv biografi og opdater forsidebillede",
    "l10n.userMissionTourString": "Gør missioner færdige og optjen XP for at komme på et højere niveau",
    "l10n.userTokenTourString": "Akkumuler tokens og få præmier",
    "l10n.userDefaultBioString": "Fortæl noget om dig selv",
    "l10n.missions": "Missioner",
    "l10n.totalXP": "{{value}} XP",
    "l10n.totalXPEach": "{{value}} XP hver",
    "l10n.XPEarnedOutOf": "{{earned}}/{{total}} XP",
    "l10n.plusXP": "+ {{number}} XP",
    "l10n.plusXPEach": "+ {{number}} XP hver",
    "l10n.xpStatus": "<span class=\"current-xp\">{{current}}</span>/{{upper}} XP",
    "l10n.xpRange": "{{lower}} XP til {{upper}} XP",
    "l10n.xpMax": "{{number}}+  XP",
    "l10n.plusXPPerWeek": "+ {{number}} XP pr. på hinanden følgende uge",
    "l10n.xp": "XP",
    "l10n.token": "Token",
    "l10n.tokens": "Tokens",
    "l10n.tokenCount": "{{value}} <span class=\"tokens-text\">Token</span>",
    "l10n.tokensCount": "{{value}} <span class=\"tokens-text\">Tokens</span>",
    "l10n.tokensInformation": "Du optejner tokens hver uge, så længe at du har vundet XP i den pågældende periode.  Jo højere niveau du er på, desto flere tokens får du. Brug tokens til at oppe din chance for at vinde de store fremhævede præmier.",
    "l10n.xpInformation": "Optjen XP (Experience Points) ved at gøre missioner færdige. En særlig fremhævet mission er kun tilgængelig i en begrænset periode. Andre missioner er måske kun tilgængelige én gang, eller gentages hver uge. Se hver enkelt for at få yderligere oplysninger.",
    "l10n.viewAll": "Vis alle",
    "l10n.featuredReward": "Fremhævet præmie",
    "l10n.enterToWin": "Deltag i lodtrækning: ",
    "l10n.enterNow": "Deltag nu",
    "l10n.hoverOnEachBadge": "Vis verden hvad du er lavet af? Træk og slip op til 5 præstationer, som vil blive vist øverst i din profil. Klik på dit yndlingsikon for at gøre en af dem til din brugertitel.",
    "l10n.topBadges": "Mine toppræstationer (maks 5)",
    "l10n.badgesDisplayed": "Badges, som vises på din profil (maks. 5)",
    "l10n.allAchievements": "Alle andre præstationer",
    "l10n.dragDropBadges": "Træk og slip individuelle badges for at vise i top badges",
    "l10n.officialRules": "Officielle regler",
    "l10n.timeLeft": "Tid tilbage: {{countdown}}",
    "l10n.timeLeftToEnter": "{{countdown}} venstre for at indføre",
    "l10n.tokenEnteredSuccessfully": "Token er blevet registreret!",
    "l10n.tokensEnteredSuccessfully": "Tokens er blevet registreret!",
    "l10n.enterTokens": "Registrer tokens",
    "l10n.addMoreTokens": "Tilføj flere tokens",
    "l10n.tokenEntered": "Token registreret",
    "l10n.tokensEntered": "Tokens registreret",
    "l10n.addMore": "Tilføj flere",
    "l10n.numberOfWinners": "Antal vindere: {{number}}",
    "l10n.entriesSoFar": "Registreringer indtil videre: {{entries}}",
    "l10n.today": "I dag",
    "l10n.levelsInfo": "Top GeForce-spillerne er Platin. Er du? Det er nemt. Tag på missioner for at optjene XP (Experience Points), som vil tage dig fra Sølv, til Guld, til Platin. Du får gevinster med det samme som et Sølv-medlem, og efterhånden som du bliver bedre, får du større præmier. Hver eneste år giver en ny chance til at komme på et højere niveau. Dit niveau d. 31. december 2017 varer til sidst i 2018.",
    "l10n.redeemPerks": "Gå til fanebladet \"MINE PRÆMIER\" for at indløse genvinster Hver gevinst kan kun indløses én gang pr. grafikkort.",
    "l10n.silver": "Sølv",
    "l10n.gold": "Guld",
    "l10n.titanium": "Platin",
    "l10n.tokensPerWeekOne": "Få en token pr. uge",
    "l10n.tokensPerWeekThree": "Få tre tokens pr. uge",
    "l10n.tokensPerWeekEight": "Få otte tokens pr. uge",
    "l10n.freeIndieGame": "Gratis årligt indiespil",
    "l10n.forumAdvancedFeatures": "Avancerede funktioner på GeForce-fora",
    "l10n.forumVipAccess": "VIP-adgang på GeForce-fora",
    "l10n.exclusiveOffers": "Eksklusive tilbud",
    "l10n.discordAma": "Discord kvartårlig AMA",
    "l10n.geforceSkins": "GeForce overfladepakke",
    "l10n.titaniumFanKit": "Platin fan-kit",
    "l10n.gfnPlaytime": "10 timer med GeForce Now spilletid on-demand",
    "l10n.firstToBetaTest": "Vær blandt de første til at BETA-teste nye funktioner",
    "l10n.invalidAmountOfTokens": "Ugyldigt mængde tokens indført",
    "l10n.errorOneOrMoreTokens": "Registrer 1 eller flere tokens for at vinde!",
    "l10n.errorAddMoreTokens": "Du deltager i lodtrækningen! Du kan tilføje flere tokens, men ikke fjerne nogen",
    "l10n.errorTooManyTokens": "Godt forsøg! Det ser ud til, at du ikke har nok tokens til at deltage",
    "l10n.agreeToRules": "Jeg accepterer de <a ng-click=\"sweepstakeCtrl.showRules($event)\">officielle regler</a>",
    "l10n.agreeToRulesAndTnC": "Jeg accepterer de <a ng-click=\"sweepstakeCtrl.showRules($event)\">officielle regler</a> samt <a ng-click=\"sweepstakeCtrl.showTnC($event)\">betingelser og vilkår</a>",
    "l10n.levels": "Niveauer",
    "l10n.level": "Niveau",
    "l10n.uptoXp": "op til {{value}} XP",
    "l10n.tokenRemaining": "{{number}} token tilbage",
    "l10n.tokensRemaining": "{{number}} tokens tilbage",
    "l10n.noTokensAvailable": "Ingen tokens til rådighed",
    "l10n.errorSubmittingTokens": "Der opstod en fejl under forsøg på at indsende tokens",
    "l10n.fileSelectionError": "Den valgte fil kunne ikke indlæses. Den påkrævede minimumsstørrelse er {{w}} x {{h}} px i JPEG-, PNG- eller BMP-format.",
    "l10n.errorTryAgain": "Der gik noget galt. Prøv igen senere.",
    "l10n.default": "Standard",
    "l10n.activityFeed": "Aktivitetsfeed",
    "l10n.myRewards": "Mine præmier",
    "l10n.enterTokensToWin": "Registrer tokens for at vinde",
    "l10n.featuredMissionCountdown": "Fremhævet mission ─ Udløber om {{countdown}}",
    "l10n.featuredMissionStartCountdown": "Fremhævet mission ─ Begynder om {{countdown}}",
    "l10n.featuredMissionEndCountdown": "Fremhævet mission ─ <span class=\"countdown\">Slutter om {{countdown}}</span>",
    "l10n.featuredMissionEnded": "Fremhævet mission ─ Er slut",
    "l10n.weeklyMissionsCountdown": "Ugentlige missioner ─ Nulstilles om {{countdown}}",
    "l10n.timelessMissions": "Tidløse missioner",
    "l10n.expiresIn": "Udløber om {{countdown}}",
    "l10n.gamersBio": "Gamers biografi",
    "l10n.verificationOfUploadInProgress": "Vores robot scanner din upload",
    "l10n.verificationSuccessfull": "Upload vellykket",
    "l10n.tryAnother": "PRØV ET ANDET",
    "l10n.winnersAnnouncement": "Vis tidligere vindere",
    "l10n.minimumRequiredSize": "Den påkrævede minimumsstørrelse er {{w}} x {{h}} px i JPEG-, PNG- eller BMP-format",
    "l10n.levelUpToUnlock": "Stig i niveau for at frigøre",
    "l10n.save": "Gem",
    "l10n.badges": "Badges",
    "l10n.userTitle": "Brugertitel - Vælg stjerneikonet for at vælge din brugertitel",
    "l10n.uptoFiveAchievements": "Vælg op til 5 præstationer, som vil blive vist i din profil",
    "l10n.showcaseAchievements": "Fremvis dine præstationer",
    "l10n.errorAchievements": "Der opstod en fejl under forsøg på at opdatere præstationer",
    "l10n.errorUserTitle": "Der opstod en fejl under forsøg på at opdatere brugertitel",
    "l10n.someInfoMissing": "Der kan mangle visse oplysninger",
    "l10n.geforceCommunityProgram": "GeForce Community Pilotprogram",
    "l10n.participateInCommunity": "Deltag i GeForces community for at stige i niveau og optjene præmier. Når du når et nyt niveau, vil din status vare indtil slutningen på det efterfølgende kalenderår.",
    "l10n.aboutTokens": "Få XP (Experience Points) ved at fuldføre missioner.",
    "l10n.aboutXP": "Få tokens ved at forblive aktiv hver uge, og brug dem til at deltage i sweepstakes, hvor du kan vinde præmier.",
    "l10n.aboutRewards": "Du kan tjerne følgende præmier. Men bliv ved med at vende tilbage, eftersom de ofte foretager opdateringer.",
    "l10n.refreshProfile": "Opdater profil",
    "l10n.tokensMinGpu": "En GeForce GTX 950, TITAN X eller højere er nødvendig for at registrere tokens",
    "l10n.newRewardsComingSoon": "Nye præmier kommer snart!"
}
