{
    "l10n.chooseFromLatestCaptures": "Aus neuesten Aufnahmen auswählen",
    "l10n.descriptionLimitReached": "Die Beschreibung muss mindestens 250 Zeichen lang sein.",
    "l10n.descriptionRequired": "Dies ist erforderlich",
    "l10n.uploadFromPC": "Vom PC hochladen",
    "l10n.uploadProfileCover": "Profilbild hochladen",
    "l10n.activityLog": "Aktivitätsprotokoll",
    "l10n.latestCaptures": "Neueste Aufnahmen",
    "l10n.viewGallery": "Galerie anzeigen",
    "l10n.recentlyUploaded": "Zuletzt hochgeladen",
    "l10n.turnOnShare": "Teilen einschalten",
    "l10n.recordingsCaptured": "<span class=\"md-accent foreground font-size-xl\">{{value}}</span> Aufzeichnungen",
    "l10n.screenshotsCaptured": "<span class=\"md-accent foreground font-size-xl\">{{value}}</span> Bildschirmfotos",
    "l10n.anselGamesValue": "<span class=\"games-summary-value\">{{value}}</span> Ansel-unterstützte Spiele",
    "l10n.gamestreamGamesValue": "<span class=\"games-summary-value\">{{value}}</span> für Gamestream geeignete Spiele und Anwendungen",
    "l10n.installedGamesValue": "<span class=\"games-summary-value\">{{value}}</span> Spiele und Anwendungen gefunden",
    "l10n.optimizedGamesValue": "<span class=\"games-summary-value\"></span> Spiele und Anwendungen optimiert",
    "l10n.itsEmptyHere": "Es ist leer hier!",
    "l10n.noRecentlyUploaded": "Hochladen von Bildschirmfotos und aufgezeichneten Videos starten",
    "l10n.noRecentlyCaptured": "Erfassen von Bildschirmfotos und Aufzeichnen von Videos starten",
    "l10n.profileStatus": "Profilstatus",
    "l10n.featuredMission": "Top-Mission",
    "l10n.userProfileTourString": "Fügen Sie Ihren Avatar hinzu, schreiben Sie eine Biografie und laden Sie ein Profilbild hoch",
    "l10n.userMissionTourString": "Schließen Sie Missionen ab und erlangen Sie Erfahrungspunkte, um weiterzukommen",
    "l10n.userTokenTourString": "Sammeln Sie Tokens und erhalten Sie Prämien",
    "l10n.userDefaultBioString": "Erzählen Sie etwas über sich",
    "l10n.missions": "Missionen",
    "l10n.totalXP": "{{value}} Erfahrungspunkte",
    "l10n.totalXPEach": "Je {{value}} Erfahrungspunkte",
    "l10n.XPEarnedOutOf": "{{earned}}/{{total}} Erfahrungspunkte",
    "l10n.plusXP": "+ {{number}} Erfahrungspunkte",
    "l10n.plusXPEach": "+ je {{number}} Erfahrungspunkte",
    "l10n.xpStatus": "<span class=\"current-xp\">{{current}}</span>/{{upper}} ERFAHRUNGSPUNKTE",
    "l10n.xpRange": "{{lower}} bis {{upper}} ERFAHRUNGSPUNKTE",
    "l10n.xpMax": "Über {{number}} ERFAHRUNGSPUNKTE",
    "l10n.plusXPPerWeek": "+ {{number}} Erfahrungspunkte pro Folgewoche",
    "l10n.xp": "Erfahrungspunkte",
    "l10n.token": "Token",
    "l10n.tokens": "Tokens",
    "l10n.tokenCount": "{{value}} <span class=\"tokens-text\">Token</span>",
    "l10n.tokensCount": "{{value}} <span class=\"tokens-text\">Tokens</span>",
    "l10n.tokensInformation": "Jede Woche erhalten Sie Tokens, sofern Sie in diesem Zeitraum Erfahrungspunkte erlangt haben. Je höher Ihr Level, desto mehr Tokens erhalten Sie. Verwenden Sie Tokens für die Teilnahme und Ihre Chance, die großen Top-Prämien zu gewinnen.",
    "l10n.xpInformation": "Erlangen Sie Erfahrungspunkte, indem Sie Missionen abschließen. Eine spezielle Top-Mission ist nur für begrenzte Zeit verfügbar. Andere Missionen können entweder nur einmal verfügbar sein oder jede Woche wiederholt werden. Sehen Sie sich jede an, um Einzelheiten zu erfahren.",
    "l10n.viewAll": "Alles anzeigen",
    "l10n.featuredReward": "Top-Prämie",
    "l10n.enterToWin": "Teilnehmen, um zu gewinnen: ",
    "l10n.enterNow": "Jetzt teilnehmen",
    "l10n.hoverOnEachBadge": "Zeigen Sie der Welt, aus welchem Holz Sie geschnitzt sind! Benutzen Sie Drag & Drop, um bis zu fünf Erfolge oben in Ihrem Profil anzuzeigen. Klicken Sie auf das Favoritensymbol, um einen davon als Benutzertitel auszuwählen.",
    "l10n.topBadges": "Meine Top-Erfolge (max. 5)",
    "l10n.badgesDisplayed": "In Ihrem Profil angezeigte Abzeichen (max. 5)",
    "l10n.allAchievements": "Alle anderen Erfolge",
    "l10n.dragDropBadges": "Verschieben Sie einzelne Abzeichen mittels Drag and Drop, um sie unter den Top-Abzeichen anzuzeigen",
    "l10n.officialRules": "Offizielle Regeln",
    "l10n.timeLeft": "Verbleibende Zeit: {{countdown}}",
    "l10n.timeLeftToEnter": "Noch {{countdown}} zum Einsetzen",
    "l10n.tokenEnteredSuccessfully": "Token erfolgreich eingegeben!",
    "l10n.tokensEnteredSuccessfully": "Tokens erfolgreich eingegeben!",
    "l10n.enterTokens": "Tokens eingeben",
    "l10n.addMoreTokens": "Mehr Tokens hinzufügen",
    "l10n.tokenEntered": "Token eingegeben",
    "l10n.tokensEntered": "Eingegebene Tokens",
    "l10n.addMore": "Mehr hinzufügen",
    "l10n.numberOfWinners": "Anzahl der Gewinner: {{number}}",
    "l10n.entriesSoFar": "Bisherige Einträge: {{entries}}",
    "l10n.today": "Heute",
    "l10n.levelsInfo": "Die besten GeForce-Gamer sind auf Stufe Platin. Und Sie? Es ist ganz einfach – nehmen Sie Missionen in Angriff, um Erfahrungspunkte zu sammeln, die Sie von Silber über Gold zu Platin weiterbringen. Als Silber-Mitglied erhalten Sie auf Anhieb Vorteile, und je weiter Sie gelangen, desto größer werden die Prämien. Jedes Jahr bietet eine neue Gelegenheit, eine höhere Stufe zu erreichen. Ihre Stufe am 31. Dezember 2017 bleibt das ganze Jahr 2018 hindurch erhalten.",
    "l10n.redeemPerks": "Rufen Sie zum Einlösen von Vorteilen die Registerkarte „MEINE PRÄMIEN“ auf. Jeder Vorteil kann nur einmal pro Grafikkarte eingelöst werden.",
    "l10n.silver": "Silber",
    "l10n.gold": "Gold",
    "l10n.titanium": "Platin",
    "l10n.tokensPerWeekOne": "Ein Token pro Woche erhalten",
    "l10n.tokensPerWeekThree": "Drei Tokens pro Woche erhalten",
    "l10n.tokensPerWeekEight": "Acht Tokens pro Woche erhalten",
    "l10n.freeIndieGame": "Kostenloses Indie-Spiel pro Jahr",
    "l10n.forumAdvancedFeatures": "Erweiterte Funktionen in GeForce-Foren",
    "l10n.forumVipAccess": "VIP-Zugang zu GeForce-Foren",
    "l10n.exclusiveOffers": "Exklusive Angebote",
    "l10n.discordAma": "Vierteljährliches AMA über Discord",
    "l10n.geforceSkins": "GeForce Skins-Paket",
    "l10n.titaniumFanKit": "Platin-Fan-Paket",
    "l10n.gfnPlaytime": "10 Stunden GeForce Now On-Demand-Spielzeit",
    "l10n.firstToBetaTest": "Gehören Sie zu den ersten BETA-Testern neuer Funktionen",
    "l10n.invalidAmountOfTokens": "Ungültige Token-Menge eingegeben",
    "l10n.errorOneOrMoreTokens": "Für Gewinnchance 1 oder mehr Tokens einsetzen!",
    "l10n.errorAddMoreTokens": "Sie haben etwas eingesetzt und können gewinnen! Sie können weitere Tokens hinzufügen, aber keine entfernen",
    "l10n.errorTooManyTokens": "Netter Versuch! Anscheinend haben Sie nicht genug verfügbare Tokens zum Einsetzen",
    "l10n.agreeToRules": "Ich erkläre mich mit den <a ng-click=\"sweepstakeCtrl.showRules($event)\">Offiziellen Regeln</a> einverstanden",
    "l10n.agreeToRulesAndTnC": "Ich erkläre mich mit den <a ng-click=\"sweepstakeCtrl.showRules($event)\">Offiziellen Regeln</a> und den <a ng-click=\"sweepstakeCtrl.showTnC($event)\">Teilnahmebedingungen</a> einverstanden",
    "l10n.levels": "Levels",
    "l10n.level": "Stufe",
    "l10n.uptoXp": "bis zu {{value}} Erfahrungspunkte",
    "l10n.tokenRemaining": "{{number}} Token übrig",
    "l10n.tokensRemaining": "{{number}} Tokens übrig",
    "l10n.noTokensAvailable": "Keine Tokens verfügbar.",
    "l10n.errorSubmittingTokens": "Beim Versuch, Tokens einzureichen, ist ein Fehler aufgetreten.",
    "l10n.fileSelectionError": "Die gewählte Datei konnte nicht geladen werden. Die erforderliche Mindestgröße ist {{w}} x {{h}} px in den Formaten JPEG, PNG oder BMP.",
    "l10n.errorTryAgain": "Ein Fehler ist aufgetreten. Bitte versuchen Sie es zu einem späteren Zeitpunkt erneut.",
    "l10n.default": "Standard",
    "l10n.activityFeed": "Aktivitätenliste",
    "l10n.myRewards": "Meine Prämien",
    "l10n.enterTokensToWin": "Für Gewinnchance Tokens eingeben",
    "l10n.featuredMissionCountdown": "Top-Mission ─ läuft ab in {{countdown}}",
    "l10n.featuredMissionStartCountdown": "Top-Mission ─ beginnt in {{countdown}}",
    "l10n.featuredMissionEndCountdown": "Top-Mission ─ <span class=\"countdown\">endet in {{countdown}}</span>",
    "l10n.featuredMissionEnded": "Top-Mission ─ beendet",
    "l10n.weeklyMissionsCountdown": "Wöchentliche Missionen ─ Zurücksetzung erfolgt in {{countdown}}",
    "l10n.timelessMissions": "Zeitlose Missionen",
    "l10n.expiresIn": "Läuft ab in {{countdown}}",
    "l10n.gamersBio": "Spielerbiografie",
    "l10n.verificationOfUploadInProgress": "Unser Robot prüft Ihren Upload",
    "l10n.verificationSuccessfull": "Upload erfolgreich",
    "l10n.tryAnother": "ANDERE VERSUCHEN",
    "l10n.winnersAnnouncement": "Frühere Gewinner anzeigen",
    "l10n.minimumRequiredSize": "Die erforderliche Mindestgröße ist {{w}} x {{h}} px in den Formaten JPEG, PNG oder BMP",
    "l10n.levelUpToUnlock": "Höheres Stufe zum Freischalten",
    "l10n.save": "Speichern",
    "l10n.badges": "Abzeichen",
    "l10n.userTitle": "Benutzertitel – wählen Sie zur Auswahl Ihres Benutzertitels das Sternsymbol aus",
    "l10n.uptoFiveAchievements": "Wählen Sie bis zu fünf Erfolge zum Anzeigen in Ihrem Profil aus",
    "l10n.showcaseAchievements": "Ihre Erfolge anzeigen",
    "l10n.errorAchievements": "Beim Versuch, Erfolge zu aktualisieren, ist ein Fehler aufgetreten",
    "l10n.errorUserTitle": "Beim Versuch, den Benutzertitel zu aktualisieren, ist ein Fehler aufgetreten.",
    "l10n.someInfoMissing": "Es scheinen Informationen zu fehlen ...",
    "l10n.geforceCommunityProgram": "GeForce Community Pilot Program",
    "l10n.participateInCommunity": "Beteiligen Sie sich an der GeForce-Community, steigen Sie im Rang auf und holen Sie sich Prämien. Wenn Sie einen neuen Level erreichen, bleibt Ihr Status bis zum Ende des folgenden Kalenderjahres erhalten.",
    "l10n.aboutTokens": "Holen Sie sich Erfahrungspunkte, indem Sie Missionen abschließen.",
    "l10n.aboutXP": "Holen Sie sich Tokens, indem Sie jede Woche aktiv bleiben, und setzen Sie sie ein, um bei Verlosungen Prämien zu gewinnen.",
    "l10n.aboutRewards": "Sie können die folgenden Prämien bekommen. Aber schauen Sie öfter herein, denn hier ändert sich oft etwas.",
    "l10n.refreshProfile": "Profil aktualisieren",
    "l10n.tokensMinGpu": "GeForce GTX 950 oder TITAN X oder höher ist für die Eingabe von Tokens erforderlich",
    "l10n.newRewardsComingSoon": "Demnächst kommen neue Prämien!"
}
