{
    "l10n.chooseFromLatestCaptures": "Вибрати з останніх записів",
    "l10n.descriptionLimitReached": "Опис повинен містити не більше 250 знаків",
    "l10n.descriptionRequired": "Поле є обов'язковим для заповнення",
    "l10n.uploadFromPC": "Завантажити з ПК",
    "l10n.uploadProfileCover": "Завантажити обкладинку профіля",
    "l10n.activityLog": "Журнал активності",
    "l10n.latestCaptures": "Останні записи",
    "l10n.viewGallery": "Подивитися галерею",
    "l10n.recentlyUploaded": "Нещодавно завантажене",
    "l10n.turnOnShare": "Увімкнути загальний доступ",
    "l10n.recordingsCaptured": "Записів: <span class=\"md-accent foreground font-size-xl\">{{value}}</span>",
    "l10n.screenshotsCaptured": "Знімків екрану: <span class=\"md-accent foreground font-size-xl\">{{value}}</span>",
    "l10n.anselGamesValue": "Ansel-сусісних ігор: <span class=\"games-summary-value\">{{value}}</span>",
    "l10n.gamestreamGamesValue": "Gamestream-сусісні ігри та застосунки: <span class=\"games-summary-value\">{{value}}</span>",
    "l10n.installedGamesValue": "Знайдено ігор та застосунків: <span class=\"games-summary-value\">{{value}}</span>",
    "l10n.optimizedGamesValue": "Оптимізовано ігор та застосунків: <span class=\"games-summary-value\"></span>",
    "l10n.itsEmptyHere": "Тут порожньо",
    "l10n.noRecentlyUploaded": "Почніть завантажувати знімки екрану та відеозаписи",
    "l10n.noRecentlyCaptured": "Почніть роьити знімки екрану та записувати відео",
    "l10n.profileStatus": "Статус профіля",
    "l10n.featuredMission": "Вибрана місія",
    "l10n.userProfileTourString": "Додати аватар, напишіть біографію і змініть зображення на обкладенці",
    "l10n.userMissionTourString": "Виконуйте місії, отримуйте досвід і підвищуйте рівень",
    "l10n.userTokenTourString": "Набирайте жетони і отримуйте нагороди",
    "l10n.userDefaultBioString": "Разкажіть про себе",
    "l10n.missions": "Мисії",
    "l10n.totalXP": "{{value}} XP",
    "l10n.totalXPEach": "{{value}} XP кожен",
    "l10n.XPEarnedOutOf": "{{earned}}/{{total}} XP",
    "l10n.plusXP": "+ {{number}} XP",
    "l10n.plusXPEach": "+ {{number}} XP кожен",
    "l10n.xpStatus": "<span class=\"current-xp\">{{current}}</span>/{{upper}} XP",
    "l10n.xpRange": "Від {{lower}} до {{upper}} XP",
    "l10n.xpMax": "{{number}}+ XP",
    "l10n.plusXPPerWeek": "+ {{number}} XP за кожен наступний тиждень",
    "l10n.xp": "XP",
    "l10n.token": "Жетон",
    "l10n.tokens": "Жетони",
    "l10n.tokenCount": "<span class=\"tokens-text\">Жетонів:</span> {{value}}",
    "l10n.tokensCount": "<span class=\"tokens-text\">Жетонів:</span> {{value}}",
    "l10n.tokensInformation": "Ви отримуєте жетони щотижня, якщо за цей час ви набрали очки досвіду. Чим вище рівень, тим більше дається жетонів. За жетони ви берете участь в розіграші великих призів.",
    "l10n.xpInformation": "Заробляйте досвід за виконання місій. Особливі обрані місії доступні лише короткий час. Інші місії доступні тільки один раз або повторюються щотижня. Дивіться умови кожної з них.",
    "l10n.viewAll": "Показати все",
    "l10n.featuredReward": "Мега приз",
    "l10n.enterToWin": "Ви можете виграти: ",
    "l10n.enterNow": "Взяти участь",
    "l10n.hoverOnEachBadge": "Покажіть всьому світу, на що ви здатні! Перетягніть до 5 досягнень для їх відображення вгорі профілю. Натисніть на значок «Вибране», щоб зробити одне з них вашим титулом користувача.",
    "l10n.topBadges": "Мої головні досягнення (максимум 5)",
    "l10n.badgesDisplayed": "Значки, що відображаються в профілі (до 5)",
    "l10n.allAchievements": "Всі інші досягнення",
    "l10n.dragDropBadges": "Перетягніть окремі значки в розділ кращих значків",
    "l10n.officialRules": "Офіційні правила",
    "l10n.timeLeft": "Залишилось: {{countdown}}",
    "l10n.timeLeftToEnter": "Залишилось часу: {{countdown}}",
    "l10n.tokenEnteredSuccessfully": "Жетон успішно внесений!",
    "l10n.tokensEnteredSuccessfully": "Жетони внесені.",
    "l10n.enterTokens": "Внести жетони",
    "l10n.addMoreTokens": "Додати ще жетонів",
    "l10n.tokenEntered": "Жетон внесено",
    "l10n.tokensEntered": "Внесено жетонів",
    "l10n.addMore": "Додати ще",
    "l10n.numberOfWinners": "Кількість переможців: {{number}}",
    "l10n.entriesSoFar": "Всього заявок: {{entries}}",
    "l10n.today": "Сьогодні",
    "l10n.levelsInfo": "У кращих GeForce-геймерів платиновий рівень. А у вас? Все просто: виконуйте місії, заробляйте XP і переходите на срібний, золотий, а потім і платиновий рівень. Вже на срібному рівні ви почнете отримувати бонуси, а в міру зростання вони стануть тільки краще. Щороку у вас буде можливість підвищити рівень. Поточний рівень на 31 грудня 2017 року діє весь 2018 рік.",
    "l10n.redeemPerks": "Для активації бонусів перейдіть на вкладку \"МОЇ НАГОРОДИ\". Бонуси можна активувати тільки один раз на одну відеокарту.",
    "l10n.silver": "Срібний",
    "l10n.gold": "Золотий",
    "l10n.titanium": "Платиновий",
    "l10n.tokensPerWeekOne": "Отримуйте один жетон на тиждень",
    "l10n.tokensPerWeekThree": "Отримуйте три жетона на тиждень",
    "l10n.tokensPerWeekThree": "Отримуйте три жетона на тиждень",
    "l10n.tokensPerWeekEight": "Отримуйте вісім жетонів на тиждень",
    "l10n.freeIndieGame": "Безкоштовна щорічна інді-гра",
    "l10n.forumAdvancedFeatures": "Розширені можливості на форумах GeForce",
    "l10n.forumVipAccess": "VIP-доступ на форумах GeForce",
    "l10n.exclusiveOffers": "Ексклюзивні пропозиції",
    "l10n.discordAma": "Квартальні AMA в Discord",
    "l10n.geforceSkins": "Набір обкладинок GeForce",
    "l10n.titaniumFanKit": "Платиновий фанатський набір",
    "l10n.gfnPlaytime": "10 годин ігрового часу в GeForce Now за запитом",
    "l10n.firstToBetaTest": "Пріоритетний доступ до бета-тестування нових функцій",
    "l10n.invalidAmountOfTokens": "Введено неправильну кількість жетонів",
    "l10n.errorOneOrMoreTokens": "Внесіть 1 або кілька жетонів для перемоги!",
    "l10n.errorAddMoreTokens": "Ви берете участь! Ви можете додавати, але не забирати жетони",
    "l10n.errorTooManyTokens": "На жаль, у вас недостатньо жетонів для участі",
    "l10n.agreeToRules": "Я приймаю <a ng-click=\"sweepstakeCtrl.showRules($event)\">офіційні правила</a>",
    "l10n.agreeToRulesAndTnC": "Я приймаю <a ng-click=\"sweepstakeCtrl.showRules($event)\">офіційні правила</a> та <a ng-click=\"sweepstakeCtrl.showTnC($event)\">умови й положення</a>",
    "l10n.levels": "Рівні",
    "l10n.level": "Рівень",
    "l10n.uptoXp": "до {{value}} XP",
    "l10n.tokenRemaining": "Залишилось жетонів: {{number}}",
    "l10n.tokensRemaining": "Залишилось жетонів: {{number}}",
    "l10n.noTokensAvailable": "Жетонів немає",
    "l10n.errorSubmittingTokens": "Помилка при спробі надсилання жетонів",
    "l10n.fileSelectionError": "Не вдалося завантажити вибраний файл. Мінімальний розмір зображення у форматі JPEG, PNG і BMP становить {{w}} х {{h}} пікселей.",
    "l10n.errorTryAgain": "Виникла помилка. Повторіть спробу пізніше.",
    "l10n.default": "За замовчуванням",
    "l10n.activityFeed": "Стрічка активності",
    "l10n.myRewards": "Мої агороди",
    "l10n.enterTokensToWin": "Внесіть жетони для перемоги",
    "l10n.featuredMissionCountdown": "Вибрана місія ─ Закінчується через {{countdown}}",
    "l10n.featuredMissionStartCountdown": "Вибрана місія ─ Початок через {{countdown}}",
    "l10n.featuredMissionEndCountdown": "Вибрана місія ─ <span class=\"countdown\">Закінчення через {{countdown}}</span>",
    "l10n.featuredMissionEnded": "Вибрана місія ─ Завершено",
    "l10n.weeklyMissionsCountdown": "Щотижневі місії ─ будуть оновлені через {{countdown}}",
    "l10n.timelessMissions": "Постійні місії",
    "l10n.expiresIn": "Спливає через {{countdown}}",
    "l10n.gamersBio": "Біографія гравця",
    "l10n.verificationOfUploadInProgress": "Наш робот сканує надісланий вами файл",
    "l10n.verificationSuccessfull": "Надіслано",
    "l10n.tryAnother": "ОБЕРІТЬ ІНШИЙ ФАЙЛ",
    "l10n.winnersAnnouncement": "Переглянути попередніх переможців",
    "l10n.minimumRequiredSize": "Мінімальний розмір зображення у форматі JPEG, PNG і BMP становить {{w}} х {{h}} пікселей.",
    "l10n.levelUpToUnlock": "Підніміть рівень для розблокування",
    "l10n.save": "Зберегти",
    "l10n.badges": "Значки",
    "l10n.userTitle": "Заголовок користувача — натисніть на зірочку, щоб вибрати заголовок користувача",
    "l10n.uptoFiveAchievements": "Виберіть до 5 досягнень для відображення у профілі",
    "l10n.showcaseAchievements": "Показати досягнення",
    "l10n.errorAchievements": "Помилка при спробі оновлення досягнень",
    "l10n.errorUserTitle": "Помилка при спробі оновлення заголовка користувача",
    "l10n.someInfoMissing": "Можливо, деяка інформація відсутня",
    "l10n.geforceCommunityProgram": "Пілотна програма спільноти GeForce",
    "l10n.participateInCommunity": "Беріть участь у житті спільноти GeForce, щоб отримувати рівні та нагороди. Після переходу на новий рівень ваш статус залишиться до кінця наступного календарного року.",
    "l10n.aboutTokens": "Заробляйте очки досвіду (XP) за виконання місій.",
    "l10n.aboutXP": "Заробляйте жетони за щотижневу активність та вносьте їх заради нагород.",
    "l10n.aboutRewards": "Ви можете виграти такі нагороди. Не забудьте регулярно перевіряти, вони часто оновлюються.",
    "l10n.refreshProfile": "Оновити профіль",
    "l10n.tokensMinGpu": "Щоб внести жетони, потрібно GeForce GTX 950 або TITAN X і вище",
    "l10n.newRewardsComingSoon": "Нові нагороди вже скоро!"
}
