{
    "l10n.chooseFromLatestCaptures": "Elegir de la galería de capturas recientes",
    "l10n.descriptionLimitReached": "La descripción debe ser de menos de 250 caracteres",
    "l10n.descriptionRequired": "Esto es obligatorio",
    "l10n.uploadFromPC": "Cargar del ordenador",
    "l10n.uploadProfileCover": "Cargar portada de perfil",
    "l10n.activityLog": "Registro de actividad",
    "l10n.latestCaptures": "Capturas recientes",
    "l10n.viewGallery": "Ver Galería",
    "l10n.recentlyUploaded": "Cargado recientemente",
    "l10n.turnOnShare": "Activar modo Compartir",
    "l10n.recordingsCaptured": "<span class=\"md-accent foreground font-size-xl\">{{value}}</span> grabaciones",
    "l10n.screenshotsCaptured": "<span class=\"md-accent foreground font-size-xl\">{{value}}</span> capturas de pantalla",
    "l10n.anselGamesValue": "<span class=\"games-summary-value\">{{value}}</span> juegos compatibles con Ansel",
    "l10n.gamestreamGamesValue": "Hay <span class=\"games-summary-value\">{{value}}</span> juegos y aplicaciones listos para Gamestream",
    "l10n.installedGamesValue": "Se han encontrado <span class=\"games-summary-value\">{{value}}</span> juegos y aplicaciones",
    "l10n.optimizedGamesValue": "<span class=\"games-summary-value\"></span> juegos y aplicaciones están optimizados",
    "l10n.itsEmptyHere": "¡Aquí no hay nada!",
    "l10n.noRecentlyUploaded": "Empieza a cargar capturas de pantalla y vídeos grabados",
    "l10n.noRecentlyCaptured": "Empieza a hacer capturas de pantalla y grabar vídeos",
    "l10n.profileStatus": "Estado del perfil",
    "l10n.featuredMission": "Misión destacada",
    "l10n.userProfileTourString": "Añade tu avatar, escribe una biografía y actualiza la imagen de portada",
    "l10n.userMissionTourString": "Completa misiones y gana XP para subir de nivel",
    "l10n.userTokenTourString": "Acumula fichas y consigue premios",
    "l10n.userDefaultBioString": "Cuéntanos algo sobre ti",
    "l10n.missions": "Misiones",
    "l10n.totalXP": "{{value}} XP",
    "l10n.totalXPEach": "{{value}} XP cada uno",
    "l10n.XPEarnedOutOf": "{{earned}}/{{total}} XP",
    "l10n.plusXP": "+ {{number}} XP",
    "l10n.plusXPEach": "+ {{number}} XP cada uno",
    "l10n.xpStatus": "<span class=\"current-xp\">{{current}}</span>/{{upper}} XP",
    "l10n.xpRange": "{{lower}} XP a {{upper}} XP",
    "l10n.xpMax": "{{number}}+ XP",
    "l10n.plusXPPerWeek": "+ {{number}} XP por semana consecutiva",
    "l10n.xp": "XP",
    "l10n.token": "Ficha",
    "l10n.tokens": "Fichas",
    "l10n.tokenCount": "{{value}} <span class=\"tokens-text\">Ficha</span>",
    "l10n.tokensCount": "{{value}} <span class=\"tokens-text\">Fichas</span>",
    "l10n.tokensInformation": "Puedes ganar fichas cada semana, siempre y cuando hayas ganado XP durante este tiempo. Cuanto más alto sea tu nivel, más fichas vas a conseguir. Utiliza las fichas para tener la oportunidad de ganar los premios más deseados.",
    "l10n.xpInformation": "Gana puntos de experiencia (XP) al completar misiones. Una misión especial solo está disponible durante un tiempo limitado. Algunas misiones pueden estar disponibles solo una vez o pueden repetirse cada semana. Comprueba cada una de ellas para tener más detalles.",
    "l10n.viewAll": "Ver todo",
    "l10n.featuredReward": "Premio destacado",
    "l10n.enterToWin": "Entra para ganar: ",
    "l10n.enterNow": "Entra ahora",
    "l10n.hoverOnEachBadge": "¡Enséñale al mundo de qué pasta estás hecho! Arrastra y suelta hasta 5 logros para mostrar al principio de tu perfil. Haz clic en tu icono favorito para convertirlo en tu título de usuario.",
    "l10n.topBadges": "Mis mejores logros (máx. 5)",
    "l10n.badgesDisplayed": "Placas mostradas en tu perfil (máx. 5)",
    "l10n.allAchievements": "Todos los otros logros",
    "l10n.dragDropBadges": "Arrastra y suelta las placas para mostrar entre las placas principales de tu perfil",
    "l10n.officialRules": "Reglas oficiales",
    "l10n.timeLeft": "Tiempo restante: {{countdown}}",
    "l10n.timeLeftToEnter": "{{countdown}} restantes que introducir",
    "l10n.tokenEnteredSuccessfully": "¡Ficha introducida con éxito!",
    "l10n.tokensEnteredSuccessfully": "¡Las fichas se han introducido con éxito!",
    "l10n.enterTokens": "Introducir fichas",
    "l10n.addMoreTokens": "Añadir más fichas",
    "l10n.tokenEntered": "Ficha introducida",
    "l10n.tokensEntered": "Fichas introducidas",
    "l10n.addMore": "Añadir más",
    "l10n.numberOfWinners": "Número de ganadores: {{number}}",
    "l10n.entriesSoFar": "Entradas por ahora: {{entries}}",
    "l10n.today": "Hoy",
    "l10n.levelsInfo": "Los mejores jugadores GeForce son de nivel Platino. ¿Y tú? Subir de nivel es fácil: completa misiones para ganar puntos de experiencia (XP) con los que puede pasar del nivel Plata a Oro y a Platino. Recibe ventajas como miembro Plata y, según tus progresos, recibirás premios mejores. Cada año representa una nueva oportunidad para subir de nivel; tu nivel en el 31 de diciembre de 2017 durará durante todo 2018.",
    "l10n.redeemPerks": "Para canjear ventajas, vaya a la pestaña \"MIS PREMIOS\". Cada ventaja se puede desbloquear solo una vez por cada tarjeta gráfica.",
    "l10n.silver": "Plata",
    "l10n.gold": "Oro",
    "l10n.titanium": "Platino",
    "l10n.tokensPerWeekOne": "Consigue una ficha cada semana",
    "l10n.tokensPerWeekThree": "Consigue tres fichas cada semana",
    "l10n.tokensPerWeekEight": "Consigue ocho fichas cada semana",
    "l10n.freeIndieGame": "Videojuego independiente anual gratis",
    "l10n.forumAdvancedFeatures": "Funciones avanzadas en foros GeForce",
    "l10n.forumVipAccess": "Acceso VIP en foros GeForce",
    "l10n.exclusiveOffers": "Ofertas exclusivas",
    "l10n.discordAma": "AMA trimestral de Discord",
    "l10n.geforceSkins": "Paquete de máscaras GeForce",
    "l10n.titaniumFanKit": "Kit fan Platino",
    "l10n.gfnPlaytime": "10 horas de juego bajo demanda GeForce Now",
    "l10n.firstToBetaTest": "Prueba en exclusiva las nuevas características BETA",
    "l10n.invalidAmountOfTokens": "Cantidad de fichas introducidas no válida",
    "l10n.errorOneOrMoreTokens": "Introduzca 1 ficha o más para ganar.",
    "l10n.errorAddMoreTokens": "Ya ha entrado para ganar. Puede añadir más fichas, pero no puede eliminar ninguna",
    "l10n.errorTooManyTokens": "¡Buen intento! Parece que aún no tiene suficientes fichas disponibles para entrar en el",
    "l10n.agreeToRules": "Acepto las <a ng-click=\"sweepstakeCtrl.showRules($event)\">normas oficiales</a>",
    "l10n.agreeToRulesAndTnC": "Acepto las <a ng-click=\"sweepstakeCtrl.showRules($event)\">normas oficiales</a> y los <a ng-click=\"sweepstakeCtrl.showTnC($event)\">términos y condiciones</a>",
    "l10n.levels": "Niveles",
    "l10n.level": "Nivel",
    "l10n.uptoXp": "hasta {{value}} XP",
    "l10n.tokenRemaining": "{{number}} ficha restante",
    "l10n.tokensRemaining": "{{number}} fichas restantes",
    "l10n.noTokensAvailable": "Ninguna ficha disponible",
    "l10n.errorSubmittingTokens": "Se ha producido un error mientras se intentaban enviar fichas",
    "l10n.fileSelectionError": "No se ha podido cargar el archivo seleccionado. El tamaño mínimo requerido es {{w}} x {{h}} px en formatos JPEG, PNG y BMP.",
    "l10n.errorTryAgain": "Se ha producido un error. Inténtelo de nuevo más tarde.",
    "l10n.default": "Predeterminado",
    "l10n.activityFeed": "Fuente de actividad",
    "l10n.myRewards": "Mis premios",
    "l10n.enterTokensToWin": "Introducir fichas para ganar",
    "l10n.featuredMissionCountdown": "Misión destacada ─ Caduca en {{countdown}}",
    "l10n.featuredMissionStartCountdown": "Misión destacada ─ Comienza en {{countdown}}",
    "l10n.featuredMissionEndCountdown": "Misión destacada ─ <span class=\"countdown\">Finaliza en {{countdown}}</span>",
    "l10n.featuredMissionEnded": "Misión destacada ─ Finalizada",
    "l10n.weeklyMissionsCountdown": "Misiones semanales ─ Se reinicia en {{countdown}}",
    "l10n.timelessMissions": "Misiones sin tiempo",
    "l10n.expiresIn": "Caduca en {{countdown}}",
    "l10n.gamersBio": "Biografía del jugador",
    "l10n.verificationOfUploadInProgress": "Nuestro robot está escaneando su subida",
    "l10n.verificationSuccessfull": "Subida correcta",
    "l10n.tryAnother": "PRUEBE CON OTRO",
    "l10n.winnersAnnouncement": "Ver ganadores anteriores",
    "l10n.minimumRequiredSize": "El tamaño mínimo requerido es {{w}} x {{h}} px en formatos JPEG, PNG y BMP.",
    "l10n.levelUpToUnlock": "Suba de nivel para desbloquear",
    "l10n.save": "Guardar",
    "l10n.badges": "Placas",
    "l10n.userTitle": "Título de usuario: seleccione el icono de la estrella para seleccionar su título de usuario",
    "l10n.uptoFiveAchievements": "Elija hasta 5 logros para mostrar en su perfil",
    "l10n.showcaseAchievements": "Mostrar sus logros",
    "l10n.errorAchievements": "Se ha producido un error mientras se intentaban actualizar los logros",
    "l10n.errorUserTitle": "Se ha producido un error mientras se intentaba actualizar el título de usuario",
    "l10n.someInfoMissing": "Es posible que falte información",
    "l10n.geforceCommunityProgram": "Programa piloto de la comunidad de GeForce",
    "l10n.participateInCommunity": "Participe en la comunidad GeForce para subir de nivel y ganar premios. Cuando alcance un nuevo nivel, se conservará su estado hasta el final del siguiente año natural.",
    "l10n.aboutTokens": "Gane puntos de experiencia (XP) al completar misiones.",
    "l10n.aboutXP": "Gane fichas manteniéndose activo todas las semanas, e introdúzcalas para ganar premios en los sorteos.",
    "l10n.aboutRewards": "Puede ganar los siguientes premios. No obstante, compruebe con frecuencia las novedades, porque se actualizan a menudo.",
    "l10n.refreshProfile": "Actualizar perfil",
    "l10n.tokensMinGpu": "Se requiere una GeForce GTX 950 o TITAN X o superior para introducir fichas",
    "l10n.newRewardsComingSoon": "¡Próximamente habrá nuevos premios!"
}
