{
    "l10n.chooseFromLatestCaptures": "Elegir de las últimas capturas",
    "l10n.descriptionLimitReached": "La descripción debe tener menos de 250 caracteres.",
    "l10n.descriptionRequired": "Este campo es obligatorio.",
    "l10n.uploadFromPC": "Cargar desde el equipo",
    "l10n.uploadProfileCover": "Cargar portada de perfil",
    "l10n.activityLog": "Registro de actividad",
    "l10n.latestCaptures": "Últimas capturas",
    "l10n.viewGallery": "Ver Galería",
    "l10n.recentlyUploaded": "Cargados recientemente",
    "l10n.turnOnShare": "Activar la función Compartir",
    "l10n.recordingsCaptured": "<span class=\"md-accent foreground font-size-xl\">{{value}}</span> grabaciones",
    "l10n.screenshotsCaptured": "<span class=\"md-accent foreground font-size-xl\">{{value}}</span> capturas de pantalla",
    "l10n.anselGamesValue": "<span class=\"games-summary-value\">{{value}}</span> juegos compatibles para Ansel",
    "l10n.gamestreamGamesValue": "<span class=\"games-summary-value\">{{value}}</span> Juegos y aplicaciones listos para Gamestream",
    "l10n.installedGamesValue": "Se encontraron <span class=\"games-summary-value\">{{value}}</span> juegos y aplicaciones",
    "l10n.optimizedGamesValue": "Se optimizaron <span class=\"games-summary-value\"></span> juegos y aplicaciones",
    "l10n.itsEmptyHere": "¡Está vacío!",
    "l10n.noRecentlyUploaded": "Comience a cargar capturas de pantalla y videos grabados.",
    "l10n.noRecentlyCaptured": "Comience a realizar capturas de pantalla y a grabar videos.",
    "l10n.profileStatus": "Estado del perfil",
    "l10n.featuredMission": "Misión destacada",
    "l10n.userProfileTourString": "Agregue su Avatar, escriba su biografía y actualice su imagen de portada.",
    "l10n.userMissionTourString": "Complete misiones y gane puntos de experiencia (puntos XP) para subir de nivel.",
    "l10n.userTokenTourString": "Acumule fichas y obtenga recompensas.",
    "l10n.userDefaultBioString": "Cuente algo sobre usted.",
    "l10n.missions": "Misiones",
    "l10n.totalXP": "{{value}} puntos XP",
    "l10n.totalXPEach": "{{value}} puntos XP cada una",
    "l10n.XPEarnedOutOf": "{{earned}}/{{total}} puntos XP",
    "l10n.plusXP": "+ {{number}} puntos XP",
    "l10n.plusXPEach": "+ {{number}} puntos XP cada una",
    "l10n.xpStatus": "<span class=\"current-xp\">{{current}}</span>/{{upper}} PUNTOS XP",
    "l10n.xpRange": "{{lower}} XP A {{upper}} XP",
    "l10n.xpMax": "{{number}}+ XP",
    "l10n.plusXPPerWeek": "+ {{number}} puntos XP por semana consecutiva",
    "l10n.xp": "Puntos XP",
    "l10n.token": "Ficha",
    "l10n.tokens": "Fichas",
    "l10n.tokenCount": "{{value}} <span class=\"tokens-text\">Ficha</span>",
    "l10n.tokensCount": "{{value}} <span class=\"tokens-text\">Fichas</span>",
    "l10n.tokensInformation": "Una vez por semana usted ganará fichas, siempre y cuando haya obtenido algún punto XP durante ese período. Cuanto más alto sea su nivel, más fichas obtendrá. Use las fichas para ingresar a su oportunidad de ganar las enormes recompensas destacadas.",
    "l10n.xpInformation": "Gane puntos de experiencia (puntos XP) completando misiones. Una misión destacada especial solo se encuentra disponible durante un tiempo limitado. Otras misiones pueden estar disponibles solo una vez o pueden repetirse todas las semanas. Verifique cada una de ellas para conocer detalles.",
    "l10n.viewAll": "Ver todo",
    "l10n.featuredReward": "Recompensa destacada",
    "l10n.enterToWin": "Ingrese para ganar: ",
    "l10n.enterNow": "Ingrese ahora mismo",
    "l10n.hoverOnEachBadge": "¡Muéstrele al mundo de qué está hecho! Arrastre y coloque hasta 5 logros para mostrar en la parte superior de su perfil. Haga clic en su icono favorito para convertirlo en su título de usuario.",
    "l10n.topBadges": "Mis logros principales (máx. 5)",
    "l10n.badgesDisplayed": "Insignias mostradas en su perfil (máximo 5)",
    "l10n.allAchievements": "Todos los demás logros",
    "l10n.dragDropBadges": "Arrastre y suelte cada insignia para mostrarla entre las insignias principales.",
    "l10n.officialRules": "Reglas oficiales",
    "l10n.timeLeft": "Tiempo restante:{{countdown}}",
    "l10n.timeLeftToEnter": "{{countdown}} a la izquierda para ingresar",
    "l10n.tokenEnteredSuccessfully": "¡Ficha ingresada correctamente!",
    "l10n.tokensEnteredSuccessfully": "Fichas ingresadas correctamente.",
    "l10n.enterTokens": "Ingrese fichas",
    "l10n.addMoreTokens": "Agregue más fichas",
    "l10n.tokenEntered": "Ficha ingresada",
    "l10n.tokensEntered": "Fichas ingresadas",
    "l10n.addMore": "Agregue más",
    "l10n.numberOfWinners": "Número de ganadores: {{number}}",
    "l10n.entriesSoFar": "Entradas hasta el momento: {{entries}}",
    "l10n.today": "Hoy",
    "l10n.levelsInfo": "Los jugadores principales de GeForce son de Platino. ¿Lo es usted? Es fácil, solo tiene que aceptar misiones para ganar puntos de experiencia (puntos XP) que lo harán subir de nivel y pasar del nivel Plata a Oro y a Platino. Como miembro de Plata, usted obtiene gratificaciones de inmediato y, a medida que avanza, obtendrá recompensas mayores. Cada año es una nueva oportunidad de subir de nivel. El nivel que tenga el 31 de diciembre de 2017 durará hasta 2018.",
    "l10n.redeemPerks": "Para canjear gratificaciones, vaya a la pestaña \"MY REWARDS\" (\"MIS RECOMPENSAS\"). Cada gratificación puede canjearse solo una vez por tarjeta de gráficos.",
    "l10n.silver": "Plata",
    "l10n.gold": "Oro",
    "l10n.titanium": "Platino",
    "l10n.tokensPerWeekOne": "Obtenga una ficha por semana.",
    "l10n.tokensPerWeekThree": "Obtenga tres fichas por semana.",
    "l10n.tokensPerWeekEight": "Obtenga ocho fichas por semana.",
    "l10n.freeIndieGame": "Juego anual de la india gratuito",
    "l10n.forumAdvancedFeatures": "Características avanzadas en los foros de GeForce",
    "l10n.forumVipAccess": "Acceso VIP a los foros de GeForce",
    "l10n.exclusiveOffers": "Ofertas exclusivas",
    "l10n.discordAma": "Sesión trimestral de preguntas Ask Me Anything (AMA) por Discord",
    "l10n.geforceSkins": "Paquete de máscaras de GeForce",
    "l10n.titaniumFanKit": "Kit para fanáticos de Platino",
    "l10n.gfnPlaytime": "10 horas de juego a demanda con GeForce NOW",
    "l10n.firstToBetaTest": "Sea el primero en realizar la prueba beta de las nuevas características.",
    "l10n.invalidAmountOfTokens": "Cantidad de fichas ingresadas no válida",
    "l10n.errorOneOrMoreTokens": "¡Ingrese una o más fichas para ganar!",
    "l10n.errorAddMoreTokens": "¡Ingresó para ganar! Puede agregar más fichas, pero no elimine ninguna",
    "l10n.errorTooManyTokens": "¡Buen intento! Parece que no tiene suficientes fichas disponibles para ingresar",
    "l10n.agreeToRules": "Acepto las <a ng-click=\"sweepstakeCtrl.showRules($event)\">reglas oficiales</a>",
    "l10n.agreeToRulesAndTnC": "Acepto las <a ng-click=\"sweepstakeCtrl.showRules($event)\">reglas oficiales</a> y los <a ng-click=\"sweepstakeCtrl.showTnC($event)\">términos y condiciones</a>",
    "l10n.levels": "Niveles",
    "l10n.level": "Nivel",
    "l10n.uptoXp": "hasta {{value}} puntos XP",
    "l10n.tokenRemaining": "{{number}} ficha restante",
    "l10n.tokensRemaining": "{{number}} fichas restantes",
    "l10n.noTokensAvailable": "No hay ninguna ficha disponible",
    "l10n.errorSubmittingTokens": "Ha ocurrido un error al intentar enviar las fichas.",
    "l10n.fileSelectionError": "No se pudo cargar el archivo seleccionado. El tamaño mínimo requerido es {{w}} x {{h}} px en formato JPEG, PNG o BMP.",
    "l10n.errorTryAgain": "Se produjo un error. Vuelva a intentar más tarde.",
    "l10n.default": "Valor predeterminado",
    "l10n.activityFeed": "Fuente de actividades",
    "l10n.myRewards": "Mis recompensas",
    "l10n.enterTokensToWin": "Ingrese fichas para ganar",
    "l10n.featuredMissionCountdown": "Misión destacada. Vence el {{countdown}}",
    "l10n.featuredMissionStartCountdown": "Misión destacada. Inicia en {{countdown}}.",
    "l10n.featuredMissionEndCountdown": "Misión destacada. <span class=\"countdown\">Finaliza en {{countdown}}</span>.",
    "l10n.featuredMissionEnded": "Misión destacada. Finalizó.",
    "l10n.weeklyMissionsCountdown": "Misiones semanales. Se reinicia el {{countdown}}",
    "l10n.timelessMissions": "Misiones atemporales",
    "l10n.expiresIn": "Vence el {{countdown}}",
    "l10n.gamersBio": "Biografía del jugador",
    "l10n.verificationOfUploadInProgress": "Nuestro robot está revisando su carga",
    "l10n.verificationSuccessfull": "Carga satisfactoria",
    "l10n.tryAnother": "INTENTE CON OTRO",
    "l10n.winnersAnnouncement": "Ver ganadores anteriores",
    "l10n.minimumRequiredSize": "El tamaño mínimo requerido es {{w}} x {{h}} px en formato JPEG, PNG o BMP",
    "l10n.levelUpToUnlock": "Suba de nivel para desbloquear",
    "l10n.save": "Guardar",
    "l10n.badges": "Insignias",
    "l10n.userTitle": "Título de usuario: seleccione el icono de estrella para elegir su título de usuario",
    "l10n.uptoFiveAchievements": "Elija hasta 5 logros para destacar en su perfil",
    "l10n.showcaseAchievements": "Destaque sus logros",
    "l10n.errorAchievements": "Se produjo un error al intentar actualizar los logros",
    "l10n.errorUserTitle": "Se produjo un error al intentar actualizar el título de usuario",
    "l10n.someInfoMissing": "Es posible que falte algún tipo de información",
    "l10n.geforceCommunityProgram": "Programa experimental comunitario de GeForce",
    "l10n.participateInCommunity": "Participe en la comunidad de GeForce para subir de nivel y ganar recompensas. Cuando alcance un nuevo nivel, su estado seguirá siendo el mismo hasta que finalice el próximo año calendario.",
    "l10n.aboutTokens": "Gane XP completando misiones.",
    "l10n.aboutXP": "Para obtener fichas, permanezca activo cada semana e ingréselas para ganar recompensas por sorteo.",
    "l10n.aboutRewards": "Usted puede ganar las siguientes recompensas. Sin embargo, no deje de controlar, ya que se actualizan con frecuencia.",
    "l10n.refreshProfile": "Actualizar el perfil",
    "l10n.tokensMinGpu": "Para ingresar las fichas se necesita GeForce GTX 950, TITAN X o más alto.",
    "l10n.newRewardsComingSoon": "¡Nuevas recompensas están por llegar pronto!"
}
