{
    "l10n.chooseFromLatestCaptures": "Choisir dans les captures d'écran récentes",
    "l10n.descriptionLimitReached": "La description doit faire moins de 250 caractères",
    "l10n.descriptionRequired": "Ceci est requis",
    "l10n.uploadFromPC": "Uploader depuis le PC",
    "l10n.uploadProfileCover": "Uploader la couverture du profil",
    "l10n.activityLog": "Journal d'activité",
    "l10n.latestCaptures": "Captures d'écran récentes",
    "l10n.viewGallery": "Afficher la galerie",
    "l10n.recentlyUploaded": "Uploadés récemment",
    "l10n.turnOnShare": "Activer le partage",
    "l10n.recordingsCaptured": "<span class=\"md-accent foreground font-size-xl\">{{value}}</span> enregistrements",
    "l10n.screenshotsCaptured": "<span class=\"md-accent foreground font-size-xl\">{{value}}</span> captures d'écran",
    "l10n.anselGamesValue": "<span class=\"games-summary-value\">{{value}}</span> jeux pris en charge par Ansel",
    "l10n.gamestreamGamesValue": "<span class=\"games-summary-value\">{{value}}</span> jeux et applications compatibles avec Gamestream",
    "l10n.installedGamesValue": "<span class=\"games-summary-value\">{{value}}</span> jeux et applications trouvés",
    "l10n.optimizedGamesValue": "<span class=\"games-summary-value\"></span> jeux et applications optimisés",
    "l10n.itsEmptyHere": "Il n'y a pas grand monde, ici !",
    "l10n.noRecentlyUploaded": "Commencez à uploader des captures d'écran et des vidéos enregistrées",
    "l10n.noRecentlyCaptured": "Commencez à prendre des captures d'écran et à enregistrer des vidéos",
    "l10n.profileStatus": "État du profil",
    "l10n.featuredMission": "Mission à la une",
    "l10n.userProfileTourString": "Ajoutez votre avatar, écrivez votre biographie et mettez à jour votre image de couverture",
    "l10n.userMissionTourString": "Terminez des missions et gagnez de l'expérience pour monter de niveau",
    "l10n.userTokenTourString": "Collectionnez des jetons et gagnez des récompenses",
    "l10n.userDefaultBioString": "Dites quelque chose sur vous",
    "l10n.missions": "Missions",
    "l10n.totalXP": "{{value}} XP",
    "l10n.totalXPEach": "{{value}} XP chacun",
    "l10n.XPEarnedOutOf": "{{earned}}/{{total}} XP",
    "l10n.plusXP": "+ {{number}} XP",
    "l10n.plusXPEach": "+ {{number}} XP chacun",
    "l10n.xpStatus": "<span class=\"current-xp\">{{current}}</span>/{{upper}} XP",
    "l10n.xpRange": "{{lower}} XP vers {{upper}} XP",
    "l10n.xpMax": "{{number}}+ XP",
    "l10n.plusXPPerWeek": "+ {{number}} XP par semaine consécutive",
    "l10n.xp": "XP",
    "l10n.token": "Jeton",
    "l10n.tokens": "Jetons",
    "l10n.tokenCount": "{{value}} <span class=\"tokens-text\">jeton</span>",
    "l10n.tokensCount": "{{value}} <span class=\"tokens-text\">jetons</span>",
    "l10n.tokensInformation": "Vous gagnerez des jetons toutes les semaines si vous avez obtenu de l'expérience durant cette période. Plus votre niveau est élevé, plus vous gagnez de jetons. Utilisez vos jetons pour obtenir une chance de gagner les grosses récompenses à la une.",
    "l10n.xpInformation": "Gagnez des points d'expérience (XP) en effectuant des missions. Les missions spéciales à la une ne sont disponibles que pour une durée limitée. D'autres missions peuvent n'être disponibles qu'une seule fois ou être répétées toutes les semaines. Consultez chacune d'entre elles pour obtenir davantage de détails.",
    "l10n.viewAll": "Afficher tout",
    "l10n.featuredReward": "Récompense à la une",
    "l10n.enterToWin": "Participez pour gagner : ",
    "l10n.enterNow": "Participer maintenant",
    "l10n.hoverOnEachBadge": "Montrez au monde ce dont vous êtes fait ! Faites un glisser-déposer de jusqu'à 5 accomplissements à afficher en haut de votre profil. Cliquez sur une favicon pour faire de l'une d'entre eux votre titre d'utilisateur.",
    "l10n.topBadges": "Mes accomplissements principaux (5 max)",
    "l10n.badgesDisplayed": "Badges affichés sur votre profil (5 au maximum)",
    "l10n.allAchievements": "Tous les autres accomplissements",
    "l10n.dragDropBadges": "Faites un glisser-déposer des badges à afficher dans les meilleurs badges",
    "l10n.officialRules": "Règlement officiel",
    "l10n.timeLeft": "Temps restant : {{countdown}}",
    "l10n.timeLeftToEnter": "{{countdown}} restant(s) pour miser",
    "l10n.tokenEnteredSuccessfully": "Jeton misé !",
    "l10n.tokensEnteredSuccessfully": "Jetons misés !",
    "l10n.enterTokens": "Miser des jetons",
    "l10n.addMoreTokens": "Ajouter davantage de jetons",
    "l10n.tokenEntered": "Jeton misé",
    "l10n.tokensEntered": "Jetons misés",
    "l10n.addMore": "Ajouter davantage",
    "l10n.numberOfWinners": "Nombre de gagnants : {{number}}",
    "l10n.entriesSoFar": "Participations jusqu'ici : {{entries}}",
    "l10n.today": "Aujourd'hui",
    "l10n.levelsInfo": "Les meilleurs gamers GeForce ont le statut Platine. En faites-vous partie ? C'est simple, il vous suffit de faire des missions pour gagner des points d'expérience (XP) qui vous feront passer du statut Argent à Or, puis à Platine. Vous recevez déjà des avantages en tant que membre Argent, et les récompenses gagnent en importance au fur et à mesure de votre progression. Chaque année est une nouvelle chance de monter de niveau ; votre niveau au 31 décembre 2017 sera conservé pendant toute l'année 2018.",
    "l10n.redeemPerks": "Pour obtenir des avantages, rendez-vous dans l'onglet \"MES RÉCOMPENSES\". Chaque avantage ne peut être obtenu qu'une seule fois par carte graphique.",
    "l10n.silver": "Argent",
    "l10n.gold": "Or",
    "l10n.titanium": "Platine",
    "l10n.tokensPerWeekOne": "Obtenez 1 jeton par semaine",
    "l10n.tokensPerWeekThree": "Obtenez 3 jetons par semaine",
    "l10n.tokensPerWeekEight": "Obtenez 8 jetons par semaine",
    "l10n.freeIndieGame": "Jeu indépendant gratuit annuel",
    "l10n.forumAdvancedFeatures": "Fonctionnalités avancées sur les forums GeForce",
    "l10n.forumVipAccess": "Accès VIP aux forums GeForce",
    "l10n.exclusiveOffers": "Offres exclusives",
    "l10n.discordAma": "AMA trimestriel sur Discord",
    "l10n.geforceSkins": "Pack de skins GeForce",
    "l10n.titaniumFanKit": "Kit de fan Platine",
    "l10n.gfnPlaytime": "10 heures de jeu à la demande sur GeForce Now",
    "l10n.firstToBetaTest": "Bêta-testez en avant-première de nouvelles fonctionnalités",
    "l10n.invalidAmountOfTokens": "Quantité de jetons misés non valide",
    "l10n.errorOneOrMoreTokens": "Miser 1 ou plusieurs jetons pour gagner !",
    "l10n.errorAddMoreTokens": "Vous avez participé pour gagner ! Vous pouvez ajouter davantage de jetons, mais vous ne pouvez pas en enlever",
    "l10n.errorTooManyTokens": "Bien essayé ! On dirait que vous n'avez pas assez de jetons pour miser",
    "l10n.agreeToRules": "J'accepte le <a ng-click=\"sweepstakeCtrl.showRules($event)\">règlement officiel</a>",
    "l10n.agreeToRulesAndTnC": "J'accepte le <a ng-click=\"sweepstakeCtrl.showRules($event)\">règlement officiel</a> et les <a ng-click=\"sweepstakeCtrl.showTnC($event)\">conditions générales d'utilisation</a>",
    "l10n.levels": "Niveaux",
    "l10n.level": "Niveau",
    "l10n.uptoXp": "jusqu'à {{value}} XP",
    "l10n.tokenRemaining": "{{number}} jeton restant",
    "l10n.tokensRemaining": "{{number}} jetons restants",
    "l10n.noTokensAvailable": "Aucun jeton disponible",
    "l10n.errorSubmittingTokens": "Une erreur s'est produite lors de la tentative d'envoi de jetons",
    "l10n.fileSelectionError": "Impossible de charger le fichier sélectionné. La taille minimum requise est {{w}} x {{h}} px au format JPEG, PNG ou BMP.",
    "l10n.errorTryAgain": "Un problème est survenu. Veuillez réessayer ultérieurement.",
    "l10n.default": "Par défaut",
    "l10n.activityFeed": "Flux d'activité",
    "l10n.myRewards": "Mes récompenses",
    "l10n.enterTokensToWin": "Miser des jetons pour gagner",
    "l10n.featuredMissionCountdown": "Mission à la une ─ (Expire dans {{countdown}})",
    "l10n.featuredMissionStartCountdown": "Mission à la une ─ Démarre dans {{countdown}}",
    "l10n.featuredMissionEndCountdown": "Mission à la une ─ <span class=\"countdown\">Expire dans {{countdown}}</span>",
    "l10n.featuredMissionEnded": "Mission à la une ─ Terminée",
    "l10n.weeklyMissionsCountdown": "Missions hebdomadaires ─ (Réinitialisation dans {{countdown}})",
    "l10n.timelessMissions": "Missions permanentes",
    "l10n.expiresIn": "Expire dans {{countdown}}",
    "l10n.gamersBio": "Biographie du joueur",
    "l10n.verificationOfUploadInProgress": "Notre robot analyse votre upload",
    "l10n.verificationSuccessfull": "Upload terminé",
    "l10n.tryAnother": "ESSAYER UN AUTRE FICHIER",
    "l10n.winnersAnnouncement": "Afficher les précédents gagnants",
    "l10n.minimumRequiredSize": "La taille minimum requise est {{w}} x {{h}} px au format JPEG, PNG ou BMP",
    "l10n.levelUpToUnlock": "Montez de niveau pour déverrouiller",
    "l10n.save": "Enregistrer",
    "l10n.badges": "Badges",
    "l10n.userTitle": "Titre de l'utilisateur - Sélectionnez l'icône d'étoile pour sélectionner votre titre d'utilisateur",
    "l10n.uptoFiveAchievements": "Choisissez jusqu'à 5 accomplissements à mettre en évidence sur votre profil",
    "l10n.showcaseAchievements": "Mettez vos accomplissements en évidence",
    "l10n.errorAchievements": "Une erreur s'est produite lors de la tentative de mise à jour des accomplissements",
    "l10n.errorUserTitle": "Une erreur s'est produite lors de la tentative de mise à jour du titre de l'utilisateur",
    "l10n.someInfoMissing": "Certaines informations peuvent être absentes",
    "l10n.geforceCommunityProgram": "Programme pilote GeForce Community",
    "l10n.participateInCommunity": "Rejoignez la communauté GeForce pour accéder aux niveaux supérieurs et gagner des récompenses. Lorsque vous atteignez un nouveau niveau, vous conservez votre statut jusqu'à la fin de l'année qui suit.",
    "l10n.aboutTokens": "Gagnez des points d'expérience (XP) en effectuant des missions.",
    "l10n.aboutXP": "Gagnez des jetons en restant actif chaque semaine et en les misant pour gagner des récompenses publicitaires.",
    "l10n.aboutRewards": "Vous pouvez gagner les récompenses suivantes. Toutefois, n'oubliez pas de vérifier car elles sont souvent mises à jour.",
    "l10n.refreshProfile": "Actualiser le profil",
    "l10n.tokensMinGpu": "Une carte graphique GeForce GTX 950, TITAN X ou bien d'une version ultérieure est requise pour miser des jetons.",
    "l10n.newRewardsComingSoon": "De nouvelles récompenses seront bientôt disponibles !"
}
