{
    "l10n.chooseFromLatestCaptures": "Scegli una delle acquisizioni più recenti",
    "l10n.descriptionLimitReached": "La descrizione non deve contenere più di 250 caratteri",
    "l10n.descriptionRequired": "Campo obbligatorio",
    "l10n.uploadFromPC": "Carica da PC",
    "l10n.uploadProfileCover": "Carica copertina del profilo",
    "l10n.activityLog": "Registro attività",
    "l10n.latestCaptures": "Acquisizioni più recenti",
    "l10n.viewGallery": "Visualizza Galleria",
    "l10n.recentlyUploaded": "Caricati di recente",
    "l10n.turnOnShare": "Attiva condivisione",
    "l10n.recordingsCaptured": "<span class=\"md-accent foreground font-size-xl\">{{value}}</span> registrazioni",
    "l10n.screenshotsCaptured": "<span class=\"md-accent foreground font-size-xl\">{{value}}</span> screenshot",
    "l10n.anselGamesValue": "<span class=\"games-summary-value\">{{value}}</span> giochi supportati Ansel",
    "l10n.gamestreamGamesValue": "<span class=\"games-summary-value\">{{value}}</span> applicazioni e giochi idonei per Gamestream",
    "l10n.installedGamesValue": "<span class=\"games-summary-value\">{{value}}</span> giochi e applicazioni trovati",
    "l10n.optimizedGamesValue": "<span class=\"games-summary-value\"></span> giochi e applicazioni ottimizzati",
    "l10n.itsEmptyHere": "Ma... qui non c'è proprio nulla!",
    "l10n.noRecentlyUploaded": "Avvia il caricamento degli screenshot e la registrazione di video",
    "l10n.noRecentlyCaptured": "Avvia l’acquisizione degli screenshot e la registrazione di video",
    "l10n.profileStatus": "Stato profilo",
    "l10n.featuredMission": "Missione in evidenza",
    "l10n.userProfileTourString": "Aggiungi il tuo avatar, scrivi la tua biografia e aggiungi un’immagine di copertina",
    "l10n.userMissionTourString": "Completa le missioni e guadagna XP per salire di livello",
    "l10n.userTokenTourString": "Accumula gettoni e ottieni premi",
    "l10n.userDefaultBioString": "Parlaci di te",
    "l10n.missions": "Missioni",
    "l10n.totalXP": "{{value}} XP",
    "l10n.totalXPEach": "{{value}} XP ciascuno",
    "l10n.XPEarnedOutOf": "{{earned}}/{{total}} XP",
    "l10n.plusXP": "+ {{number}} XP",
    "l10n.plusXPEach": "+ {{number}} XP ciascuno",
    "l10n.xpStatus": "<span class=\"current-xp\">{{current}}</span>/{{upper}} XP",
    "l10n.xpRange": "{{lower}} XP su {{upper}} XP",
    "l10n.xpMax": "{{number}}+ XP",
    "l10n.plusXPPerWeek": "+ {{number}} XP per settimana consecutiva",
    "l10n.xp": "XP",
    "l10n.token": "Gettone",
    "l10n.tokens": "Gettoni",
    "l10n.tokenCount": "{{value}} <span class=\"tokens-text\">Gettone</span>",
    "l10n.tokensCount": "{{value}} <span class=\"tokens-text\">Gettoni</span>",
    "l10n.tokensInformation": "Ogni settimana riceverai nuovi gettoni, ma solo se avrai guadagnato XP. Più alto sarà il tuo livello, più gettoni riceverai. Usa i gettoni per avere la possibilità di vincere i premi in evidenza.",
    "l10n.xpInformation": "Ottieni punti esperienza (XP) completando le missioni. Le missioni speciali in evidenza sono disponibili solo per un periodo di tempo limitato. Altre missioni potrebbero essere disponibili una tantum, oppure verranno riproposte ogni settimana. Controlla ciascuna voce per ulteriori informazioni.",
    "l10n.viewAll": "Visualizza tutto",
    "l10n.featuredReward": "Premio in evidenza",
    "l10n.enterToWin": "Entra per vincere: ",
    "l10n.enterNow": "Entra subito",
    "l10n.hoverOnEachBadge": "Fai vedere a tutti di che pasta sei fatto! Trascina e rilascia 5 obiettivi che verranno mostrati in evidenza nel tuo profilo. Fai clic su una favicon per selezionarla come titolo utente.",
    "l10n.topBadges": "I miei obiettivi principali (max. 5)",
    "l10n.badgesDisplayed": "I badge visualizzati sul tuo profilo (max. 5)",
    "l10n.allAchievements": "Altri obiettivi",
    "l10n.dragDropBadges": "Seleziona e sposta i badge per visualizzarli fra i top badge",
    "l10n.officialRules": "Regole ufficiali",
    "l10n.timeLeft": "Tempo rimasto: {{countdown}}",
    "l10n.timeLeftToEnter": "Ancora {{countdown}} per poter partecipare",
    "l10n.tokenEnteredSuccessfully": "Gettone inserito correttamente!",
    "l10n.tokensEnteredSuccessfully": "Gettoni inseriti correttamente!",
    "l10n.enterTokens": "Inserisci gettoni",
    "l10n.addMoreTokens": "Aggiungi più gettoni",
    "l10n.tokenEntered": "Gettone inserito",
    "l10n.tokensEntered": "Gettoni inseriti",
    "l10n.addMore": "Aggiungi altro",
    "l10n.numberOfWinners": "Numero di vincitori: {{number}}",
    "l10n.entriesSoFar": "Partecipanti attuali: {{entries}}",
    "l10n.today": "Oggi",
    "l10n.levelsInfo": "I migliori giocatori GeForce sono di livello Platino. E tu? È facile, ti basta partecipare alle missioni per ottenere punti esperienza (XP) e passare da Argento, a Oro, fino a raggiungere il livello Platino. In qualità di membro Argento, otterrai subito alcuni vantaggi, e più progressi farai, maggiori saranno i premi che potrai ottenere. Ogni anno avrai una nuova opportunità di miglioramento: il livello raggiunto al 31 dicembre 2017 varrà per tutto il 2018.",
    "l10n.redeemPerks": "Per scoprire tutti i vantaggi a te riservati, vai alla scheda \"I MIEI PREMI\". Ogni premio può essere riscattato una sola volta per ogni scheda grafica.",
    "l10n.silver": "Argento",
    "l10n.gold": "Oro",
    "l10n.titanium": "Platino",
    "l10n.tokensPerWeekOne": "Ottieni un gettone a settimana",
    "l10n.tokensPerWeekThree": "Ottieni tre gettoni a settimana",
    "l10n.tokensPerWeekEight": "Ottieni otto gettoni a settimana",
    "l10n.freeIndieGame": "Gioco indipendente annuale gratuito",
    "l10n.forumAdvancedFeatures": "Funzioni avanzate sui forum GeForce",
    "l10n.forumVipAccess": "Accesso VIP sui forum GeForce",
    "l10n.exclusiveOffers": "Offerte esclusive",
    "l10n.discordAma": "AMA trimestrale Discord",
    "l10n.geforceSkins": "Pacchetto GeForce Skins",
    "l10n.titaniumFanKit": "Kit fan Platino",
    "l10n.gfnPlaytime": "10 ore di gioco GeForce Now on demand",
    "l10n.firstToBetaTest": "Prova in esclusiva le nuove funzioni in BETA",
    "l10n.invalidAmountOfTokens": "Il numero di gettoni inserito non è valido",
    "l10n.errorOneOrMoreTokens": "Inserisci 1 o più gettoni per vincere!",
    "l10n.errorAddMoreTokens": "Ora sei pronto per vincere! È possibile aggiungere altri gettoni, ma non è possibile rimuoverli",
    "l10n.errorTooManyTokens": "Bel tentativo! Non hai ancora abbastanza gettoni disponibili per poter partecipare",
    "l10n.agreeToRules": "Accetto il <a ng-click=\"sweepstakeCtrl.showRules($event)\">Regolamento ufficiale</a>",
    "l10n.agreeToRulesAndTnC": "Accetto il <a ng-click=\"sweepstakeCtrl.showRules($event)\">Regolamento ufficiale</a> e i <a ng-click=\"sweepstakeCtrl.showTnC($event)\">Termini e condizioni</a>",
    "l10n.levels": "Livelli",
    "l10n.level": "Livello",
    "l10n.uptoXp": "fino a {{value}} XP",
    "l10n.tokenRemaining": "{{number}} gettoni rimasti",
    "l10n.tokensRemaining": "{{number}} gettoni rimasti",
    "l10n.noTokensAvailable": "Nessun gettone disponibile",
    "l10n.errorSubmittingTokens": "Si è verificato un errore durante l’invio dei gettoni",
    "l10n.fileSelectionError": "Impossibile caricare il file selezionato. Le immagini devono avere una dimensione minima di {{w}} x {{h}} pixel e devono essere in formato JPEG, PNG o BMP.",
    "l10n.errorTryAgain": "Si è verificato un errore. Riprovare più tardi.",
    "l10n.default": "Predefinito",
    "l10n.activityFeed": "Riepilogo attività",
    "l10n.myRewards": "I miei premi",
    "l10n.enterTokensToWin": "Inserisci gettoni per vincere",
    "l10n.featuredMissionCountdown": "Missione in evidenza ─ Scade fra {{countdown}}",
    "l10n.featuredMissionStartCountdown": "Missione in evidenza ─ Comincia fra {{countdown}}",
    "l10n.featuredMissionEndCountdown": "Missione in evidenza ─ <span class=\"countdown\">Scade fra {{countdown}}</span>",
    "l10n.featuredMissionEnded": "Missione in evidenza ─ Scaduta",
    "l10n.weeklyMissionsCountdown": "Missioni settimanali ─ Verrà reimpostata fra {{countdown}}",
    "l10n.timelessMissions": "Missioni permanenti",
    "l10n.expiresIn": "Scade fra {{countdown}}",
    "l10n.gamersBio": "Profilo giocatore",
    "l10n.verificationOfUploadInProgress": "Il nostro robot sta analizzando i dati caricati",
    "l10n.verificationSuccessfull": "Caricamento riuscito",
    "l10n.tryAnother": "PROVA UN ALTRO FILE",
    "l10n.winnersAnnouncement": "Visualizza i vincitori passati",
    "l10n.minimumRequiredSize": "Le immagini devono avere una dimensione minima di {{w}} x {{h}} pixel e devono essere in formato JPEG, PNG o BMP",
    "l10n.levelUpToUnlock": "Per sbloccare quest’opzione è necessario salire di livello",
    "l10n.save": "Salva",
    "l10n.badges": "Badge",
    "l10n.userTitle": "Titolo utente - Fai clic sull’icona a forma di stella per scegliere un titolo utente",
    "l10n.uptoFiveAchievements": "Scegli fino a 5 obiettivi che verranno mostrati in evidenza sul tuo profilo.",
    "l10n.showcaseAchievements": "Mostra i tuoi obiettivi",
    "l10n.errorAchievements": "Si è verificato un errore durante il tentativo di aggiornamento degli obiettivi",
    "l10n.errorUserTitle": "Si è verificato un errore durante il tentativo di aggiornamento del titolo utente",
    "l10n.someInfoMissing": "Potrebbero mancare alcune informazioni",
    "l10n.geforceCommunityProgram": "Programma pilota community GeForce",
    "l10n.participateInCommunity": "Entra nella community GeForce per salire di livello e vincere tanti fantastici premi. Una volta raggiunto un nuovo livello, manterrai questa posizione fino alla fine dell’anno solare successivo.",
    "l10n.aboutTokens": "Ottieni punti esperienza (XP) completando le missioni.",
    "l10n.aboutXP": "Ottieni punti rimanendo attivo ogni settimana e utilizzali per vincere premi.",
    "l10n.aboutRewards": "Puoi vincere i seguenti premi. L’elenco viene aggiornato regolarmente, quindi ti consigliamo di tenerlo d’occhio ogni tanto.",
    "l10n.refreshProfile": "Aggiorna profilo",
    "l10n.tokensMinGpu": "Per inserire gettoni è necessaria una GeForce GTX 950, TITAN X o versioni successive.",
    "l10n.newRewardsComingSoon": "Nuovi premi in arrivo!"
}
