{
    "l10n.chooseFromLatestCaptures": "Velg fra de siste bildene",
    "l10n.descriptionLimitReached": "Beskrivelsen må være under 250 tegn",
    "l10n.descriptionRequired": "Dette er obligatorisk",
    "l10n.uploadFromPC": "Last opp fra PC",
    "l10n.uploadProfileCover": "Last opp profilcover",
    "l10n.activityLog": "Aktivitetslogg",
    "l10n.latestCaptures": "Nyeste bilder",
    "l10n.viewGallery": "Se Galleri",
    "l10n.recentlyUploaded": "Nylig opplastet",
    "l10n.turnOnShare": "Skru på Del",
    "l10n.recordingsCaptured": "<span class=\"md-accent foreground font-size-xl\">{{value}}</span> opptak",
    "l10n.screenshotsCaptured": "<span class=\"md-accent foreground font-size-xl\">{{value}}</span> skjermbilder",
    "l10n.anselGamesValue": "<span class=\"games-summary-value\">{{value}}</span> Ansel-støttede spill",
    "l10n.gamestreamGamesValue": "<span class=\"games-summary-value\">{{value}}</span> Gamestream-klare spill og applikasjoner",
    "l10n.installedGamesValue": "<span class=\"games-summary-value\">{{value}}</span> Spill og applikasjoner funnet",
    "l10n.optimizedGamesValue": "<span class=\"games-summary-value\"></span> spill og applikasjoner optimalisert",
    "l10n.itsEmptyHere": "Det er tomt her!",
    "l10n.noRecentlyUploaded": "Begynn opplasting av skjermbilder og innspilte videoer",
    "l10n.noRecentlyCaptured": "Start opptak av skjermbilder og videoer",
    "l10n.profileStatus": "Profilstatus",
    "l10n.featuredMission": "Utvalgt oppdrag",
    "l10n.userProfileTourString": "Legg til din avatar, skriv bio og oppdater coverbilde",
    "l10n.userMissionTourString": "Fullfør oppdrag og tjen XP for å gå opp i nivå",
    "l10n.userTokenTourString": "Samle tokens og få belønninger",
    "l10n.userDefaultBioString": "Si noe om deg selv",
    "l10n.missions": "Oppdrag",
    "l10n.totalXP": "{{value}} XP",
    "l10n.totalXPEach": "{{value}} XP hver",
    "l10n.XPEarnedOutOf": "{{earned}}/{{total}} XP",
    "l10n.plusXP": "+ {{number}} XP",
    "l10n.plusXPEach": "+ {{number}} XP hver",
    "l10n.xpStatus": "<span class=\"current-xp\">{{current}}</span>/{{upper}} XP",
    "l10n.xpRange": "{{lower}} XP til {{upper}} XP",
    "l10n.xpMax": "{{number}}+ XP",
    "l10n.plusXPPerWeek": "+ {{number}} XP per påfølgende uke",
    "l10n.xp": "XP",
    "l10n.token": "Token",
    "l10n.tokens": "Tokens",
    "l10n.tokenCount": "{{value}} <span class=\"tokens-text\">Token</span>",
    "l10n.tokensCount": "{{value}} <span class=\"tokens-text\">Tokens</span>",
    "l10n.tokensInformation": "Hver uke vil du tjene Tokens, så lenge du fikk noe XP i løpet av den perioden. Jo høyere nivå, jo flere Tokens vil du få. Bruk Tokens for å melde deg på din sjanse til å vinne store Utvalgte premier",
    "l10n.xpInformation": "Tjen Erfaringspoeng (XP) ved å fullføre oppdrag. Et spesielt Utvalgt oppdrag er kun tilgjengelig for en begrenset periode. Andre oppdrag kan være tilgjengelige kun en gang, eller kan gjentas hver uke. Sjekk hvert enkelt for detaljer.",
    "l10n.viewAll": "Vis alt",
    "l10n.featuredReward": "Utvalgt premie",
    "l10n.enterToWin": "Meld deg på for å vinne: ",
    "l10n.enterNow": "Meld deg på nå",
    "l10n.hoverOnEachBadge": "Vis verden hva som bor i deg! Dra og slipp opp til 5 prestasjoner som vil vises øverst på profilen din. Klikk på favorittikonet ditt for å gjøre det til din brukertittel.",
    "l10n.topBadges": "Mine topp-prestasjoner (maks 5)",
    "l10n.badgesDisplayed": "Badges vist på din profil (maks. 5)",
    "l10n.allAchievements": "Alle andre prestasjoner",
    "l10n.dragDropBadges": "Dra og slipp individuelle badges for å vise i topp badges",
    "l10n.officialRules": "Offisielle regler",
    "l10n.timeLeft": "Gjenværende tid: {{countdown}}",
    "l10n.timeLeftToEnter": "{{countdown}} venstre for å bruke",
    "l10n.tokenEnteredSuccessfully": "Tokens ble lagt inn!",
    "l10n.tokensEnteredSuccessfully": "Tokens ble lagt inn!",
    "l10n.enterTokens": "Legg inn tokens",
    "l10n.addMoreTokens": "Legg til flere tokens",
    "l10n.tokenEntered": "Token lagt inn",
    "l10n.tokensEntered": "Tokens lagt inn",
    "l10n.addMore": "Legg til flere",
    "l10n.numberOfWinners": "Antall vinnere: {{number}}",
    "l10n.entriesSoFar": "Innmeldelser så langt: {{entries}}",
    "l10n.today": "I dag",
    "l10n.levelsInfo": "Topp GeForce-spillere er Platinum. Er du? Det er enkelt, bare påta deg oppdrag for å tjene erfaringspoeng (XP) som vil øke nivået ditt fra Sølv til Gull til Platinum. Du får fordeler med en gang som Sølv-medlem, og ettersom du går videre, vil du få større premier. Hvert år er en ny mulighet til å øke nivået. Ditt nivå den 31. desember 2017 vil vare ut 2018.",
    "l10n.redeemPerks": "Gå til fanen \"MINE BELØNNINGER\" for å løse inn fordeler. Hver fordel kan kun løses inn en gang per grafikkort.",
    "l10n.silver": "Sølv",
    "l10n.gold": "Gull",
    "l10n.titanium": "Platinum",
    "l10n.tokensPerWeekOne": "Få en token per uke",
    "l10n.tokensPerWeekThree": "Få tre tokens per uke",
    "l10n.tokensPerWeekEight": "Få åtte tokens per uke",
    "l10n.freeIndieGame": "Gratis årlig indie-spill",
    "l10n.forumAdvancedFeatures": "Avanserte funksjoner i GeForce-forum",
    "l10n.forumVipAccess": "VIP-tilgang i GeForce-forum",
    "l10n.exclusiveOffers": "Eksklusive tilbud",
    "l10n.discordAma": "Discord kvartalsvis AMA",
    "l10n.geforceSkins": "GeForce skallpakke",
    "l10n.titaniumFanKit": "Platinum fansett",
    "l10n.gfnPlaytime": "10 timer med GeForce Now spilletid on-demand",
    "l10n.firstToBetaTest": "Bli den første til å BETA-teste nye funksjoner",
    "l10n.invalidAmountOfTokens": "Ugyldig mengde tokens lagt inn",
    "l10n.errorOneOrMoreTokens": "Bruk 1 eller flere tokens for å vinne!",
    "l10n.errorAddMoreTokens": "Du har meldt deg på! Du kan legge til flere tokens, men ikke fjerne noen",
    "l10n.errorTooManyTokens": "Godt forsøk! Det ser ut til at du ikke har nok tokens tilgjengelig for bruk",
    "l10n.agreeToRules": "Jeg godtar de <a ng-click=\"sweepstakeCtrl.showRules($event)\">Offisielle reglene</a>",
    "l10n.agreeToRulesAndTnC": "Jeg samtykker til de <a ng-click=\"sweepstakeCtrl.showRules($event)\">offisielle reglene</a> og <a ng-click=\"sweepstakeCtrl.showTnC($event)\">bestemmelser og vilkår</a>",
    "l10n.levels": "Nivåer",
    "l10n.level": "Nivå",
    "l10n.uptoXp": "opptil {{value}} XP",
    "l10n.tokenRemaining": "{{number}} token igjen",
    "l10n.tokensRemaining": "{{number}} polletter igjen",
    "l10n.noTokensAvailable": "Ingen tokens tilgjengelige",
    "l10n.errorSubmittingTokens": "Det oppstod en feil mens du prøvde å sende polletter",
    "l10n.fileSelectionError": "Kan ikke laste den valgte filen. Minimumskrav på størrelse er {{w}} x{{h}}piksler i JPEG-, PNG- eller BMP-format.",
    "l10n.errorTryAgain": "Noe gikk galt. Prøv på nytt senere.",
    "l10n.default": "Standardinnstilling",
    "l10n.activityFeed": "Aktivitets-feed",
    "l10n.myRewards": "Mye belønninger",
    "l10n.enterTokensToWin": "Legg inn tokens for å vinne",
    "l10n.featuredMissionCountdown": "Utvalgt oppdrag - utløper om {{countdown}}",
    "l10n.featuredMissionStartCountdown": "Utvalgt oppdrag - starter om {{countdown}}",
    "l10n.featuredMissionEndCountdown": "Utvalgt oppdrag - <span class=\"countdown\"> avsluttes om {{countdown}}</span>",
    "l10n.featuredMissionEnded": "Utvalgt oppdrag -  avsluttet",
    "l10n.weeklyMissionsCountdown": "Ukentlige oppdrag - nullstilles om {{countdown}}",
    "l10n.timelessMissions": "Tidsløse oppdrag",
    "l10n.expiresIn": "Utløper om {{countdown}}",
    "l10n.gamersBio": "Spillers bio",
    "l10n.verificationOfUploadInProgress": "Roboten vår skanner opplastingen din",
    "l10n.verificationSuccessfull": "Opplasting vellykket",
    "l10n.tryAnother": "PRØV EN ANNEN",
    "l10n.winnersAnnouncement": "Se tidligere vinnere",
    "l10n.minimumRequiredSize": "Minimumskrav på størrelse er {{w}} x{{h}}piksler i JPEG-, PNG- eller BMP-format",
    "l10n.levelUpToUnlock": "Gå opp et nivå for å låse opp",
    "l10n.save": "Lagre",
    "l10n.badges": "Badges",
    "l10n.userTitle": "Brukertittel - Velg stjerneikonet for å velge din brukertittel",
    "l10n.uptoFiveAchievements": "Velg opp til 5 prestasjoner som vil vises på profilen din",
    "l10n.showcaseAchievements": "Vis frem dine prestasjoner",
    "l10n.errorAchievements": "Det oppstod en feil mens du prøvde å oppdatere prestasjoner",
    "l10n.errorUserTitle": "Det oppstod en feil mens du prøvde å oppdatere brukertittel",
    "l10n.someInfoMissing": "Noe informasjon kan mangle",
    "l10n.geforceCommunityProgram": "GeForce Community Pilot Program",
    "l10n.participateInCommunity": "Del i GeForce-fellesskapet for å gå opp i nivå og opptjene belønninger. Når du når et nytt nivå, vil statusen vare til slutten av det neste kalenderåret.",
    "l10n.aboutTokens": "Tjen erfaringspoeng (XP) ved å fullføre oppdrag.",
    "l10n.aboutXP": "Få tokens ved å være aktiv hver uke, og bruk dem for å vinne i trekningsbelønninger.",
    "l10n.aboutRewards": "Du kan opptjene følgende belønninger. Men du bør fortsette å sjekke, da de oppdateres ofte.",
    "l10n.refreshProfile": "Oppdater profil",
    "l10n.tokensMinGpu": "Et GeForce GTX 950 eller TITAN X eller høyere er nødvendig for å legge inn tokens.",
    "l10n.newRewardsComingSoon": "Nye premier kommer snart!"
}
