{
    "l10n.chooseFromLatestCaptures": "Wybierz z ostatnio przechwyconych",
    "l10n.descriptionLimitReached": "Opis musi mieć długość mniejszą niż 250 znaków",
    "l10n.descriptionRequired": "To jest wymagane",
    "l10n.uploadFromPC": "Prześlij z komputera",
    "l10n.uploadProfileCover": "Prześlij stronę tytułową profilu",
    "l10n.activityLog": "Dziennik aktywności",
    "l10n.latestCaptures": "Ostatnio przechwycone",
    "l10n.viewGallery": "Zobacz galerię",
    "l10n.recentlyUploaded": "Ostatnio przesłane",
    "l10n.turnOnShare": "Włącz udostępnianie",
    "l10n.recordingsCaptured": "Liczba nagrań: <span class=\"md-accent foreground font-size-xl\">{{value}}</span>",
    "l10n.screenshotsCaptured": "Liczba zrzutów ekranu: <span class=\"md-accent foreground font-size-xl\">{{value}}</span>",
    "l10n.anselGamesValue": "Liczba gier z obsługą technologii Ansel: <span class=\"games-summary-value\">{{value}}</span>",
    "l10n.gamestreamGamesValue": "Gry i aplikacje przystosowane do technologii Gamestream: <span class=\"games-summary-value\">{{value}}</span>",
    "l10n.installedGamesValue": "Znalezione gry i aplikacje: <span class=\"games-summary-value\">{{value}}</span>",
    "l10n.optimizedGamesValue": "Zoptymalizowane gry i aplikacje: <span class=\"games-summary-value\"></span>",
    "l10n.itsEmptyHere": "Tak tu pusto!",
    "l10n.noRecentlyUploaded": "Zacznij przesyłać zrzuty ekranów i nagrane filmy",
    "l10n.noRecentlyCaptured": "Zacznij wykonywać zrzuty ekranów i nagrywanie filmów",
    "l10n.profileStatus": "Stan profilu",
    "l10n.featuredMission": "Wyróżniona misja",
    "l10n.userProfileTourString": "Dodaj swój awatar, napisz biografię i uaktualnij obraz tytułowy",
    "l10n.userMissionTourString": "Ukończ misje i zdobądź punkty doświadczenia, aby osiągnąć wyższy poziom",
    "l10n.userTokenTourString": "Zbieraj żetony i zdobywaj nagrody",
    "l10n.userDefaultBioString": "Powiedz coś o sobie",
    "l10n.missions": "Misje",
    "l10n.totalXP": "{{value}} pkt. XP",
    "l10n.totalXPEach": "{{value}} pkt. XP każda",
    "l10n.XPEarnedOutOf": "{{earned}}/{{total}} pkt. XP",
    "l10n.plusXP": "+ {{number}} pkt. XP",
    "l10n.plusXPEach": "+ {{number}} pkt. XP każda",
    "l10n.xpStatus": "<span class=\"current-xp\">{{current}}</span>/{{upper}} PKT DOŚW.",
    "l10n.xpRange": "Od {{lower}} PKT DOŚW. do {{upper}} PKT DOŚW.",
    "l10n.xpMax": "{{number}}+ PKT DOŚW.",
    "l10n.plusXPPerWeek": "+ {{number}} pkt. XP na kolejny tydz.",
    "l10n.xp": "Pkt. XP",
    "l10n.token": "Żeton",
    "l10n.tokens": "Żetony",
    "l10n.tokenCount": "{{value}} <span class=\"tokens-text\">Żeton</span>",
    "l10n.tokensCount": "{{value}} <span class=\"tokens-text\">Żetony</span>",
    "l10n.tokensInformation": "Co tydzień będziesz otrzymywać żetony, o ile uzyskałeś w tym okresie punkty doświadczenia. Im wyższy poziom, tym więcej dostaniesz żetonów. Użyj żetonów, aby skorzystać z szansy zdobycia dużych wyróżnionych nagród.",
    "l10n.xpInformation": "Zdobywaj punkty doświadczenia (pkt. XP), wykonując misje. Specjalna Wyróżniona misja jest dostępna tylko przez ograniczony czas. Inne misje mogą być dostępne tylko raz lub powtarzalne co tydzień. Sprawdź ich szczegółowe informacje.",
    "l10n.viewAll": "Wyświetl wszystkie",
    "l10n.featuredReward": "Wyróżniona nagroda",
    "l10n.enterToWin": "Weź udział, aby wygrać: ",
    "l10n.enterNow": "Weź udział teraz",
    "l10n.hoverOnEachBadge": "Pokaż światu, co potrafisz! Przeciągnij i upuść maksymalnie 5 osiągnięć do wyświetlania u góry swojego profilu. Kliknij ulubioną ikonę, aby utworzyć swój tytuł użytkownika.",
    "l10n.topBadges": "Moje najlepsze osiągnięcia (maks. 5)",
    "l10n.badgesDisplayed": "Odznaki wyświetlane w Twoim profilu (maks. 5)",
    "l10n.allAchievements": "Wszystkie pozostałe osiągnięcia",
    "l10n.dragDropBadges": "Przeciągnij i upuść poszczególne odznaki, aby wyświetlić je w obszarze najlepszych odznak",
    "l10n.officialRules": "Oficjalne zasady",
    "l10n.timeLeft": "Pozostały czas: {{countdown}}",
    "l10n.timeLeftToEnter": "Pozostało {{countdown}} do wejścia",
    "l10n.tokenEnteredSuccessfully": "Żeton wprowadzony pomyślnie!",
    "l10n.tokensEnteredSuccessfully": "Żetony wprowadzone pomyślnie!",
    "l10n.enterTokens": "Wprowadź żetony",
    "l10n.addMoreTokens": "Dodaj więcej żetonów",
    "l10n.tokenEntered": "Żeton wprowadzony",
    "l10n.tokensEntered": "Żetony wprowadzone",
    "l10n.addMore": "Dodaj więcej",
    "l10n.numberOfWinners": "Liczba zwycięzców: {{number}}",
    "l10n.entriesSoFar": "Liczba wpisów do tej pory: {{entries}}",
    "l10n.today": "Dzisiaj",
    "l10n.levelsInfo": "Najlepsi gracze GeForce mają poziom Platynowy. Czy jesteś wśród nich? To proste, wystarczy podjąć misje, aby zdobyć punkty doświadczenia (pkty. XP), które pozwolą zmienić poziom ze Srebrnego, na Złoty i Platynowy. Od razu otrzymujesz uprawnienia z poziomu Srebrnego, a w miarę robienia postępów otrzymasz większe nagrody. Każdy rok to nowa szansą na podniesienie poziomu; twój poziom z dnia 31 grudnia 2017 r. potrwa przez cały rok 2018.",
    "l10n.redeemPerks": "Aby zrealizować premie, przejdź do karty „MOJE NAGRODY”. Każda premia może być zrealizowana tylko raz na kartę graficzną.",
    "l10n.silver": "Srebrny",
    "l10n.gold": "Złoty",
    "l10n.titanium": "Platynowy",
    "l10n.tokensPerWeekOne": "Uzyskaj jeden żeton w tygodniu",
    "l10n.tokensPerWeekThree": "Uzyskaj trzy żetony w tygodniu",
    "l10n.tokensPerWeekEight": "Uzyskaj osiem żetonów w tygodniu",
    "l10n.freeIndieGame": "Bezpłatna coroczna gra niezależnych",
    "l10n.forumAdvancedFeatures": "Zaawansowane funkcje na forach GeForce",
    "l10n.forumVipAccess": "Dostęp VIP na forach GeForce",
    "l10n.exclusiveOffers": "Oferty specjalne",
    "l10n.discordAma": "Kwartalny wywiad AMA w usłudze Discord",
    "l10n.geforceSkins": "Pakiet karnacji GeForce",
    "l10n.titaniumFanKit": "Zestaw wentylatorów Platynowy",
    "l10n.gfnPlaytime": "10 godzin gry GeForce Now na żądanie",
    "l10n.firstToBetaTest": "Zapoznaj się najpierw z nowymi funkcjami testowymi BETA",
    "l10n.invalidAmountOfTokens": "Wpisano nieprawidłową liczbę żetonów",
    "l10n.errorOneOrMoreTokens": "Wprowadź co najmniej 1 żeton, aby wygrać!",
    "l10n.errorAddMoreTokens": "Teraz możesz wygrać! Możesz dodać więcej żetonów, ale nie możesz żadnego usunąć",
    "l10n.errorTooManyTokens": "Niezła próba! Wygląda na to, że nie masz jeszcze wystarczającej liczby żetonów, aby wziąć udział",
    "l10n.agreeToRules": "Zgadzam się na <a ng-click=\"sweepstakeCtrl.showRules($event)\">Oficjalne zasady</a>",
    "l10n.agreeToRulesAndTnC": "Zgadzam się na <a ng-click=\"sweepstakeCtrl.showRules($event)\">Oficjalne zasady</a> i <a ng-click=\"sweepstakeCtrl.showTnC($event)\">Warunki</a>",
    "l10n.levels": "Poziomy",
    "l10n.level": "Poziom",
    "l10n.uptoXp": "do {{value}} pkt. XP",
    "l10n.tokenRemaining": "Liczba pozostałych żetonów: {{number}}",
    "l10n.tokensRemaining": "Liczba pozostałych żetonów: {{number}}",
    "l10n.noTokensAvailable": "Brak dostępnych żetonów",
    "l10n.errorSubmittingTokens": "Wystąpił błąd podczas przesyłania żetonów.",
    "l10n.fileSelectionError": "Nie można załadować wybranego pliku. Minimalny wymagany rozmiar to {{w}} x {{h}} px w formacie JPEG, PNG i BMP.",
    "l10n.errorTryAgain": "Coś nie wyszło. Spróbuj ponownie później.",
    "l10n.default": "Domyślne",
    "l10n.activityFeed": "Kanał aktywności",
    "l10n.myRewards": "Moje nagrody",
    "l10n.enterTokensToWin": "Wprowadź żetony, aby wygrać",
    "l10n.featuredMissionCountdown": "Wyróżniona misja — wygaśnie za {{countdown}}",
    "l10n.featuredMissionStartCountdown": "Wyróżniona misja — rozpoczyna się za {{countdown}}",
    "l10n.featuredMissionEndCountdown": "Wyróżniona misja — <span class=\"countdown\">wygaśnie za {{countdown}}</span>",
    "l10n.featuredMissionEnded": "Wyróżniona misja — zakończona",
    "l10n.weeklyMissionsCountdown": "Misje cotygodniowe — zresetowanie za {{countdown}}",
    "l10n.timelessMissions": "Misje nieograniczone czasowo",
    "l10n.expiresIn": "Wygasa za {{countdown}}",
    "l10n.gamersBio": "Biografia gracza",
    "l10n.verificationOfUploadInProgress": "Nasz robot skanuje wysłane przez Ciebie pliki",
    "l10n.verificationSuccessfull": "Wysyłanie powiodło się",
    "l10n.tryAnother": "SPRÓBUJ INNEJ",
    "l10n.winnersAnnouncement": "Zobacz poprzednich zwycięzców",
    "l10n.minimumRequiredSize": "Minimalny wymagany rozmiar to {{w}} x {{h}} px w formacie JPEG, PNG i BMP",
    "l10n.levelUpToUnlock": "Wejdź na wyższy poziom, aby odblokować",
    "l10n.save": "Zapisz",
    "l10n.badges": "Odznaki",
    "l10n.userTitle": "Tytuł użytkownika — wybierz ikonę gwiazdki, aby wybrać tytuł użytkownika",
    "l10n.uptoFiveAchievements": "Wybierz maksymalnie 5 osiągnięć do wyświetlania w swoim profilu.",
    "l10n.showcaseAchievements": "Zaprezentuj swoje osiągnięcia",
    "l10n.errorAchievements": "Wystąpił błąd podczas aktualizacji osiągnięć",
    "l10n.errorUserTitle": "Wystąpił błąd podczas aktualizacji tytułu użytkownika",
    "l10n.someInfoMissing": "Być może brakuje niektórych informacji",
    "l10n.geforceCommunityProgram": "Program pilotowy społeczności GeForce",
    "l10n.participateInCommunity": "Bierz udział w życiu społeczności GeForce, aby podnosić swój poziom i zdobywać nagrody. Po osiągnięciu nowego poziomu Twój stan nie zmienia się do końca następującego roku kalendarzowego.",
    "l10n.aboutTokens": "Uzyskaj punkty doświadczenia (pkt DOŚW.), wykonując misje.",
    "l10n.aboutXP": "Zdobywaj żetony, pozostając aktywnym w każdym tygodniu, i wprowadzaj je, aby brać udział w losowaniu nagród.",
    "l10n.aboutRewards": "Możesz uzyskać poniższe nagrody. Jednak wracaj tutaj, gdyż często się zmieniają.",
    "l10n.refreshProfile": "Odśwież profil",
    "l10n.tokensMinGpu": "Aby wprowadzić żetony, wymagana jest karta GeForce GTX 950 lub TITAN X",
    "l10n.newRewardsComingSoon": "Nowe nagrody już wkrótce!"
}
