{
    "l10n.chooseFromLatestCaptures": "Выбрати з останніх записів",
    "l10n.descriptionLimitReached": "Опис повинен містити не більше 250 знаків",
    "l10n.descriptionRequired": "Поле є обов'язковим для заповнення",
    "l10n.uploadFromPC": "Завантажити з ПК",
    "l10n.uploadProfileCover": "Завантажити обкладинку профіля",
    "l10n.activityLog": "Журнал активності",
    "l10n.latestCaptures": "Останні записи",
    "l10n.viewGallery": "Подивитися галерею",
    "l10n.recentlyUploaded": "Нещодавно завантажене",
    "l10n.turnOnShare": "Увімкнути загальний доступ",
    "l10n.recordingsCaptured": "Записів: <span class=\"md-accent foreground font-size-xl\">{{value}}</span>",
    "l10n.screenshotsCaptured": "Знімків екрану: <span class=\"md-accent foreground font-size-xl\">{{value}}</span>",
    "l10n.anselGamesValue": "Ansel-сусісних ігор: <span class=\"games-summary-value\">{{value}}</span>",
    "l10n.gamestreamGamesValue": "Gamestream-сусісні ігри та застосунки: <span class=\"games-summary-value\">{{value}}</span>",
    "l10n.installedGamesValue": "Знайдено ігор та застосунків: <span class=\"games-summary-value\">{{value}}</span>",
    "l10n.optimizedGamesValue": "Оптимізовано ігор та застосунків: <span class=\"games-summary-value\"></span>",
    "l10n.itsEmptyHere": "Тут порожньо",
    "l10n.noRecentlyUploaded": "Почніть завантажувати знімки екрану та відеозаписи",
    "l10n.noRecentlyCaptured": "Почніть роьити знімки екрану та записувати відео",
    "l10n.profileStatus": "Статус профіля",
    "l10n.featuredMission": "Вибрана місія",
    "l10n.userProfileTourString": "Додати аватар, напишіть біографію і змініть зображення на обкладенці",
    "l10n.userMissionTourString": "Виконуйте місії, отримуйте досвід і підвищуйте рівень",
    "l10n.userTokenTourString": "Набирайте жетони і отримуйте нагороди",
    "l10n.userDefaultBioString": "Разкажіть про себе",
    "l10n.missions": "Мисії",
    "l10n.totalXP": "{{value}} XP",
    "l10n.totalXPEach": "{{value}} XP кожен",
    "l10n.XPEarnedOutOf": "{{earned}}/{{total}} XP",
    "l10n.plusXP": "+ {{number}} XP",
    "l10n.plusXPEach": "+ {{number}} XP кожен",
    "l10n.xpStatus": "<span class=\"current-xp\">{{current}}</span>/{{upper}} XP",
    "l10n.xpRange": "Від {{lower}} до {{upper}} XP",
    "l10n.xpMax": "{{number}}+ XP",
    "l10n.plusXPPerWeek": "+ {{number}} XP за кожен наступний тиждень",
    "l10n.xp": "XP",
    "l10n.token": "Жетон",
    "l10n.tokens": "Жетони",
    "l10n.tokenCount": "<span class=\"tokens-text\">Жетонів:</span> {{value}}",
    "l10n.tokensCount": "<span class=\"tokens-text\">Жетонів:</span> {{value}}",
    "l10n.tokensInformation": "Ви отримуєте жетони щотижня, якщо за цей час ви набрали очки досвіду. Чим вище рівень, тим більше дається жетонів. За жетони ви берете участь в розіграші великих призів.",
    "l10n.xpInformation": "Заробляйте досвід за виконання місій. Особливі обрані місії доступні лише короткий час. Інші місії доступні тільки один раз або повторюються щотижня. Дивіться умови кожної з них.",
    "l10n.viewAll": "Показати все",
    "l10n.featuredReward": "Мега приз",
    "l10n.enterToWin": "Ви можете виграти: ",
    "l10n.enterNow": "Взяти участь",
    "l10n.hoverOnEachBadge": "Покажіть всьому світу, на що ви здатні! Перетягніть до 5 досягнень для їх відображення вгорі профілю. Натисніть на значок «Вибране», щоб зробити одне з них вашим титулом користувача.",
    "l10n.topBadges": "Мої головні досягнення (максимум 5)",
    "l10n.badgesDisplayed": "Значки, що відображаються в профілі (до 5)",
    "l10n.allAchievements": "Всі інші досягнення",
    "l10n.dragDropBadges": "Перетягніть окремі значки в розділ кращих значків",
    "l10n.officialRules": "Офіційні правила",
    "l10n.timeLeft": "Залишилось: {{countdown}}",
    "l10n.timeLeftToEnter": "Залишилось часу: {{countdown}}",
    "l10n.tokenEnteredSuccessfully": "Жетон успішно внесений!",
    "l10n.tokensEnteredSuccessfully": "Жетони внесені.",
    "l10n.enterTokens": "Внести жетони",
    "l10n.addMoreTokens": "Додати ще жетонів",
    "l10n.tokenEntered": "Жетон внесений",
    "l10n.tokensEntered": "Внесено жетонів",
    "l10n.addMore": "Додати ще",
    "l10n.numberOfWinners": "Кількість переможців: {{number}}",
    "l10n.entriesSoFar": "Всього заявок: {{entries}}",
    "l10n.today": "Сьогодні",
    "l10n.levelsInfo": "У кращих GeForce-геймерів платиновий рівень. А у вас? Все просто: виконуйте місії, заробляйте XP і переходите на срібний, золотий, а потім і платиновий рівень. Вже на срібному рівні ви почнете отримувати бонуси, а в міру зростання вони стануть тільки краще. Щороку у вас буде можливість підвищити рівень. Поточний рівень на 31 грудня 2017 року діє весь 2018 рік.",
    "l10n.redeemPerks": "Для активації бонусів перейдіть на вкладку \"МОИ НАГРАДЫ\". Бонуси можна активувати тільки один раз на одну відеокарту.",
    "l10n.silver": "Срібний",
    "l10n.gold": "Золотий",
    "l10n.titanium": "Платиновий",
    "l10n.tokensPerWeekOne": "Отримуйте один жетон на тиждень",
    "l10n.tokensPerWeekThree": "Получаете три жетона в неделю",
    "l10n.tokensPerWeekThree": "Получаете три жетона в неделю",
    "l10n.tokensPerWeekEight": "Получаете восемь жетонов в неделю",
    "l10n.freeIndieGame": "Бесплатная ежегодная инди-игра",
    "l10n.forumAdvancedFeatures": "Расширенные возможности на форумах GeForce",
    "l10n.forumVipAccess": "VIP-доступ на форумах GeForce",
    "l10n.exclusiveOffers": "Эксклюзивные предложения",
    "l10n.discordAma": "Квартальные AMA в Discord",
    "l10n.geforceSkins": "Набор обложек GeForce",
    "l10n.titaniumFanKit": "Платиновый фанатский набор",
    "l10n.gfnPlaytime": "10 часов игрового времени в GeForce Now по запросу",
    "l10n.firstToBetaTest": "Приоритетный доступ к бета-тестированию новых функций",
    "l10n.invalidAmountOfTokens": "Введено неверное количество жетонов",
    "l10n.errorOneOrMoreTokens": "Внесите 1 или несколько жетонов для победы!",
    "l10n.errorAddMoreTokens": "Вы участвуете! Вы можете добавлять, но не забирать жетоны",
    "l10n.errorTooManyTokens": "К сожалению, у вас недостаточно жетонов для участия",
    "l10n.agreeToRules": "Я принимаю <a ng-click=\"sweepstakeCtrl.showRules($event)\">официальные правила</a>",
    "l10n.agreeToRulesAndTnC": "Я принимаю <a ng-click=\"sweepstakeCtrl.showRules($event)\">официальные правила</a> и <a ng-click=\"sweepstakeCtrl.showTnC($event)\">условия и положения</a>",
    "l10n.levels": "Уровни",
    "l10n.level": "Уровень",
    "l10n.uptoXp": "до {{value}} XP",
    "l10n.tokenRemaining": "Осталось жетонов: {{number}}",
    "l10n.tokensRemaining": "Осталось жетонов: {{number}}",
    "l10n.noTokensAvailable": "Жетонов нет",
    "l10n.errorSubmittingTokens": "Ошибка при попытке отправки жетонов",
    "l10n.fileSelectionError": "Не удалось загрузить выбранный файл. Минимальный размер изображения в формате JPEG, PNG и BMP составляет {{w}} х {{h}} пикселей.",
    "l10n.errorTryAgain": "Произошла ошибка. Повторите попытку позже.",
    "l10n.default": "По умолчанию",
    "l10n.activityFeed": "Лента активности",
    "l10n.myRewards": "Мои награды",
    "l10n.enterTokensToWin": "Внесите жетоны для победы",
    "l10n.featuredMissionCountdown": "Избранная миссия ─ истекает через {{countdown}}",
    "l10n.featuredMissionStartCountdown": "Избранная миссия ─ Начало через {{countdown}}",
    "l10n.featuredMissionEndCountdown": "Избранная миссия ─ <span class=\"countdown\">Окончание через {{countdown}}</span>",
    "l10n.featuredMissionEnded": "Избранная миссия ─ Завершено",
    "l10n.weeklyMissionsCountdown": "Еженедельные миссии ─ будут обновлены через {{countdown}}",
    "l10n.timelessMissions": "Постоянные миссии",
    "l10n.expiresIn": "Истекает через {{countdown}}",
    "l10n.gamersBio": "Биография игрока",
    "l10n.verificationOfUploadInProgress": "Наш робот сканирует отправленный вами файл",
    "l10n.verificationSuccessfull": "Отправлено",
    "l10n.tryAnother": "ВЫБЕРИТЕ ДРУГОЙ ФАЙЛ",
    "l10n.winnersAnnouncement": "Посмотреть предыдущих победителей",
    "l10n.minimumRequiredSize": "Минимальный размер изображения в формате JPEG, PNG и BMP составляет {{w}} х {{h}} пикселей.",
    "l10n.levelUpToUnlock": "Поднимите уровень для разблокировки",
    "l10n.save": "Сохранить",
    "l10n.badges": "Значки",
    "l10n.userTitle": "Пользовательский заголовок — нажмите на звездочку, чтобы выбрать пользовательский заголовок",
    "l10n.uptoFiveAchievements": "Выберите до 5 достижений для отображения в профиле",
    "l10n.showcaseAchievements": "Показать достижения",
    "l10n.errorAchievements": "Ошибка при попытке обновления достижений",
    "l10n.errorUserTitle": "Ошибка при попытке обновления пользовательского заголовка",
    "l10n.someInfoMissing": "Возможно, некоторая информация отсутствует",
    "l10n.geforceCommunityProgram": "Пилотная программа сообщества GeForce",
    "l10n.participateInCommunity": "Участвуйте в жизни сообщества GeForce, чтобы получать уровни и награды. После перехода на новый уровень ваш статус останется до конца следующего календарного года.",
    "l10n.aboutTokens": "Зарабатывайте очки опыта (XP) за выполнение миссий.",
    "l10n.aboutXP": "Зарабатывайте жетоны за еженедельную активность и вносите их ради наград.",
    "l10n.aboutRewards": "Вы можете выиграть следующие награды. Не забудьте регулярно проверять, они часто обновляются.",
    "l10n.refreshProfile": "Обновить профиль",
    "l10n.tokensMinGpu": "Чтобы внести жетоны, требуется GeForce GTX 950 или TITAN X и выше",
    "l10n.newRewardsComingSoon": "Новые награды уже скоро!"
}
