{
    "l10n.chooseFromLatestCaptures": "Välj från skärmklipp",
    "l10n.descriptionLimitReached": "Beskrivningen måste vara kortare än 250 tecken",
    "l10n.descriptionRequired": "Detta är obligatoriskt",
    "l10n.uploadFromPC": "Ladda upp från PC",
    "l10n.uploadProfileCover": "Ladda upp profilomslag",
    "l10n.activityLog": "Aktivitetslogg",
    "l10n.latestCaptures": "Senaste skärmklipp",
    "l10n.viewGallery": "Visa galleri",
    "l10n.recentlyUploaded": "Nyligen uppladdad",
    "l10n.turnOnShare": "Sätt på dela",
    "l10n.recordingsCaptured": "<span class=\"md-accent foreground font-size-xl\">{{value}}</span> inspelningar",
    "l10n.screenshotsCaptured": "<span class=\"md-accent foreground font-size-xl\">{{value}}</span> skärmbilder",
    "l10n.anselGamesValue": "<span class=\"games-summary-value\">{{value}}</span> Ansel-spel som stöds",
    "l10n.gamestreamGamesValue": "<span class=\"games-summary-value\">{{value}}</span> Spel och program klara för Gamestream",
    "l10n.installedGamesValue": "<span class=\"games-summary-value\">{{value}}</span> Spel och program hittades",
    "l10n.optimizedGamesValue": "<span class=\"games-summary-value\"></span> spel och program optimerade",
    "l10n.itsEmptyHere": "Det är tomt härinne!",
    "l10n.noRecentlyUploaded": "Börja laddda upp skärmbilder och inspelade videor",
    "l10n.noRecentlyCaptured": "Börja ta skärmbilder och spela in videor",
    "l10n.profileStatus": "Profilstatus",
    "l10n.featuredMission": "Aktuellt uppdrag",
    "l10n.userProfileTourString": "Lägg till din Avatar, skriv en biografi och uppdatera omslagsbild",
    "l10n.userMissionTourString": "Slutför uppdrag och tjäna XP för att gå upp en nivå",
    "l10n.userTokenTourString": "Samla symboler och bli belönad",
    "l10n.userDefaultBioString": "Berätta någonting om dig själv",
    "l10n.missions": "Uppdrag",
    "l10n.totalXP": "{{value}} XP",
    "l10n.totalXPEach": "{{value}} XP vardera",
    "l10n.XPEarnedOutOf": "{{earned}}/{{total}} XP",
    "l10n.plusXP": "+ {{number}} XP",
    "l10n.plusXPEach": "+ {{number}} XP vardera",
    "l10n.xpStatus": "<span class=\"current-xp\">{{current}}</span>/{{upper}} XP",
    "l10n.xpRange": "{{lower}} XP till {{upper}} XP",
    "l10n.xpMax": "{{number}} + XP",
    "l10n.plusXPPerWeek": "+ {{number}} XP per följande vecka",
    "l10n.xp": "XP",
    "l10n.token": "Symbol",
    "l10n.tokens": "Symboler",
    "l10n.tokenCount": "{{value}}<span class=\"tokens-text\">Symbol</span>",
    "l10n.tokensCount": "{{value}} <span class=\"tokens-text\">Symboler</span>",
    "l10n.tokensInformation": "Varje vecka som du tjänar erfarenhetspoäng får du polletter. Ju högre nivå, desto fler polletter får du. Använd polletter för att ha chans att vinna storvinsterna.",
    "l10n.xpInformation": "Tjäna erfarenhetspoäng (XP) genom att slutföra uppdrag. Ett specialuppdrag är bara tillgängligt under en begränsad tid. Andra uppdrag kan vara tillgängliga endast en gång, eller kan upprepas varje vecka. Kolla var och en för detaljer.",
    "l10n.viewAll": "Visa allt",
    "l10n.featuredReward": "Aktuella belöningar",
    "l10n.enterToWin": "Ange för att vinna: ",
    "l10n.enterNow": "Ange nu",
    "l10n.hoverOnEachBadge": "Visa världen vad du går för! Dra och släpp upp till 5 bedrifter som visas överst på din profil.   Klicka på favoritikonen för att göra den till din användartitel.",
    "l10n.topBadges": "Mina bästa bedrifter (max. 5)",
    "l10n.badgesDisplayed": "Emblem visade på din profil (max 5)",
    "l10n.allAchievements": "Alla andra bedrifter",
    "l10n.dragDropBadges": "Drag och släpp individuella emblem som ska visas överst",
    "l10n.officialRules": "Officiella regler",
    "l10n.timeLeft": "Tid som är kvar: {{countdown}}",
    "l10n.timeLeftToEnter": "{{countdown}} vänster för att delta",
    "l10n.tokenEnteredSuccessfully": "Symbolen har angetts framgångsrikt!",
    "l10n.tokensEnteredSuccessfully": "Symboler har framgångsrikt angetts!",
    "l10n.enterTokens": "Ange symboler",
    "l10n.addMoreTokens": "Lägg till fler polletter",
    "l10n.tokenEntered": "Symbolen har angetts",
    "l10n.tokensEntered": "Symbolerna angivna",
    "l10n.addMore": "Lägg till mer",
    "l10n.numberOfWinners": "Antal vinnare: {{number}}",
    "l10n.entriesSoFar": "Inträden hittills: {{entries}}",
    "l10n.today": "Idag",
    "l10n.levelsInfo": "De främsta GeForce-spelarna är platina. Är du? Det är enkelt, ta dig bara an uppdrag för att tjäna erfarenhetspoäng (XP) som kommer att ta dig från nivå silver, till guld, till platina. Som silvermedlem får du förmånerna direkt och i takt med dina framsteg får du större belöningar. Varje år utgör ett nytt tillfälle att gå upp i nivå; din nivå den 31:a december 2017 kommer att räcka hela 2018.",
    "l10n.redeemPerks": "Gå till fliken Mina belöningar för att lösa in förmåner. Varje förmån kan endast lösas in en gång per grafikkort.",
    "l10n.silver": "Silver",
    "l10n.gold": "Guld",
    "l10n.titanium": "Platina",
    "l10n.tokensPerWeekOne": "Få en symbol per vecka",
    "l10n.tokensPerWeekThree": "Få tre symboler per vecka",
    "l10n.tokensPerWeekEight": "Få åtta symboler per vecka",
    "l10n.freeIndieGame": "Kostnadsfritt årligt indie-spel",
    "l10n.forumAdvancedFeatures": "Avancerade funktioner i GeForce-forumen",
    "l10n.forumVipAccess": "VIP-tillgång till GeForce-forumen",
    "l10n.exclusiveOffers": "Exklusiva erbjudanden",
    "l10n.discordAma": "Discord kvartalsvis AMA",
    "l10n.geforceSkins": "GeForce skalpack",
    "l10n.titaniumFanKit": "Platina Fan kit",
    "l10n.gfnPlaytime": "10 timmar av GeForce finns nu att spela på begäran",
    "l10n.firstToBetaTest": "Var först med att BETA-testa de nya funktionerna",
    "l10n.invalidAmountOfTokens": "Ogiltigt antal angivna symboler",
    "l10n.errorOneOrMoreTokens": "Ange 1 eller fler polletter för att vinna!",
    "l10n.errorAddMoreTokens": "Du deltar för att vinna! Du kan lägga till fler polletter, men inte ta bort någon",
    "l10n.errorTooManyTokens": "Bra försök! Det ser ut som du inte har tillräckligt med polletter för att delta",
    "l10n.agreeToRules": "Jag godkänner tävlingens <a ng-click=\"sweepstakeCtrl.showRules($event)\">officiella regler</a>",
    "l10n.agreeToRulesAndTnC": "Jag går med på denna tävlingens <a ng-click=\"sweepstakeCtrl.showRules($event)\">officiella regler</a> och <a ng-click=\"sweepstakeCtrl.showTnC($event)\">dess bestämmelser och villkor</a>",
    "l10n.levels": "Nivåer",
    "l10n.level": "Nivå",
    "l10n.uptoXp": "upp till {{value}} XP",
    "l10n.tokenRemaining": "{{number}} symbol återstår",
    "l10n.tokensRemaining": "{{number}} återstående symboler",
    "l10n.noTokensAvailable": "Inga symboler tillgängliga",
    "l10n.errorSubmittingTokens": "Ett fel inträffade när symboler skulle skickas",
    "l10n.fileSelectionError": "Den markerade filen kunde inte laddas. Minimistorlek är {{w}} x {{h}} px i JPEG-, PNG- eller BMP-format.",
    "l10n.errorTryAgain": "Något gick fel. Försök igen senare.",
    "l10n.default": "Standard",
    "l10n.activityFeed": "Aktivitetslogg",
    "l10n.myRewards": "Mina belöningar",
    "l10n.enterTokensToWin": "Ange symboler för att vinna",
    "l10n.featuredMissionCountdown": "Aktuellt uppdrag – går ut inom {{countdown}}",
    "l10n.featuredMissionStartCountdown": "Aktuellt uppdrag – Börjar om {{countdown}}",
    "l10n.featuredMissionEndCountdown": "Aktuellt uppdrag – <span class=\"countdown\">Slutar om {{countdown}}</span>",
    "l10n.featuredMissionEnded": "Aktuellt uppdrag – Avslutat",
    "l10n.weeklyMissionsCountdown": "Veckouppdrag – återställs inom {{countdown}}",
    "l10n.timelessMissions": "Permanenta uppdrag",
    "l10n.expiresIn": "Går ut inom {{countdown}}",
    "l10n.gamersBio": "Spelares biografi",
    "l10n.verificationOfUploadInProgress": "Vår robot skannar din uppladdning",
    "l10n.verificationSuccessfull": "Uppladdningen lyckades",
    "l10n.tryAnother": "PRÖVA EN ANNAN",
    "l10n.winnersAnnouncement": "Visa tidigare vinnare",
    "l10n.minimumRequiredSize": "Minimistorlek som krävs är {{w}} x {{h}} px i JPEG-, PNG- eller BMP-format.",
    "l10n.levelUpToUnlock": "Höj nivå för att låsa upp",
    "l10n.save": "Spara",
    "l10n.badges": "Emblem",
    "l10n.userTitle": "Användartitel – välj stjärnikonen för att ange användartitel",
    "l10n.uptoFiveAchievements": "Välj upp till 5 bedrifter att visa överst på din profil",
    "l10n.showcaseAchievements": "Visa dina bedrifter",
    "l10n.errorAchievements": "Ett fel inträffade när bedrifterna uppdaterades",
    "l10n.errorUserTitle": "Ett fel inträffade när användartitel uppdaterades",
    "l10n.someInfoMissing": "Det kan hända att information saknas",
    "l10n.geforceCommunityProgram": "GeForce Community Pilot Program",
    "l10n.participateInCommunity": "Delta i GeForce Community för att gå upp i nivå och få belöningar. När du når en ny nivå, varar din status till slutet av följande kalenderår.",
    "l10n.aboutTokens": "Tjäna erfarenhetspoäng (XP) genom att slutföra uppdrag.",
    "l10n.aboutXP": "Få polletter genom att vara aktiv varje vecka och ange dem för att vinna tävlingspriser.",
    "l10n.aboutRewards": "Du kan tjäna följande belöningar. Fortsätt bara komma tillbaka, eftersom de ofta uppdateras.",
    "l10n.refreshProfile": "Uppdatera profil",
    "l10n.tokensMinGpu": "En GeForce GTX 950, TITAN X eller högre krävs för att använda tokens",
    "l10n.newRewardsComingSoon": "Nya belöningar kommer snart!"
}
