{
    "l10n.chooseFromLatestCaptures": "เลือกจากการบันทึกล่าสุด",
    "l10n.descriptionLimitReached": "คำอธิบายจะต้องมีอักขระไม่เกิน 250 ตัว",
    "l10n.descriptionRequired": "ต้องกรอกข้อมูล",
    "l10n.uploadFromPC": "อัปโหลดภาพจากพีซี",
    "l10n.uploadProfileCover": "อัปโหลดหน้าปกโปรไฟล์",
    "l10n.activityLog": "บันทึกกิจกรรม",
    "l10n.latestCaptures": "การบันทึกล่าสุด",
    "l10n.viewGallery": "ดูแกลเลอรี",
    "l10n.recentlyUploaded": "อัปโหลดล่าสุด",
    "l10n.turnOnShare": "เปิดการแชร์",
    "l10n.recordingsCaptured": "<span class=\"md-accent foreground font-size-xl\">{{value}}</span> การบันทึก",
    "l10n.screenshotsCaptured": "<span class=\"md-accent foreground font-size-xl\">{{value}}</span> ภาพหน้าจอ",
    "l10n.anselGamesValue": "<span class=\"games-summary-value\">{{value}}</span> เกมที่สนับสนุน Ansel",
    "l10n.gamestreamGamesValue": "<span class=\"games-summary-value\">{{value}}</span> เกมและแอปพลิเคชันที่พร้อมใช้งานกับ Gamestream",
    "l10n.installedGamesValue": "พบ <span class=\"games-summary-value\">{{value}}</span> เกมและแอปพลิเคชัน",
    "l10n.optimizedGamesValue": "<span class=\"games-summary-value\"></span> เกมและแอปพลิเคชันที่ปรับสมรรถนะ",
    "l10n.itsEmptyHere": "ที่นี่ว่างเปล่า!",
    "l10n.noRecentlyUploaded": "เริ่มอัปโหลดภาพหน้าจอและวิดีโอที่บันทึก",
    "l10n.noRecentlyCaptured": "เริ่มการจับภาพหน้าจอและบันทึกวิดีโอ",
    "l10n.profileStatus": "สถานะโปรไฟล์",
    "l10n.featuredMission": "ภารกิจเด่น",
    "l10n.userProfileTourString": "เพิ่มรูปอวาตาร์ของคุณ เขียนประวัติส่วนตัว และอัปเดตภาพหน้าปก",
    "l10n.userMissionTourString": "ทำภารกิจให้เสร็จสิ้นและรับ XP เพื่อเพิ่มเลเวลขึ้น",
    "l10n.userTokenTourString": "สะสมโทเค็นและรับรางวัล",
    "l10n.userDefaultBioString": "เล่าอะไรบางอย่างเกี่ยวกับตัวคุณ",
    "l10n.missions": "ภารกิจ",
    "l10n.totalXP": "{{value}} XP",
    "l10n.totalXPEach": "{{value}} XP แต่ละรายการ",
    "l10n.XPEarnedOutOf": "{{earned}}/{{total}} XP",
    "l10n.plusXP": "+ {{number}} XP",
    "l10n.plusXPEach": "+ {{number}} XP แต่ละรายการ",
    "l10n.xpStatus": "<span class=\"current-xp\">{{current}}</span>/{{upper}} XP",
    "l10n.xpRange": "{{lower}} XP ถึง{{upper}} XP",
    "l10n.xpMax": "{{number}}+ XP",
    "l10n.plusXPPerWeek": "+ {{number}} XP ต่อสัปดาห์ต่อเนื่อง",
    "l10n.xp": "XP",
    "l10n.token": "โทเค็น",
    "l10n.tokens": "โทเค็น",
    "l10n.tokenCount": "{{value}} <span class=\"tokens-text\">โทเค็น</span>",
    "l10n.tokensCount": "{{value}} <span class=\"tokens-text\">โทเค็น</span>",
    "l10n.tokensInformation": "ทุกสัปดาห์คุณจะได้รับโทเค็น ตราบที่ยังทำ XP ได้ในระหว่างช่วงเวลานั้น ยิ่งคุณมีเลเวลสูง ก็จะได้รับโทเค็นมากขึ้น ใช้โทเค็นเพื่อป้อนเข้ารับโอกาสในการชนะรางวัลเด่นชิ้นใหญ่",
    "l10n.xpInformation": "รับคะแนนประสบการณ์ (XP) โดยการทำภารกิจให้เสร็จสิ้นผ่าน ภารกิจเด่นพิเศษมีเวลาจำกัด ภารกิจอื่นๆ อาจเปิดให้บริการครั้งเดียว หรือเปิดซ้ำกันทุกๆ สัปดาห์ ตรวจสอบรายละเอียดของแต่ละรายการ",
    "l10n.viewAll": "ดูทั้งหมด",
    "l10n.featuredReward": "รางวัลเด่น",
    "l10n.enterToWin": "ป้อนเพื่อโอกาสชนะ: ",
    "l10n.enterNow": "ป้อนตอนนี้",
    "l10n.hoverOnEachBadge": "แสดงให้โลกเห็นว่าคุณเป็นอย่างไร! ลากและวางความสำเร็จได้สูงสุด 5 รายการ เพื่อแสดงไว้ที่ด้านบนสุดของโปรไฟล์ของคุณ คลิกไอคอนรายการโปรด เพื่อสร้างผู้ใช้ของคุณหนึ่งรายการ",
    "l10n.topBadges": "ความสำเร็จสูงสุดของฉัน (สูงสุด 5 รายการ)",
    "l10n.badgesDisplayed": "บัตรประจำตัวที่แสดงบนโปรไฟล์ของคุณ (ไม่เกิน 5)",
    "l10n.allAchievements": "ความสำเร็จอื่นๆ ทั้งหมด",
    "l10n.dragDropBadges": "ลากและวางแต่ละบัตรเพื่อแสดงในบัตรประจำตัวสูงสุด",
    "l10n.officialRules": "กฎอย่างเป็นทางการ",
    "l10n.timeLeft": "เวลาคงเหลือ: {{countdown}}",
    "l10n.timeLeftToEnter": "เหลือเวลา{{countdown}}เพื่อเข้า",
    "l10n.tokenEnteredSuccessfully": "ป้อนโทเค็นสำเร็จแล้ว!",
    "l10n.tokensEnteredSuccessfully": "โทเค็นป้อนสำเร็จ!",
    "l10n.enterTokens": "ป้อนโทเค็น",
    "l10n.addMoreTokens": "เพิ่มโทเค็นอีก",
    "l10n.tokenEntered": "โทเค็นที่ป้อนแล้ว",
    "l10n.tokensEntered": "โทเค็นที่ป้อนแล้ว",
    "l10n.addMore": "เพิ่มอีก",
    "l10n.numberOfWinners": "จำนวนของผู้ชนะ: {{number}}",
    "l10n.entriesSoFar": "รายการถึงล่าสุด: {{entries}}",
    "l10n.today": "วันนี้",
    "l10n.levelsInfo": "เกมเมอร์ GeForce ระดับสูงสุดคือแพลตตินั่ม ใช่คุณหรือไม่ ง่ายๆ เพียงแค่ทำภารกิจเพื่อรับคะแนนประสบการณ์ (XP) ที่จะเพิ่มเลเวลของคุณจากระดับเงิน ไปเป็นทอง ไปจนถึงแพลตตินั่ม คุณจะได้รับสกิลทันทีเมื่อเป็นสมาชิกระดับเงิน และเมื่อคุณมีความก้าวหน้า คุณจะได้รับรางวัลใหญ่ขึ้น ในแต่ละปีจะมีโอกาสใหม่สำหรับการเพิ่มเลเวลขึ้น เลเวลของคุณเมื่อวันที่ 31 ธันวาคม 2017 จะใช้ได้ตลอดปี 2018",
    "l10n.redeemPerks": "เพื่อแลกรับสกิล ไปที่แท็บ \"รางวัลของฉัน\" สกิลแต่ละตัวสามารถแลกรางวัลได้หนึ่งครั้งต่อหนึ่งการ์ดกราฟิก",
    "l10n.silver": "เงิน",
    "l10n.gold": "ทอง",
    "l10n.titanium": "แพลตตินั่ม",
    "l10n.tokensPerWeekOne": "รับหนึ่งโทเค็นต่อสัปดาห์",
    "l10n.tokensPerWeekThree": "รับสามโทเค็นต่อสัปดาห์",
    "l10n.tokensPerWeekEight": "รับแปดโทเค็นต่อสัปดาห์",
    "l10n.freeIndieGame": "เกมอินดี้ประจำปีฟรี",
    "l10n.forumAdvancedFeatures": "คุณลักษณะขั้นสูงบนฟอรั่ม GeForce",
    "l10n.forumVipAccess": "สิทธิ์เข้าถึงแบบ VIP บนฟอรั่ม GeForce",
    "l10n.exclusiveOffers": "ข้อเสนอพิเศษ",
    "l10n.discordAma": "ถามข้อสงสัยเกี่ยวกับบริการรายไตรมาสของ Discord",
    "l10n.geforceSkins": "ชุดสกิน GeForce",
    "l10n.titaniumFanKit": "ชุดแฟนคลับแพลตตินั่ม",
    "l10n.gfnPlaytime": "เวลาการเล่นตามต้องการ 10 ชั่วโมงของ GeForce Now",
    "l10n.firstToBetaTest": "มาเป็นคนกลุ่มแรกที่ได้ทดสอบคุณลักษณะใหม่รุ่นเบต้า",
    "l10n.invalidAmountOfTokens": "ป้อนจำนวนโทเค็นไม่ถูกต้อง",
    "l10n.errorOneOrMoreTokens": "ป้อน 1 โทเค็นหรือมากกว่าเพื่อรับรางวัล",
    "l10n.errorAddMoreTokens": "คุณเข้ามาเพื่อโอกาสชนะ! คุณสามารถเพิ่มโทเค็นได้แต่ไม่สามารถนำโทเค็นออก",
    "l10n.errorTooManyTokens": "พยายามได้ดี! ดูเหมือนว่าคุณมีโทเค็นไม่เพียงพอสำหรับการเข้าร่วม",
    "l10n.agreeToRules": "ฉันยอมรับ <a ng-click=\"sweepstakeCtrl.showRules($event)\">กฎอย่างเป็นทางการ</a>",
    "l10n.agreeToRulesAndTnC": "ฉันยอมรับ <a ng-click=\"sweepstakeCtrl.showRules($event)\">กฎอย่างเป็นทางการ</a> และ <a ng-click=\"sweepstakeCtrl.showTnC($event)\">ข้อกำหนดและเงื่อนไข</a>",
    "l10n.levels": "เลเวล",
    "l10n.level": "ระดับ",
    "l10n.uptoXp": "สูงสุดถึง {{value}} XP",
    "l10n.tokenRemaining": "คงเหลือ {{number}} โทเค็น",
    "l10n.tokensRemaining": "คงเหลือ {{number}} โทเค็น",
    "l10n.noTokensAvailable": "ไม่มีโทเค็นที่ใช้ได้",
    "l10n.errorSubmittingTokens": "เกิดข้อผิดพลาดในขณะพยายามส่งโทเค็น",
    "l10n.fileSelectionError": "ไม่สามารถโหลดไฟล์ที่เลือกได้ ขนาดที่กำหนดขั้นต่ำคือ {{w}} x {{h}} px ในรูปแบบ JPEG, PNG หรือ BMP",
    "l10n.errorTryAgain": "มีบางสิ่งไม่ถูกต้อง กรุณาลองอีกครั้งในภายหลัง",
    "l10n.default": "ค่าเริ่มต้น",
    "l10n.activityFeed": "ฟีดกิจกรรม",
    "l10n.myRewards": "รางวัลของฉัน",
    "l10n.enterTokensToWin": "ป้อนโทเค็นเพื่อโอกาสชนะรางวัล",
    "l10n.featuredMissionCountdown": "ภารกิจเด่น ─ หมดอายุในอีก {{countdown}}",
    "l10n.featuredMissionStartCountdown": "ภารกิจเด่น ─ เริ่มใน {{countdown}}",
    "l10n.featuredMissionEndCountdown": "ภารกิจเด่น ─ <span class=\"countdown\">จบในอีก {{countdown}}</span>",
    "l10n.featuredMissionEnded": "ภารกิจเด่น ─ จบแล้ว",
    "l10n.weeklyMissionsCountdown": "ภารกิจรายสัปดาห์ ─ รีเซ็ตในอีก {{countdown}}",
    "l10n.timelessMissions": "ภารกิจที่ไม่กำหนดเวลา",
    "l10n.expiresIn": "หมดอายุในอีก {{countdown}}",
    "l10n.gamersBio": "ชีวประวัติของเกมเมอร์",
    "l10n.verificationOfUploadInProgress": "โรบอตของเรากำลังสแกนการอัปโหลดของคุณ",
    "l10n.verificationSuccessfull": "อัปโหลดเสร็จเรียบร้อย",
    "l10n.tryAnother": "ลองรายการอื่น",
    "l10n.winnersAnnouncement": "ดูผู้ชนะที่ผ่านมา",
    "l10n.minimumRequiredSize": "ขนาดที่กำหนดขั้นต่ำคือ {{w}} x {{h}} px ในรูปแบบ JPEG, PNG หรือ BMP",
    "l10n.levelUpToUnlock": "เพิ่มเลเวลเพื่อปลดล็อก",
    "l10n.save": "บันทึก",
    "l10n.badges": "บัตรประจำตัว",
    "l10n.userTitle": "ชื่อผู้ใช้ - เลือกไอคอนดวงดาวเพื่อเลือกชื่อผู้ใช้ของคุณ",
    "l10n.uptoFiveAchievements": "เลือกได้สูงสุด 5 รายการ เพื่อแสดงผลงานไว้ในโปรไฟล์ของคุณ",
    "l10n.showcaseAchievements": "ผลงานความสำเร็จของคุณ",
    "l10n.errorAchievements": "เกิดข้อผิดพลาดในขณะพยายามอัปเดตความสำเร็จ",
    "l10n.errorUserTitle": "เกิดข้อผิดพลาดในขณะพยายามอัปเดตชื่อผู้ใช้",
    "l10n.someInfoMissing": "มีข้อมูลบางอย่างขาดหายไป",
    "l10n.geforceCommunityProgram": "โปรแกรมนำร่องชุมชน GeForce",
    "l10n.participateInCommunity": "เข้าร่วมชุมชน GeForce เพื่อเพิ่มระดับและรับรางวัล เมื่อคุณถึงระดับใหม่ สถานะของคุณจะคงอยู่จนถึงสิ้นปีถัดไปตามปฏิทิน",
    "l10n.aboutTokens": "รับคะแนนประสบการณ์ (XP) โดยการทำภารกิจให้เสร็จสิ้น",
    "l10n.aboutXP": "รับโทเค็นโดยการสร้างความเคลื่อนไหวในแต่ละสัปดาห์ และเข้าร่วมเพื่อรับรางวัลจากการชิงโชค",
    "l10n.aboutRewards": "คุณสามารถรับรางวัลได้ตามนี้ อย่างไรก็ตาม หมั่นกลับมาตรวจเนื่องจากจะมีการอัปเดตบ่อยๆ",
    "l10n.refreshProfile": "รีเฟรชโปรไฟล์",
    "l10n.tokensMinGpu": "ต้องมี GeForce GTX 950 หรือ TITAN X หรือสูงกว่าเพื่อป้อนโทเค็น",
    "l10n.newRewardsComingSoon": "รางวัลใหม่จะมาถึงเร็วๆ นี้"
}
