{
    "l10n.chooseFromLatestCaptures": "En son yakalananlar arasından seç",
    "l10n.descriptionLimitReached": "Açıklama, 250 karakterden kısa olmalıdır",
    "l10n.descriptionRequired": "Bu alanın doldurulması zorunludur",
    "l10n.uploadFromPC": "PC'den Karşıya Yükle",
    "l10n.uploadProfileCover": "Karşıya Profil Kapağı Yükle",
    "l10n.activityLog": "Etkinlik Günlüğü",
    "l10n.latestCaptures": "En Son Yakalananlar",
    "l10n.viewGallery": "Galeriyi Görüntüle",
    "l10n.recentlyUploaded": "Karşıya Son Yüklenenler",
    "l10n.turnOnShare": "Paylaşımı Aç",
    "l10n.recordingsCaptured": "<span class=\"md-accent foreground font-size-xl\">{{value}}</span> kayıt",
    "l10n.screenshotsCaptured": "<span class=\"md-accent foreground font-size-xl\">{{value}}</span> ekran resmi",
    "l10n.anselGamesValue": "<span class=\"games-summary-value\">{{value}}</span> Ansel destekli oyun",
    "l10n.gamestreamGamesValue": "<span class=\"games-summary-value\">{{value}}</span> Gamestream için hazır oyunlar ve uygulamalar",
    "l10n.installedGamesValue": "<span class=\"games-summary-value\">{{value}}</span> Oyunlar ve uygulamalar bulundu",
    "l10n.optimizedGamesValue": "<span class=\"games-summary-value\"></span> oyunlar ve uygulamalar optimize edildi",
    "l10n.itsEmptyHere": "Burası boş!",
    "l10n.noRecentlyUploaded": "Ekran resimlerini ve kaydedilen videoları karşıya yüklemeye başlayın",
    "l10n.noRecentlyCaptured": "Ekran resimleri yakalamaya ve video kaydetmeye başlayın",
    "l10n.profileStatus": "Profil Durumu",
    "l10n.featuredMission": "Özel Olarak Sunulan Görev",
    "l10n.userProfileTourString": "Avatarınızı ekleyin, özgeçmişinizi yazın ve kapak resminizi güncelleştirin",
    "l10n.userMissionTourString": "Üst düzeye atlamak için görevleri tamamlayın ve deneyim puanı kazanın",
    "l10n.userTokenTourString": "Fiş biriktirip ödüller kazanın",
    "l10n.userDefaultBioString": "Kendiniz hakkında bir şeyler söyleyin",
    "l10n.missions": "Görevler",
    "l10n.totalXP": "{{value}} deneyim puanı",
    "l10n.totalXPEach": "Görev başına {{value}} deneyim puanı:",
    "l10n.XPEarnedOutOf": "{{earned}}/{{total}} deneyim puanı",
    "l10n.plusXP": "+ {{number}} deneyim puanı",
    "l10n.plusXPEach": "Görev başına + {{number}} deneyim puanı:",
    "l10n.xpStatus": "<span class=\"current-xp\">{{current}}</span>/{{upper}} DENEYİM PUANI",
    "l10n.xpRange": "{{lower}} - {{upper}} DENEYİM PUANI",
    "l10n.xpMax": "{{number}}+ DENEYİM PUANI",
    "l10n.plusXPPerWeek": "Birbirini izleyen her hafta + {{number}} deneyim puanı",
    "l10n.xp": "Deneyim Puanı",
    "l10n.token": "Fiş",
    "l10n.tokens": "Fiş",
    "l10n.tokenCount": "{{value}} <span class=\"tokens-text\">fiş</span>",
    "l10n.tokensCount": "{{value}} <span class=\"tokens-text\">fiş</span>",
    "l10n.tokensInformation": "O süre boyunca herhangi bir deneyim puanı kazandığınız sürece her hafta belirli miktarda fiş kazanırsınız. Düzeyiniz ne kadar yüksekse o kadar çok fiş kazanırsınız. Özel Olarak Sunulan Ödülleri kazanma şansı elde etmek için fişlerinizi kullanın.",
    "l10n.xpInformation": "Görevleri yerine getirip deneyim puanı kazanın. Özel olarak sunulan görevler sadece sınırlı bir süre için geçerlidir. Bazı görevlerse sadece bir kere verilebilir veya haftada bir tekrarlanabilir. Ayrıntılar için tek tek görevlere bakın.",
    "l10n.viewAll": "Tümünü Göster",
    "l10n.featuredReward": "Özel Olarak Sunulan Ödül",
    "l10n.enterToWin": "Kazanmak için katılın: ",
    "l10n.enterNow": "Şimdi Katıl",
    "l10n.hoverOnEachBadge": "Kim olduğunuzu bütün dünyaya gösterin! Profilinin en üst kısmında görüntülenecek en çok 5 başarıyı sürükleyip bırakın. Simgelerden birini kullanıcı başlığı yapmak için en sevdiğiniz simgeyi tıklatın.",
    "l10n.topBadges": "En İyi Başarılarım (maksimum 5)",
    "l10n.badgesDisplayed": "Profilinizde görüntülenen rozetler (maksimum 5)",
    "l10n.allAchievements": "Diğer Tüm Başarılarım",
    "l10n.dragDropBadges": "En iyi rozetler arasında görüntülemek için istediğiniz rozetleri sürükleyip bırakın",
    "l10n.officialRules": "Resmi Kurallar",
    "l10n.timeLeft": "Kalan süre: {{countdown}}",
    "l10n.timeLeftToEnter": "Katılmaya {{countdown}} süre kaldı",
    "l10n.tokenEnteredSuccessfully": "Fiş başarılı bir şekilde girildi!",
    "l10n.tokensEnteredSuccessfully": "Fişler başarılı bir şekilde girildi!",
    "l10n.enterTokens": "Fiş gir",
    "l10n.addMoreTokens": "Daha fazla fiş ekle",
    "l10n.tokenEntered": "Girilen fiş",
    "l10n.tokensEntered": "Girilen fişler",
    "l10n.addMore": "Daha fazla ekle",
    "l10n.numberOfWinners": "Kazanan sayısı: {{number}}",
    "l10n.entriesSoFar": "Şimdiye kadarki katılım sayısı: {{entries}}",
    "l10n.today": "Bugün",
    "l10n.levelsInfo": "En üst düzey GeForce oyuncular Platin'dir. Siz de öyle misiniz? Çok kolay. Düzeyinizi artırıp sizi Gümüş, Altın ve Platin düzeyine taşıyacak deneyim puanları kazanmak için görevleri üstlenip tamamlamanız yeter. Gümüş üyeyken bile çeşitli avantajlar elde edersiniz, ilerledikçe daha da büyük ödüller kazanırsınız. Her yıl düzey artırmak için yeni bir fırsat demektir; 31 Aralık 2017'de ulaştığınız düzey 2018 boyunca kalır.",
    "l10n.redeemPerks": "Avantajları almak için \"ÖDÜLLERİM\" sekmesine gidin. Her avantaj her grafik kartı için bir kez kullanılabilir.",
    "l10n.silver": "Gümüş",
    "l10n.gold": "Altın",
    "l10n.titanium": "Platin",
    "l10n.tokensPerWeekOne": "Haftada bir fiş kazanın",
    "l10n.tokensPerWeekThree": "Haftada üç fiş kazanın",
    "l10n.tokensPerWeekEight": "Haftada sekiz fiş kazanın",
    "l10n.freeIndieGame": "Yıllık ücretsiz Indie oyunu",
    "l10n.forumAdvancedFeatures": "GeForce forumlarında gelişmiş özellikler",
    "l10n.forumVipAccess": "GeForce forumlarında VIP erişimi",
    "l10n.exclusiveOffers": "Özel Teklifler",
    "l10n.discordAma": "Discord Üç Aylık AMA (Bana İstediğini Sor)",
    "l10n.geforceSkins": "GeForce arayüz paketi",
    "l10n.titaniumFanKit": "Platin fan kiti",
    "l10n.gfnPlaytime": "İstek üzerine 10 saat GeForce Now oynama süresi",
    "l10n.firstToBetaTest": "Yeni özelliklerin BETA testini yapan ilk kişilerden biri olun",
    "l10n.invalidAmountOfTokens": "Geçersiz fiş sayısı girildi",
    "l10n.errorOneOrMoreTokens": "Kazanmak için 1 veya daha fazla fiş girin!",
    "l10n.errorAddMoreTokens": "Kazanmak için katıldınız! Daha fazla fiş ekleyebilirsiniz ama şimdiye kadar eklediğiniz fişleri geri alamazsınız",
    "l10n.errorTooManyTokens": "İyi denemeydi! Görünüşe göre, katılmaya yetecek kadar fişiniz yok",
    "l10n.agreeToRules": "<a ng-click=\"sweepstakeCtrl.showRules($event)\">Resmi Kurallar</a>'ı kabul ediyorum.",
    "l10n.agreeToRulesAndTnC": "<a ng-click=\"sweepstakeCtrl.showRules($event)\">Resmi Kurallar</a>'ı ve <a ng-click=\"sweepstakeCtrl.showTnC($event)\">Hükümler ve Şartlar</a> belgesini kabul ediyorum.",
    "l10n.levels": "Düzeyler",
    "l10n.level": "Düzey",
    "l10n.uptoXp": "en çok {{value}} deneyim puanı",
    "l10n.tokenRemaining": "{{number}} fiş kaldı",
    "l10n.tokensRemaining": "{{number}} fiş kaldı",
    "l10n.noTokensAvailable": "Fiş yok",
    "l10n.errorSubmittingTokens": "Fişleri göndermeye çalışırken bir hata oluştu",
    "l10n.fileSelectionError": "Seçilen dosya yüklenemedi. JPEG, PNG veya BMP biçiminde gereken minimum boyut: {{w}} x {{h}} px.",
    "l10n.errorTryAgain": "Bir sorun çıktı. Lütfen daha sonra tekrar deneyin.",
    "l10n.default": "Varsayılan",
    "l10n.activityFeed": "Etkinlik Bülteni",
    "l10n.myRewards": "Ödüllerim",
    "l10n.enterTokensToWin": "Kazanmak için fiş girin",
    "l10n.featuredMissionCountdown": "Özel Olarak Sunulan Görev ─ Süresi {{countdown}} içinde dolacak",
    "l10n.featuredMissionStartCountdown": "Özel Olarak Sunulan Görev ─ {{countdown}} içinde başlayacak",
    "l10n.featuredMissionEndCountdown": "Özel Olarak Sunulan Görev ─ <span class=\"countdown\">{{countdown}} içinde sona erecek</span>",
    "l10n.featuredMissionEnded": "Özel Olarak Sunulan Görev ─ Sona erdi",
    "l10n.weeklyMissionsCountdown": "Haftalık Görevler ─ {{countdown}} içinde sıfırlanacak",
    "l10n.timelessMissions": "Süresiz Görevler",
    "l10n.expiresIn": "Süresi {{countdown}} içinde dolacak",
    "l10n.gamersBio": "Oyuncunun biyografisi",
    "l10n.verificationOfUploadInProgress": "Robotumuz yüklediğiniz dosyayı tarıyor",
    "l10n.verificationSuccessfull": "Yükleme işlemi başarıyla tamamlandı",
    "l10n.tryAnother": "BAŞKA BİR DOSYA DENEYİN",
    "l10n.winnersAnnouncement": "Daha Önceki Kazananları Görüntüle",
    "l10n.minimumRequiredSize": "JPEG, PNG veya BMP biçiminde gereken minimum boyut: {{w}} x {{h}} px",
    "l10n.levelUpToUnlock": "Kilidini açmak için düzeyinizi yükseltin",
    "l10n.save": "Kaydet",
    "l10n.badges": "Rozetler",
    "l10n.userTitle": "Kullanıcı Unvanı - Kullanıcı unvanınızı seçmek için yıldız simgesini seçin",
    "l10n.uptoFiveAchievements": "Profilinizde görüntülenecek en çok 5 başarı seçin",
    "l10n.showcaseAchievements": "Başarılarınızı görüntüleyin",
    "l10n.errorAchievements": "Başarılar güncelleştirilmeye çalışılırken hata oluştu",
    "l10n.errorUserTitle": "Kullanıcı unvanı güncelleştirilmeye çalışılırken hata oluştu",
    "l10n.someInfoMissing": "Bazı bilgiler eksik olabilir",
    "l10n.geforceCommunityProgram": "GeForce Community Pilot Program",
    "l10n.participateInCommunity": "Düzeyinizi yükseltmek ve ödüller kazanmak için GeForce topluluğuna katılın. Yeni bir düzeye ulaştığınızda durumunuzu, bir sonraki takvim yılının sonuna kadar korursunuz.",
    "l10n.aboutTokens": "Görevleri yerine getirip deneyim puanı kazanın.",
    "l10n.aboutXP": "Her hafta etkinlikte bulunarak fişler kazanın ve kazandığınız fişlerle çekilişlerden ödüller kazanın.",
    "l10n.aboutRewards": "Aşağıdaki ödülleri kazanabilirsiniz. Ancak, bu ödüller sık sık güncelleştirildiğinden, sık sık geri gelip tekrar kontrol edin.",
    "l10n.refreshProfile": "Profili Yenile",
    "l10n.tokensMinGpu": "Fiş girmek için GeForce GTX 950 veya TITAN X ya da daha üst sürümü gerekir",
    "l10n.newRewardsComingSoon": "Yeni ödüller pek yakında!"
}
