{
    "l10n.chooseFromLatestCaptures": "從最新的擷取中選擇",
    "l10n.descriptionLimitReached": "描述的長度必須少於 250 個字元",
    "l10n.descriptionRequired": "這是必要的",
    "l10n.uploadFromPC": "從電腦上傳",
    "l10n.uploadProfileCover": "上傳設定檔封面",
    "l10n.activityLog": "活動記錄檔",
    "l10n.latestCaptures": "最新的擷取",
    "l10n.viewGallery": "檢視圖庫",
    "l10n.recentlyUploaded": "最近上傳的",
    "l10n.turnOnShare": "開啟共享",
    "l10n.recordingsCaptured": "<span class=\"md-accent foreground font-size-xl\">{{value}}</span> 筆錄製",
    "l10n.screenshotsCaptured": "<span class=\"md-accent foreground font-size-xl\">{{value}}</span> 個螢幕擷取畫面",
    "l10n.anselGamesValue": "<span class=\"games-summary-value\">{{value}}</span> 個受 Ansel 支援的遊戲",
    "l10n.gamestreamGamesValue": "<span class=\"games-summary-value\">{{value}}</span> 個支援 Gamestream 功能的遊戲和應用程式",
    "l10n.installedGamesValue": "找到 <span class=\"games-summary-value\">{{value}}</span> 個遊戲和應用程式",
    "l10n.optimizedGamesValue": "已經最佳化 <span class=\"games-summary-value\"></span> 個遊戲和應用程式",
    "l10n.itsEmptyHere": "這裡面是空的！",
    "l10n.noRecentlyUploaded": "開始上傳螢幕擷取畫面和已錄製視訊",
    "l10n.noRecentlyCaptured": "開始捕捉螢幕擷取畫面並錄製視訊",
    "l10n.profileStatus": "設定檔狀態",
    "l10n.featuredMission": "精選任務",
    "l10n.userProfileTourString": "新增您的虛擬人偶、撰寫簡歷並更新封面圖像",
    "l10n.userMissionTourString": "完成任務並取得經驗值以晉級",
    "l10n.userTokenTourString": "累積權杖並獲得獎勵",
    "l10n.userDefaultBioString": "說一些關於您自己的事",
    "l10n.missions": "任務",
    "l10n.totalXP": "{{value}} 個經驗值",
    "l10n.totalXPEach": "各 {{value}} 個經驗值",
    "l10n.XPEarnedOutOf": "{{earned}}/{{total}} 個經驗值",
    "l10n.plusXP": "+ {{number}} 個經驗值",
    "l10n.plusXPEach": "+ 各 {{number}} 個經驗值",
    "l10n.xpStatus": "<span class=\"current-xp\">{{current}}</span>/{{upper}} 個經驗值",
    "l10n.xpRange": "{{lower}} 個經驗值至 {{upper}} 個經驗值",
    "l10n.xpMax": "{{number}}+ 個經驗值",
    "l10n.plusXPPerWeek": "+ 各連續週 {{number}} 個經驗值",
    "l10n.xp": "經驗值",
    "l10n.token": "權杖",
    "l10n.tokens": "權杖",
    "l10n.tokenCount": "{{value}} <span class=\"tokens-text\">個權杖</span>",
    "l10n.tokensCount": "{{value}} <span class=\"tokens-text\">個權杖</span>",
    "l10n.tokensInformation": "只要您在這段時間內獲得任何經驗值，每週就可以取得權杖。您的級別越高，您所獲得的權杖就越多。使用權杖參加競賽，您便有機會贏得巨大的精選獎勵。",
    "l10n.xpInformation": "完成任務以取得經驗值 (XP)。特殊的精選任務只在有限的時間範圍內可供使用。其他任務可能只可供使用一次，或者會每週重複。檢查每一個以瞭解詳細資料。",
    "l10n.viewAll": "檢視全部",
    "l10n.featuredReward": "精選獎勵",
    "l10n.enterToWin": "參加以贏得： ",
    "l10n.enterNow": "立即參加",
    "l10n.hoverOnEachBadge": "向世界展示您有多棒！拖放最多 5 項成就以顯示在您的設定檔頂端。按一下我的最愛圖示以將其中一個作為您的使用者名稱。",
    "l10n.topBadges": "我的最高成就（最多 5 項）",
    "l10n.badgesDisplayed": "您的設定檔中顯示的徽章（最多 5 個）",
    "l10n.allAchievements": "所有其他成就",
    "l10n.dragDropBadges": "拖放個別徽章以顯示在最上層徽章中",
    "l10n.officialRules": "官方規則",
    "l10n.timeLeft": "剩下時間：{{countdown}}",
    "l10n.timeLeftToEnter": "還剩 {{countdown}} 可以參加",
    "l10n.tokenEnteredSuccessfully": "權杖已成功輸入！",
    "l10n.tokensEnteredSuccessfully": "權杖已成功輸入！",
    "l10n.enterTokens": "輸入權杖",
    "l10n.addMoreTokens": "新增更多權杖",
    "l10n.tokenEntered": "輸入的權杖",
    "l10n.tokensEntered": "輸入的權杖",
    "l10n.addMore": "新增更多",
    "l10n.numberOfWinners": "優勝者人數：{{number}}",
    "l10n.entriesSoFar": "目前的參賽者：{{entries}}",
    "l10n.today": "今天",
    "l10n.levelsInfo": "最高級的 GeForce 遊戲玩家是鉑金級。您是嗎？其實這很容易，只需要接下任務來取得經驗值 (XP)，您便能從銀級晉級到金級，再從金級晉級到鉑金級。您作為銀級會員可立即獲得津貼，而隨著您一直進步，也將獲得更多的獎勵。每年都是一個新的晉級機會；您在 2017 年 12 月 31 日的級別將會持續到 2018 年底。",
    "l10n.redeemPerks": "若要兌換津貼，請前往「我的獎勵」索引標籤。每個津貼每張圖形卡只能兌換一次。",
    "l10n.silver": "銀級",
    "l10n.gold": "金級",
    "l10n.titanium": "鉑金級",
    "l10n.tokensPerWeekOne": "每週獲得一個權杖",
    "l10n.tokensPerWeekThree": "每週獲得三個權杖",
    "l10n.tokensPerWeekEight": "每週獲得八個權杖",
    "l10n.freeIndieGame": "免費年度獨立音樂遊戲",
    "l10n.forumAdvancedFeatures": "GeForce 論壇上的進階功能",
    "l10n.forumVipAccess": "GeForce 論壇上的 VIP 存取權限",
    "l10n.exclusiveOffers": "獨家優惠",
    "l10n.discordAma": "Discord 季度問我任何東西",
    "l10n.geforceSkins": "GeForce 面板套件",
    "l10n.titaniumFanKit": "鉑金級遊戲迷組件",
    "l10n.gfnPlaytime": "10 小時的 GeForce Now 隨選遊戲時間",
    "l10n.firstToBetaTest": "率先獲得搶鮮版 (BETA) 以測試新功能",
    "l10n.invalidAmountOfTokens": "輸入的權杖數量無效",
    "l10n.errorOneOrMoreTokens": "輸入 1 個或更多權杖以贏得獎勵！",
    "l10n.errorAddMoreTokens": "您已參加並有機會贏得獎勵 ！您可以新增更多權杖，但是不得移除任何權杖",
    "l10n.errorTooManyTokens": "不錯的嘗試！看起來您沒有足夠的權杖可以參加",
    "l10n.agreeToRules": "我同意接受<a ng-click=\"sweepstakeCtrl.showRules($event)\">官方規則</a>",
    "l10n.agreeToRulesAndTnC": "我同意接受<a ng-click=\"sweepstakeCtrl.showRules($event)\">官方規則</a>以及<a ng-click=\"sweepstakeCtrl.showTnC($event)\">條款和條件</a>",
    "l10n.levels": "級別",
    "l10n.level": "等級",
    "l10n.uptoXp": "高達 {{value}} 個經驗值",
    "l10n.tokenRemaining": "還剩 {{number}} 個權杖",
    "l10n.tokensRemaining": "還剩 {{number}} 個權杖",
    "l10n.noTokensAvailable": "沒有權杖可用",
    "l10n.errorSubmittingTokens": "在嘗試送出權杖時發生錯誤",
    "l10n.fileSelectionError": "無法載入選定的檔案。最小所需尺寸為 {{w}} x {{h}} 個像素，可為 JPEG、PNG 或 BMP 格式。",
    "l10n.errorTryAgain": "出了些問題。請稍後再試一次。",
    "l10n.default": "預設值",
    "l10n.activityFeed": "活動摘要",
    "l10n.myRewards": "我的獎勵",
    "l10n.enterTokensToWin": "輸入權杖以贏得",
    "l10n.featuredMissionCountdown": "精選任務 ─ 於 {{countdown}} 到期",
    "l10n.featuredMissionStartCountdown": "精選任務 ─ 於 {{countdown}} 內開始",
    "l10n.featuredMissionEndCountdown": "精選任務 ─ <span class=\"countdown\">於 {{countdown}}</span> 內結束",
    "l10n.featuredMissionEnded": "精選任務 ─ 已結束",
    "l10n.weeklyMissionsCountdown": "每週任務 ─ 於 {{countdown}} 重設",
    "l10n.timelessMissions": "長期任務",
    "l10n.expiresIn": "於 {{countdown}} 到期",
    "l10n.gamersBio": "遊戲玩家的簡歷",
    "l10n.verificationOfUploadInProgress": "我們的機器人正在掃描您上傳的內容",
    "l10n.verificationSuccessfull": "上傳成功",
    "l10n.tryAnother": "嘗試另一個",
    "l10n.winnersAnnouncement": "檢視過去的獲勝者",
    "l10n.minimumRequiredSize": "最小所需尺寸為 {{w}} x {{h}} 個像素，可為 JPEG、PNG 或 BMP 格式",
    "l10n.levelUpToUnlock": "晉級以解除鎖定",
    "l10n.save": "儲存",
    "l10n.badges": "徽章",
    "l10n.userTitle": "使用者稱謂 - 選取星星圖示以選擇您的使用者稱謂",
    "l10n.uptoFiveAchievements": "選擇最多 5 項成就以展示在您的設定檔中",
    "l10n.showcaseAchievements": "展示您的成就",
    "l10n.errorAchievements": "在嘗試更新成就時發生錯誤",
    "l10n.errorUserTitle": "在嘗試更新使用者稱謂時發生錯誤",
    "l10n.someInfoMissing": "可能缺少某些資訊",
    "l10n.geforceCommunityProgram": "GeForce 社群試驗計劃",
    "l10n.participateInCommunity": "參與 GeForce 社群以升級並獲得獎勵。達到新的等級之後，您的身分將會持續到下一個曆年結束。",
    "l10n.aboutTokens": "完成任務以取得經驗值 (XP)。",
    "l10n.aboutXP": "透過每週保持活躍來取得權杖，並且輸入它們以贏得抽獎獎勵。",
    "l10n.aboutRewards": "您可以獲取以下獎勵。不過，因為獎勵經常更新，請經常回來看看。",
    "l10n.refreshProfile": "重新整理設定檔",
    "l10n.tokensMinGpu": "需要 GeForce GTX 950 或 TITAN X 或更高版本才能輸入權杖",
    "l10n.newRewardsComingSoon": "即將推出新獎勵！"
}
