{
    "l10n.chooseFromLatestCaptures": "从最新的抓取中选择",
    "l10n.descriptionLimitReached": "描述不得少于 250 个字符",
    "l10n.descriptionRequired": "必填字段",
    "l10n.uploadFromPC": "从 PC 上传",
    "l10n.uploadProfileCover": "从个人资料封面上传",
    "l10n.activityLog": "活动日志",
    "l10n.latestCaptures": "最新的抓取",
    "l10n.viewGallery": "查看图库",
    "l10n.recentlyUploaded": "最近上载的",
    "l10n.turnOnShare": "打开分享",
    "l10n.recordingsCaptured": "<span class=\"md-accent foreground font-size-xl\">{{value}}</span>录制",
    "l10n.screenshotsCaptured": "<span class=\"md-accent foreground font-size-xl\">{{value}}</span>屏幕快照",
    "l10n.anselGamesValue": "<span class=\"games-summary-value\">{{value}}</span>Ansel 支持的游戏",
    "l10n.gamestreamGamesValue": "<span class=\"games-summary-value\">{{value}}</span> Gamestream 已就绪游戏及应用程序",
    "l10n.installedGamesValue": "已找到 <span class=\"games-summary-value\">{{value}}</span> 个游戏及应用程序",
    "l10n.optimizedGamesValue": "已优化 <span class=\"games-summary-value\"></span> 个游戏及应用程序",
    "l10n.itsEmptyHere": "此处空白！",
    "l10n.noRecentlyUploaded": "开始上传屏幕快照并录制视频",
    "l10n.noRecentlyCaptured": "开始抓取屏幕快照并录制视频",
    "l10n.profileStatus": "个人资料状态",
    "l10n.featuredMission": "特色任务",
    "l10n.userProfileTourString": "添加您的角色，填写个人简介并更新封面图片",
    "l10n.userMissionTourString": "完成任务并赢取 XP，以升级",
    "l10n.userTokenTourString": "积累代币，领取奖励",
    "l10n.userDefaultBioString": "描述一下您自己",
    "l10n.missions": "任务",
    "l10n.totalXP": "{{value}} XP",
    "l10n.totalXPEach": "每个 {{value}} XP",
    "l10n.XPEarnedOutOf": "{{earned}}/{{total}} XP",
    "l10n.plusXP": "+ {{number}} XP",
    "l10n.plusXPEach": "每个 + {{number}} XP",
    "l10n.xpStatus": "<span class=\"current-xp\">{{current}}</span>/{{upper}}XP",
    "l10n.xpRange": "{{lower}}XP至{{upper}}XP",
    "l10n.xpMax": "{{number}}+XP",
    "l10n.plusXPPerWeek": "每连续一星期 + {{number}} XP",
    "l10n.xp": "XP",
    "l10n.token": "代币",
    "l10n.tokens": "代币",
    "l10n.tokenCount": "{{value}} <span class=\"tokens-text\">代币</span>",
    "l10n.tokensCount": "{{value}} <span class=\"tokens-text\">代币</span>",
    "l10n.tokensInformation": "每隔一个星期，您就会赢得代币，但是您要在这个时间段获得任何数量的 XP。您的等级越高，您获得的代币也就越多。使用代币增加您赢取特色大奖的机率。",
    "l10n.xpInformation": "完成任务，赢取经验值 (XP)。特殊的特色任务只能在有限的时间内完成。其他任务可能只能参加一次，或者每星期重复一次。查看每一个了解详情。",
    "l10n.viewAll": "查看全部",
    "l10n.featuredReward": "特色奖励",
    "l10n.enterToWin": "进入以赢取： ",
    "l10n.enterNow": "立即进入",
    "l10n.hoverOnEachBadge": "让这个世界看看您是什么做成的！拖放最多 5 个成就显示在您的个人资料顶部。点击收藏图标，使其变成您的用户名称。",
    "l10n.topBadges": "我的最高成就（最多 5 项）",
    "l10n.badgesDisplayed": "您的个人资料上显示的徽章（最多 5 个）",
    "l10n.allAchievements": "其他所有成就",
    "l10n.dragDropBadges": "拖放单个徽章，使其显示在顶层徽章中",
    "l10n.officialRules": "官方规则",
    "l10n.timeLeft": "剩余时间：{{countdown}}",
    "l10n.timeLeftToEnter": "还可输入{{countdown}}",
    "l10n.tokenEnteredSuccessfully": "代币已成功输入！",
    "l10n.tokensEnteredSuccessfully": "代币已成功输入！",
    "l10n.enterTokens": "输入代币",
    "l10n.addMoreTokens": "添加更多代币",
    "l10n.tokenEntered": "代币已输入",
    "l10n.tokensEntered": "代币已输入",
    "l10n.addMore": "添加更多",
    "l10n.numberOfWinners": "赢家数量：{{number}}",
    "l10n.entriesSoFar": "迄今的条目：{{entries}}",
    "l10n.today": "今天",
    "l10n.levelsInfo": "最厉害的 GeForce 游戏玩家是白金。您是吗？这很简单，您只要接受任务，赢取可让您从白银升级到黄金或白金的经验值 (XP) 就可以。作为白银会员，您将立即获得特权，随着您的进步，您将获得更大的奖励。每一年都是新的升级机会；您在 2017 年 12 月 31 日的等级将在 2018 年持续一年。",
    "l10n.redeemPerks": "若要兑换特权，请进入“我的奖励”选项卡。每张显卡只能兑换每项特权一次。",
    "l10n.silver": "白银",
    "l10n.gold": "黄金",
    "l10n.titanium": "白金",
    "l10n.tokensPerWeekOne": "每个星期获得一个代币",
    "l10n.tokensPerWeekThree": "每个星期获得三个代币",
    "l10n.tokensPerWeekEight": "每个星期获得八个代币",
    "l10n.freeIndieGame": "每年免费畅玩独立流行游戏",
    "l10n.forumAdvancedFeatures": "GeForce 论坛中的高级功能",
    "l10n.forumVipAccess": "GeForce 论坛的 VIP 访问权限",
    "l10n.exclusiveOffers": "独占模式专属优惠",
    "l10n.discordAma": "Discord 每季度向我提问",
    "l10n.geforceSkins": "GeForce 皮肤包",
    "l10n.titaniumFanKit": "白金粉丝装备包",
    "l10n.gfnPlaytime": "需要 10 小时的 GeForce Now 游戏时间",
    "l10n.firstToBetaTest": "快来体验 BETA 测试的新功能",
    "l10n.invalidAmountOfTokens": "输入的代币数量无效",
    "l10n.errorOneOrMoreTokens": "请输入一个或多个代币来赢取奖励！",
    "l10n.errorAddMoreTokens": "您已经完成输入来赢取奖励！您可以添加更多代币，但不能删除任何代币",
    "l10n.errorTooManyTokens": "不错的尝试！您似乎没有足够的代币来输入",
    "l10n.agreeToRules": "我同意<a ng-click=\"sweepstakeCtrl.showRules($event)\">《官方规则》</a>",
    "l10n.agreeToRulesAndTnC": "我同意<a ng-click=\"sweepstakeCtrl.showRules($event)\">《官方规则》</a>及<a ng-click=\"sweepstakeCtrl.showTnC($event)\">《条款与条件》</a>",
    "l10n.levels": "等级",
    "l10n.level": "级别",
    "l10n.uptoXp": "高达 {{value}} XP",
    "l10n.tokenRemaining": "剩余 {{number}} 代币",
    "l10n.tokensRemaining": "剩余 {{number}} 代币",
    "l10n.noTokensAvailable": "没有可用的代币",
    "l10n.errorSubmittingTokens": "尝试提交代币时出错。",
    "l10n.fileSelectionError": "无法加载选定的文件。JPEG、PNG 和 BMP 格式所需的最小尺寸为 {{w}} x {{h}} px。",
    "l10n.errorTryAgain": "出现错误。请稍后再试。",
    "l10n.default": "默认",
    "l10n.activityFeed": "活动提要",
    "l10n.myRewards": "我的奖励",
    "l10n.enterTokensToWin": "输入代币，以赢取",
    "l10n.featuredMissionCountdown": "特色任务 - {{countdown}} 后过期",
    "l10n.featuredMissionStartCountdown": "特色任务 - 于{{countdown}} 后开始",
    "l10n.featuredMissionEndCountdown": "特色任务 - <span class=\"countdown\">于{{countdown}}</span> 后结束",
    "l10n.featuredMissionEnded": "特色任务 - 已结束",
    "l10n.weeklyMissionsCountdown": "每周任务 - {{countdown}} 后重置",
    "l10n.timelessMissions": "不限时任务",
    "l10n.expiresIn": "{{countdown}} 后过期",
    "l10n.gamersBio": "玩家的个人简介",
    "l10n.verificationOfUploadInProgress": "我们的机器人正在扫描您的上传文件",
    "l10n.verificationSuccessfull": "上传成功",
    "l10n.tryAnother": "试试另一个",
    "l10n.winnersAnnouncement": "查看历届赢家",
    "l10n.minimumRequiredSize": "JPEG、PNG 和 BMP 格式所需的最小尺寸为 {{w}} x {{h}} px",
    "l10n.levelUpToUnlock": "升级以解锁",
    "l10n.save": "保存",
    "l10n.badges": "徽章",
    "l10n.userTitle": "用户头衔 - 选择星星图标，以选择你的用户头衔",
    "l10n.uptoFiveAchievements": "选择最多 5 个成就展示在您的个人资料中",
    "l10n.showcaseAchievements": "展示您的成就",
    "l10n.errorAchievements": "尝试更新成就时出错。",
    "l10n.errorUserTitle": "尝试更新用户头衔时出错。",
    "l10n.someInfoMissing": "有些信息可能遗漏",
    "l10n.geforceCommunityProgram": "GeForce社区试点项目",
    "l10n.participateInCommunity": "加入GeForce社区以获得升级和赢取奖励。当您达到一个新级别时，您的状态将保持到下一个日历年结束。",
    "l10n.aboutTokens": "通过完成任务，赢取经验值 (XP)。",
    "l10n.aboutXP": "通过每周保持活跃赢取代币，输入代币来赢取奖金奖励。",
    "l10n.aboutRewards": "您可以赢取以下奖励。但是，这些会经常更新，请持续关注。",
    "l10n.refreshProfile": "刷新配置文件",
    "l10n.tokensMinGpu": "输入代币需要 GeForce GTX 950 或 TITAN X 或更高版本",
    "l10n.newRewardsComingSoon": "新的奖励即将推出！"
}
