{
    "l10n.allNumber": "Alle ({{number}})",
    "l10n.play": "Start",
    "l10n.games": "SPIL OG APPS",
    "l10n.optimized": "Optimeret",
    "l10n.optimizedNumber": "Optimeret ({{number}})",
    "l10n.favorites": "Foretrukne",
    "l10n.favoritesNumber": "Favoritter ({{number}})",
    "l10n.favorite": "Foretrukken",
    "l10n.anselReadyNumber": "Ansel-parat ({{number}})",
    "l10n.removeFavorite": "Fjern foretrukne",
    "l10n.recent": "Seneste",
    "l10n.playtime": "Spilletid",
    "l10n.tags": "Tags",
    "l10n.showGame": "Vis spil eller applikation",
    "l10n.hideGame": "Skjul spil eller applikation",
    "l10n.events": "Begivenheder",
    "l10n.hints": "Praj",
    "l10n.leaderboards": "Leaderboards",
    "l10n.optimization": "Optimering",
    "l10n.showHiddenGames": "Vis skjulte spil og applikationer",
    "l10n.hideHiddenGames": "Skjule spil og applikationer igen",
    "l10n.pluggedIn": "Tilsluttet",
    "l10n.onBattery": "På batteri",
    "l10n.notOptimized": "Ikke optimeret",
    "l10n.revert": "Tilbage",
    "l10n.setting": "Indstilling",
    "l10n.current": "Aktuel",
    "l10n.optimal": "Optimal",
    "l10n.lastPlayed": "Sidst startet: ",
    "l10n.timeago": "{{number}} for {{timeUnit}} siden",
    "l10n.yesterday": "I går",
    "l10n.monthYear": "{{month}} {{year}}",
    "l10n.totalPlayed": "Spillet i alt: {{number}} {{timeUnit}}",
    "l10n.usingOptimalSettings": "Bruger optimale indstillinger",
    "l10n.usingCustomSettings": "Bruger brugerdefinerede indstillinger",
    "l10n.scanForGames": "Scan for spil og apps",
    "l10n.optimizeAllGames": "Optimer alle spil og apps",
    "l10n.manageTags": "Administrer tags",
    "l10n.enterTag": "Indtast et tag",
    "l10n.secondaryTag": "+Tag",
    "l10n.inGame": "I spil",
    "l10n.inApp": "In-app",
    "l10n.nvidia": "NVIDIA",
    "l10n.scanning": "Scanner...",
    "l10n.scanFinished": "Scanning færdig",
    "l10n.optimizing": "Optimerer...",
    "l10n.optimizeFinished": "Optimering færdig",
    "l10n.watchNow": "Se nu",
    "l10n.playLocally": "Spil lokalt",
    "l10n.streamFromPC": "Stream fra min hjemme-pc",
    "l10n.playOnGeForce": "Spil på GeForce Now",
    "l10n.doNotOptimize": "Optimer ikke",
    "l10n.resolution": "Opløsning:",
    "l10n.displayMode": "Skærmtilstand:",
    "l10n.optimizeFor": "Optimer for:",
    "l10n.performance": "Ydeevne",
    "l10n.battery": "Batteri",
    "l10n.quality": "Kvalitet",
    "l10n.couldNotRetrieveCustomSettings": "Kunne ikke hente brugerdefinerede indstillinger. Prøv igen senere",
    "l10n.recommended": "{{string}} (anbefalet)",
    "l10n.apply": "Anvend",
    "l10n.optimizeRecommended": "Optimer (anbefalet)",
    "l10n.optimizePerformance": "Optimer til ydeevne",
    "l10n.optimizeQuality": "Optimer til kvalitet",
    "l10n.reset": "Nulstil",
    "l10n.dynamicSuperResolutions": "Dynamic Super Resolution",
    "l10n.wideScreen1610": "Widescreen (16:10)",
    "l10n.wideScreen169": "Widescreen (16:9)",
    "l10n.standard43": "Standard (4:3)",
    "l10n.standard54": "Standard (5:4)",
    "l10n.custom": "Brugerdefineret",
    "l10n.customSettings": "Brugerdefinerede indstillinger",
    "l10n.customSettingsPluggedIn": "Brugerdefinerede indstillinger: Tilsluttet",
    "l10n.customSettingsOnBattery": "Brugerdefinerede indstillinger: På batteri",
    "l10n.gameInfo": "Spil- og applikationsoplysninger",
    "l10n.gameIsNotOptimized": "Spil er ikke optimeret",
    "l10n.gameIsOptimized": "Spil er optimeret",
    "l10n.appIsNotOptimized": "Applikation er ikke optimeret",
    "l10n.appIsOptimized": "Applikation er optimeret",
    "l10n.videos": "Videoer",
    "l10n.description": "Beskrivelse",
    "l10n.noDescription": "Beskrivelse er ikke tilgængelig",
    "l10n.systemRequirement": "Systemkrav",
    "l10n.noContent": "Åh...det er tomt herinde",
    "l10n.feelingLonelyHere": "Jeg føler mig ensom her...",
    "l10n.findAWayToPlay": "Find en måde at spille",
    "l10n.gamesAreNotOptimized": "Spil og applikationer er ikke optimerede",
    "l10n.noFavoriteGames": "Ingen foretrukne spil eller applikationer",
    "l10n.gamesAreHidden": "Spil og applikationer er skjult",
    "l10n.noImagesAvailable": "Billeder er ikke tilgængelige",
    "l10n.UnableToLoadImages": "Kan ikke indlæse billeder",
    "l10n.UnableToRetrieveCurrentSettings": "Kan ikke hente aktuelle indstillinger. Start og lukning af spil eller applikationer, eller redigering af indstillinger, burde løse dette problem.",
    "l10n.gameIsUsingCustomSettings": "Spil benytter brugerdefinerede indstillinger",
    "l10n.gameIsUsingCustomBatterySettings": "Spil benytter brugerdefinerede indstillinger for batteri",
    "l10n.gameIsOptimizedForBattery": "Spil er optimeret for batteri",
    "l10n.appIsUsingCustomSettings": "Applikation bruger brugerdefinerede indstillinger",
    "l10n.appIsUsingCustomBatterySettings": "Applikation benytter brugerdefinerede indstillinger for batteri",
    "l10n.appIsOptimizedForBattery": "Applikation er optimeret for batteri",
    "l10n.gameIsUsingPluggedInForBattery": "Spil er ikke optimeret til batteri, og bruger tilsluttet strøm-indstillinger",
    "l10n.appIsUsingPluggedInForBattery": "Applikation er ikke optimeret til batteri, og bruger tilsluttede strøm-indstillinger",
    "l10n.systemBelowMinspecForGame": "Dit system opfylder ikke minimumskravene for optimale indstillinger i dette spil eller denne applikation. De optimale indstillinger kan levere billedhastigheder, som ikke kan spilles.",
    "l10n.gameCannotBeOptimized": "Spil kan ikke optimeres",
    "l10n.appCannotBeOptimized": "Applikationen kan ikke optimeres",
    "l10n.markFavorite": "Markér favorit",
    "l10n.unableToRetrieveSettings": "Kan ikke hente indstillinger. Prøv igen senere.",
    "l10n.systemDoesNotSupportOps": "GeForce Experience kan ikke optimere spil og applikationer på denne pc",
    "l10n.needToMeetSystemRequirement": "Sørg for, at du opfylder",
    "l10n.betterQuality": "Bedre kvalitet",
    "l10n.tileView": "Rudevisning",
    "l10n.detailsView": "Detaljevisning",
    "l10n.usingBatteryBoostSettings": "Bruger BatteryBoost-indstillinger",
    "l10n.usingCustomBatterySettings": "Bruger brugerdefinerede batteriindstillinger",
    "l10n.whenOnBattery": "Når på batteri",
    "l10n.whenPluggedIn": "Når tilsluttet",
    "l10n.dsr": "DSR",
    "l10n.dsrInfo": "Spillet og applikationen vil blive gengivet ved en høj opløsning, og derefter skaleret til din skærms producentspecifikke opløsning for at forbedre billedkvaliteten.",
    "l10n.unableToUpdateGameSettings": "Kan ikke opdatere indstillinger.",
    "l10n.scanningFailed": "Scanning mislykkedes",
    "l10n.unableToReachNvidiaServers": "Kan ikke få kontakt med NVIDIA-servere.",
    "l10n.viewHiddenGames": "Vis skjulte spil og applikationer",
    "l10n.viewAllGames": "Vis alle spil og applikationer",
    "l10n.noHiddenGames": "Ingen skjulte spil og applikationer",
    "l10n.hiddenNumber": "Skjult ({{number}})",
    "l10n.gamesYouPlay": "Spil og applikationer, som du starter, vises her",
    "l10n.gamesAppearHere": "Dine spil og applikationer vises her",
    "l10n.gameIsOptimizedForQuietMode": "Spil og applikation er optimeret til <a {{whisperModeCustomHtml}}>WhisperMode</a>",
    "l10n.usingOptimalSettingsForQuietMode": "Bruger optimale indstillinger for <a {{whisperModeCustomHtml}}>WhisperMode</a>",
    "l10n.gameIsNotOptimizedForQuietMode": "Spil eller applikation er ikke optimeret til <a {{whisperModeCustomHtml}}>WhisperMode</a>",
    "l10n.customSettingsQuietMode": "Brugerdefinerede indstillinger: WHISPERMODE",
    "l10n.usingCustomSettingsQuietMode": "Benytter brugerdefinerede indstillinger til <a {{whisperModeCustomHtml}}>WhisperMode</a>",
    "l10n.gameIsUsingCustomSettingsForQuietMode": "Spil er brugerdefineret til <a {{whisperModeCustomHtml}}>WhisperMode</a>",
    "l10n.appIsUsingCustomSettingsForQuietMode": "Applikation er brugerdefineret til <a {{whisperModeCustomHtml}}>WhisperMode</a>",
    "l10n.noAnselReadyGames": "Ingen Ansel-parate spil",
    "l10n.frameRateWhisperMode": "BILLEDHASTIGHED: WHISPERMODE",
    "l10n.frameRateBatteryBoost": "BILLEDHASTIGHED: BATTERIFORSTÆRKNING",
    "l10n.quietModeFps": "WHISPERMODE FPS",
    "l10n.batteryBoostFps": "BATTERIFORSTÆRKNING FPS",
    "l10n.fpsCount": "{{number}} FPS",
    "l10n.couldNotRetrieveWMFps": "Kunne ikke hente WHISPERMODE FPS",
    "l10n.couldNotRetrieveBBFps": "Kunne ikke hente BATTERIFORSTÆRKNING FPS",
    "l10n.recommendedFps": "ANBEFALET",
    "l10n.freestyleReadyNumber": "Freestyle-parat ({{number}})",
    "l10n.noFreestyleReadyGames": "Ingen Freestyle-parate spil og applikationer",
    "l10n.playCloud": "Spil i skyen",
    "l10n.gameIsOptimizedForPerformanceMode": "Spil eller applikation er optimeret til Ydeevne",
    "l10n.usingOptimalSettingsForPerformanceMode": "Bruger optimale indstillinger for ydeevne",
    "l10n.gameIsNotOptimizedForPerformanceMode": "Spil eller applikation er ikke optimeret til Ydeevne",
    "l10n.customSettingsPerformanceMode": "Brugerdefinerede indstillinger: YDEEVNETILSTAND",
    "l10n.usingCustomSettingsPerformanceMode": "Bruger brugerdefinerede indstillinger for ydeevne",
    "l10n.gameIsUsingCustomSettingsForPerformanceMode": "Spil eller applikation er brugerdefineret til Ydeevne"
}
