{
    "l10n.allNumber": "Alle ({{number}})",
    "l10n.play": "Starten",
    "l10n.games": "SPIELE UND APPS",
    "l10n.optimized": "Optimiert",
    "l10n.optimizedNumber": "Optimiert ({{number}})",
    "l10n.favorites": "Favoriten",
    "l10n.favoritesNumber": "Favoriten ({{number}})",
    "l10n.favorite": "Favorit",
    "l10n.anselReadyNumber": "Ansel-Ready ({{number}})",
    "l10n.removeFavorite": "Favoriten entfernen",
    "l10n.recent": "Neuester Verlauf",
    "l10n.playtime": "Spielzeit",
    "l10n.tags": "Tags",
    "l10n.showGame": "Spiel oder Anwendung anzeigen",
    "l10n.hideGame": "Spiel oder Anwendung ausblenden",
    "l10n.events": "Ereignisse",
    "l10n.hints": "Tipps",
    "l10n.leaderboards": "Bestenlisten",
    "l10n.optimization": "Optimierung",
    "l10n.showHiddenGames": "Ausgeblendete Spiele und Anwendungen anzeigen",
    "l10n.hideHiddenGames": "Ausgeblendete Spiele und Anwendungen ausblenden",
    "l10n.pluggedIn": "Im Netzstrombetrieb",
    "l10n.onBattery": "Im Akkubetrieb",
    "l10n.notOptimized": "Nicht optimiert",
    "l10n.revert": "Zurücksetzen",
    "l10n.setting": "Einstellung",
    "l10n.current": "Aktuell",
    "l10n.optimal": "Optimal",
    "l10n.lastPlayed": "Zuletzt gestartet: ",
    "l10n.timeago": "vor {{number}} {{timeUnit}}",
    "l10n.yesterday": "Gestern",
    "l10n.monthYear": "{{month}} {{year}}",
    "l10n.totalPlayed": "Insgesamt gespielt: {{number}} {{timeUnit}}",
    "l10n.usingOptimalSettings": "Es werden optimale Einstellungen verwendet",
    "l10n.usingCustomSettings": "Mit benutzerdefinierten Einstellungen",
    "l10n.scanForGames": "Nach Spielen und Apps suchen",
    "l10n.optimizeAllGames": "Alle Spiele und Apps optimieren",
    "l10n.manageTags": "Tags verwalten",
    "l10n.enterTag": "Geben Sie einen Tag ein",
    "l10n.secondaryTag": "+Tag",
    "l10n.inGame": "Spielintern",
    "l10n.inApp": "App-intern",
    "l10n.nvidia": "NVIDIA",
    "l10n.scanning": "Suche läuft ...",
    "l10n.scanFinished": "Suchvorgang beendet",
    "l10n.optimizing": "Optimierung läuft ...",
    "l10n.optimizeFinished": "Optimierung abgeschlossen",
    "l10n.watchNow": "Jetzt ansehen",
    "l10n.playLocally": "Lokal spielen",
    "l10n.streamFromPC": "Von meinem Heim-PC streamen",
    "l10n.playOnGeForce": "Auf GeForce Now spielen",
    "l10n.doNotOptimize": "Nicht optimieren",
    "l10n.resolution": "Auflösung:",
    "l10n.displayMode": "Anzeigemodus:",
    "l10n.optimizeFor": "Optimieren für:",
    "l10n.performance": "Leistung",
    "l10n.battery": "Akku",
    "l10n.quality": "Qualität",
    "l10n.couldNotRetrieveCustomSettings": "Benutzerdefinierte Einstellungen konnten nicht abgerufen werden. Bitte versuchen Sie es später erneut.",
    "l10n.recommended": "{{string}} (empfohlen)",
    "l10n.apply": "Übernehmen",
    "l10n.optimizeRecommended": "Optimieren (empfohlen)",
    "l10n.optimizePerformance": "Für Leistung optimieren",
    "l10n.optimizeQuality": "Für Qualität optimieren",
    "l10n.reset": "Rücks.",
    "l10n.dynamicSuperResolutions": "Dynamic Super Resolution",
    "l10n.wideScreen1610": "Breitbild (16:10)",
    "l10n.wideScreen169": "Breitbild (16:9)",
    "l10n.standard43": "Standard (4:3)",
    "l10n.standard54": "Standard (5:4)",
    "l10n.custom": "Benutzerdefiniert",
    "l10n.customSettings": "Benutzerdefinierte Einstellungen",
    "l10n.customSettingsPluggedIn": "Benutzerdefinierte Einstellungen: Im Netzstrombetrieb",
    "l10n.customSettingsOnBattery": "Benutzerdefinierte Einstellungen: Im Akkubetrieb",
    "l10n.gameInfo": "Spiel- oder Anwendungsinfo",
    "l10n.gameIsNotOptimized": "Spiel ist nicht optimiert",
    "l10n.gameIsOptimized": "Spiel ist optimiert",
    "l10n.appIsNotOptimized": "Anwendung ist nicht optimiert",
    "l10n.appIsOptimized": "Anwendung ist optimiert",
    "l10n.videos": "Videos",
    "l10n.description": "Beschreibung",
    "l10n.noDescription": "Beschreibung nicht verfügbar",
    "l10n.systemRequirement": "Systemvoraussetzungen",
    "l10n.noContent": "Oooh ... Es ist leer hier",
    "l10n.feelingLonelyHere": "Ganz schön einsam hier ...",
    "l10n.findAWayToPlay": "Hier geht’s zu Spielen",
    "l10n.gamesAreNotOptimized": "Spiele und Anwendungen sind nicht optimiert",
    "l10n.noFavoriteGames": "Keine Favoriten-Spiele und Anwendungen",
    "l10n.gamesAreHidden": "Spiele und Anwendungen sind ausgeblendet",
    "l10n.noImagesAvailable": "Bilder nicht verfügbar",
    "l10n.UnableToLoadImages": "Bilder können nicht geladen werden",
    "l10n.UnableToRetrieveCurrentSettings": "Aktuelle Einstellungen können nicht abgerufen werden. Das Spiel oder die Anwendung zu starten und zu schließen oder die Einstellungen zu verändern, sollte dieses Problem beheben.",
    "l10n.gameIsUsingCustomSettings": "Spiel verwendet benutzerdefinierte Einstellungen",
    "l10n.gameIsUsingCustomBatterySettings": "Spiel verwendet benutzerdefinierte Einstellungen für Akkubetrieb",
    "l10n.gameIsOptimizedForBattery": "Spiel ist für Akkubetrieb optimiert",
    "l10n.appIsUsingCustomSettings": "Anwendung nutzt benutzerdefinierte Einstellungen",
    "l10n.appIsUsingCustomBatterySettings": "Anwendung nutzt benutzerdefinierte Einstellungen für Akkubetrieb",
    "l10n.appIsOptimizedForBattery": "Anwendung ist für Akkubetrieb optimiert",
    "l10n.gameIsUsingPluggedInForBattery": "Spiel ist nicht für Akkubetrieb optimiert und verwendet Netzbetriebseinstellungen",
    "l10n.appIsUsingPluggedInForBattery": "Anwendung ist nicht für Akkubetrieb optimiert und verwendet Einstellungen für Netzbetrieb",
    "l10n.systemBelowMinspecForGame": "Ihr System erfüllt nicht die Mindestanforderungen für optimale Einstellungen für dieses Spiel oder diese Anwendung. Die optimalen Einstellungen können nicht darstellbare Bildraten verursachen",
    "l10n.gameCannotBeOptimized": "Spiel kann nicht optimiert werden",
    "l10n.appCannotBeOptimized": "Anwendung kann nicht optimiert werden",
    "l10n.markFavorite": "Favoriten markieren",
    "l10n.unableToRetrieveSettings": "Einstellungen können nicht abgerufen werden. Bitte versuchen Sie es später erneut.",
    "l10n.systemDoesNotSupportOps": "GeForce Experience kann auf diesem PC keine Spiele und Anwendungen optimieren.",
    "l10n.needToMeetSystemRequirement": "Bitte überprüfen Sie die Erfüllung der",
    "l10n.betterQuality": "Bessere Qualität",
    "l10n.tileView": "Kachelansicht",
    "l10n.detailsView": "Detailansicht",
    "l10n.usingBatteryBoostSettings": "BatteryBoost-Einstellungen werden verwendet",
    "l10n.usingCustomBatterySettings": "Benutzerdefinierte Akkubetriebseinstellungen werden verwendet",
    "l10n.whenOnBattery": "Im Akkubetrieb",
    "l10n.whenPluggedIn": "Im Netzbetrieb",
    "l10n.dsr": "DSR",
    "l10n.dsrInfo": "Das Spiel bzw. die Anwendung werden in einer hohen Auflösung berechnet und dann auf die native Auflösung Ihres Monitors skaliert, um die Bildqualität zu optimieren.",
    "l10n.unableToUpdateGameSettings": "Aktualisieren der Einstellungen nicht möglich.",
    "l10n.scanningFailed": "Suche fehlgeschlagen",
    "l10n.unableToReachNvidiaServers": "NVIDIA-Server sind nicht erreichbar.",
    "l10n.viewHiddenGames": "Ausgeblendete Spiele und Anwendungen anzeigen",
    "l10n.viewAllGames": "Alle Spiele und Anwendungen anzeigen",
    "l10n.noHiddenGames": "Keine ausgeblendeten Spiele und Anwendungen",
    "l10n.hiddenNumber": "Ausgeblendet ({{number}})",
    "l10n.gamesYouPlay": "Von Ihnen gestartete Spiele und Anwendungen werden hier angezeigt",
    "l10n.gamesAppearHere": "Ihre Spiele und Anwendungen werden hier angezeigt",
    "l10n.gameIsOptimizedForQuietMode": "Spiel und Anwendung ist für <a {{whisperModeCustomHtml}}>WhisperMode</a> optimiert",
    "l10n.usingOptimalSettingsForQuietMode": "Optimale Einstellungen für <a {{whisperModeCustomHtml}}>WhisperMode</a> werden verwendet",
    "l10n.gameIsNotOptimizedForQuietMode": "Spiel oder Anwendung ist nicht für <a {{whisperModeCustomHtml}}>WhisperMode</a> optimiert",
    "l10n.customSettingsQuietMode": "Benutzerdefinierte Einstellungen: WHISPER MODE",
    "l10n.usingCustomSettingsQuietMode": "Benutzerdefinierte Einstellungen für <a {{whisperModeCustomHtml}}>WhisperMode</a> werden verwendet",
    "l10n.gameIsUsingCustomSettingsForQuietMode": "Spiel ist benutzerdefiniert für <a {{whisperModeCustomHtml}}>WhisperMode</a> angepasst",
    "l10n.appIsUsingCustomSettingsForQuietMode": "Anwendung ist benutzerdefiniert für <a {{whisperModeCustomHtml}}>WhisperMode</a> angepasst",
    "l10n.noAnselReadyGames": "Keine Ansel-Ready Spiele",
    "l10n.frameRateWhisperMode": "BILDRATE: WHISPER MODE",
    "l10n.frameRateBatteryBoost": "BILDRATE: BATTERIEOPTIMIERUNG",
    "l10n.quietModeFps": "FPS IM WHISPER MODE",
    "l10n.batteryBoostFps": "FPS BEI BATTERIEOPTIMIERUNG",
    "l10n.fpsCount": "{{number}} FPS",
    "l10n.couldNotRetrieveWMFps": "FPS IM WHISPER MODE konnte nicht abgerufen werden",
    "l10n.couldNotRetrieveBBFps": "FPS BEI BATTERIEOPTIMIERUNG konnte nicht abgerufen werden",
    "l10n.recommendedFps": "EMPFOHLEN",
    "l10n.freestyleReadyNumber": "Freestyle geeignet ({{number}})",
    "l10n.noFreestyleReadyGames": "Keine FreeStyle-Ready Spiele",
    "l10n.playCloud": "In der Cloud spielen",
    "l10n.gameIsOptimizedForPerformanceMode": "Spiel oder Anwendung ist für Leistung optimiert",
    "l10n.usingOptimalSettingsForPerformanceMode": "Optimale Einstellungen für Leistung werden verwendet",
    "l10n.gameIsNotOptimizedForPerformanceMode": "Spiel oder Anwendung ist nicht für Leistung optimiert",
    "l10n.customSettingsPerformanceMode": "Benutzerdefinierte Einstellungen: LEISTUNGSMODUS",
    "l10n.usingCustomSettingsPerformanceMode": "Benutzerdefinierte Einstellungen für Leistung werden verwendet",
    "l10n.gameIsUsingCustomSettingsForPerformanceMode": "Spiel oder Anwendung ist benutzerdefiniert für Leistung angepasst"
}
