{
    "l10n.allNumber": "All ({{number}})",
    "l10n.play": "Launch",
    "l10n.games": "GAMES & APPS",
    "l10n.optimized": "Optimised",
    "l10n.optimizedNumber": "Optimised ({{number}})",
    "l10n.favorites": "Favourites",
    "l10n.favoritesNumber": "Favourites ({{number}})",
    "l10n.favorite": "Favourite",
    "l10n.anselReadyNumber": "Ansel ready ({{number}})",
    "l10n.removeFavorite": "Remove favourite",
    "l10n.recent": "Recent",
    "l10n.playtime": "Playtime",
    "l10n.tags": "Tags",
    "l10n.showGame": "Show game or application",
    "l10n.hideGame": "Hide game or application",
    "l10n.events": "Events",
    "l10n.hints": "Hints",
    "l10n.leaderboards": "Leaderboards",
    "l10n.optimization": "Optimisation",
    "l10n.showHiddenGames": "Show hidden games and applications",
    "l10n.hideHiddenGames": "Hide hidden games and applications",
    "l10n.pluggedIn": "Plugged in",
    "l10n.onBattery": "On battery",
    "l10n.notOptimized": "Not optimised",
    "l10n.revert": "Revert",
    "l10n.setting": "Setting",
    "l10n.current": "Current",
    "l10n.optimal": "Optimal",
    "l10n.lastPlayed": "Last Launched: ",
    "l10n.timeago": "{{number}} {{timeUnit}} ago",
    "l10n.yesterday": "Yesterday",
    "l10n.monthYear": "{{month}} {{year}}",
    "l10n.totalPlayed": "Total played: {{number}} {{timeUnit}}",
    "l10n.usingOptimalSettings": "Using optimal settings",
    "l10n.usingCustomSettings": "Using custom settings",
    "l10n.scanForGames": "Scan for games & apps",
    "l10n.optimizeAllGames": "Optimise all games & apps",
    "l10n.manageTags": "Manage tags",
    "l10n.enterTag": "Enter a tag",
    "l10n.secondaryTag": "+Tag",
    "l10n.inGame": "In-game",
    "l10n.inApp": "In-app",
    "l10n.nvidia": "NVIDIA",
    "l10n.scanning": "Scanning...",
    "l10n.scanFinished": "Scanning finished",
    "l10n.optimizing": "Optimising...",
    "l10n.optimizeFinished": "Optimisation finished",
    "l10n.watchNow": "Watch Now",
    "l10n.playLocally": "Play locally",
    "l10n.streamFromPC": "Stream from my home PC",
    "l10n.playOnGeForce": "Play on GeForce Now",
    "l10n.doNotOptimize": "Don't optimise",
    "l10n.resolution": "Resolution:",
    "l10n.displayMode": "Display mode:",
    "l10n.optimizeFor": "Optimise for:",
    "l10n.performance": "Performance",
    "l10n.battery": "Battery",
    "l10n.quality": "Quality",
    "l10n.couldNotRetrieveCustomSettings": "Could not retrieve custom settings. Try again later",
    "l10n.recommended": "{{string}} (recommended)",
    "l10n.apply": "Apply",
    "l10n.optimizeRecommended": "Optimise (recommended)",
    "l10n.optimizePerformance": "Optimise for performance",
    "l10n.optimizeQuality": "Optimise for quality",
    "l10n.reset": "Reset",
    "l10n.dynamicSuperResolutions": "Dynamic super resolutions",
    "l10n.wideScreen1610": "Wide screen (16:10)",
    "l10n.wideScreen169": "Wide screen (16:9)",
    "l10n.standard43": "Standard (4:3)",
    "l10n.standard54": "Standard (5:4)",
    "l10n.custom": "Custom",
    "l10n.customSettings": "Custom Settings",
    "l10n.customSettingsPluggedIn": "Custom Settings: Plugged in",
    "l10n.customSettingsOnBattery": "Custom Settings: On battery",
    "l10n.gameInfo": "Game or application Info",
    "l10n.gameIsNotOptimized": "Game isn't optimised",
    "l10n.gameIsOptimized": "Game is optimised",
    "l10n.appIsNotOptimized": "Application isn't optimised",
    "l10n.appIsOptimized": "Application is optimised",
    "l10n.videos": "Videos",
    "l10n.description": "Description",
    "l10n.noDescription": "Description not available",
    "l10n.systemRequirement": "System Requirements",
    "l10n.noContent": "Oooh...It's empty in here",
    "l10n.feelingLonelyHere": "Feeling lonely here...",
    "l10n.findAWayToPlay": "Find a way to play",
    "l10n.gamesAreNotOptimized": "Games and applications aren't optimised",
    "l10n.noFavoriteGames": "No favourite games and applications",
    "l10n.gamesAreHidden": "Games and applications are hidden",
    "l10n.noImagesAvailable": "Images not available",
    "l10n.UnableToLoadImages": "Unable to load images",
    "l10n.UnableToRetrieveCurrentSettings": "Unable to retrieve current settings. Starting and closing the game or application, or editing the settings, should fix this problem.",
    "l10n.gameIsUsingCustomSettings": "Game is using custom settings",
    "l10n.gameIsUsingCustomBatterySettings": "Game is using custom settings for battery",
    "l10n.gameIsOptimizedForBattery": "Game is optimised for battery",
    "l10n.appIsUsingCustomSettings": "Application is using custom settings",
    "l10n.appIsUsingCustomBatterySettings": "Application is using custom settings for battery",
    "l10n.appIsOptimizedForBattery": "Application is optimised for battery",
    "l10n.gameIsUsingPluggedInForBattery": "Game isn't optimised for battery, and is using plugged in settings",
    "l10n.appIsUsingPluggedInForBattery": "Application isn't optimised for battery, and is using plugged in settings",
    "l10n.systemBelowMinspecForGame": "Your system doesn't meet the minimum requirements for optimal settings in this game or application. The optimal settings may deliver unplayable framerates",
    "l10n.gameCannotBeOptimized": "Game can't be optimised",
    "l10n.appCannotBeOptimized": "Application can't be optimised",
    "l10n.markFavorite": "Mark as favourite",
    "l10n.unableToRetrieveSettings": "Unable to retrieve settings. Try again later.",
    "l10n.systemDoesNotSupportOps": "GeForce Experience can't optimise games and applications on this PC",
    "l10n.needToMeetSystemRequirement": "Please make sure you meet the",
    "l10n.betterQuality": "Better Quality",
    "l10n.tileView": "Tile view",
    "l10n.detailsView": "Details view",
    "l10n.usingBatteryBoostSettings": "Using BatteryBoost settings",
    "l10n.usingCustomBatterySettings": "Using custom battery settings",
    "l10n.whenOnBattery": "When on battery",
    "l10n.whenPluggedIn": "When plugged in",
    "l10n.dsr": "DSR",
    "l10n.dsrInfo": "The game and application will be rendered at a high resolution then scaled to your monitor's native resolution to enhance image quality.",
    "l10n.unableToUpdateGameSettings": "Unable to update settings.",
    "l10n.scanningFailed": "Scanning failed",
    "l10n.unableToReachNvidiaServers": "Unable to reach NVIDIA servers.",
    "l10n.viewHiddenGames": "View hidden games and applications",
    "l10n.viewAllGames": "View all games and applications",
    "l10n.noHiddenGames": "No hidden games and applications",
    "l10n.hiddenNumber": "Hidden ({{number}})",
    "l10n.gamesYouPlay": "Games and applications you launch appear here",
    "l10n.gamesAppearHere": "Your games and applications appear here",
    "l10n.gameIsOptimizedForQuietMode": "Game and application is optimised for <a {{whisperModeCustomHtml}}>WhisperMode</a>",
    "l10n.usingOptimalSettingsForQuietMode": "Using optimal settings for <a {{whisperModeCustomHtml}}>WhisperMode</a>",
    "l10n.gameIsNotOptimizedForQuietMode": "Game or application isn't optimised for <a {{whisperModeCustomHtml}}>WhisperMode</a>",
    "l10n.customSettingsQuietMode": "Custom Settings: WHISPER MODE",
    "l10n.usingCustomSettingsQuietMode": "Using custom settings for <a {{whisperModeCustomHtml}}>WhisperMode</a>",
    "l10n.gameIsUsingCustomSettingsForQuietMode": "Game is customised for <a {{whisperModeCustomHtml}}>WhisperMode</a>",
    "l10n.appIsUsingCustomSettingsForQuietMode": "Application is customised for <a {{whisperModeCustomHtml}}>WhisperMode</a>",
    "l10n.noAnselReadyGames": "No Ansel Ready games",
    "l10n.frameRateWhisperMode": "FRAMERATE: WHISPER MODE",
    "l10n.frameRateBatteryBoost": "FRAMERATE: BATTERY BOOST",
    "l10n.quietModeFps": "WHISPER MODE FPS",
    "l10n.batteryBoostFps": "BATTERY BOOST FPS",
    "l10n.fpsCount": "{{number}} FPS",
    "l10n.couldNotRetrieveWMFps": "Could not retrieve WHISPER MODE FPS",
    "l10n.couldNotRetrieveBBFps": "Could not retrieve BATTERY BOOST FPS",
    "l10n.recommendedFps": "RECOMMENDED",
    "l10n.freestyleReadyNumber": "Freestyle ready ({{number}})",
    "l10n.noFreestyleReadyGames": "No Freestyle Ready games and applications",
    "l10n.playCloud": "Play in Cloud",
    "l10n.gameIsOptimizedForPerformanceMode": "Game or application is optimised for Performance",
    "l10n.usingOptimalSettingsForPerformanceMode": "Using optimal settings for Performance",
    "l10n.gameIsNotOptimizedForPerformanceMode": "Game or application isn't optimised for Performance",
    "l10n.customSettingsPerformanceMode": "Custom Settings: PERFORMANCE MODE",
    "l10n.usingCustomSettingsPerformanceMode": "Using custom settings for Performance",
    "l10n.gameIsUsingCustomSettingsForPerformanceMode": "Game or application is customised for Performance"
}
