{
    "l10n.allNumber": "Todas ({{number}})",
    "l10n.play": "Iniciar",
    "l10n.games": "JUEGOS Y APPS",
    "l10n.optimized": "Optimizados",
    "l10n.optimizedNumber": "Optimizados ({{number}})",
    "l10n.favorites": "Favoritos",
    "l10n.favoritesNumber": "Favoritos ({{number}})",
    "l10n.favorite": "Favorito",
    "l10n.anselReadyNumber": "Compatibles con Ansel ({{number}})",
    "l10n.removeFavorite": "Eliminar favorito",
    "l10n.recent": "Reciente",
    "l10n.playtime": "Tiempo de juego",
    "l10n.tags": "Etiquetas",
    "l10n.showGame": "Mostrar juego o aplicación",
    "l10n.hideGame": "Ocultar juego o aplicación",
    "l10n.events": "Eventos",
    "l10n.hints": "Pistas",
    "l10n.leaderboards": "Paneles de líderes",
    "l10n.optimization": "Optimización",
    "l10n.showHiddenGames": "Mostrar juegos y aplicaciones ocultos",
    "l10n.hideHiddenGames": "Ocultar juegos y aplicaciones ocultos",
    "l10n.pluggedIn": "Con alimentación de CA",
    "l10n.onBattery": "Con batería",
    "l10n.notOptimized": "No optimizado",
    "l10n.revert": "Revertir",
    "l10n.setting": "Configuración",
    "l10n.current": "Actual",
    "l10n.optimal": "Óptima",
    "l10n.lastPlayed": "Última puesta en marcha: ",
    "l10n.timeago": "hace {{number}} {{timeUnit}}",
    "l10n.yesterday": "Ayer",
    "l10n.monthYear": "{{month}} {{year}}",
    "l10n.totalPlayed": "Total jugado: {{number}} {{timeUnit}}",
    "l10n.usingOptimalSettings": "Utilizando configuración óptima",
    "l10n.usingCustomSettings": "Utilizando configuración personalizada",
    "l10n.scanForGames": "Buscar juegos y aplicaciones",
    "l10n.optimizeAllGames": "Optimizar todos los juegos y aplicaciones",
    "l10n.manageTags": "Gestionar etiquetas",
    "l10n.enterTag": "Introducir una etiqueta",
    "l10n.secondaryTag": "+Etiqueta",
    "l10n.inGame": "En el juego",
    "l10n.inApp": "En la aplicación",
    "l10n.nvidia": "NVIDIA",
    "l10n.scanning": "Buscando...",
    "l10n.scanFinished": "Búsqueda finalizada",
    "l10n.optimizing": "Optimizando...",
    "l10n.optimizeFinished": "Optimización finalizada",
    "l10n.watchNow": "Ver ahora",
    "l10n.playLocally": "Jugar en local",
    "l10n.streamFromPC": "Transmitir desde el PC de casa",
    "l10n.playOnGeForce": "Jugar en GeForce Now",
    "l10n.doNotOptimize": "No optimizar",
    "l10n.resolution": "Resolución:",
    "l10n.displayMode": "Modo de pantalla:",
    "l10n.optimizeFor": "Optimizar para:",
    "l10n.performance": "Rendimiento",
    "l10n.battery": "Batería",
    "l10n.quality": "Calidad",
    "l10n.couldNotRetrieveCustomSettings": "No se ha podido recuperar la configuración personalizada. Inténtelo de nuevo más tarde.",
    "l10n.recommended": "{{string}} (recomendado)",
    "l10n.apply": "Aplicar",
    "l10n.optimizeRecommended": "Optimizar (recomendado)",
    "l10n.optimizePerformance": "Optimizar para rendimiento",
    "l10n.optimizeQuality": "Optimizar para calidad",
    "l10n.reset": "Restablecer",
    "l10n.dynamicSuperResolutions": "Dynamic Super Resolution",
    "l10n.wideScreen1610": "Pantalla panorámica (16:10)",
    "l10n.wideScreen169": "Pantalla panorámica (16:9)",
    "l10n.standard43": "Estándar (4:3)",
    "l10n.standard54": "Estándar (5:4)",
    "l10n.custom": "Personalizada",
    "l10n.customSettings": "Configuración personalizada",
    "l10n.customSettingsPluggedIn": "Configuración personalizada: Con alimentación de CA",
    "l10n.customSettingsOnBattery": "Configuración personalizada: Con batería",
    "l10n.gameInfo": "Información del juego o la aplicación",
    "l10n.gameIsNotOptimized": "Juego no optimizado",
    "l10n.gameIsOptimized": "Juego optimizado",
    "l10n.appIsNotOptimized": "La aplicación no está optimizada",
    "l10n.appIsOptimized": "La aplicación está optimizada",
    "l10n.videos": "Vídeos",
    "l10n.description": "Descripción",
    "l10n.noDescription": "Descripción no disponible",
    "l10n.systemRequirement": "Requisitos del sistema",
    "l10n.noContent": "Vaya... Aquí no hay nada",
    "l10n.feelingLonelyHere": "Me siento solo aquí...",
    "l10n.findAWayToPlay": "Buscar un modo de jugar",
    "l10n.gamesAreNotOptimized": "Los juegos y aplicaciones no están optimizados",
    "l10n.noFavoriteGames": "No hay juegos ni aplicaciones favoritos",
    "l10n.gamesAreHidden": "Los juegos y aplicaciones están ocultos",
    "l10n.noImagesAvailable": "Imágenes no disponibles",
    "l10n.UnableToLoadImages": "No se pueden cargar las imágenes",
    "l10n.UnableToRetrieveCurrentSettings": "No se ha podido recuperar la configuración actual. Iniciar y cerrar el juego o la aplicación, o editar sus configuraciones, debería solucionar este problema.",
    "l10n.gameIsUsingCustomSettings": "El juego está utilizando una configuración personalizada",
    "l10n.gameIsUsingCustomBatterySettings": "El juego está utilizando una configuración personalizada para alimentación de batería",
    "l10n.gameIsOptimizedForBattery": "El juego está optimizado para alimentación de batería",
    "l10n.appIsUsingCustomSettings": "La aplicación está utilizando una configuración personalizada",
    "l10n.appIsUsingCustomBatterySettings": "La aplicación está utilizando una configuración personalizada para alimentación de batería",
    "l10n.appIsOptimizedForBattery": "La aplicación está optimizada para alimentación de batería",
    "l10n.gameIsUsingPluggedInForBattery": "El juego no está optimizado para batería y está utilizando la configuración de alimentación de CA",
    "l10n.appIsUsingPluggedInForBattery": "La aplicación no está optimizada para batería y está utilizando la configuración de alimentación de CA",
    "l10n.systemBelowMinspecForGame": "Su sistema no cumple los requisitos mínimos para obtener la configuración óptima en este juego o aplicación. La configuración óptima puede ofrecer velocidades de fotogramas irreproducibles",
    "l10n.gameCannotBeOptimized": "El juego no se puede optimizar",
    "l10n.appCannotBeOptimized": "La aplicación no se puede optimizar",
    "l10n.markFavorite": "Marcar como favorito",
    "l10n.unableToRetrieveSettings": "No se puede recuperar la configuración. Intentar de nuevo más tarde.",
    "l10n.systemDoesNotSupportOps": "GeForce Experience no puede optimizar juegos ni aplicaciones en este PC.",
    "l10n.needToMeetSystemRequirement": "Compruebe si cumple los",
    "l10n.betterQuality": "Mejor calidad",
    "l10n.tileView": "Vista de mosaico",
    "l10n.detailsView": "Vista detallada",
    "l10n.usingBatteryBoostSettings": "Cómo usar la configuración BatteryBoost",
    "l10n.usingCustomBatterySettings": "Cómo usar la configuración personalizada para alimentación de batería",
    "l10n.whenOnBattery": "Al usar la alimentación de batería",
    "l10n.whenPluggedIn": "Al usar la alimentación de CA",
    "l10n.dsr": "DSR",
    "l10n.dsrInfo": "El juego y la aplicación se renderizarán a alta resolución y luego se adaptarán a la resolución nativa de su monitor para mejorar la calidad de imagen.",
    "l10n.unableToUpdateGameSettings": "No es posible actualizar la configuración.",
    "l10n.scanningFailed": "La búsqueda ha fallado",
    "l10n.unableToReachNvidiaServers": "No es posible contactar con los servidores de NVIDIA.",
    "l10n.viewHiddenGames": "Ver juegos y aplicaciones ocultos",
    "l10n.viewAllGames": "Ver todos los juegos y aplicaciones",
    "l10n.noHiddenGames": "No hay juegos ni aplicaciones ocultos",
    "l10n.hiddenNumber": "Ocultos ({{number}})",
    "l10n.gamesYouPlay": "Los juegos y aplicaciones afectados que inicie aparecerán aquí",
    "l10n.gamesAppearHere": "Sus juegos y aplicaciones aparecerán aquí",
    "l10n.gameIsOptimizedForQuietMode": "El juego y la aplicación están optimizados para <a {{whisperModeCustomHtml}}>WhisperMode</a>",
    "l10n.usingOptimalSettingsForQuietMode": "Utilizando configuración óptima para <a {{whisperModeCustomHtml}}>WhisperMode</a>",
    "l10n.gameIsNotOptimizedForQuietMode": "El juego o la aplicación no están optimizados para <a {{whisperModeCustomHtml}}>WhisperMode</a>",
    "l10n.customSettingsQuietMode": "Configuración personalizada: WHISPER MODE",
    "l10n.usingCustomSettingsQuietMode": "Utilizando configuración personalizada para <a {{whisperModeCustomHtml}}>WhisperMode</a>",
    "l10n.gameIsUsingCustomSettingsForQuietMode": "El juego está personalizado para <a {{whisperModeCustomHtml}}>WhisperMode</a>",
    "l10n.appIsUsingCustomSettingsForQuietMode": "La aplicación está personalizada para <a {{whisperModeCustomHtml}}>WhisperMode</a>",
    "l10n.noAnselReadyGames": "No hay juegos compatibles con Ansel",
    "l10n.frameRateWhisperMode": "VELOCIDAD DE FOTOGRAMAS: WHISPER MODE",
    "l10n.frameRateBatteryBoost": "VELOCIDAD DE FOTOGRAMAS: BATTERY BOOST",
    "l10n.quietModeFps": "FPS DE WHISPER MODE",
    "l10n.batteryBoostFps": "FPS DE BATTERY BOOST",
    "l10n.fpsCount": "{{number}} FPS",
    "l10n.couldNotRetrieveWMFps": "No es posible recuperar FPS DE WHISPER MODE",
    "l10n.couldNotRetrieveBBFps": "No es posible recuperar FPS DE BATTERY BOOST",
    "l10n.recommendedFps": "RECOMENDADO",
    "l10n.freestyleReadyNumber": "Compatibles con Freestyle ({{number}})",
    "l10n.noFreestyleReadyGames": "No hay juegos ni aplicaciones compatibles con FreeStyle",
    "l10n.playCloud": "Jugar en la nube",
    "l10n.gameIsOptimizedForPerformanceMode": "El juego o la aplicación están optimizados para el rendimiento",
    "l10n.usingOptimalSettingsForPerformanceMode": "Utilizando configuración óptima para el rendimiento",
    "l10n.gameIsNotOptimizedForPerformanceMode": "El juego o la aplicación no están optimizados para el rendimiento",
    "l10n.customSettingsPerformanceMode": "Configuración personalizada: MODO DE RENDIMIENTO",
    "l10n.usingCustomSettingsPerformanceMode": "Utilizando configuración personalizada para el rendimiento",
    "l10n.gameIsUsingCustomSettingsForPerformanceMode": "El juego o la aplicación están personalizados para el rendimiento"
}
