{
    "l10n.allNumber": "Todos ({{number}})",
    "l10n.play": "Iniciar",
    "l10n.games": "JUEGOS Y APLICACIONES",
    "l10n.optimized": "Optimizados",
    "l10n.optimizedNumber": "Optimizados ({{number}})",
    "l10n.favorites": "Favoritos",
    "l10n.favoritesNumber": "Favoritos ({{number}})",
    "l10n.favorite": "Favorito",
    "l10n.anselReadyNumber": "Ansel listo ({{number}})",
    "l10n.removeFavorite": "Favoritos remotos",
    "l10n.recent": "Recientes",
    "l10n.playtime": "Tiempo de juego",
    "l10n.tags": "Etiquetas",
    "l10n.showGame": "Mostrar juego o aplicación",
    "l10n.hideGame": "Ocultar juego o aplicación",
    "l10n.events": "Eventos",
    "l10n.hints": "Sugerencias",
    "l10n.leaderboards": "Marcadores",
    "l10n.optimization": "Optimización",
    "l10n.showHiddenGames": "Mostrar juegos y aplicaciones ocultos",
    "l10n.hideHiddenGames": "Volver a ocultar juegos y aplicaciones establecidos como ocultos",
    "l10n.pluggedIn": "Enchufada",
    "l10n.onBattery": "Con batería",
    "l10n.notOptimized": "No optimizado",
    "l10n.revert": "Revertir",
    "l10n.setting": "Configuración",
    "l10n.current": "Actual",
    "l10n.optimal": "Óptimo",
    "l10n.lastPlayed": "Iniciado por última vez: ",
    "l10n.timeago": "{{number}} {{timeUnit}} atrás",
    "l10n.yesterday": "Ayer",
    "l10n.monthYear": "{{month}} {{year}}",
    "l10n.totalPlayed": "Total de tiempo de juego: {{number}} {{timeUnit}}",
    "l10n.usingOptimalSettings": "Utilizando configuración óptima",
    "l10n.usingCustomSettings": "Usando configuración personalizada",
    "l10n.scanForGames": "Buscar juegos y aplicaciones",
    "l10n.optimizeAllGames": "Optimizar todos los juegos y las aplicaciones",
    "l10n.manageTags": "Administrar etiquetas",
    "l10n.enterTag": "Ingresar una etiqueta",
    "l10n.secondaryTag": "+Etiqueta",
    "l10n.inGame": "Del juego",
    "l10n.inApp": "Dentro de la aplicación",
    "l10n.nvidia": "NVIDIA",
    "l10n.scanning": "Buscando...",
    "l10n.scanFinished": "Búsqueda finalizada",
    "l10n.optimizing": "Optimizando...",
    "l10n.optimizeFinished": "Optimización finalizada",
    "l10n.watchNow": "Ver ahora",
    "l10n.playLocally": "Jugar localmente",
    "l10n.streamFromPC": "Transmitir por secuencias desde la PC de mi casa",
    "l10n.playOnGeForce": "Jugar en GeForce NOW",
    "l10n.doNotOptimize": "No optimizar",
    "l10n.resolution": "Resolución:",
    "l10n.displayMode": "Modo de pantalla:",
    "l10n.optimizeFor": "Optimizar para:",
    "l10n.performance": "Rendimiento",
    "l10n.battery": "Batería",
    "l10n.quality": "Calidad",
    "l10n.couldNotRetrieveCustomSettings": "No se pudo recuperar la configuración personalizada. Intentar de nuevo más tarde.",
    "l10n.recommended": "{{string}} (recomendado)",
    "l10n.apply": "Aplicar",
    "l10n.optimizeRecommended": "Optimizar (recomendado)",
    "l10n.optimizePerformance": "Optimizar el rendimiento",
    "l10n.optimizeQuality": "Optimizar la calidad",
    "l10n.reset": "Restablecer",
    "l10n.dynamicSuperResolutions": "Dynamic Super Resolutions",
    "l10n.wideScreen1610": "Pantalla ancha (16:10)",
    "l10n.wideScreen169": "Pantalla ancha (16:9)",
    "l10n.standard43": "Estándar (4:3)",
    "l10n.standard54": "Estándar (5:4)",
    "l10n.custom": "Personalizada",
    "l10n.customSettings": "Configuración personalizada",
    "l10n.customSettingsPluggedIn": "Configuración personalizada: Enchufada",
    "l10n.customSettingsOnBattery": "Configuración personalizada: Con batería",
    "l10n.gameInfo": "Información del juego o de la aplicación",
    "l10n.gameIsNotOptimized": "El juego no está optimizado.",
    "l10n.gameIsOptimized": "El juego está optimizado.",
    "l10n.appIsNotOptimized": "La aplicación no está optimizada",
    "l10n.appIsOptimized": "La aplicación está optimizada",
    "l10n.videos": "Videos",
    "l10n.description": "Descripción",
    "l10n.noDescription": "Descripción no disponible",
    "l10n.systemRequirement": "Requisitos del sistema",
    "l10n.noContent": "Ups... ¡qué vacío!",
    "l10n.feelingLonelyHere": "Qué soledad...",
    "l10n.findAWayToPlay": "Buscar la manera de jugar",
    "l10n.gamesAreNotOptimized": "Los juegos y las aplicaciones no están optimizados",
    "l10n.noFavoriteGames": "Sin juegos ni aplicaciones favoritos",
    "l10n.gamesAreHidden": "Los juegos y las aplicaciones están ocultos",
    "l10n.noImagesAvailable": "Imágenes no disponibles",
    "l10n.UnableToLoadImages": "No se pueden cargar las imágenes.",
    "l10n.UnableToRetrieveCurrentSettings": "No se pudieron recuperar las configuraciones actuales. Iniciar y cerrar el juego o la aplicación, o editar las configuraciones, debería solucionar este problema.",
    "l10n.gameIsUsingCustomSettings": "El juego está utilizando una configuración personalizada.",
    "l10n.gameIsUsingCustomBatterySettings": "El juego está utilizando la configuración personalizada para el uso con batería.",
    "l10n.gameIsOptimizedForBattery": "El juego está optimizado para el uso con batería.",
    "l10n.appIsUsingCustomSettings": "La aplicación está utilizando una configuración personalizada.",
    "l10n.appIsUsingCustomBatterySettings": "La aplicación está utilizando una configuración personalizada para el uso con batería.",
    "l10n.appIsOptimizedForBattery": "La aplicación está optimizada para el uso con batería.",
    "l10n.gameIsUsingPluggedInForBattery": "El juego no está optimizado para el uso con batería; se está utilizando la configuración de alimentación enchufada.",
    "l10n.appIsUsingPluggedInForBattery": "La aplicación no está optimizada para el uso con batería; se está utilizando la configuración de alimentación enchufada.",
    "l10n.systemBelowMinspecForGame": "Su sistema no cumple con las necesidades mínimas para obtener la configuración óptima en este juego o esta aplicación. La configuración óptima puede ofrecer fotogramas no reproducibles",
    "l10n.gameCannotBeOptimized": "El juego no se puede optimizar.",
    "l10n.appCannotBeOptimized": "La aplicación no se puede optimizar",
    "l10n.markFavorite": "Marcar como favorito",
    "l10n.unableToRetrieveSettings": "No se puede recuperar la configuración. Intentar de nuevo más tarde.",
    "l10n.systemDoesNotSupportOps": "GeForce Experience no puede optimizar los juegos y las aplicaciones en esta PC",
    "l10n.needToMeetSystemRequirement": "Asegúrese de cumplir con las",
    "l10n.betterQuality": "Mejor calidad",
    "l10n.tileView": "Vista de mosaico",
    "l10n.detailsView": "Ver detalles",
    "l10n.usingBatteryBoostSettings": "Configuración de BatteryBoost en uso",
    "l10n.usingCustomBatterySettings": "Configuración personalizada de batería en uso",
    "l10n.whenOnBattery": "Cuando se usa la batería",
    "l10n.whenPluggedIn": "Cuando se usa la alimentación enchufada",
    "l10n.dsr": "DSR",
    "l10n.dsrInfo": "El juego y la aplicación se visualizarán en alta resolución y, luego, se ajustarán a la resolución original de su monitor para mejorar la calidad de imagen.",
    "l10n.unableToUpdateGameSettings": "No se pudo actualizar la configuración.",
    "l10n.scanningFailed": "Falló la búsqueda.",
    "l10n.unableToReachNvidiaServers": "No es posible acceder a los servidores de NVIDIA.",
    "l10n.viewHiddenGames": "Ver juegos y aplicaciones ocultos",
    "l10n.viewAllGames": "Ver todos los juegos y las aplicaciones",
    "l10n.noHiddenGames": "No hay juegos ni aplicaciones ocultos",
    "l10n.hiddenNumber": "Ocultos ({{number}})",
    "l10n.gamesYouPlay": "Los juegos y las aplicaciones que ejecuta aparecen aquí",
    "l10n.gamesAppearHere": "Sus juegos y aplicaciones aparecen aquí",
    "l10n.gameIsOptimizedForQuietMode": "El juego y la aplicación están optimizados para <a {{whisperModeCustomHtml}}>WhisperMode</a>",
    "l10n.usingOptimalSettingsForQuietMode": "Utilizando configuración óptima para <a {{whisperModeCustomHtml}}>WhisperMode</a>",
    "l10n.gameIsNotOptimizedForQuietMode": "El juego o la aplicación no están optimizados para <a {{whisperModeCustomHtml}}>WhisperMode</a>",
    "l10n.customSettingsQuietMode": "Configuración personalizada: WHISPER MODE",
    "l10n.usingCustomSettingsQuietMode": "Utilizando configuración personalizada para <a {{whisperModeCustomHtml}}>WhisperMode</a>",
    "l10n.gameIsUsingCustomSettingsForQuietMode": "El juego está personalizado para <a {{whisperModeCustomHtml}}>WhisperMode</a>",
    "l10n.appIsUsingCustomSettingsForQuietMode": "La aplicación está personalizada para <a {{whisperModeCustomHtml}}>WhisperMode</a>",
    "l10n.noAnselReadyGames": "No hay juegos listos para Ansel",
    "l10n.frameRateWhisperMode": "FRECUENCIA DE FOTOGRAMAS: WHISPER MODE",
    "l10n.frameRateBatteryBoost": "FRECUENCIA DE FOTOGRAMAS: REFUERZO DE BATERÍA",
    "l10n.quietModeFps": "FPS DE WHISPER MODE",
    "l10n.batteryBoostFps": "FPS DE REFUERZO DE BATERÍA",
    "l10n.fpsCount": "{{number}} FPS",
    "l10n.couldNotRetrieveWMFps": "No se pudieron recuperar FPS DE WHISPER MODE",
    "l10n.couldNotRetrieveBBFps": "No se pudieron recuperar FPS DE REFUERZO DE BATERÍA",
    "l10n.recommendedFps": "RECOMENDADA",
    "l10n.freestyleReadyNumber": "Listo para Freestyle ({{number}})",
    "l10n.noFreestyleReadyGames": "No hay juegos ni aplicaciones listos para FreeStyle",
    "l10n.playCloud": "Jugar en la nube",
    "l10n.gameIsOptimizedForPerformanceMode": "El juego o la aplicación están optimizados para el rendimiento",
    "l10n.usingOptimalSettingsForPerformanceMode": "Utilizando configuración óptima para el rendimiento",
    "l10n.gameIsNotOptimizedForPerformanceMode": "El juego o la aplicación no están optimizados para el rendimiento",
    "l10n.customSettingsPerformanceMode": "Configuración personalizada: MODO DE RENDIMIENTO",
    "l10n.usingCustomSettingsPerformanceMode": "Utilizando configuración personalizada para el rendimiento",
    "l10n.gameIsUsingCustomSettingsForPerformanceMode": "El juego o la aplicación están personalizados para el rendimiento"
}
