{
    "l10n.allNumber": "모두 ({{number}})",
    "l10n.play": "실행",
    "l10n.games": "개임 및 앱",
    "l10n.optimized": "최적화",
    "l10n.optimizedNumber": "최적화 ({{number}})",
    "l10n.favorites": "즐겨찾기",
    "l10n.favoritesNumber": "즐겨찾기 ({{number}})",
    "l10n.favorite": "즐겨 보기",
    "l10n.anselReadyNumber": "Ansel 준비됨({{number}})",
    "l10n.removeFavorite": "즐겨찾기 삭제",
    "l10n.recent": "최근 항목",
    "l10n.playtime": "플레이 타임",
    "l10n.tags": "태그",
    "l10n.showGame": "게임 또는 앱 보기",
    "l10n.hideGame": "게임 또는 앱 숨기기",
    "l10n.events": "이벤트",
    "l10n.hints": "힌트",
    "l10n.leaderboards": "리더보드",
    "l10n.optimization": "최적화",
    "l10n.showHiddenGames": "숨겨진 게임 및 앱 보기",
    "l10n.hideHiddenGames": "숨겨진 게임 및 앱 숨기기",
    "l10n.pluggedIn": "전원 연결",
    "l10n.onBattery": "배터리 사용",
    "l10n.notOptimized": "최적화되지 않음",
    "l10n.revert": "복구",
    "l10n.setting": "설정",
    "l10n.current": "현재",
    "l10n.optimal": "최적",
    "l10n.lastPlayed": "마지막 실행일: ",
    "l10n.timeago": "{{number}} {{timeUnit}} 전",
    "l10n.yesterday": "어제",
    "l10n.monthYear": "{{month}} {{year}}",
    "l10n.totalPlayed": "총 플레이 시간: {{number}} {{timeUnit}}",
    "l10n.usingOptimalSettings": "최적 설정 사용",
    "l10n.usingCustomSettings": "사용자 정의 설정 사용하기",
    "l10n.scanForGames": "게임 및 앱 스캔",
    "l10n.optimizeAllGames": "모든 게임 및 앱 최적화",
    "l10n.manageTags": "태그 관리",
    "l10n.enterTag": "태그 입력",
    "l10n.secondaryTag": "+태그",
    "l10n.inGame": "게임 내",
    "l10n.inApp": "앱 내",
    "l10n.nvidia": "NVIDIA",
    "l10n.scanning": "스캔 중...",
    "l10n.scanFinished": "스캔 완료",
    "l10n.optimizing": "최적화 중...",
    "l10n.optimizeFinished": "최적화 완료",
    "l10n.watchNow": "지금 시청",
    "l10n.playLocally": "로컬에서 플레이",
    "l10n.streamFromPC": "내 홈 PC에서 스트리밍",
    "l10n.playOnGeForce": "GeForce Now에서 플레이",
    "l10n.doNotOptimize": "최적화 안 함",
    "l10n.resolution": "해상도:",
    "l10n.displayMode": "디스플레이 모드:",
    "l10n.optimizeFor": "최적화 대상:",
    "l10n.performance": "성능",
    "l10n.battery": "배터리",
    "l10n.quality": "품질",
    "l10n.couldNotRetrieveCustomSettings": "사용자 정의 설정을 검색할 수 없습니다. 나중에 다시 시도하십시오.",
    "l10n.recommended": "{{string}} (권장)",
    "l10n.apply": "적용",
    "l10n.optimizeRecommended": "최적화(권장됨)",
    "l10n.optimizePerformance": "성능 최적화",
    "l10n.optimizeQuality": "품질 최적화",
    "l10n.reset": "재설정",
    "l10n.dynamicSuperResolutions": "Dynamic Super Resolution",
    "l10n.wideScreen1610": "와이드 스크린(16:10)",
    "l10n.wideScreen169": "와이드 스크린(16:9)",
    "l10n.standard43": "표준(4:3)",
    "l10n.standard54": "표준(5:4)",
    "l10n.custom": "사용자 정의",
    "l10n.customSettings": "사용자 정의 설정",
    "l10n.customSettingsPluggedIn": "사용자 정의 설정: 전원 연결",
    "l10n.customSettingsOnBattery": "사용자 정의 설정: 배터리 사용",
    "l10n.gameInfo": "게임 또는 앱 정보",
    "l10n.gameIsNotOptimized": "게임이 최적화되지 않음",
    "l10n.gameIsOptimized": "게임이 최적화되었음",
    "l10n.appIsNotOptimized": "앱이 최적화되지 않음",
    "l10n.appIsOptimized": "앱이 최적화됨",
    "l10n.videos": "비디오",
    "l10n.description": "설명",
    "l10n.noDescription": "설명 없음",
    "l10n.systemRequirement": "시스템 요구사항",
    "l10n.noContent": "어머...여기는 비어 있군요",
    "l10n.feelingLonelyHere": "여기는 외로워요...",
    "l10n.findAWayToPlay": "플레이 방법 찾기",
    "l10n.gamesAreNotOptimized": "게임 및 앱이 최적화되지 않음",
    "l10n.noFavoriteGames": "즐겨찾기 게임 및 앱이 없음",
    "l10n.gamesAreHidden": "게임 및 앱이 숨김 처리됨",
    "l10n.noImagesAvailable": "이미지 없음",
    "l10n.UnableToLoadImages": "이미지를 로드할 수 없음",
    "l10n.UnableToRetrieveCurrentSettings": "현재 설정을 사용할 수 없습니다. 게임 또는 앱을 시작 및 종료하거나 설정을 편집하여 이 문제를 해결합니다.",
    "l10n.gameIsUsingCustomSettings": "게임이 사용자 정의 설정을 사용하고 있습니다.",
    "l10n.gameIsUsingCustomBatterySettings": "게임이 배터리 사용자 정의 설정을 사용하고 있습니다.",
    "l10n.gameIsOptimizedForBattery": "게임이 배터리에 최적화되어 있습니다.",
    "l10n.appIsUsingCustomSettings": "앱이 사용자 정의 설정을 사용하고 있음",
    "l10n.appIsUsingCustomBatterySettings": "앱이 배터리 사용자 정의 설정을 사용하고 있음",
    "l10n.appIsOptimizedForBattery": "앱이 배터리에 최적화되어 있음",
    "l10n.gameIsUsingPluggedInForBattery": "게임이 배터리에 최적화되지 않았으며 전원 연결 설정을 사용하고 있습니다.",
    "l10n.appIsUsingPluggedInForBattery": "앱이 배터리에 최적화되지 않았으며 전원 연결 설정을 사용하고 있음",
    "l10n.systemBelowMinspecForGame": "사용자의 시스템이 이 게임의 최적 설정에 필요한 최소 사양에 미달됩니다. 최적 설정이 재생할 수 없는 프레임 속도를 제공할 수 있습니다.",
    "l10n.gameCannotBeOptimized": "게임을 최적화할 수 없습니다.",
    "l10n.appCannotBeOptimized": "앱을 최적화할 수 없음",
    "l10n.markFavorite": "즐겨찾기 표시",
    "l10n.unableToRetrieveSettings": "설정을 검색할 수 없습니다. 나중에 다시 시도하십시오.",
    "l10n.systemDoesNotSupportOps": "GeForce Experience는 이 PC에서 게임 및 앱을 최적화할 수 없습니다.",
    "l10n.needToMeetSystemRequirement": "다음 사양을 충족하는지 확인하십시오.",
    "l10n.betterQuality": "상위 품질",
    "l10n.tileView": "바둑판식 보기",
    "l10n.detailsView": "세부 사항 보기",
    "l10n.usingBatteryBoostSettings": "BatteryBoost 설정 사용",
    "l10n.usingCustomBatterySettings": "사용자 정의 배터리 설정 사용",
    "l10n.whenOnBattery": "배터리 사용 시",
    "l10n.whenPluggedIn": "전원 연결 시",
    "l10n.dsr": "DSR",
    "l10n.dsrInfo": "이미지 품질 향상을 위해 게임 및 앱이 고해상도로 렌더링된 다음 모니터의 기본 해상도에 맞게 스케일링됩니다.",
    "l10n.unableToUpdateGameSettings": "설정을 업데이트할 수 없습니다.",
    "l10n.scanningFailed": "스캔 실패",
    "l10n.unableToReachNvidiaServers": "NVIDIA 서버에 연결할 수 없습니다.",
    "l10n.viewHiddenGames": "숨겨진 게임 및 앱 보기",
    "l10n.viewAllGames": "모든 게임 및 앱 보기",
    "l10n.noHiddenGames": "숨겨진 게임 및 앱이 없음",
    "l10n.hiddenNumber": "숨겨짐 ({{number}})",
    "l10n.gamesYouPlay": "실행하는 게임 및 앱이 여기 표시됩니다.",
    "l10n.gamesAppearHere": "사용자의 게임 및 앱이 여기 표시됩니다.",
    "l10n.gameIsOptimizedForQuietMode": "게임 및 앱이 <a {{whisperModeCustomHtml}}>WhisperMode</a>에 최적화됨",
    "l10n.usingOptimalSettingsForQuietMode": "<a {{whisperModeCustomHtml}}>WhisperMode</a>에 최적 설정 사용",
    "l10n.gameIsNotOptimizedForQuietMode": "게임 및 앱이 <a {{whisperModeCustomHtml}}>WhisperMode</a>에 최적화되지 않음",
    "l10n.customSettingsQuietMode": "사용자 정의 설정: WHISPER MODE",
    "l10n.usingCustomSettingsQuietMode": "<a {{whisperModeCustomHtml}}>WhisperMode</a>에 사용자 정의 설정 사용",
    "l10n.gameIsUsingCustomSettingsForQuietMode": "게임이 <a {{whisperModeCustomHtml}}>WhisperMode</a>에 맞게 사용자 정의 설정됨",
    "l10n.appIsUsingCustomSettingsForQuietMode": "앱이 <a {{whisperModeCustomHtml}}>WhisperMode</a>에 맞게 사용자 정의 설정됨",
    "l10n.noAnselReadyGames": "Ansel Ready 게임 없음",
    "l10n.frameRateWhisperMode": "프레임 속도: 저소음 모드",
    "l10n.frameRateBatteryBoost": "프레임 속도: 배터리부스트",
    "l10n.quietModeFps": "저소음 모드 FPS",
    "l10n.batteryBoostFps": "배터리부스트 FPS",
    "l10n.fpsCount": "{{number}} FPS",
    "l10n.couldNotRetrieveWMFps": "저소음 모드 FPS를 찾을 수 없습니다.",
    "l10n.couldNotRetrieveBBFps": "배터리부스트 FPS를 찾을 수 없습니다.",
    "l10n.recommendedFps": "권장",
    "l10n.freestyleReadyNumber": "Freestyle 준비 완료({{number}})",
    "l10n.noFreestyleReadyGames": "Freestyle Ready 게임 및 앱 없음",
    "l10n.playCloud": "클라우드에서 재생",
    "l10n.gameIsOptimizedForPerformanceMode": "게임 또는 앱이 성능에 최적화됨",
    "l10n.usingOptimalSettingsForPerformanceMode": "성능에 대해 최적 설정 사용",
    "l10n.gameIsNotOptimizedForPerformanceMode": "게임 또는 앱이 성능에 최적화되지 않음",
    "l10n.customSettingsPerformanceMode": "사용자 정의 설정: 성능 모드",
    "l10n.usingCustomSettingsPerformanceMode": "성능에 대해 사용자 정의 설정 사용",
    "l10n.gameIsUsingCustomSettingsForPerformanceMode": "게임 또는 앱이 성능에 사용자 정의 설정됨"
}
