{
    "l10n.allNumber": "Alle ({{number}})",
    "l10n.play": "Start",
    "l10n.games": "SPILL OG APPER",
    "l10n.optimized": "Optimalisert",
    "l10n.optimizedNumber": "Optimalisert ({{number}})",
    "l10n.favorites": "Favoritter",
    "l10n.favoritesNumber": "Favoritter ({{number}})",
    "l10n.favorite": "Favoritt",
    "l10n.anselReadyNumber": "Ansel-klart ({{number}})",
    "l10n.removeFavorite": "Fjern favoritt",
    "l10n.recent": "Nylig",
    "l10n.playtime": "Lengde",
    "l10n.tags": "Etiketter",
    "l10n.showGame": "Vis spill eller applikasjon",
    "l10n.hideGame": "Skjul spill eller applikasjon",
    "l10n.events": "Hendelser",
    "l10n.hints": "Tips",
    "l10n.leaderboards": "Resultatlister",
    "l10n.optimization": "Optimalisering",
    "l10n.showHiddenGames": "Vis skjulte spill eller applikasjoner",
    "l10n.hideHiddenGames": "Skjul skjulte spill eller applikasjoner",
    "l10n.pluggedIn": "Ved nettdrift",
    "l10n.onBattery": "Batteridrift",
    "l10n.notOptimized": "Ikke optimalisert",
    "l10n.revert": "Gjenopprett",
    "l10n.setting": "Innstilling",
    "l10n.current": "Gjeldende",
    "l10n.optimal": "Optimal",
    "l10n.lastPlayed": "Sist brukt: ",
    "l10n.timeago": "for {{number}} {{timeUnit}} siden",
    "l10n.yesterday": "I går",
    "l10n.monthYear": "{{month}} {{year}}",
    "l10n.totalPlayed": "Spilletid totalt: {{number}} {{timeUnit}}",
    "l10n.usingOptimalSettings": "Bruker optimale innstillinger",
    "l10n.usingCustomSettings": "Bruker tilpassede innstillinger",
    "l10n.scanForGames": "Skann etter spill og applikasjoner",
    "l10n.optimizeAllGames": "Optimaliser alle spill og applikasjoner",
    "l10n.manageTags": "Administrer etiketter",
    "l10n.enterTag": "Skriv inn en etikett",
    "l10n.secondaryTag": "+Etikett",
    "l10n.inGame": "I spillet",
    "l10n.inApp": "I-app",
    "l10n.nvidia": "NVIDIA",
    "l10n.scanning": "Skanner ...",
    "l10n.scanFinished": "Skanning fullført ...",
    "l10n.optimizing": "Optimaliserer ...",
    "l10n.optimizeFinished": "Optimalisering fullført",
    "l10n.watchNow": "Se på nå",
    "l10n.playLocally": "Spill lokalt",
    "l10n.streamFromPC": "Stream fra hjemme-PC-en min",
    "l10n.playOnGeForce": "Spill på GeForce Now",
    "l10n.doNotOptimize": "Ikke optimaliser",
    "l10n.resolution": "Oppløsning:",
    "l10n.displayMode": "Skjermmodus:",
    "l10n.optimizeFor": "Optimaliser for:",
    "l10n.performance": "Ytelse",
    "l10n.battery": "Batteri",
    "l10n.quality": "Kvalitet",
    "l10n.couldNotRetrieveCustomSettings": "Kunne ikke hente tilpassede innstillinger. Prøv på nytt senere",
    "l10n.recommended": "{{string}} (anbefales)",
    "l10n.apply": "Bruk",
    "l10n.optimizeRecommended": "Optimaliser (anbefales)",
    "l10n.optimizePerformance": "Optimaliser for ytelse",
    "l10n.optimizeQuality": "Optimaliser for kvalitet",
    "l10n.reset": "Tilbakestill",
    "l10n.dynamicSuperResolutions": "Dynamic Super Resolutions",
    "l10n.wideScreen1610": "Widescreen (16:10)",
    "l10n.wideScreen169": "Widescreen (16:9)",
    "l10n.standard43": "Standard (4:3)",
    "l10n.standard54": "Standard (5:4)",
    "l10n.custom": "Tilpasset",
    "l10n.customSettings": "Tilpassede innstillinger",
    "l10n.customSettingsPluggedIn": "Tilpassede innstillinger: Ved nettdrift",
    "l10n.customSettingsOnBattery": "Tilpassede innstillinger: Batteridrift",
    "l10n.gameInfo": "Informasjon om spill eller applikasjon",
    "l10n.gameIsNotOptimized": "Spillet er ikke optimalisert",
    "l10n.gameIsOptimized": "Spillet er optimalisert",
    "l10n.appIsNotOptimized": "Applikasjon er ikke optimalisert",
    "l10n.appIsOptimized": "Applikasjon er optimalisert",
    "l10n.videos": "Videoer",
    "l10n.description": "Beskrivelse",
    "l10n.noDescription": "Beskrivelse ikke tilgjengelig",
    "l10n.systemRequirement": "Systemkrav",
    "l10n.noContent": "Oi, her var det tomt",
    "l10n.feelingLonelyHere": "Føler meg ensom ...",
    "l10n.findAWayToPlay": "Finn en måte å spille på",
    "l10n.gamesAreNotOptimized": "Spill og applikasjoner er ikke optimalisert",
    "l10n.noFavoriteGames": "Berørte spill eller applikasjoner",
    "l10n.gamesAreHidden": "Spill og applikasjoner er skjult",
    "l10n.noImagesAvailable": "Bilder er ikke tilgjengelige",
    "l10n.UnableToLoadImages": "Kan ikke laste inn bilder",
    "l10n.UnableToRetrieveCurrentSettings": "Kan ikke hente nåværende innstillinger. Starte og lukke spillet eller applikasjonen, eller redigere innstillingerne bør løse dette problemet.",
    "l10n.gameIsUsingCustomSettings": "Spill bruker tilpassede innstillinger",
    "l10n.gameIsUsingCustomBatterySettings": "Spillet bruker tilpassede innstillinger for batteridrift",
    "l10n.gameIsOptimizedForBattery": "Spillet er optimalisert for batteridrift",
    "l10n.appIsUsingCustomSettings": "Applikasjoner bruker tilpassede innstillinger",
    "l10n.appIsUsingCustomBatterySettings": "Applikasjon bruker tilpassede innstillinger for batteridrift",
    "l10n.appIsOptimizedForBattery": "Applikasjon er optimalisert for batteridrift",
    "l10n.gameIsUsingPluggedInForBattery": "Spillet er ikke optimalisert for batteridrift, og bruker innstillinger for nettdrift",
    "l10n.appIsUsingPluggedInForBattery": "Applikasjon er ikke optimalisert for batteridrift, og bruker innstillinger for nettdrift",
    "l10n.systemBelowMinspecForGame": "Systemet oppfyller ikke minimumskravene for optimale innstillinger i dette spillet eller applikasjonen De optimale innstillingene kan gi bildefrekvenser som er lite brukervennlige",
    "l10n.gameCannotBeOptimized": "Spillet kan ikke optimaliseres",
    "l10n.appCannotBeOptimized": "Applikasjon kan ikke optimaliseres",
    "l10n.markFavorite": "Marker som favoritt",
    "l10n.unableToRetrieveSettings": "Kan ikke gjenopprette innstillinger. Prøv på nytt senere.",
    "l10n.systemDoesNotSupportOps": "GeForce Experience kan ikke optimalisere spill og applikasjoner på denne PC-en",
    "l10n.needToMeetSystemRequirement": "Forsikre deg om at du oppfyller",
    "l10n.betterQuality": "Bedre kvalitet",
    "l10n.tileView": "Side ved side-visning",
    "l10n.detailsView": "Detaljvisning",
    "l10n.usingBatteryBoostSettings": "Bruker BatteryBoost-innstillinger",
    "l10n.usingCustomBatterySettings": "Bruker tilpassede batteriinnstillinger",
    "l10n.whenOnBattery": "Ved batteridrift",
    "l10n.whenPluggedIn": "Ved nettdrift",
    "l10n.dsr": "DSR",
    "l10n.dsrInfo": "Spillet og applikasjonen vil bli gjengitt med høy oppløsning og deretter skalert i henhold til skjermens naturlige oppløsning for å øke bildekvaliteten.",
    "l10n.unableToUpdateGameSettings": "Kan ikke oppdatere innstillinger",
    "l10n.scanningFailed": "Skanning mislyktes",
    "l10n.unableToReachNvidiaServers": "Kan ikke nå NVIDIA-servere.",
    "l10n.viewHiddenGames": "Vis skjulte spill og applikasjoner",
    "l10n.viewAllGames": "Vis alle spill og applikasjoner",
    "l10n.noHiddenGames": "Ingen skjulte spill og applikasjoner",
    "l10n.hiddenNumber": "Skjult ({{number}})",
    "l10n.gamesYouPlay": "Spill og applikasjoner du starter vises her",
    "l10n.gamesAppearHere": "Dine spill og applikasjoner vises her",
    "l10n.gameIsOptimizedForQuietMode": "Spillet og applikasjon er optimalisert for <a {{whisperModeCustomHtml}}>WhisperMode</a>",
    "l10n.usingOptimalSettingsForQuietMode": "Bruker optimale innstillinger for <a {{whisperModeCustomHtml}}>WhisperMode</a>",
    "l10n.gameIsNotOptimizedForQuietMode": "Spillet eller applikasjonen er ikke optimert for <a {{whisperModeCustomHtml}}>WhisperMode</a>",
    "l10n.customSettingsQuietMode": "Tilpassede innstillinger: WHISPER MODE",
    "l10n.usingCustomSettingsQuietMode": "Bruker tilpassede innstillinger for <a {{whisperModeCustomHtml}}>WhisperMode</a>",
    "l10n.gameIsUsingCustomSettingsForQuietMode": "Spillet er tilpasset for <a {{whisperModeCustomHtml}}>WhisperMode</a>",
    "l10n.appIsUsingCustomSettingsForQuietMode": "Applikasjon er tilpasset for <a {{whisperModeCustomHtml}}>WhisperMode</a>",
    "l10n.noAnselReadyGames": "Ingen Ansel-klare spill",
    "l10n.frameRateWhisperMode": "BILDEFREKVENS: HVISKEMODUS",
    "l10n.frameRateBatteryBoost": "BILDEFREKVENS: BATTERIFORSTERKNING",
    "l10n.quietModeFps": "HVISKEMODUS-FPS",
    "l10n.batteryBoostFps": "BATTERIFORSTERKNING-FPS",
    "l10n.fpsCount": "{{number}} FPS",
    "l10n.couldNotRetrieveWMFps": "Kunne ikke hente HVISKEMODUS-FPS",
    "l10n.couldNotRetrieveBBFps": "Kunne ikke hente BATTERIFORSTERKNING-FPS",
    "l10n.recommendedFps": "ANBEFALT",
    "l10n.freestyleReadyNumber": "Freestyle klar ({{number}})",
    "l10n.noFreestyleReadyGames": "Ingen FreeStyle-klare spill og applikasjoner",
    "l10n.playCloud": "Spill i nettsky",
    "l10n.gameIsOptimizedForPerformanceMode": "Spill eller applikasjon er optimalisert for ytelse",
    "l10n.usingOptimalSettingsForPerformanceMode": "Bruker optimale innstillinger for ytelse",
    "l10n.gameIsNotOptimizedForPerformanceMode": "Spillet eller applikasjonen er ikke optimert for ytelse",
    "l10n.customSettingsPerformanceMode": "Tilpassede innstillinger: YTELSESMODUS",
    "l10n.usingCustomSettingsPerformanceMode": "Bruker tilpassede innstillinger for ytelse",
    "l10n.gameIsUsingCustomSettingsForPerformanceMode": "Spill eller applikasjon er tilpasset for ytelse"
}
