{
    "l10n.allNumber": "Vsi ({{number}})",
    "l10n.play": "Zaženi",
    "l10n.games": "IGRE IN APLIKACIJE",
    "l10n.optimized": "Optimizirano",
    "l10n.optimizedNumber": "Optimizirano ({{number}})",
    "l10n.favorites": "Priljubljene",
    "l10n.favoritesNumber": "Priljubljene ({{number}})",
    "l10n.favorite": "Priljubljen",
    "l10n.anselReadyNumber": "Pripravljeno za Ansel ({{number}})",
    "l10n.removeFavorite": "Odstrani priljubljen",
    "l10n.recent": "Nedavni",
    "l10n.playtime": "Čas igranja",
    "l10n.tags": "Oznake",
    "l10n.showGame": "Prikaži igro ali aplikacijo",
    "l10n.hideGame": "Skrij igro ali aplikacijo",
    "l10n.events": "Dogodki",
    "l10n.hints": "Nasveti",
    "l10n.leaderboards": "Vodilni igralci",
    "l10n.optimization": "Optimizacija",
    "l10n.showHiddenGames": "Prikaži skrite igre in aplikacije",
    "l10n.hideHiddenGames": "Skrij skrite igre in aplikacije",
    "l10n.pluggedIn": "Napajanje iz omrežja",
    "l10n.onBattery": "Napajanje iz baterije",
    "l10n.notOptimized": "Ni optimizirano",
    "l10n.revert": "Povrni",
    "l10n.setting": "Nastavitev",
    "l10n.current": "Trenutna",
    "l10n.optimal": "Optimalno",
    "l10n.lastPlayed": "Nazadnje zagnano: ",
    "l10n.timeago": "pred {{number}} {{timeUnit}}",
    "l10n.yesterday": "Včeraj",
    "l10n.monthYear": "{{month}} {{year}}",
    "l10n.totalPlayed": "Skupaj igrano: {{number}} {{timeUnit}}",
    "l10n.usingOptimalSettings": "Uporablja optimalne nastavitve",
    "l10n.usingCustomSettings": "Uporaba nastavitev po meri",
    "l10n.scanForGames": "Iščite igre in aplikacije",
    "l10n.optimizeAllGames": "Optimiziraj vse igre in aplikacije",
    "l10n.manageTags": "Upravljaj oznake",
    "l10n.enterTag": "Vnesi oznako",
    "l10n.secondaryTag": "+Oznaka",
    "l10n.inGame": "Med igro",
    "l10n.inApp": "V aplikaciji",
    "l10n.nvidia": "NVIDIA",
    "l10n.scanning": "Iskanje...",
    "l10n.scanFinished": "Iskanje končano",
    "l10n.optimizing": "Optimiziranje...",
    "l10n.optimizeFinished": "Optimizacija končana",
    "l10n.watchNow": "Glejte zdaj",
    "l10n.playLocally": "Igrajte lokalno",
    "l10n.streamFromPC": "Predvajaj z domačega računalnika",
    "l10n.playOnGeForce": "Predvajaj na GeForce Now",
    "l10n.doNotOptimize": "Ne optimiziraj",
    "l10n.resolution": "Ločljivost:",
    "l10n.displayMode": "Zaslonski način:",
    "l10n.optimizeFor": "Optimizira za:",
    "l10n.performance": "Zmogljivost",
    "l10n.battery": "Baterija",
    "l10n.quality": "Kakovost",
    "l10n.couldNotRetrieveCustomSettings": "Ni mogoče dobiti nastavitev po meri. Poskusite še enkrat kasneje",
    "l10n.recommended": "{{string}} (priporočeno)",
    "l10n.apply": "Uporabi",
    "l10n.optimizeRecommended": "Optimiziraj (priporočeno)",
    "l10n.optimizePerformance": "Optimiziraj za zmogljivost",
    "l10n.optimizeQuality": "Optimiziraj za kakovost",
    "l10n.reset": "Ponastavi",
    "l10n.dynamicSuperResolutions": "Dynamic Super Resolution",
    "l10n.wideScreen1610": "Široki zaslon (16:10)",
    "l10n.wideScreen169": "Široki zaslon (16:9)",
    "l10n.standard43": "Standardni zaslon (4:3)",
    "l10n.standard54": "Standardni zaslon (5:4)",
    "l10n.custom": "Po meri",
    "l10n.customSettings": "Nastavitve po meri",
    "l10n.customSettingsPluggedIn": "Nastavitve po meri: Napajanje iz omrežja",
    "l10n.customSettingsOnBattery": "Nastavitve po meri: Napajanje iz akumulatorja",
    "l10n.gameInfo": "Informacije o igri ali aplikaciji",
    "l10n.gameIsNotOptimized": "Igra ni optimizirana",
    "l10n.gameIsOptimized": "Igra je optimizirana",
    "l10n.appIsNotOptimized": "Aplikacija ni optimizirana",
    "l10n.appIsOptimized": "Aplikacija je optimizirana",
    "l10n.videos": "Videi",
    "l10n.description": "Opis",
    "l10n.noDescription": "Opis ni na voljo",
    "l10n.systemRequirement": "Zahteve za sistem",
    "l10n.noContent": "Oooh... Tu je prazno",
    "l10n.feelingLonelyHere": "Počutim se osamljenega...",
    "l10n.findAWayToPlay": "Najdi način za igro",
    "l10n.gamesAreNotOptimized": "Igre in aplikacije niso optimizirane",
    "l10n.noFavoriteGames": "Ni nobenih priljubljenih iger in aplikacij",
    "l10n.gamesAreHidden": "Igre in aplikacije so skrite",
    "l10n.noImagesAvailable": "Slike niso na voljo",
    "l10n.UnableToLoadImages": "Ni mogoče naložiti slik",
    "l10n.UnableToRetrieveCurrentSettings": "Ni mogoče priklicati trenutnih nastavitev. Zagon in zapiranje igre ali aplikacije ali urejanje nastavitev bi moralo rešiti to težavo.",
    "l10n.gameIsUsingCustomSettings": "Igra uporablja nastavitve po meri",
    "l10n.gameIsUsingCustomBatterySettings": "Igra uporablja nastavitve po meri za baterijo",
    "l10n.gameIsOptimizedForBattery": "Igra je optimizirana za baterijo",
    "l10n.appIsUsingCustomSettings": "Aplikacija uporablja nastavitve po meri",
    "l10n.appIsUsingCustomBatterySettings": "Aplikacija uporablja nastavitve po meri za baterijo",
    "l10n.appIsOptimizedForBattery": "Aplikacija je optimizirana za baterijo",
    "l10n.gameIsUsingPluggedInForBattery": "Igra ni optimizirana za baterijo in uporablja nastavitve za priključeno",
    "l10n.appIsUsingPluggedInForBattery": "Aplikacija ni optimizirana za baterijo in uporablja nastavitve za priključeno",
    "l10n.systemBelowMinspecForGame": "Vaš sistem ne izpolnjuje minimalnih tehničnih zahtev za optimalno nastavitev v tej igri ali aplikaciji. Optimalne nastavitve lahko prinesejo hitrost sličic, ki jih ni mogoče predvajati",
    "l10n.gameCannotBeOptimized": "Igre ni mogoče optimizirati",
    "l10n.appCannotBeOptimized": "Aplikacije ni mogoče optimizirati",
    "l10n.markFavorite": "Označite priljubljene",
    "l10n.unableToRetrieveSettings": "Ni mogoče dobiti nastavitev. Poskusite še enkrat kasneje.",
    "l10n.systemDoesNotSupportOps": "GeForce Experience ne more optimizirati iger in aplikacij na tem računalniku",
    "l10n.needToMeetSystemRequirement": "Prosimo, da izpolnite",
    "l10n.betterQuality": "Boljša kakovost",
    "l10n.tileView": "Ogled po razpostavitvi",
    "l10n.detailsView": "Pogled s podrobnostmi",
    "l10n.usingBatteryBoostSettings": "Uporablja nastavitve za BatteryBoost",
    "l10n.usingCustomBatterySettings": "Uporaba nastavitev za baterijo po meri",
    "l10n.whenOnBattery": "Če na baterijo",
    "l10n.whenPluggedIn": "Če priključen",
    "l10n.dsr": "DSR",
    "l10n.dsrInfo": "Igra in aplikacija bo prikazana pri visoki ločljivosti, nato pa prilagojena izvorni ločljivosti vašega zaslona za izboljšanje kakovosti slike.",
    "l10n.unableToUpdateGameSettings": "Ni mogoče posodobiti nastavitev.",
    "l10n.scanningFailed": "Prelet ni bil uspešen",
    "l10n.unableToReachNvidiaServers": "Ni mogoče dostopiti do NVIDIA strežnikov.",
    "l10n.viewHiddenGames": "Ogled skritih iger in aplikacij",
    "l10n.viewAllGames": "Ogled vseh iger in aplikacij",
    "l10n.noHiddenGames": "Ni skritih iger in aplikacij",
    "l10n.hiddenNumber": "Skrito ({{number}})",
    "l10n.gamesYouPlay": "Igre in aplikacije, ki jih zaženete, se pojavijo tu",
    "l10n.gamesAppearHere": "Vaše igre in aplikacije se pojavijo tu",
    "l10n.gameIsOptimizedForQuietMode": "Igra in aplikacija sta optimizirani za <a {{whisperModeCustomHtml}}>WhisperMode</a>",
    "l10n.usingOptimalSettingsForQuietMode": "Uporablja optimalne nastavitve za <a {{whisperModeCustomHtml}}>WhisperMode</a>",
    "l10n.gameIsNotOptimizedForQuietMode": "Igra ali aplikacija ni optimizirana za <a {{whisperModeCustomHtml}}>WhisperMode</a>",
    "l10n.customSettingsQuietMode": "Nastavitve po meri: WHISPER MODE",
    "l10n.usingCustomSettingsQuietMode": "Uporablja nastavitve po meri za <a {{whisperModeCustomHtml}}>WhisperMode</a>",
    "l10n.gameIsUsingCustomSettingsForQuietMode": "Igra je narejena po meri za <a {{whisperModeCustomHtml}}>WhisperMode</a>",
    "l10n.appIsUsingCustomSettingsForQuietMode": "Aplikacija je narejena po meri za <a {{whisperModeCustomHtml}}>WhisperMode</a>",
    "l10n.noAnselReadyGames": "Nobenih iger, pripravljenih za Ansel",
    "l10n.frameRateWhisperMode": "ŠTEVILO OKVIROV NA SEKUNDO: WHISPER MODE",
    "l10n.frameRateBatteryBoost": "ŠTEVILO OKVIROV NA SEKUNDO: POVEČANJE ZMOGLJIVOSTI BATERIJE",
    "l10n.quietModeFps": "ŠTEVILO OKVIROV NA SEKUNDO V NAČINU WHISPER MODE",
    "l10n.batteryBoostFps": "ŠTEVILO OKVIROV NA SEKUNDO S POVEČANO ZMOGLJIVOSTJO BATERIJE",
    "l10n.fpsCount": "{{number}} SLIK/SEK.",
    "l10n.couldNotRetrieveWMFps": "Ni bilo mogoče dobiti ŠTEVILA OKVIROV NA SEKUNDO V NAČINU WHISPER MODE",
    "l10n.couldNotRetrieveBBFps": "Ni bilo mogoče dobiti ŠTEVILA OKVIROV NA SEKUNDO PRI POVEČANI ZMOGLJIVOSTI BATERIJE",
    "l10n.recommendedFps": "PRIPOROČENO",
    "l10n.freestyleReadyNumber": "Pripravljen za Freestyle ({{number}})",
    "l10n.noFreestyleReadyGames": "Nobenih iger in aplikacij, pripravljenih za FreeStyle",
    "l10n.playCloud": "Igra v oblaku",
    "l10n.gameIsOptimizedForPerformanceMode": "Igra ali aplikacija je optimizirana za zmogljivost",
    "l10n.usingOptimalSettingsForPerformanceMode": "Uporablja optimalne nastavitve za zmogljivost",
    "l10n.gameIsNotOptimizedForPerformanceMode": "Igra ali aplikacija ni optimizirana za zmogljivost",
    "l10n.customSettingsPerformanceMode": "Nastavitve po meri: ZMOGLJIVOSTNI NAČIN",
    "l10n.usingCustomSettingsPerformanceMode": "Uporablja nastavitve po meri za zmogljivost",
    "l10n.gameIsUsingCustomSettingsForPerformanceMode": "Igra ali aplikacija je prilagojena po meri za zmogljivost"
}
