{
    "l10n.allNumber": "Alla ({{number}})",
    "l10n.play": "Start",
    "l10n.games": "SPEL OCH PROGRAM",
    "l10n.optimized": "Optimerade",
    "l10n.optimizedNumber": "Optimerade ({{number}})",
    "l10n.favorites": "Favoriter",
    "l10n.favoritesNumber": "Favoriter ({{number}})",
    "l10n.favorite": "Favorit",
    "l10n.anselReadyNumber": "Ansel redo ({{number}})",
    "l10n.removeFavorite": "Ta bort favorit",
    "l10n.recent": "Senaste",
    "l10n.playtime": "Speltid",
    "l10n.tags": "Taggar",
    "l10n.showGame": "Visa spel eller program",
    "l10n.hideGame": "Dölj spel eller program",
    "l10n.events": "Händelser",
    "l10n.hints": "Tips",
    "l10n.leaderboards": "Resultatlista",
    "l10n.optimization": "Optimering",
    "l10n.showHiddenGames": "Visa dolda spel och program",
    "l10n.hideHiddenGames": "Dölj dolda spel och program",
    "l10n.pluggedIn": "Ansluten",
    "l10n.onBattery": "Batteridrift",
    "l10n.notOptimized": "Inte optimerat",
    "l10n.revert": "Återgå",
    "l10n.setting": "Inställning",
    "l10n.current": "Aktuellt",
    "l10n.optimal": "Optimal",
    "l10n.lastPlayed": "Senast använt: ",
    "l10n.timeago": "för {{number}} {{timeUnit}} sedan",
    "l10n.yesterday": "Igår",
    "l10n.monthYear": "{{month}} {{year}}",
    "l10n.totalPlayed": "Sammanlagt spelat: {{number}} {{timeUnit}}",
    "l10n.usingOptimalSettings": "Med optimala inställningar",
    "l10n.usingCustomSettings": "Med anpassade inställningar",
    "l10n.scanForGames": "Sök efter spel och program",
    "l10n.optimizeAllGames": "Optimera alla spel och program",
    "l10n.manageTags": "Hantera taggar",
    "l10n.enterTag": "Ange en tagg",
    "l10n.secondaryTag": "+Tagg",
    "l10n.inGame": "I spelet",
    "l10n.inApp": "I-app",
    "l10n.nvidia": "NVIDIA",
    "l10n.scanning": "Söker...",
    "l10n.scanFinished": "Sökningen är klar",
    "l10n.optimizing": "Optimerar...",
    "l10n.optimizeFinished": "Optimeringen är klar",
    "l10n.watchNow": "Titta nu",
    "l10n.playLocally": "Spela lokalt",
    "l10n.streamFromPC": "Strömma från min hemdator",
    "l10n.playOnGeForce": "Spela på GeForce Now",
    "l10n.doNotOptimize": "Optimera inte",
    "l10n.resolution": "Upplösning:",
    "l10n.displayMode": "Visningsläge:",
    "l10n.optimizeFor": "Optimera för:",
    "l10n.performance": "Prestanda",
    "l10n.battery": "Batteri",
    "l10n.quality": "Kvalitet",
    "l10n.couldNotRetrieveCustomSettings": "Det gick inte att hämta anpassade inställningar. Försök igen senare",
    "l10n.recommended": "{{string}} (rekommenderas)",
    "l10n.apply": "Använd",
    "l10n.optimizeRecommended": "Optimera (rekommenderas)",
    "l10n.optimizePerformance": "Optimera för prestanda",
    "l10n.optimizeQuality": "Optimera för kvalitet",
    "l10n.reset": "Återställ",
    "l10n.dynamicSuperResolutions": "Dynamic Super Resolution",
    "l10n.wideScreen1610": "Bred skärm (16:10)",
    "l10n.wideScreen169": "Bred skärm (16:9)",
    "l10n.standard43": "Standard (4:3)",
    "l10n.standard54": "Standard (5:4)",
    "l10n.custom": "Anpassad",
    "l10n.customSettings": "Anpassade inställningar",
    "l10n.customSettingsPluggedIn": "Anpassade inställningar: Ansluten",
    "l10n.customSettingsOnBattery": "Anpassade inställningar: Batteridrift",
    "l10n.gameInfo": "Information om spel eller program",
    "l10n.gameIsNotOptimized": "Spelet är inte optimerat",
    "l10n.gameIsOptimized": "Spelet är optimerat",
    "l10n.appIsNotOptimized": "Program är inte optimerat",
    "l10n.appIsOptimized": "Program är optimerat",
    "l10n.videos": "Videofilmer",
    "l10n.description": "Beskrivning",
    "l10n.noDescription": "Beskrivning är inte tillgänglig",
    "l10n.systemRequirement": "Systemkrav",
    "l10n.noContent": "Det är tomt här",
    "l10n.feelingLonelyHere": "Det är ensamt här",
    "l10n.findAWayToPlay": "Hitta ett sätt att spela",
    "l10n.gamesAreNotOptimized": "Spel och program är inte optimerade",
    "l10n.noFavoriteGames": "Inga favoritspel och -program",
    "l10n.gamesAreHidden": "Spel och program är dolda",
    "l10n.noImagesAvailable": "Bilder är inte tillgängliga",
    "l10n.UnableToLoadImages": "Kunde inte ladda bilder",
    "l10n.UnableToRetrieveCurrentSettings": "Det går inte att hämta nuvarande inställningar. Att starta och stänga spelet eller programmet, eller ändra inställningarna, borde lösa problemet.",
    "l10n.gameIsUsingCustomSettings": "Spelet använder anpassade inställningar",
    "l10n.gameIsUsingCustomBatterySettings": "Spelet använder anpassade inställningar för batteri",
    "l10n.gameIsOptimizedForBattery": "Spelet är optimerat för batteri",
    "l10n.appIsUsingCustomSettings": "Programmet använder anpassade inställningar",
    "l10n.appIsUsingCustomBatterySettings": "Programmet använder anpassade inställningar för batteri",
    "l10n.appIsOptimizedForBattery": "Programmet är optimerat för batteri",
    "l10n.gameIsUsingPluggedInForBattery": "Spelet är inte optimerat för batteri, och använder nätspänningsinställningar",
    "l10n.appIsUsingPluggedInForBattery": "Programmet är inte optimerat för batteri, och använder nätspänningsinställningar",
    "l10n.systemBelowMinspecForGame": "Ditt system uppfyller inte minimikraven för optimala inställningar i detta spel eller program. De optimala inställningarna kanske levererar ospelbara bildhastigheter",
    "l10n.gameCannotBeOptimized": "Spelet kan inte optimeras",
    "l10n.appCannotBeOptimized": "Programmet kan inte optimeras",
    "l10n.markFavorite": "Markera som favorit",
    "l10n.unableToRetrieveSettings": "Det går inte att hämta inställningar. Försök igen senare.",
    "l10n.systemDoesNotSupportOps": "GeForce Experience kan inte optimera spel och program på den här datorn",
    "l10n.needToMeetSystemRequirement": "Se till att du uppfyller",
    "l10n.betterQuality": "Bättre kvalitet",
    "l10n.tileView": "Visning sida vid sida",
    "l10n.detailsView": "Detaljvisning",
    "l10n.usingBatteryBoostSettings": "Använder BatteryBoost-inställningar",
    "l10n.usingCustomBatterySettings": "Använd anpassade batteriinställningar",
    "l10n.whenOnBattery": "Vid batteridrift",
    "l10n.whenPluggedIn": "Vid nätspänningsanslutning",
    "l10n.dsr": "DSR",
    "l10n.dsrInfo": "Spelet och programmet renderas vid hög upplösning och skalas sedan till den inbyggda upplösningen på din bildskärm, för att ge bättre bildkvalitet.",
    "l10n.unableToUpdateGameSettings": "Det går inte att uppdatera inställningarna.",
    "l10n.scanningFailed": "Sökningen misslyckades",
    "l10n.unableToReachNvidiaServers": "Det går inte att nå NVIDIA-servrarna.",
    "l10n.viewHiddenGames": "Visa dolda spel och program",
    "l10n.viewAllGames": "Visa alla spel och program",
    "l10n.noHiddenGames": "Inga dolda spel och program",
    "l10n.hiddenNumber": "Gömda ({{number}})",
    "l10n.gamesYouPlay": "Här visas de spel och program du har startat",
    "l10n.gamesAppearHere": "Här visas dina spel och program",
    "l10n.gameIsOptimizedForQuietMode": "Spel och program är optimerade för <a {{whisperModeCustomHtml}}>WhisperMode</a>",
    "l10n.usingOptimalSettingsForQuietMode": "Använder optimerade inställningar för <a {{whisperModeCustomHtml}}>WhisperMode</a>",
    "l10n.gameIsNotOptimizedForQuietMode": "Spel eller program är inte optimerade för <a {{whisperModeCustomHtml}}>WhisperMode</a>",
    "l10n.customSettingsQuietMode": "Anpassade inställningar: WHISPER MODE",
    "l10n.usingCustomSettingsQuietMode": "Spelet använder anpassade inställningar för <a {{whisperModeCustomHtml}}>WhisperMode</a>",
    "l10n.gameIsUsingCustomSettingsForQuietMode": "Spelet är optimerat för <a {{whisperModeCustomHtml}}>WhisperMode</a>",
    "l10n.appIsUsingCustomSettingsForQuietMode": "Programmet är anpassat för <a {{whisperModeCustomHtml}}>WhisperMode</a>",
    "l10n.noAnselReadyGames": "Inga Ansel Ready-spel",
    "l10n.frameRateWhisperMode": "BILDFREKVENS: WHISPER MODE",
    "l10n.frameRateBatteryBoost": "BILDFREKVENS: BATTERI-BOOST",
    "l10n.quietModeFps": "WHISPER MODE FPS",
    "l10n.batteryBoostFps": "BATTERI-BOOST FPS",
    "l10n.fpsCount": "{{number}} FPS",
    "l10n.couldNotRetrieveWMFps": "Det gick inte att hämta WHISPER MODE FPS",
    "l10n.couldNotRetrieveBBFps": "Det gick inte att hämta BATTERI-BOOST FPS",
    "l10n.recommendedFps": "REKOMMENDERAD",
    "l10n.freestyleReadyNumber": "Freestyle-klar ({{number}})",
    "l10n.noFreestyleReadyGames": "Inga FreeStyle Ready-spel och program",
    "l10n.playCloud": "Spela i molnet",
    "l10n.gameIsOptimizedForPerformanceMode": "Spel eller program är optimerat för prestanda",
    "l10n.usingOptimalSettingsForPerformanceMode": "Använder optimerade inställningar för prestanda",
    "l10n.gameIsNotOptimizedForPerformanceMode": "Spel eller program är inte optimerat för prestanda",
    "l10n.customSettingsPerformanceMode": "Anpassade inställningar: PRESTANDA-LÄGE",
    "l10n.usingCustomSettingsPerformanceMode": "Använder anpassade inställningar för prestanda",
    "l10n.gameIsUsingCustomSettingsForPerformanceMode": "Spel eller program är anpassat för prestanda"
}
