{
    "l10n.allNumber": "ทั้งหมด ({{number}})",
    "l10n.play": "เปิด",
    "l10n.games": "เกมและแอป",
    "l10n.optimized": "ปรับสมรรถนะแล้ว",
    "l10n.optimizedNumber": "ปรับสมรรถนะแล้ว ({{number}})",
    "l10n.favorites": "รายการโปรด",
    "l10n.favoritesNumber": "รายการโปรด ({{number}})",
    "l10n.favorite": "รายการโปรด",
    "l10n.anselReadyNumber": "Ansel พร้อมใช้งาน ({{number}})",
    "l10n.removeFavorite": "ลบรายการโปรด",
    "l10n.recent": "ล่าสุด",
    "l10n.playtime": "เวลาที่เล่น",
    "l10n.tags": "ป้ายกำกับ",
    "l10n.showGame": "แสดงเกมหรือแอปพลิเคชัน",
    "l10n.hideGame": "ซ่อนเกมหรือแอปพลิเคชัน",
    "l10n.events": "เหตุการณ์",
    "l10n.hints": "เคล็ดลับ",
    "l10n.leaderboards": "กระดานผู้นำ",
    "l10n.optimization": "การปรับให้ดีที่สุด",
    "l10n.showHiddenGames": "แสดงเกมและแอปพลิเคชันที่ซ่อนไว้",
    "l10n.hideHiddenGames": "ซ่อนเกมและแอปพลิเคชันที่ซ่อนไว้",
    "l10n.pluggedIn": "กำลังใช้ไฟจากเต้าเสียบ",
    "l10n.onBattery": "กำลังใช้ไฟแบตเตอรี่",
    "l10n.notOptimized": "ไม่ได้ปรับสมรรถนะ",
    "l10n.revert": "เปลี่ยนกลับ",
    "l10n.setting": "การตั้งค่า",
    "l10n.current": "ปัจจุบัน",
    "l10n.optimal": "ดีที่สุด",
    "l10n.lastPlayed": "เปิดครั้งล่าสุด: ",
    "l10n.timeago": "{{number}} {{timeUnit}} ที่แล้ว",
    "l10n.yesterday": "เมื่อวานนี้",
    "l10n.monthYear": "{{month}} {{year}}",
    "l10n.totalPlayed": "เล่นรวมทั้งหมด: {{number}} {{timeUnit}}",
    "l10n.usingOptimalSettings": "ใช้การตั้งค่าที่เหมาะสมที่สุด",
    "l10n.usingCustomSettings": "การใช้การตั้งค่าแบบกำหนดเอง",
    "l10n.scanForGames": "สแกนหาเกมและแอป",
    "l10n.optimizeAllGames": "ปรับสมรรถนะเกมและแอปทั้งหมด",
    "l10n.manageTags": "จัดการป้ายกำกับ",
    "l10n.enterTag": "ป้อนป้ายกำกับ",
    "l10n.secondaryTag": "+ป้ายกำกับ",
    "l10n.inGame": "ในเกม",
    "l10n.inApp": "ในแอป",
    "l10n.nvidia": "NVIDIA",
    "l10n.scanning": "กำลังสแกน...",
    "l10n.scanFinished": "สแกนเสร็จสิ้นแล้ว",
    "l10n.optimizing": "กำลังปรับสมรรถนะ...",
    "l10n.optimizeFinished": "การปรับสมรรถนะเสร็จสิ้นแล้ว",
    "l10n.watchNow": "ดูตอนนี้",
    "l10n.playLocally": "เล่นในเครื่อง",
    "l10n.streamFromPC": "สตรีมจากคอมพิวเตอร์ที่บ้านของฉัน",
    "l10n.playOnGeForce": "เล่นบน GeForce Now",
    "l10n.doNotOptimize": "ไม่ต้องปรับสมรรถนะ",
    "l10n.resolution": "ความละเอียด:",
    "l10n.displayMode": "โหมดการแสดงผล:",
    "l10n.optimizeFor": "ปรับสมรรถนะสำหรับ:",
    "l10n.performance": "ประสิทธิภาพ",
    "l10n.battery": "แบตเตอรี่",
    "l10n.quality": "คุณภาพ",
    "l10n.couldNotRetrieveCustomSettings": "ไม่สามารถเรียกดูการตั้งค่าแบบกำหนดเอง ลองใหม่ในภายหลัง",
    "l10n.recommended": "{{string}} (แนะนำ)",
    "l10n.apply": "นําไปใช้",
    "l10n.optimizeRecommended": "ปรับสมรรถนะ (แนะนำ)",
    "l10n.optimizePerformance": "ปรับสมรรถนะด้านประสิทธิภาพ",
    "l10n.optimizeQuality": "ปรับสมรรถนะด้านคุณภาพ",
    "l10n.reset": "ตั้งค่าใหม่",
    "l10n.dynamicSuperResolutions": "Dynamic Super Resolution",
    "l10n.wideScreen1610": "จอกว้าง (16:10)",
    "l10n.wideScreen169": "จอกว้าง (16:9)",
    "l10n.standard43": "มาตรฐาน  (4:3)",
    "l10n.standard54": "มาตรฐาน  (5:4)",
    "l10n.custom": "กำหนดเอง",
    "l10n.customSettings": "การตั้งค่าแบบกำหนดเอง",
    "l10n.customSettingsPluggedIn": "การตั้งค่าแบบกำหนดเอง: กำลังใช้ไฟจากเต้าเสียบ",
    "l10n.customSettingsOnBattery": "การตั้งค่าแบบกำหนดเอง: กำลังใช้ไฟแบตเตอรี่",
    "l10n.gameInfo": "ข้อมูลเกมและแอปพลิเคชัน",
    "l10n.gameIsNotOptimized": "ไม่ได้ปรับสมรรถนะเกม",
    "l10n.gameIsOptimized": "ปรับสมรรถนะเกมแล้ว",
    "l10n.appIsNotOptimized": "ไม่ได้ปรับสมรรถนะแอปพลิเคชัน",
    "l10n.appIsOptimized": "ปรับสมรรถนะแอปพลิเคชันแล้ว",
    "l10n.videos": "วิดีโอ",
    "l10n.description": "คำอธิบาย",
    "l10n.noDescription": "ไม่มีการแสดงคำอธิบาย",
    "l10n.systemRequirement": "ข้อกำหนดของระบบ",
    "l10n.noContent": "โอ้...ที่นี่ว่างเปล่า",
    "l10n.feelingLonelyHere": "รู้สึกโดดเดี่ยวที่นี่...",
    "l10n.findAWayToPlay": "ค้นหาเกมเล่น",
    "l10n.gamesAreNotOptimized": "ไม่ได้ปรับสมรรถนะเกมและแอปพลิเคชัน",
    "l10n.noFavoriteGames": "ไม่มีเกมและแอปพลิเคชันรายการโปรด",
    "l10n.gamesAreHidden": "ซ่อนเกมและแอปพลิเคชันอยู่",
    "l10n.noImagesAvailable": "ไม่มีการแสดงภาพ",
    "l10n.UnableToLoadImages": "ไม่สามารถโหลดภาพ",
    "l10n.UnableToRetrieveCurrentSettings": "ไม่สามารถเรียกดูการตั้งค่าปัจจุบันได้ การเริ่มต้นและการปิดเกมหรือแอปพลิเคชัน หรือการแก้ไขการตั้งค่า อาจจะแก้ไขปัญหานี้ได้",
    "l10n.gameIsUsingCustomSettings": "เกมกำลังใช้การตั้งค่าแบบกำหนดเอง",
    "l10n.gameIsUsingCustomBatterySettings": "เกมกำลังใช้การตั้งค่าแบบกำหนดเองอยู่สำหรับแบตเตอรี่",
    "l10n.gameIsOptimizedForBattery": "ปรับเกมให้เหมาะสมที่สุดสำหรับแบตเตอรี่แล้ว",
    "l10n.appIsUsingCustomSettings": "แอปพลิเคชันใช้การตั้งค่าแบบกำหนดเองอยู่",
    "l10n.appIsUsingCustomBatterySettings": "แอปพลิเคชันใช้การตั้งค่าแบบกำหนดเองอยู่สำหรับแบตเตอรี่",
    "l10n.appIsOptimizedForBattery": "ปรับแอปพลิเคชันให้เหมาะสมที่สุดสำหรับแบตเตอรี่แล้ว",
    "l10n.gameIsUsingPluggedInForBattery": "ไม่ได้ปรับแต่งเกมให้ใช้เหมาะสมที่สุดสำหรับแบตเตอรี่ และใช้การตั้งค่าแบบปลั๊กอิน",
    "l10n.appIsUsingPluggedInForBattery": "ไม่ได้ปรับแอปพลิเคชันให้เหมาะสมที่สุดสำหรับแบตเตอรี่ และใช้การตั้งค่าสำหรับแบบปลั๊กอิน",
    "l10n.systemBelowMinspecForGame": "ระบบของคุณไม่เป็นไปตามข้อกำหนดขั้นต่ำสำหรับการตั้งค่าที่เหมาะสมสำหรับเกมหรือแอปพลิเคชันนี้ การตั้งค่าที่เหมาะสมอาจให้อัตราเฟรมที่ไม่สามารถเล่นได้",
    "l10n.gameCannotBeOptimized": "ไม่สามารถปรับสมรรถนะเกม",
    "l10n.appCannotBeOptimized": "ไม่สามารถปรับสมรรถนะแอปพลิเคชัน",
    "l10n.markFavorite": "ทำเครื่องหมายรายการโปรด",
    "l10n.unableToRetrieveSettings": "ไม่สามารถเรียกดูการตั้งค่า ลองใหม่ในภายหลัง",
    "l10n.systemDoesNotSupportOps": "GeForce Experience ไม่สามารถปรับการเล่นเกมและแอปพลิเคชันในคอมพิวเตอร์เครื่องนี้ได้",
    "l10n.needToMeetSystemRequirement": "กรุณาตรวจสอบให้แน่ใจว่าคุณมีสอดคล้องตาม",
    "l10n.betterQuality": "คุณภาพแบตเตอรี่",
    "l10n.tileView": "ดูไทล์",
    "l10n.detailsView": "มุมมองรายละเอียด",
    "l10n.usingBatteryBoostSettings": "กำลังใช้การตั้งค่า BatteryBoost",
    "l10n.usingCustomBatterySettings": "กำลังใช้การตั้งค่าแบตเตอรี่แบบกำหนดเอง",
    "l10n.whenOnBattery": "เมื่อใช้แบตเตอรี่",
    "l10n.whenPluggedIn": "เมื่อเสียบปลั๊ก",
    "l10n.dsr": "DSR",
    "l10n.dsrInfo": "เกมและแอปพลิเคชันจะแสดงผลแบบความละเอียดสูง จากนั้นจะปรับสัดส่วนตามความละเอียดของจอภาพเพื่อปรับปรุงคุณภาพของภาพ",
    "l10n.unableToUpdateGameSettings": "ไม่สามารถอัปเดตการตั้งค่า",
    "l10n.scanningFailed": "สแกนล้มเหลว",
    "l10n.unableToReachNvidiaServers": "ไม่สามารถเข้าถึงเซิร์ฟเวอร์ NVIDIA",
    "l10n.viewHiddenGames": "ดูเกมและแอปพลิเคชันที่ซ่อนไว้",
    "l10n.viewAllGames": "ดูเกมและแอปพลิเคชันทั้งหมด",
    "l10n.noHiddenGames": "ไม่มีเกมและแอปพลิเคชันที่ซ่อนไว้",
    "l10n.hiddenNumber": "ซ่อนไว้ ({{number}})",
    "l10n.gamesYouPlay": "เกมและแอปพลิเคชันที่คุณเปิดจะปรากฏตรงนี้",
    "l10n.gamesAppearHere": "เกมและแอปพลิเคชันของคุณปรากฏตรงนี้",
    "l10n.gameIsOptimizedForQuietMode": "ปรับเกมและแอปพลิเคชันให้เหมาะสมกับ <a {{whisperModeCustomHtml}}>WhisperMode</a>",
    "l10n.usingOptimalSettingsForQuietMode": "ใช้การตั้งค่าที่เหมาะสมที่สุดสำหรับ <a {{whisperModeCustomHtml}}>WhisperMode</a>",
    "l10n.gameIsNotOptimizedForQuietMode": "ไมได้ปรับเกมและแอปพลิเคชันให้เหมาะสมกับ <a {{whisperModeCustomHtml}}>WhisperMode</a>",
    "l10n.customSettingsQuietMode": "การตั้งค่าแบบกำหนดเอง: WHISPER MODE",
    "l10n.usingCustomSettingsQuietMode": "ใช้การตั้งค่าแบบกำหนดเองสำหรับ <a {{whisperModeCustomHtml}}>WhisperMode</a>",
    "l10n.gameIsUsingCustomSettingsForQuietMode": "กำหนดค่าเกมสำหรับ <a {{whisperModeCustomHtml}}>WhisperMode</a> แล้ว",
    "l10n.appIsUsingCustomSettingsForQuietMode": "กำหนดค่าแอปพลิเคชันสำหรับ <a {{whisperModeCustomHtml}}>WhisperMode</a> แล้ว",
    "l10n.noAnselReadyGames": "ไม่มีเกมของ Ansel ที่พร้อมใช้งาน",
    "l10n.frameRateWhisperMode": "เฟรมเรต: WHISPER MODE",
    "l10n.frameRateBatteryBoost": "เฟรมเรต: เพิ่มประสิทธิภาพแบตเตอรี่",
    "l10n.quietModeFps": "FPS WHISPER MODE",
    "l10n.batteryBoostFps": "FPS ในโหมดเพิ่มประสิทธิภาพแบตเตอรี่",
    "l10n.fpsCount": "{{number}} FPS",
    "l10n.couldNotRetrieveWMFps": "ไม่สามารถเรียกใช้ FPS WHISPER MODE",
    "l10n.couldNotRetrieveBBFps": "ไม่สามารถเรียกใช้ FPS ในโหมดเพิ่มประสิทธิภาพแบตเตอรี่",
    "l10n.recommendedFps": "แนะนำ",
    "l10n.freestyleReadyNumber": "พร้อมใช้งานกับ Freestyle ({{number}})",
    "l10n.noFreestyleReadyGames": "ไม่มีเกมและแอปพลิเคชันที่พร้อมใช้งานกับ FreeStyle",
    "l10n.playCloud": "เล่นในคลาวด์",
    "l10n.gameIsOptimizedForPerformanceMode": "ปรับเกมหรือแอปพลิเคชันด้านประสิทธิภาพให้เหมาะสมที่สุด",
    "l10n.usingOptimalSettingsForPerformanceMode": "ใช้การตั้งค่าที่เหมาะสมที่สุดสำหรับโหมดประสิทธิภาพ",
    "l10n.gameIsNotOptimizedForPerformanceMode": "ไม่ได้ปรับเกมหรือแอปพลิเคชันด้านประสิทธิภาพให้เหมาะสมที่สุด",
    "l10n.customSettingsPerformanceMode": "การตั้งค่าแบบกำหนดเอง: โหมดประสิทธิภาพ",
    "l10n.usingCustomSettingsPerformanceMode": "ใช้การตั้งค่าแบบกำหนดเองสำหรับโหมดประสิทธิภาพ",
    "l10n.gameIsUsingCustomSettingsForPerformanceMode": "กำหนดเกมหรือแอปพลิเคชันเองด้านประสิทธิภาพ"
}
