{
    "l10n.allNumber": "Všechny ({{number}})",
    "l10n.play": "Spustit",
    "l10n.games": "HRY A APLIKACE",
    "l10n.optimized": "Optimalizované",
    "l10n.optimizedNumber": "Optimalizované ({{number}})",
    "l10n.favorites": "Oblíbené",
    "l10n.favoritesNumber": "Oblíbené ({{number}})",
    "l10n.favorite": "Oblíbené",
    "l10n.anselReadyNumber": "Ansel připraven ({{number}})",
    "l10n.removeFavorite": "Odebrat oblíbené",
    "l10n.recent": "Aktuální",
    "l10n.playtime": "Dobra hraní",
    "l10n.tags": "Značky",
    "l10n.showGame": "Zobrazit hru nebo aplikaci",
    "l10n.hideGame": "Skrýt hru nebo aplikaci",
    "l10n.events": "Události",
    "l10n.hints": "Tipy",
    "l10n.leaderboards": "Žebříčky",
    "l10n.optimization": "Optimalizace",
    "l10n.showHiddenGames": "Zobrazit skryté hry a aplikace",
    "l10n.hideHiddenGames": "Znovu skrýt hry a aplikace nastavené jako skryté",
    "l10n.pluggedIn": "Napájení ze sítě",
    "l10n.onBattery": "Napájení z baterie",
    "l10n.notOptimized": "Neoptimalizováno",
    "l10n.revert": "Vrátit",
    "l10n.setting": "Nastavení",
    "l10n.current": "Současné",
    "l10n.optimal": "Optimální",
    "l10n.lastPlayed": "Naposledy spuštěno: ",
    "l10n.timeago": "{{number}} {{timeUnit}} před",
    "l10n.yesterday": "Včera",
    "l10n.monthYear": "{{month}} {{year}}",
    "l10n.totalPlayed": "Celkem hrál(a): {{number}} {{timeUnit}}",
    "l10n.usingOptimalSettings": "Použití optimálního nastavení",
    "l10n.usingCustomSettings": "Použití vlastního nastavení",
    "l10n.scanForGames": "Hledat hry a aplikace",
    "l10n.optimizeAllGames": "Optimalizovat všechny hry a aplikace",
    "l10n.manageTags": "Spravovat značky",
    "l10n.enterTag": "Zadat značku",
    "l10n.secondaryTag": "+Značka",
    "l10n.inGame": "Herní",
    "l10n.inApp": "V aplikaci",
    "l10n.nvidia": "NVIDIA",
    "l10n.scanning": "Vyhledávání...",
    "l10n.scanFinished": "Vyhledávání dokončeno",
    "l10n.optimizing": "Optimalizování...",
    "l10n.optimizeFinished": "Optimalizace dokončena",
    "l10n.watchNow": "Sledovat nyní",
    "l10n.playLocally": "Hrát lokálně",
    "l10n.streamFromPC": "Streamovat z mého domácího počítače",
    "l10n.playOnGeForce": "Hrát prostřednictvím služby GeForce Now",
    "l10n.doNotOptimize": "Neoptimalizovat",
    "l10n.resolution": "Rozlišení:",
    "l10n.displayMode": "Režim monitoru:",
    "l10n.optimizeFor": "Optimalizovat pro:",
    "l10n.performance": "Výkon",
    "l10n.battery": "Baterie",
    "l10n.quality": "Kvalita",
    "l10n.couldNotRetrieveCustomSettings": "Nelze získat vlastní nastavení. Zkuste to znovu později",
    "l10n.recommended": "{{string}} (doporučeno)",
    "l10n.apply": "Použít",
    "l10n.optimizeRecommended": "Optimalizovat (doporučeno)",
    "l10n.optimizePerformance": "Optimalizovat z hlediska výkonu",
    "l10n.optimizeQuality": "Optimalizovat z hlediska kvality",
    "l10n.reset": "Reset",
    "l10n.dynamicSuperResolutions": "Dynamic super resolutions",
    "l10n.wideScreen1610": "Širokoúhlá obrazovka (16:10)",
    "l10n.wideScreen169": "Širokoúhlá obrazovka (16:9)",
    "l10n.standard43": "Standardní (4:3)",
    "l10n.standard54": "Standardní (5:4)",
    "l10n.custom": "Vlastní",
    "l10n.customSettings": "Vlastní nastavení",
    "l10n.customSettingsPluggedIn": "Vlastní nastavení: Napájení ze sítě",
    "l10n.customSettingsOnBattery": "Vlastní nastavení: Napájení z baterie",
    "l10n.gameInfo": "Informace o hře nebo aplikaci",
    "l10n.gameIsNotOptimized": "Hra není optimalizovaná",
    "l10n.gameIsOptimized": "Hra je optimalizovaná",
    "l10n.appIsNotOptimized": "Aplikace není optimalizována",
    "l10n.appIsOptimized": "Aplikace je optimalizována",
    "l10n.videos": "Videa",
    "l10n.description": "Popis",
    "l10n.noDescription": "Popis není k dispozici",
    "l10n.systemRequirement": "Systémové požadavky",
    "l10n.noContent": "Je to tu prázdné",
    "l10n.feelingLonelyHere": "Cítím se zde sám (sama)...",
    "l10n.findAWayToPlay": "Najít způsob, jak hrát",
    "l10n.gamesAreNotOptimized": "Hry a aplikace nejsou optimalizovány",
    "l10n.noFavoriteGames": "Žádné oblíbené hry a aplikace",
    "l10n.gamesAreHidden": "Hry a aplikace jsou skryté",
    "l10n.noImagesAvailable": "Obrázky nejsou k dispozici",
    "l10n.UnableToLoadImages": "Obrázky nelze načíst",
    "l10n.UnableToRetrieveCurrentSettings": "Nelze načíst aktuální nastavení. Spuštění a ukončení hry nebo aplikace, nebo úprava nastavení, by mělo tento problém vyřešit.",
    "l10n.gameIsUsingCustomSettings": "Hra používá vlastní nastavení",
    "l10n.gameIsUsingCustomBatterySettings": "Hra používá vlastní nastavení pro použití baterie",
    "l10n.gameIsOptimizedForBattery": "Hra je optimalizovaná pro použití baterie",
    "l10n.appIsUsingCustomSettings": "Aplikace používá vlastní nastavení",
    "l10n.appIsUsingCustomBatterySettings": "Aplikace používá vlastní nastavení pro použití baterie",
    "l10n.appIsOptimizedForBattery": "Aplikace je optimalizovaná pro použití baterie",
    "l10n.gameIsUsingPluggedInForBattery": "Hra není optimalizovaná pro použití baterie a používá nastavení pro síťové napájení",
    "l10n.appIsUsingPluggedInForBattery": "Aplikace není optimalizovaná pro použití baterie a používá nastavení pro síťové napájení",
    "l10n.systemBelowMinspecForGame": "Váš systém nesplňuje minimální požadavky pro optimální nastavení v této hře nebo aplikaci. Optimální nastavení může poskytovat nehratelné snímkové frekvence",
    "l10n.gameCannotBeOptimized": "Hru nelze optimalizovat",
    "l10n.appCannotBeOptimized": "Aplikaci nelze optimalizovat",
    "l10n.markFavorite": "Označit oblíbené",
    "l10n.unableToRetrieveSettings": "Nelze načíst nastavení. Zkuste to znovu později.",
    "l10n.systemDoesNotSupportOps": "Aplikace GeForce Experience nedokáže optimalizovat hry a aplikace na tomto počítači",
    "l10n.needToMeetSystemRequirement": "Ujistěte se, že splňujete",
    "l10n.betterQuality": "Lepší kvalita",
    "l10n.tileView": "Zobrazení dlaždice",
    "l10n.detailsView": "Detailní zobrazení",
    "l10n.usingBatteryBoostSettings": "Použití nastavení BatteryBoost",
    "l10n.usingCustomBatterySettings": "Použití vlastního nastavení napájení z baterie",
    "l10n.whenOnBattery": "Napájení z baterie",
    "l10n.whenPluggedIn": "Napájení ze sítě",
    "l10n.dsr": "DSR",
    "l10n.dsrInfo": "Hra a aplikace bude renderována ve vysokém rozlišení a pak z důvodu zvýšení kvality obrazu převzorkována na nativní rozlišení vašeho monitoru.",
    "l10n.unableToUpdateGameSettings": "Nastavení nelze aktualizovat.",
    "l10n.scanningFailed": "Vyhledávání se nezdařilo",
    "l10n.unableToReachNvidiaServers": "Nelze se připojit k serverům NVIDIA",
    "l10n.viewHiddenGames": "Zobrazit skryté hry a aplikace",
    "l10n.viewAllGames": "Zobrazit všechny hry a aplikace",
    "l10n.noHiddenGames": "Žádné skryté hry a aplikace",
    "l10n.hiddenNumber": "Skryté ({{number}})",
    "l10n.gamesYouPlay": "Vámi spuštěné hry a aplikace se zobrazí zde",
    "l10n.gamesAppearHere": "Vaše hry a aplikace se zobrazí zde",
    "l10n.gameIsOptimizedForQuietMode": "Hra a aplikace je optimalizována pro režim <a {{whisperModeCustomHtml}}>WhisperMode</a>",
    "l10n.usingOptimalSettingsForQuietMode": "Použití optimálního nastavení pro režim <a {{whisperModeCustomHtml}}>WhisperMode</a>",
    "l10n.gameIsNotOptimizedForQuietMode": "Hra nebo aplikace není optimalizována pro režim <a {{whisperModeCustomHtml}}>WhisperMode</a>",
    "l10n.customSettingsQuietMode": "Vlastní nastavení: WHISPER MODE",
    "l10n.usingCustomSettingsQuietMode": "Použití vlastního nastavení pro režim <a {{whisperModeCustomHtml}}>WhisperMode</a>",
    "l10n.gameIsUsingCustomSettingsForQuietMode": "Hra je přizpůsobená pro režim <a {{whisperModeCustomHtml}}>WhisperMode</a>",
    "l10n.appIsUsingCustomSettingsForQuietMode": "Aplikace je přizpůsobená pro režim <a {{whisperModeCustomHtml}}>WhisperMode</a>",
    "l10n.noAnselReadyGames": "Žádné hry připraveny pro Ansel",
    "l10n.frameRateWhisperMode": "SNÍMKOVÁ FREKVENCE: WHISPER MODE",
    "l10n.frameRateBatteryBoost": "SNÍMKOVÁ FREKVENCE: ZVÝŠENÍ ÚČINNOSTI BATERIE",
    "l10n.quietModeFps": "FPS V REŽIMU WHISPER MODE",
    "l10n.batteryBoostFps": "FPS V REŽIMU ZVÝŠENÍ ÚČINNOSTI BATERIE",
    "l10n.fpsCount": "{{number}} FPS",
    "l10n.couldNotRetrieveWMFps": "Nelze získat údaje FPS V REŽIMU WHISPER MODE",
    "l10n.couldNotRetrieveBBFps": "Nelze získat údaje FPS V REŽIMU ZVÝŠENÍ ÚČINNOSTI BATERIE",
    "l10n.recommendedFps": "DOPORUČENO",
    "l10n.freestyleReadyNumber": "Kompatibilní s Freestyle ({{number}})",
    "l10n.noFreestyleReadyGames": "Žádné hry a aplikace kompatibilní s FreeStyle",
    "l10n.playCloud": "Hrát v cloudu",
    "l10n.gameIsOptimizedForPerformanceMode": "Hra nebo aplikace je optimalizována pro režim výkonu",
    "l10n.usingOptimalSettingsForPerformanceMode": "Použití optimálního nastavení pro režim výkonu",
    "l10n.gameIsNotOptimizedForPerformanceMode": "Hra nebo aplikace není optimalizována pro režim výkonu",
    "l10n.customSettingsPerformanceMode": "Vlastní nastavení: REŽIM VÝKONU",
    "l10n.usingCustomSettingsPerformanceMode": "Použití vlastního nastavení pro režim výkonu",
    "l10n.gameIsUsingCustomSettingsForPerformanceMode": "Hra nebo aplikace je přizpůsobena pro režim výkonu"
}
