{
    "l10n.allNumber": "Όλα ({{number}})",
    "l10n.play": "Εκκίνηση",
    "l10n.games": "ΠΑΙΧΝΙΔΙΑ ΚΑΙ ΕΦΑΡΜΟΓΕΣ",
    "l10n.optimized": "Βελτιστοποιημένο",
    "l10n.optimizedNumber": "Βελτιστοποιημένο ({{number}})",
    "l10n.favorites": "Αγαπημένα",
    "l10n.favoritesNumber": "Αγαπημένα ({{number}})",
    "l10n.favorite": "Αγαπημένο",
    "l10n.anselReadyNumber": "Έτοιμο για Ansel ({{number}})",
    "l10n.removeFavorite": "Αφαίρεση αγαπημένου",
    "l10n.recent": "Πρόσφατα",
    "l10n.playtime": "Χρόνος παιχνιδιού",
    "l10n.tags": "Ετικέτες",
    "l10n.showGame": "Εμφάνιση παιχνιδιού ή εφαρμογής",
    "l10n.hideGame": "Απόκρυψη παιχνιδιού ή εφαρμογής",
    "l10n.events": "Συμβάντα",
    "l10n.hints": "Συμβουλές",
    "l10n.leaderboards": "Πίνακες κορυφαίων παικτών",
    "l10n.optimization": "Βελτιστοποίηση",
    "l10n.showHiddenGames": "Εμφάνιση κρυμμένων παιχνιδιών και εφαρμογών",
    "l10n.hideHiddenGames": "Απόκρυψη κρυμμένων παιχνιδιών και εφαρμογών",
    "l10n.pluggedIn": "Σύνδεση σε ηλεκτρική παροχή",
    "l10n.onBattery": "Με μπαταρία",
    "l10n.notOptimized": "Δεν είναι βελτιστοποιημένο",
    "l10n.revert": "Επαναφορά",
    "l10n.setting": "Ρύθμιση",
    "l10n.current": "Τρέχουσα",
    "l10n.optimal": "Βέλτιστη",
    "l10n.lastPlayed": "Τελευταία εκκίνηση: ",
    "l10n.timeago": "{{number}} {{timeUnit}} πριν",
    "l10n.yesterday": "Χθες",
    "l10n.monthYear": "{{month}} {{year}}",
    "l10n.totalPlayed": "Σύνολο που παίχτηκε: {{number}} {{timeUnit}}",
    "l10n.usingOptimalSettings": "Χρησιμοποιούνται βέλτιστες ρυθμίσεις",
    "l10n.usingCustomSettings": "Χρήση προσαρμοσμένων ρυθμίσεων",
    "l10n.scanForGames": "Σάρωση για παιχνίδια και εφαρμογές",
    "l10n.optimizeAllGames": "Βελτιστοποίηση όλων των παιχνιδιών και εφαρμογών",
    "l10n.manageTags": "Διαχείριση ετικετών",
    "l10n.enterTag": "Εισαγωγή ετικέτας",
    "l10n.secondaryTag": "+Ετικέτα",
    "l10n.inGame": "Εντός παιχνιδιού",
    "l10n.inApp": "Εντός της εφαρμογής",
    "l10n.nvidia": "NVIDIA",
    "l10n.scanning": "Γίνεται σάρωση...",
    "l10n.scanFinished": "Η σάρωση τελείωσε",
    "l10n.optimizing": "Γίνεται βελτιστοποίηση...",
    "l10n.optimizeFinished": "Η βελτιστοποίηση τελείωσε",
    "l10n.watchNow": "Παρακολούθηση τώρα",
    "l10n.playLocally": "Παιχνίδι τοπικά",
    "l10n.streamFromPC": "Ροή από τον υπολογιστή οικίας μου",
    "l10n.playOnGeForce": "Παιχνίδι στο GeForce Now τώρα",
    "l10n.doNotOptimize": "Να μη γίνει βελτιστοποίηση",
    "l10n.resolution": "Ανάλυση:",
    "l10n.displayMode": "Λειτουργία οθόνης:",
    "l10n.optimizeFor": "Βελτιστοποίηση για:",
    "l10n.performance": "Απόδοση",
    "l10n.battery": "Μπαταρία",
    "l10n.quality": "Ποιότητα",
    "l10n.couldNotRetrieveCustomSettings": "Δεν ήταν δυνατή η ανάκτηση προσαρμοσμένων ρυθμίσεων. Δοκιμάστε ξανά αργότερα",
    "l10n.recommended": "{{string}} (συνιστάται)",
    "l10n.apply": "Εφαρμογή",
    "l10n.optimizeRecommended": "Βελτιστοποίηση (συνιστάται)",
    "l10n.optimizePerformance": "Βελτιστοποίηση για απόδοση",
    "l10n.optimizeQuality": "Βελτιστοποίηση για ποιότητα",
    "l10n.reset": "Επαναφορά",
    "l10n.dynamicSuperResolutions": "Dynamic Super Resolution",
    "l10n.wideScreen1610": "Ευρεία οθόνη (16:10)",
    "l10n.wideScreen169": "Ευρεία οθόνη (16:9)",
    "l10n.standard43": "Τυπική οθόνη (4:3)",
    "l10n.standard54": "Τυπική οθόνη (5:4)",
    "l10n.custom": "Προσαρμογή",
    "l10n.customSettings": "Προσαρμοσμένες ρυθμίσεις",
    "l10n.customSettingsPluggedIn": "Προσαρμοσμένες ρυθμίσεις: Σύνδεση σε ηλεκτρική παροχή",
    "l10n.customSettingsOnBattery": "Προσαρμοσμένες ρυθμίσεις: Με μπαταρία",
    "l10n.gameInfo": "Πληροφορίες παιχνιδιού ή εφαρμογής",
    "l10n.gameIsNotOptimized": "Το παιχνίδι δεν είναι βελτιστοποιημένο",
    "l10n.gameIsOptimized": "Το παιχνίδι είναι βελτιστοποιημένο",
    "l10n.appIsNotOptimized": "Η εφαρμογή δεν βελτιστοποιήθηκε",
    "l10n.appIsOptimized": "Η εφαρμογή βελτιστοποιήθηκε",
    "l10n.videos": "Βίντεο",
    "l10n.description": "Περιγραφή",
    "l10n.noDescription": "Η περιγραφή δεν διατίθεται",
    "l10n.systemRequirement": "Απαιτήσεις συστήματος",
    "l10n.noContent": "Ωχ...είναι άδειο εδώ",
    "l10n.feelingLonelyHere": "Νιώθω μοναξιά...",
    "l10n.findAWayToPlay": "Βρείτε τρόπο να παίξετε",
    "l10n.gamesAreNotOptimized": "Τα παιχνίδια και εφαρμογές δεν έχουν βελτιστοποιηθεί",
    "l10n.noFavoriteGames": "Δεν υπάρχουν αγαπημένα παιχνίδια και εφαρμογές",
    "l10n.gamesAreHidden": "Τα παιχνίδια και οι εφαρμογές είναι κρυμμένα",
    "l10n.noImagesAvailable": "Οι εικόνες δεν διατίθενται",
    "l10n.UnableToLoadImages": "Δεν είναι δυνατή η φόρτωση εικόνων",
    "l10n.UnableToRetrieveCurrentSettings": "Δεν είναι δυνατή η ανάκτηση των τρεχουσών ρυθμίσεων. Η εκκίνηση και το κλείσιμο του παιχνιδιού ή εφαρμογής, ή η επεξεργασία των ρυθμίσεων, θα πρέπει να διορθώσει αυτό το πρόβλημα.",
    "l10n.gameIsUsingCustomSettings": "Το παιχνίδι χρησιμοποιεί προσαρμοσμένες ρυθμίσεις",
    "l10n.gameIsUsingCustomBatterySettings": "Το παιχνίδι χρησιμοποιεί προσαρμοσμένες ρυθμίσεις για μπαταρία",
    "l10n.gameIsOptimizedForBattery": "Το παιχνίδι είναι βελτιστοποιημένο για μπαταρία",
    "l10n.appIsUsingCustomSettings": "Η εφαρμογή χρησιμοποιεί προσαρμοσμένες ρυθμίσεις",
    "l10n.appIsUsingCustomBatterySettings": "Η εφαρμογή χρησιμοποιεί προσαρμοσμένες ρυθμίσεις για μπαταρία",
    "l10n.appIsOptimizedForBattery": "Η εφαρμογή είναι βελτιστοποιημένη για μπαταρία",
    "l10n.gameIsUsingPluggedInForBattery": "Το παιχνίδι δεν είναι βελτιστοποιημένο για μπαταρία και χρησιμοποιεί ρυθμίσεις για σύνδεση σε ηλεκτρική παροχή",
    "l10n.appIsUsingPluggedInForBattery": "Η εφαρμογή δεν είναι βελτιστοποιημένη για μπαταρία και χρησιμοποιεί ρυθμίσεις για σύνδεση σε ηλεκτρική παροχή",
    "l10n.systemBelowMinspecForGame": "Το σύστημά σας δεν ικανοποιεί τις ελάχιστες απαιτήσεις για τις βέλτιστες ρυθμίσεις σε αυτό το παιχνίδι ή εφαρμογή. Οι βέλτιστες ρυθμίσεις μπορεί να παρέχουν ρυθμούς καρέ χωρίς δυνατότητα αναπαραγωγής",
    "l10n.gameCannotBeOptimized": "Το παιχνίδι δεν μπορεί να βελτιστοποιηθεί",
    "l10n.appCannotBeOptimized": "Η εφαρμογή δεν μπορεί να βελτιστοποιηθεί",
    "l10n.markFavorite": "Σημείωση αγαπημένου",
    "l10n.unableToRetrieveSettings": "Δεν είναι δυνατή η ανάκτηση ρυθμίσεων. Δοκιμάστε ξανά αργότερα.",
    "l10n.systemDoesNotSupportOps": "Το GeForce Experience δεν είναι δυνατό να βελτιστοποιήσει παιχνίδια και εφαρμογές σε αυτόν τον υπολογιστή",
    "l10n.needToMeetSystemRequirement": "Βεβαιωθείτε ότι ικανοποιείτε τις",
    "l10n.betterQuality": "Καλύτερη ποιότητα",
    "l10n.tileView": "Προβολή παράθεσης",
    "l10n.detailsView": "Προβολή λεπτομερειών",
    "l10n.usingBatteryBoostSettings": "Χρήση ρυθμίσεων BatteryBoost",
    "l10n.usingCustomBatterySettings": "Χρήση προσαρμοσμένων ρυθμίσεων μπαταρίας",
    "l10n.whenOnBattery": "Όταν λειτουργεί με μπαταρία",
    "l10n.whenPluggedIn": "Όταν είναι συνδεδεμένο σε ηλεκτρική παροχή",
    "l10n.dsr": "DSR",
    "l10n.dsrInfo": "Το παιχνίδι και η εφαρμογή θα αποδίδονται σε υψηλή ανάλυση και κατόπιν θα κλιμακώνονται στην εγγενή ανάλυση της οθόνης σας για να βελτιστοποιηθεί η ποιότητα της εικόνας.",
    "l10n.unableToUpdateGameSettings": "Δεν είναι δυνατή η ενημέρωση των ρυθμίσεων.",
    "l10n.scanningFailed": "Η σάρωση απέτυχε",
    "l10n.unableToReachNvidiaServers": "Δεν είναι δυνατή η επικοινωνία με τους διακομιστές της NVIDIA.",
    "l10n.viewHiddenGames": "Προβολή κρυμμένων παιχνιδιών και εφαρμογών",
    "l10n.viewAllGames": "Προβολή όλων των παιχνιδιών και εφαρμογών",
    "l10n.noHiddenGames": "Δεν υπάρχουν κρυμμένα παιχνίδια και εφαρμογές",
    "l10n.hiddenNumber": "Κρυμμένα ({{number}})",
    "l10n.gamesYouPlay": "Τα παιχνίδια και οι εφαρμογές που εκκινήσατε εμφανίζονται εδώ",
    "l10n.gamesAppearHere": "Τα παιχνίδια και οι εφαρμογές σας εμφανίζονται εδώ",
    "l10n.gameIsOptimizedForQuietMode": "Το παιχνίδι και η εφαρμογή έχουν βελτιστοποιηθεί για <a {{whisperModeCustomHtml}}>WhisperMode</a>",
    "l10n.usingOptimalSettingsForQuietMode": "Χρησιμοποιούνται βέλτιστες ρυθμίσεις για <a {{whisperModeCustomHtml}}>WhisperMode</a>",
    "l10n.gameIsNotOptimizedForQuietMode": "Το παιχνίδι ή η εφαρμογή δεν έχει βελτιστοποιηθεί για <a {{whisperModeCustomHtml}}>WhisperMode</a>",
    "l10n.customSettingsQuietMode": "Προσαρμοσμένες ρυθμίσεις: WHISPER MODE",
    "l10n.usingCustomSettingsQuietMode": "Χρησιμοποιούνται προσαρμοσμένες ρυθμίσεις για <a {{whisperModeCustomHtml}}>WhisperMode</a>",
    "l10n.gameIsUsingCustomSettingsForQuietMode": "Το παιχνίδι είναι προσαρμοσμένο για <a {{whisperModeCustomHtml}}>WhisperMode</a>",
    "l10n.appIsUsingCustomSettingsForQuietMode": "H εφαρμογή είναι προσαρμοσμένη για <a {{whisperModeCustomHtml}}>WhisperMode</a>",
    "l10n.noAnselReadyGames": "Δεν υπάρχουν παιχνίδια έτοιμα για Ansel",
    "l10n.frameRateWhisperMode": "ΡΥΘΜΟΣ ΚΑΡΕ: WHISPER MODE",
    "l10n.frameRateBatteryBoost": "ΡΥΘΜΟΣ ΚΑΡΕ: ΕΝΙΣΧΥΣΗ ΜΠΑΤΑΡΙΑΣ",
    "l10n.quietModeFps": "FPS WHISPER MODE",
    "l10n.batteryBoostFps": "FPS ΕΝΙΣΧΥΣΗΣ ΜΠΑΤΑΡΙΑΣ",
    "l10n.fpsCount": "{{number}} FPS",
    "l10n.couldNotRetrieveWMFps": "Δεν ήταν δυνατή η ανάκτηση των FPS WHISPER MODE",
    "l10n.couldNotRetrieveBBFps": "Δεν ήταν δυνατή η ανάκτηση των FPS ΕΝΙΣΧΥΣΗΣ ΜΠΑΤΑΡΙΑΣ",
    "l10n.recommendedFps": "ΣΥΝΙΣΤΑΤΑΙ",
    "l10n.freestyleReadyNumber": "Ετοιμο για Freestyle ({{number}})",
    "l10n.noFreestyleReadyGames": "Δεν υπάρχουν παιχνίδια και εφαρμογές έτοιμα για FreeStyle",
    "l10n.playCloud": "Αναπαραγωγή στο Cloud",
    "l10n.gameIsOptimizedForPerformanceMode": "Το παιχνίδι ή η εφαρμογή έχει βελτιστοποιηθεί για την απόδοση",
    "l10n.usingOptimalSettingsForPerformanceMode": "Χρησιμοποιούνται βέλτιστες ρυθμίσεις για Απόδοση",
    "l10n.gameIsNotOptimizedForPerformanceMode": "Το παιχνίδι ή η εφαρμογή δεν έχει βελτιστοποιηθεί για την απόδοση",
    "l10n.customSettingsPerformanceMode": "Προσαρμοσμένες ρυθμίσεις: ΤΡΟΠΟΣ ΛΕΙΤΟΥΡΓΙΑΣ ΑΠΟΔΟΣΗΣ",
    "l10n.usingCustomSettingsPerformanceMode": "Χρησιμοποιούνται προσαρμοσμένες ρυθμίσεις για Απόδοση",
    "l10n.gameIsUsingCustomSettingsForPerformanceMode": "Το παιχνίδι ή η εφαρμογή έχει προσαρμοστεί για την απόδοση"
}
