{
    "l10n.allNumber": "Всі ({{number}})",
    "l10n.play": "Запустити",
    "l10n.games": "ІГРИ ТА ЗАСТОСУНКИ",
    "l10n.optimized": "Оптимізовані",
    "l10n.optimizedNumber": "Оптимізовані ({{number}})",
    "l10n.favorites": "Вибране",
    "l10n.favoritesNumber": "Вибране ({{number}})",
    "l10n.favorite": "Вибране",
    "l10n.anselReadyNumber": "Ansel-сумісні ігри ({{number}})",
    "l10n.removeFavorite": "Видалити з Вибраного",
    "l10n.recent": "Недавні",
    "l10n.playtime": "Час гри",
    "l10n.tags": "Теги",
    "l10n.showGame": "Показати гру або застосунок",
    "l10n.hideGame": "Приховати гру або застосунок",
    "l10n.events": "Події",
    "l10n.hints": "Поради",
    "l10n.leaderboards": "Списки лідерів",
    "l10n.optimization": "Оптимізація",
    "l10n.showHiddenGames": "Показати приховані ігри та застосунки",
    "l10n.hideHiddenGames": "Приховати приховані ігри та застосунки",
    "l10n.pluggedIn": "Від мережі",
    "l10n.onBattery": "Від акумулятора",
    "l10n.notOptimized": "Не оптимізовано",
    "l10n.revert": "Відновлення",
    "l10n.setting": "Параметр",
    "l10n.current": "Поточне значення",
    "l10n.optimal": "Оптимально",
    "l10n.lastPlayed": "Останній запуск: ",
    "l10n.timeago": "{{number}} {{timeUnit}} назад",
    "l10n.yesterday": "Учора",
    "l10n.monthYear": "{{month}} {{year}}",
    "l10n.totalPlayed": "Загальний час відтворювання: {{number}} {{timeUnit}}",
    "l10n.usingOptimalSettings": "Використовувати оптимальні налаштування",
    "l10n.usingCustomSettings": "Використовувати користувацькі налаштування",
    "l10n.scanForGames": "Пошук ігор та застосунків",
    "l10n.optimizeAllGames": "Оптимізувати всі ігри та застосунки",
    "l10n.manageTags": "Керувати тегами",
    "l10n.enterTag": "Введіть тег",
    "l10n.secondaryTag": "+Тег",
    "l10n.inGame": "Гра",
    "l10n.inApp": "У застосунку",
    "l10n.nvidia": "NVIDIA",
    "l10n.scanning": "Сканування...",
    "l10n.scanFinished": "Сканування завершено",
    "l10n.optimizing": "Оптимізація...",
    "l10n.optimizeFinished": "Оптимізація завершена",
    "l10n.watchNow": "Дивитись зараз",
    "l10n.playLocally": "Грати локально",
    "l10n.streamFromPC": "Потокова передача з мого домашнього ПК",
    "l10n.playOnGeForce": "Грати у GeForce Now",
    "l10n.doNotOptimize": "Не оптимізувати",
    "l10n.resolution": "Розподільча здатність:",
    "l10n.displayMode": "Режим дисплея:",
    "l10n.optimizeFor": "Оптимізувати для:",
    "l10n.performance": "Продуктивність",
    "l10n.battery": "Акумулятор",
    "l10n.quality": "Якість",
    "l10n.couldNotRetrieveCustomSettings": "Не вдалося отримати користувацькі налаштування. Повторіть спробу пізніше",
    "l10n.recommended": "{{string}} (рекомендується)",
    "l10n.apply": "Застосувати",
    "l10n.optimizeRecommended": "Оптимізувати (рекомендується)",
    "l10n.optimizePerformance": "Оптимізувати для продуктивності",
    "l10n.optimizeQuality": "Оптимізувати для якості",
    "l10n.reset": "Відновлення",
    "l10n.dynamicSuperResolutions": "Динамічна супер розп.здат.",
    "l10n.wideScreen1610": "Широкоекранний (16:10)",
    "l10n.wideScreen169": "Широкоекранний (16:9)",
    "l10n.standard43": "Стандартний (4:3)",
    "l10n.standard54": "Стандартний (5:4)",
    "l10n.custom": "Користувацький",
    "l10n.customSettings": "Користувацькі налаштування",
    "l10n.customSettingsPluggedIn": "Користувацькі налаштування: Від мережі",
    "l10n.customSettingsOnBattery": "Користувацькі налаштування: Від акумулятора",
    "l10n.gameInfo": "Зведення про гру або застосунок",
    "l10n.gameIsNotOptimized": "Гра не оптимізована",
    "l10n.gameIsOptimized": "Гра оптимізована",
    "l10n.appIsNotOptimized": "Застосунок не оптимізований",
    "l10n.appIsOptimized": "Застосунок оптимізований",
    "l10n.videos": "Відео",
    "l10n.description": "Опис",
    "l10n.noDescription": "Опис недоступний",
    "l10n.systemRequirement": "Системні вимоги",
    "l10n.noContent": "Ой... Тут порожньо",
    "l10n.feelingLonelyHere": "Тут так самотньо...",
    "l10n.findAWayToPlay": "Знайдіть спосіб грати",
    "l10n.gamesAreNotOptimized": "Ігри та застосунки не оптимізовані",
    "l10n.noFavoriteGames": "У Вибраному немає ігор чи застосунків",
    "l10n.gamesAreHidden": "Ігри та застосунки приховані",
    "l10n.noImagesAvailable": "Зображення недоступне",
    "l10n.UnableToLoadImages": "Неможливо завантажити зображення",
    "l10n.UnableToRetrieveCurrentSettings": "Не вдалося отримати поточні налаштування. Аби вирішити цю проблему, спробуйте запустити і закрити гру чи застосунок або ж змінити їх налаштування.",
    "l10n.gameIsUsingCustomSettings": "Гра використовує користувацькі налаштування",
    "l10n.gameIsUsingCustomBatterySettings": "Гра використовує користувацькі налаштування для роботи від акумулятора",
    "l10n.gameIsOptimizedForBattery": "Гра оптимізована для роботи від акамулятора",
    "l10n.appIsUsingCustomSettings": "Застосунок використовує користувацькі налаштування",
    "l10n.appIsUsingCustomBatterySettings": "Застосунок використовує користувацькі налаштування для роботи від акумулятора",
    "l10n.appIsOptimizedForBattery": "Застосунок оптимізований для роботи від акамулятора",
    "l10n.gameIsUsingPluggedInForBattery": "Гра не оптимізована для роботи від акамулятора і використовує налаштування живлення від мережі.",
    "l10n.appIsUsingPluggedInForBattery": "Застосунок не оптимізований для роботи від акамулятора і використовує налаштування живлення від мережі.",
    "l10n.systemBelowMinspecForGame": "Ваша система не відповідає мінімальним вимогам для оптимальних налаштувань у цій грі або застосунку. Частота кадрів за оптимальних налаштувань може бути неприйнятною.",
    "l10n.gameCannotBeOptimized": "Неможливо оптимізувати гру",
    "l10n.appCannotBeOptimized": "Неможливо оптимізувати застосунок",
    "l10n.markFavorite": "Додати в Обране",
    "l10n.unableToRetrieveSettings": "Неможливо отримати налаштування. Повторіть спробу пізніше.",
    "l10n.systemDoesNotSupportOps": "GeForce Experience не може оптимізовувати ігри та застосунки на цьому ПК",
    "l10n.needToMeetSystemRequirement": "Впевніться у відповідності",
    "l10n.betterQuality": "Найліпша якість",
    "l10n.tileView": "Відобразити плитками",
    "l10n.detailsView": "Перегляд докладних відомостей",
    "l10n.usingBatteryBoostSettings": "Використовувати налаштування BatteryBoost",
    "l10n.usingCustomBatterySettings": "Використовувати користувацькі налаштування батареї",
    "l10n.whenOnBattery": "Коли живиться від батареї",
    "l10n.whenPluggedIn": "Коли живиться від мережі",
    "l10n.dsr": "DSR(ТДСРЗ)",
    "l10n.dsrInfo": "Гра або застосунок будуть формуватися у високій розподільчій затності, а потім масштабуватися до апаратної розподільчої затності вашого монітора з ціллю підвищення якості картинки.",
    "l10n.unableToUpdateGameSettings": "Не вдалося оновити налаштування.",
    "l10n.scanningFailed": "Збій сканування",
    "l10n.unableToReachNvidiaServers": "Не вдалося підключитися до серверів NVIDIA.",
    "l10n.viewHiddenGames": "Подивитися приховані ігри та застосунки",
    "l10n.viewAllGames": "Подивитися всі ігри та застосунки",
    "l10n.noHiddenGames": "Немає прихованих ігор та застосунків",
    "l10n.hiddenNumber": "Приховані ({{number}})",
    "l10n.gamesYouPlay": "Запущені ігри та застосунки будуть відображатися тут",
    "l10n.gamesAppearHere": "Ваші ігри та застосунки відображаються тут",
    "l10n.gameIsOptimizedForQuietMode": "Гра або застосунок оптимізоровані для <a {{whisperModeCustomHtml}}>WhisperMode</a>",
    "l10n.usingOptimalSettingsForQuietMode": "Використовуються оптимальні налаштування для <a {{whisperModeCustomHtml}}>WhisperMode</a>",
    "l10n.gameIsNotOptimizedForQuietMode": "Гра або застосунок не оптимізоровані для <a {{whisperModeCustomHtml}}>WhisperMode</a>",
    "l10n.customSettingsQuietMode": "Користувацькі налаштування: WHISPER MODE",
    "l10n.usingCustomSettingsQuietMode": "Використовуються користувацькі налаштування для <a {{whisperModeCustomHtml}}>WhisperMode</a>",
    "l10n.gameIsUsingCustomSettingsForQuietMode": "Гра налаштована для <a {{whisperModeCustomHtml}}>WhisperMode</a>",
    "l10n.appIsUsingCustomSettingsForQuietMode": "Застосунок налаштовано для <a {{whisperModeCustomHtml}}>WhisperMode</a>",
    "l10n.noAnselReadyGames": "Немає Ansel-сумісних ігор",
    "l10n.frameRateWhisperMode": "КАДРОВА ЧАСТОТА: WHISPER MODE",
    "l10n.frameRateBatteryBoost": "КАДРОВА ЧАСТОТА: BATTERY BOOST",
    "l10n.quietModeFps": "КАДРІВ/С У WHISPER MODE",
    "l10n.batteryBoostFps": "КАДРІВ/С У BATTERY BOOST",
    "l10n.fpsCount": "{{number}} КАДРІВ/С",
    "l10n.couldNotRetrieveWMFps": "Не вдалося отримати КАДРОВУ ЧАСТОТУ У WHISPER MODE",
    "l10n.couldNotRetrieveBBFps": "Не вдалося отримати КАДРОВУ ЧАСТОТУ У  BATTERY BOOST",
    "l10n.recommendedFps": "РЕКОМЕНДОВАНО",
    "l10n.freestyleReadyNumber": "Freestyle-сумісні ігри ({{number}})",
    "l10n.noFreestyleReadyGames": "Немає FreeStyle-сумісних ігор та застосунків",
    "l10n.playCloud": "Грати у хмарі",
    "l10n.gameIsOptimizedForPerformanceMode": "Гра або застосунок оптимізовані для режиму продуктивність",
    "l10n.usingOptimalSettingsForPerformanceMode": "Використовуються оптимальніе налаштування для режиму продуктивність",
    "l10n.gameIsNotOptimizedForPerformanceMode": "Гра або застосунок не оптимізовані для режиму продуктивність",
    "l10n.customSettingsPerformanceMode": "Користувацькі налаштування: РЕЖИМ ПРОДУКТИВНОСТІ",
    "l10n.usingCustomSettingsPerformanceMode": "Використовуються користувацькі налаштування для режиму продуктивність",
    "l10n.gameIsUsingCustomSettingsForPerformanceMode": "Гра або застосунок налаштовані для режиму продуктивність"
}
