{
    "l10n.allNumber": "Kaikki ({{number}})",
    "l10n.play": "Käynnistä",
    "l10n.games": "PELIT JA SOVELLUKSET",
    "l10n.optimized": "Optimoitu",
    "l10n.optimizedNumber": "Optimoitu ({{number}})",
    "l10n.favorites": "Suosikit",
    "l10n.favoritesNumber": "Suosikit ({{number}})",
    "l10n.favorite": "Suosikki",
    "l10n.anselReadyNumber": "Ansel-valmis ({{number}})",
    "l10n.removeFavorite": "Poista suosikki",
    "l10n.recent": "Äskettäin käytetyt",
    "l10n.playtime": "Playtime",
    "l10n.tags": "Avainsanat",
    "l10n.showGame": "Näytä peli tai sovellus",
    "l10n.hideGame": "Piilota peli tai sovellus",
    "l10n.events": "Tapahtumat",
    "l10n.hints": "Vihjeet",
    "l10n.leaderboards": "Tulostaulut",
    "l10n.optimization": "Optimointi",
    "l10n.showHiddenGames": "Näytä piilotetut pelit ja sovellukset",
    "l10n.hideHiddenGames": "Piilota aiemmin piilotetut pelit ja sovellukset",
    "l10n.pluggedIn": "Kytkettynä verkkovirtaan",
    "l10n.onBattery": "Akkuvirralla",
    "l10n.notOptimized": "Ei optimoitu",
    "l10n.revert": "Palauta",
    "l10n.setting": "Asetus",
    "l10n.current": "Nykyinen",
    "l10n.optimal": "Optimaalinen",
    "l10n.lastPlayed": "Viimeksi käynnistetty: ",
    "l10n.timeago": "{{number}} {{timeUnit}} sitten",
    "l10n.yesterday": "Eilen",
    "l10n.monthYear": "{{month}} {{year}}",
    "l10n.totalPlayed": "Pelattu yhteensä: {{number}} {{timeUnit}}",
    "l10n.usingOptimalSettings": "Käytetään optimaalisia asetuksia",
    "l10n.usingCustomSettings": "Käytetään mukautettuja asetuksia",
    "l10n.scanForGames": "Etsi pelejä ja sovelluksia",
    "l10n.optimizeAllGames": "Optimoi kaikki pelit ja sovellukset",
    "l10n.manageTags": "Avainsanojen hallinta",
    "l10n.enterTag": "Anna avainsana",
    "l10n.secondaryTag": "+avainsana",
    "l10n.inGame": "Pelinsisäinen",
    "l10n.inApp": "Sovelluksen sisällä",
    "l10n.nvidia": "NVIDIA",
    "l10n.scanning": "Skannataan...",
    "l10n.scanFinished": "Skannaus valmis",
    "l10n.optimizing": "Optimoidaan...",
    "l10n.optimizeFinished": "Optimointi valmis",
    "l10n.watchNow": "Katsele nyt",
    "l10n.playLocally": "Toista paikallisesti",
    "l10n.streamFromPC": "Suoratoista kotitietokoneelta",
    "l10n.playOnGeForce": "Toista nyt GeForce Now:ssa",
    "l10n.doNotOptimize": "Älä optimoi",
    "l10n.resolution": "Tarkkuus:",
    "l10n.displayMode": "Näyttötila:",
    "l10n.optimizeFor": "Optimoi kohteelle:",
    "l10n.performance": "Suorituskyky",
    "l10n.battery": "Akku",
    "l10n.quality": "Laatu",
    "l10n.couldNotRetrieveCustomSettings": "Ei voi hakea mukautettuja asetuksia. Yritä myöhemmin uudelleen",
    "l10n.recommended": "{{string}} (suositus)",
    "l10n.apply": "Käytä",
    "l10n.optimizeRecommended": "Optimoi (suositus)",
    "l10n.optimizePerformance": "Optimoi suorituskykyä varten",
    "l10n.optimizeQuality": "Optimoi laatua varten",
    "l10n.reset": "Palauta",
    "l10n.dynamicSuperResolutions": "Dynamic Super Resolution",
    "l10n.wideScreen1610": "Leveä näyttö (16:10)",
    "l10n.wideScreen169": "Leveä näyttö (16:9)",
    "l10n.standard43": "Vakio (4:3)",
    "l10n.standard54": "Vakio (5:4)",
    "l10n.custom": "Mukautettu",
    "l10n.customSettings": "Mukautetut asetukset",
    "l10n.customSettingsPluggedIn": "Mukautetut asetukset: Kytkettynä verkkovirtaan",
    "l10n.customSettingsOnBattery": "Mukautetut asetukset: Akkuvirralla",
    "l10n.gameInfo": "Pelin tai sovelluksen tiedot",
    "l10n.gameIsNotOptimized": "Peliä ei optimoitu",
    "l10n.gameIsOptimized": "Peli on optimoitu",
    "l10n.appIsNotOptimized": "Sovellusta ei ole optimoitu",
    "l10n.appIsOptimized": "Sovellus on optimoitu",
    "l10n.videos": "Videot",
    "l10n.description": "Kuvaus",
    "l10n.noDescription": "Kuvaus ei ole käytettävissä",
    "l10n.systemRequirement": "Järjestelmävaatimukset",
    "l10n.noContent": "Voi, kun täällä on tyhjää",
    "l10n.feelingLonelyHere": "Täällä on yksinäistä...",
    "l10n.findAWayToPlay": "Hanki keino pelata",
    "l10n.gamesAreNotOptimized": "Pelejä ja sovelluksia ei ole optimoitu",
    "l10n.noFavoriteGames": "Ei suosikkipelejä eikä -sovelluksia",
    "l10n.gamesAreHidden": "Pelit ja sovellukset ovat piilotettuna",
    "l10n.noImagesAvailable": "Kuvia ei ole käytettävissä",
    "l10n.UnableToLoadImages": "Kuvien lataaminen epäonnistui",
    "l10n.UnableToRetrieveCurrentSettings": "Nykyisten asetusten noutaminen epäonnistui. Pelin tai sovelluksen käynnistäminen ja sulkeminen tai pelin sisäisten asetusten muuttaminen luultavasti korjaa virheen.",
    "l10n.gameIsUsingCustomSettings": "Peli käyttää mukautettuja asetuksia",
    "l10n.gameIsUsingCustomBatterySettings": "Peli käyttää mukautettuja asetuksia akulle",
    "l10n.gameIsOptimizedForBattery": "Peli on optimoitu akulle",
    "l10n.appIsUsingCustomSettings": "Sovellus käyttää mukautettuja asetuksia",
    "l10n.appIsUsingCustomBatterySettings": "Sovellus käyttää mukautettuja asetuksia akulle",
    "l10n.appIsOptimizedForBattery": "Sovellus on optimoitu akulle",
    "l10n.gameIsUsingPluggedInForBattery": "Peliä ei ole optimoitu akulle ja se käyttää liitettyjä asetuksia",
    "l10n.appIsUsingPluggedInForBattery": "Sovellusta ei ole optimoitu akulle ja se käyttää liitettyjä asetuksia",
    "l10n.systemBelowMinspecForGame": "Järjestelmäsi ei täytä tämän pelin tai sovelluksen optimaalisten asetusten vähimmäisvaatimuksia. Optimaaliset asetukset voivat tuottaa käyttökelvottomat kehystaajuudet",
    "l10n.gameCannotBeOptimized": "Peliä ei voi optimoida",
    "l10n.appCannotBeOptimized": "Sovellusta ei voi optimoida",
    "l10n.markFavorite": "Merkitse suosikki",
    "l10n.unableToRetrieveSettings": "Asetusten noutaminen epäonnistui. Yritä myöhemmin uudelleen.",
    "l10n.systemDoesNotSupportOps": "GeForce Experience ei voi optimoida pelejä ja sovelluksia tässä tietokoneessa",
    "l10n.needToMeetSystemRequirement": "Varmista, että täytät",
    "l10n.betterQuality": "Parempi laatu",
    "l10n.tileView": "Vierekkäinen näkymä",
    "l10n.detailsView": "Lisätietonäyttö",
    "l10n.usingBatteryBoostSettings": "Käyttää BatteryBoost-asetuksia",
    "l10n.usingCustomBatterySettings": "Käyttää akun mukautettuja asetuksia",
    "l10n.whenOnBattery": "Akkua käytettäessä",
    "l10n.whenPluggedIn": "Kytkettynä",
    "l10n.dsr": "DSR",
    "l10n.dsrInfo": "Peli tai sovellus lähetetään korkealla tarkkuudella ja mukautetaan sitten monitorin omaan tarkkuuteen parantamaan kuvan laatua.",
    "l10n.unableToUpdateGameSettings": "Asetusten päivitys epäonnistui.",
    "l10n.scanningFailed": "Skannaus epäonnistui",
    "l10n.unableToReachNvidiaServers": "NVIDIA-palvelinten saavuttaminen epäonnistui.",
    "l10n.viewHiddenGames": "Näytä piilotetut pelit ja sovellukset",
    "l10n.viewAllGames": "Näytä kaikki pelit ja sovellukset",
    "l10n.noHiddenGames": "Ei piilotettuja pelejä tai sovelluksia",
    "l10n.hiddenNumber": "Piilotettu ({{number}})",
    "l10n.gamesYouPlay": "Pelit ja sovellukset, jotka käynnistät, näytetään tässä",
    "l10n.gamesAppearHere": "Pelit ja sovellukset näytetään tässä",
    "l10n.gameIsOptimizedForQuietMode": "Peli tai sovellus on optimoitu <a {{whisperModeCustomHtml}}>WhisperMode</a>a varten",
    "l10n.usingOptimalSettingsForQuietMode": "Käyttää optimaalisia asetuksia <a {{whisperModeCustomHtml}}>WhisperMode</a>a varten",
    "l10n.gameIsNotOptimizedForQuietMode": "Peliä tai sovellusta ei ole optimoitu <a {{whisperModeCustomHtml}}>WhisperMode</a>a varten",
    "l10n.customSettingsQuietMode": "Mukautetut asetukset: WHISPER MODE",
    "l10n.usingCustomSettingsQuietMode": "Käyttää mukautettuja asetuksia <a {{whisperModeCustomHtml}}>WhisperMode</a>lle",
    "l10n.gameIsUsingCustomSettingsForQuietMode": "Peli on optimoitu <a {{whisperModeCustomHtml}}>WhisperMode</a>-tilaa varten",
    "l10n.appIsUsingCustomSettingsForQuietMode": "Sovellus on mukautettu <a {{whisperModeCustomHtml}}>WhisperMode</a>-tilaa varten",
    "l10n.noAnselReadyGames": "Ei Ansel-valmiita pelejä",
    "l10n.frameRateWhisperMode": "KEHYSTAAJUUS: WHISPER MODE",
    "l10n.frameRateBatteryBoost": "KEHYSTAAJUUS: AKKUTEHOSTUS",
    "l10n.quietModeFps": "WHISPER MODE FPS",
    "l10n.batteryBoostFps": "AKKUTEHOSTUS FPS",
    "l10n.fpsCount": "{{number}} FPS (KUVAA SEKUNNISSA)",
    "l10n.couldNotRetrieveWMFps": "WHISPER MODE FPS ei noudettavissa",
    "l10n.couldNotRetrieveBBFps": "AKKUTEHOSTUS FPS ei noudettavissa",
    "l10n.recommendedFps": "SUOSITUS",
    "l10n.freestyleReadyNumber": "Freestyle-valmius ({{number}})",
    "l10n.noFreestyleReadyGames": "FreeStyle-valmiita pelejä tai sovelluksia ei ole",
    "l10n.playCloud": "Pelaa pilvipalvelussa",
    "l10n.gameIsOptimizedForPerformanceMode": "Peli tai sovellus on optimoitu suorituskykyä varten",
    "l10n.usingOptimalSettingsForPerformanceMode": "Käytetään optimaalisia asetuksia suorituskyvylle",
    "l10n.gameIsNotOptimizedForPerformanceMode": "Peliä tai sovellusta ei ole optimoitu suorituskykyä varten",
    "l10n.customSettingsPerformanceMode": "Mukautetut asetukset: SUORITUSKYKYTILA",
    "l10n.usingCustomSettingsPerformanceMode": "Peli käyttää suorituskyvylle mukautettuja asetuksia",
    "l10n.gameIsUsingCustomSettingsForPerformanceMode": "Peli tai sovellus on muokattu suorituskykyä varten"
}
