{
    "l10n.allNumber": "Tout ({{number}})",
    "l10n.play": "Lancer",
    "l10n.games": "JEUX ET APPLICATIONS",
    "l10n.optimized": "Optimisé",
    "l10n.optimizedNumber": "Optimisé ({{number}})",
    "l10n.favorites": "Favoris",
    "l10n.favoritesNumber": "Favoris ({{number}})",
    "l10n.favorite": "Favoris",
    "l10n.anselReadyNumber": "Jeux compatibles avec Ansel ({{number}})",
    "l10n.removeFavorite": "Supprimer un favori",
    "l10n.recent": "Récents",
    "l10n.playtime": "Durée de jeu",
    "l10n.tags": "Balises",
    "l10n.showGame": "Afficher le jeu ou l'application",
    "l10n.hideGame": "Masquer le jeu ou l'application",
    "l10n.events": "Événements",
    "l10n.hints": "Conseils",
    "l10n.leaderboards": "Classements",
    "l10n.optimization": "Optimisation",
    "l10n.showHiddenGames": "Afficher les jeux et applications masqués",
    "l10n.hideHiddenGames": "Masquer à nouveau les jeux et applications signalés comme étant masqués",
    "l10n.pluggedIn": "Sur secteur",
    "l10n.onBattery": "Sur batterie",
    "l10n.notOptimized": "Non optimisé",
    "l10n.revert": "Rétablir",
    "l10n.setting": "Paramètre",
    "l10n.current": "Actuelle",
    "l10n.optimal": "Optimal",
    "l10n.lastPlayed": "Dernier lancement le : ",
    "l10n.timeago": "il y a {{number}} {{timeUnit}}",
    "l10n.yesterday": "Hier",
    "l10n.monthYear": "{{month}} {{year}}",
    "l10n.totalPlayed": "Durée total de jeu : {{number}} {{timeUnit}}",
    "l10n.usingOptimalSettings": "Paramètres optimaux utilisés",
    "l10n.usingCustomSettings": "Utilisation des paramètres personnalisés",
    "l10n.scanForGames": "Rechercher des jeux et des applications",
    "l10n.optimizeAllGames": "Optimiser tous les jeux et applications",
    "l10n.manageTags": "Gérer les balises",
    "l10n.enterTag": "Entrer une balise",
    "l10n.secondaryTag": "+Balises",
    "l10n.inGame": "Dans le jeu",
    "l10n.inApp": "Dans l'application",
    "l10n.nvidia": "NVIDIA",
    "l10n.scanning": "Recherche en cours...",
    "l10n.scanFinished": "Recherche terminée",
    "l10n.optimizing": "Optimisation en cours...",
    "l10n.optimizeFinished": "Optimisation terminée",
    "l10n.watchNow": "Regarder maintenant",
    "l10n.playLocally": "Jouer sur système local",
    "l10n.streamFromPC": "Diffuser en continu depuis mon PC personnel",
    "l10n.playOnGeForce": "Jouer sur GeForce Now",
    "l10n.doNotOptimize": "Ne pas optimiser",
    "l10n.resolution": "Résolution :",
    "l10n.displayMode": "Mode d'affichage :",
    "l10n.optimizeFor": "Optimiser pour :",
    "l10n.performance": "Performances",
    "l10n.battery": "Batterie",
    "l10n.quality": "Qualité",
    "l10n.couldNotRetrieveCustomSettings": "Impossible de récupérer les paramètres personnalisés. Veuillez réessayer ultérieurement",
    "l10n.recommended": "{{string}} (Recommandé)",
    "l10n.apply": "Appliquer",
    "l10n.optimizeRecommended": "Optimiser (recommander)",
    "l10n.optimizePerformance": "Optimiser pour une meilleure performance",
    "l10n.optimizeQuality": "Optimiser pour une meilleure qualité",
    "l10n.reset": "Réinitialiser",
    "l10n.dynamicSuperResolutions": "Dynamic Super Resolution",
    "l10n.wideScreen1610": "Grand écran (16:10)",
    "l10n.wideScreen169": "Grand écran (16:9)",
    "l10n.standard43": "Standard (4:3)",
    "l10n.standard54": "Standard (5:4)",
    "l10n.custom": "Personnalisé",
    "l10n.customSettings": "Paramètres personnalisés",
    "l10n.customSettingsPluggedIn": "Paramètres personnalisés : Sur secteur",
    "l10n.customSettingsOnBattery": "Paramètres personnalisés : Sur batterie",
    "l10n.gameInfo": "Informations sur le jeu ou l'application",
    "l10n.gameIsNotOptimized": "Le jeu n'est pas optimisé",
    "l10n.gameIsOptimized": "Le jeu est optimisé",
    "l10n.appIsNotOptimized": "L'application n'est pas optimisée",
    "l10n.appIsOptimized": "L'application est optimisée",
    "l10n.videos": "Vidéos",
    "l10n.description": "Description",
    "l10n.noDescription": "Description non disponible",
    "l10n.systemRequirement": "Configuration du système",
    "l10n.noContent": "Ouh... il n'y a pas grand monde ici",
    "l10n.feelingLonelyHere": "On s'ennuie un peu ici...",
    "l10n.findAWayToPlay": "Trouver un moyen de jouer",
    "l10n.gamesAreNotOptimized": "Les jeux et les applications ne sont pas optimisés",
    "l10n.noFavoriteGames": "Aucun jeu ou application favori",
    "l10n.gamesAreHidden": "Les jeux et les applications sont masqués",
    "l10n.noImagesAvailable": "Images non disponibles",
    "l10n.UnableToLoadImages": "Impossible de charger les images.",
    "l10n.UnableToRetrieveCurrentSettings": "Impossible de récupérer les paramètres actuels. Démarrer et fermer le jeu ou l'application, ou modifier les paramètres, devrait réparer ce problème.",
    "l10n.gameIsUsingCustomSettings": "Ce jeu utilise des paramètres personnalisés",
    "l10n.gameIsUsingCustomBatterySettings": "Ce jeu utilise des paramètres de batterie personnalisés",
    "l10n.gameIsOptimizedForBattery": "Ce jeu est optimisé pour une utilisation sur batterie",
    "l10n.appIsUsingCustomSettings": "Cette application utilise des paramètres personnalisés",
    "l10n.appIsUsingCustomBatterySettings": "Cette application utilise des paramètres de batterie personnalisés",
    "l10n.appIsOptimizedForBattery": "Cette application est optimisée pour une utilisation sur batterie",
    "l10n.gameIsUsingPluggedInForBattery": "Ce jeu n'est pas optimisé pour une utilisation sur batterie et utilise les paramètres de branchement sur le secteur",
    "l10n.appIsUsingPluggedInForBattery": "Cette application n'est pas optimisée pour une utilisation sur batterie et utilise les paramètres de branchement sur le secteur",
    "l10n.systemBelowMinspecForGame": "Votre système ne satisfait pas les spécifications minimales requises pour utiliser les paramètres optimaux dans ce jeu ou cette application. Les paramètres optimaux peuvent produire une baisse conséquente de la fréquence d'image",
    "l10n.gameCannotBeOptimized": "Le jeu ne peut pas être optimisé",
    "l10n.appCannotBeOptimized": "Impossible d'optimiser l'application",
    "l10n.markFavorite": "Marquer comme favori",
    "l10n.unableToRetrieveSettings": "Impossible de récupérer les paramètres. Veuillez réessayer ultérieurement.",
    "l10n.systemDoesNotSupportOps": "GeForce Experience ne peut pas optimiser les jeux et les applications de ce PC",
    "l10n.needToMeetSystemRequirement": "Veuillez vous assurer de satisfaire les",
    "l10n.betterQuality": "Meilleure qualité",
    "l10n.tileView": "Mode mosaïque",
    "l10n.detailsView": "Mode détails",
    "l10n.usingBatteryBoostSettings": "Utilisation des paramètres BatteryBoost",
    "l10n.usingCustomBatterySettings": "Utilisation de paramètres de batterie personnalisés",
    "l10n.whenOnBattery": "Sur batterie",
    "l10n.whenPluggedIn": "Sur secteur",
    "l10n.dsr": "DSR",
    "l10n.dsrInfo": "Ce jeu ou cette application sera affiché en haute résolution, puis redimensionné à la résolution native de votre moniteur pour améliorer la qualité d'image.",
    "l10n.unableToUpdateGameSettings": "Impossible de mettre à jour les paramètres.",
    "l10n.scanningFailed": "Échec de l'analyse",
    "l10n.unableToReachNvidiaServers": "Serveurs NVIDIA inaccessibles.",
    "l10n.viewHiddenGames": "Afficher les jeux et applications masqués",
    "l10n.viewAllGames": "Afficher tous les jeux et applications",
    "l10n.noHiddenGames": "Aucun jeu ou application masqué(e)",
    "l10n.hiddenNumber": "Masqué(s) ({{number}})",
    "l10n.gamesYouPlay": "Les jeux et les applications lancés s'affichent ici",
    "l10n.gamesAppearHere": "Vos jeux et vos applications s'affichent ici",
    "l10n.gameIsOptimizedForQuietMode": "Ce jeu ou application est optimisé(e) pour <a {{whisperModeCustomHtml}}>WhisperMode</a>",
    "l10n.usingOptimalSettingsForQuietMode": "Utilisation des paramètres optimaux pour <a {{whisperModeCustomHtml}}>WhisperMode</a>",
    "l10n.gameIsNotOptimizedForQuietMode": "Ce jeu ou application n'est pas optimisé(e) pour <a {{whisperModeCustomHtml}}>WhisperMode</a>",
    "l10n.customSettingsQuietMode": "Paramètres personnalisés : WHISPER MODE",
    "l10n.usingCustomSettingsQuietMode": "Utilisation de paramètres personnalisés pour <a {{whisperModeCustomHtml}}>WhisperMode</a>",
    "l10n.gameIsUsingCustomSettingsForQuietMode": "Ce jeu est personnalisé pour <a {{whisperModeCustomHtml}}>WhisperMode</a>",
    "l10n.appIsUsingCustomSettingsForQuietMode": "Cette application est personnalisée pour <a {{whisperModeCustomHtml}}>WhisperMode</a>",
    "l10n.noAnselReadyGames": "Aucun jeu compatible avec Ansel",
    "l10n.frameRateWhisperMode": "FRÉQUENCE D'IMAGES : WHISPER MODE",
    "l10n.frameRateBatteryBoost": "FRÉQUENCE D'IMAGES : OPTIMISATION DE LA BATTERIE",
    "l10n.quietModeFps": "IPS WHISPER MODE",
    "l10n.batteryBoostFps": "IPS OPTIMISATION DE LA BATTERIE",
    "l10n.fpsCount": "{{number}} IPS",
    "l10n.couldNotRetrieveWMFps": "Impossible de récupérer le nombre d'images/s de WHISPER MODE",
    "l10n.couldNotRetrieveBBFps": "Impossible de récupérer le nombre d'images/s de l'OPTIMISATION DE LA BATTERIE",
    "l10n.recommendedFps": "RECOMMANDÉ",
    "l10n.freestyleReadyNumber": "Compatibles avec Freestyle ({{number}})",
    "l10n.noFreestyleReadyGames": "Aucun jeu ou application compatible avec FreeStyle",
    "l10n.playCloud": "Jouer dans le cloud",
    "l10n.gameIsOptimizedForPerformanceMode": "Ce jeu ou application est optimisé(e) pour des performances optimales",
    "l10n.usingOptimalSettingsForPerformanceMode": "Utilisation des paramètres optimaux pour le mode de performances",
    "l10n.gameIsNotOptimizedForPerformanceMode": "Ce jeu ou application n'est pas optimisé(e) pour des performances optimales",
    "l10n.customSettingsPerformanceMode": "Paramètres personnalisés : MODE DE PERFORMANCES",
    "l10n.usingCustomSettingsPerformanceMode": "Utilisation des paramètres personnalisés pour le mode de performances",
    "l10n.gameIsUsingCustomSettingsForPerformanceMode": "Ce jeu ou application est personnalisé(e) pour des performances optimales"
}
