{
    "l10n.allNumber": "Összes ({{number}})",
    "l10n.play": "Indítás",
    "l10n.games": "JÁTÉKOK ÉS ALKALMAZÁSOK",
    "l10n.optimized": "Optimalizálva",
    "l10n.optimizedNumber": "Optimalizálva ({{number}})",
    "l10n.favorites": "Kedvencek",
    "l10n.favoritesNumber": "Kedvencek ({{number}})",
    "l10n.favorite": "Kedvenc",
    "l10n.anselReadyNumber": "Anselre felkészítve ({{number}})",
    "l10n.removeFavorite": "Kedvenc eltávolítása",
    "l10n.recent": "Legutóbbiak",
    "l10n.playtime": "Játékidő",
    "l10n.tags": "Címkék",
    "l10n.showGame": "Játék vagy alkalmazás mutatása",
    "l10n.hideGame": "Játék vagy alkalmazás elrejtése",
    "l10n.events": "Események",
    "l10n.hints": "Tippek",
    "l10n.leaderboards": "Eredménytáblák",
    "l10n.optimization": "Optimalizálás",
    "l10n.showHiddenGames": "Rejtett játékok és alkalmazások mutatása",
    "l10n.hideHiddenGames": "Rejtett játékok és alkalmazások elrejtése",
    "l10n.pluggedIn": "Hálózat használata",
    "l10n.onBattery": "Akkumulátor használata",
    "l10n.notOptimized": "Nem optimalizált",
    "l10n.revert": "Visszaállítás",
    "l10n.setting": "Beállítás",
    "l10n.current": "Jelenlegi",
    "l10n.optimal": "Optimális",
    "l10n.lastPlayed": "Utoljára elindítva: ",
    "l10n.timeago": "Ennyi ideje: {{number}} {{timeUnit}}",
    "l10n.yesterday": "Tegnap",
    "l10n.monthYear": "{{month}} {{year}}",
    "l10n.totalPlayed": "Összes játékidő: {{number}} {{timeUnit}}",
    "l10n.usingOptimalSettings": "Optimális beállítások használatával",
    "l10n.usingCustomSettings": "Egyedi beállítások használatával",
    "l10n.scanForGames": "Játékok és alkalmazások keresése",
    "l10n.optimizeAllGames": "Minden játék és alkalmazás optimalizálása",
    "l10n.manageTags": "Címkék kezelése",
    "l10n.enterTag": "Címke megadása",
    "l10n.secondaryTag": "+Címke",
    "l10n.inGame": "Játékon belüli",
    "l10n.inApp": "Alkalmazáson belüli",
    "l10n.nvidia": "NVIDIA",
    "l10n.scanning": "Keresés...",
    "l10n.scanFinished": "A keresés befejeződött",
    "l10n.optimizing": "Optimalizálás",
    "l10n.optimizeFinished": "Az optimalizálás befejeződött",
    "l10n.watchNow": "Megtekintés most",
    "l10n.playLocally": "Játék helyben",
    "l10n.streamFromPC": "Streamelés az otthoni számítógépemről",
    "l10n.playOnGeForce": "Játék a GeForce Now rendszeren",
    "l10n.doNotOptimize": "Ne optimalizálja",
    "l10n.resolution": "Felbontás:",
    "l10n.displayMode": "Megjelenítési mód:",
    "l10n.optimizeFor": "Optimalizálás erre:",
    "l10n.performance": "Teljesítmény",
    "l10n.battery": "Akkumulátor",
    "l10n.quality": "Minőség",
    "l10n.couldNotRetrieveCustomSettings": "Az egyéni beállítások nem kérhetők le. Próbálja meg később",
    "l10n.recommended": "{{string}} (ajánlott)",
    "l10n.apply": "Alkalmaz",
    "l10n.optimizeRecommended": "Optimalizálás (ajánlott)",
    "l10n.optimizePerformance": "Optimalizálás teljesítményhez",
    "l10n.optimizeQuality": "Optimalizálás minőséghez",
    "l10n.reset": "Visszaállítás",
    "l10n.dynamicSuperResolutions": "Dynamic Super Resolution",
    "l10n.wideScreen1610": "Széles képernyő (16:10)",
    "l10n.wideScreen169": "Széles képernyő (16:9)",
    "l10n.standard43": "Szabványos (4:3)",
    "l10n.standard54": "Szabványos (5:4)",
    "l10n.custom": "Egyedi",
    "l10n.customSettings": "Egyedi beállítások",
    "l10n.customSettingsPluggedIn": "Egyedi beállítások: Hálózat használata",
    "l10n.customSettingsOnBattery": "Egyedi beállítások: Akkumulátor használata",
    "l10n.gameInfo": "Játék- vagy alkalmazásadatok",
    "l10n.gameIsNotOptimized": "A játék nincs optimalizálva",
    "l10n.gameIsOptimized": "A játék optimalizálva van",
    "l10n.appIsNotOptimized": "Az alkalmazás nincs optimalizálva",
    "l10n.appIsOptimized": "Az alkalmazás optimalizálva van",
    "l10n.videos": "Videók",
    "l10n.description": "Leírás",
    "l10n.noDescription": "A leírás nem érhető el",
    "l10n.systemRequirement": "Rendszerkövetelmények",
    "l10n.noContent": "Ó...itt minden olyan üres",
    "l10n.feelingLonelyHere": "Itt egyedül érzem magam...",
    "l10n.findAWayToPlay": "Keressünk egy játékot",
    "l10n.gamesAreNotOptimized": "A játékok és alkalmazások nincsenek optimalizálva",
    "l10n.noFavoriteGames": "Nincsenek kedvenc játékok és alkalmazások",
    "l10n.gamesAreHidden": "A játékok és alkalmazások el vannak rejtve",
    "l10n.noImagesAvailable": "Nem érhetők el képek",
    "l10n.UnableToLoadImages": "A képek nem tölthetők be",
    "l10n.UnableToRetrieveCurrentSettings": "A jelenlegi beállításokat nem lehet lekérni. Ez a probléma a játék vagy az alkalmazás elindításával és bezárásával vagy a beállítások szerkesztésével megoldató.",
    "l10n.gameIsUsingCustomSettings": "A játék egyedi beállításokat használ",
    "l10n.gameIsUsingCustomBatterySettings": "A játék egyedi beállításokat használ az akkumulátorhoz",
    "l10n.gameIsOptimizedForBattery": "A játék akkumulátorra van optimalizálva",
    "l10n.appIsUsingCustomSettings": "Az alkalmazás egyedi beállításokat használ",
    "l10n.appIsUsingCustomBatterySettings": "Az alkalmazás egyedi beállításokat használ az akkumulátorhoz",
    "l10n.appIsOptimizedForBattery": "Az alkalmazás akkumulátorhoz van optimalizálva",
    "l10n.gameIsUsingPluggedInForBattery": "A játék nincs akkumulátorhoz optimalizálva, és konnektoros beállításokat használ",
    "l10n.appIsUsingPluggedInForBattery": "Az alkalmazás nincs akkumulátorhoz optimalizálva, és konnektoros beállításokat használ",
    "l10n.systemBelowMinspecForGame": "A rendszer nem teljesíti a minimális követelményeket ennek a játéknak vagy alkalmazásnak az optimális beállításához. Előfordulhat, hogy az optimális beállítások mellett a képkockasebesség élvezhetetlen lesz",
    "l10n.gameCannotBeOptimized": "A játék nem optimalizálható",
    "l10n.appCannotBeOptimized": "Az alkalmazás nem optimalizálható",
    "l10n.markFavorite": "Kedvencnek jelölés",
    "l10n.unableToRetrieveSettings": "A beállítások nem kérhetők le. Próbálja meg később.",
    "l10n.systemDoesNotSupportOps": "A GeForce Experience nem tudja optimalizálni a játékokat és alkalmazásokat ezen a számítógépen",
    "l10n.needToMeetSystemRequirement": "Ellenőrizze, hogy teljesülnek-e a",
    "l10n.betterQuality": "Jobb minőség",
    "l10n.tileView": "Mozaik nézet",
    "l10n.detailsView": "Részletek nézet",
    "l10n.usingBatteryBoostSettings": "BatteryBoost beállítások használata",
    "l10n.usingCustomBatterySettings": "Egyéni akkumulátorbeállítások használata",
    "l10n.whenOnBattery": "Ha akkumulátorról üzemel",
    "l10n.whenPluggedIn": "Ha konnektorról üzemel",
    "l10n.dsr": "DSR",
    "l10n.dsrInfo": "A képminőség javítása érdekében a játék vagy az alkalmazás képkockái magasabb felbontásban készülnek el, majd a program leskálázza őket a monitor natív felbontására.",
    "l10n.unableToUpdateGameSettings": "A beállítások nem frissíthetők.",
    "l10n.scanningFailed": "A keresés sikertelen",
    "l10n.unableToReachNvidiaServers": "Az NVIDIA-kiszolgálók nem érhetők el.",
    "l10n.viewHiddenGames": "Rejtett játékok és alkalmazások megtekintése",
    "l10n.viewAllGames": "Az összes játék és alkalmazás megtekintése",
    "l10n.noHiddenGames": "Nincsenek rejtett játékok és alkalmazások",
    "l10n.hiddenNumber": "Rejtett ({{number}})",
    "l10n.gamesYouPlay": "Az elindított játékok és alkalmazások itt jelennek meg",
    "l10n.gamesAppearHere": "A játékaid és alkalmazásaid itt jelennek meg",
    "l10n.gameIsOptimizedForQuietMode": "A játék vagy az alkalmazás <a {{whisperModeCustomHtml}}>WhisperMode</a>-hoz van optimalizálva",
    "l10n.usingOptimalSettingsForQuietMode": "Optimális beállítások használata a <a {{whisperModeCustomHtml}}>WhisperMode</a>-hoz",
    "l10n.gameIsNotOptimizedForQuietMode": "A játék vagy az alkalmazás nincs <a {{whisperModeCustomHtml}}>WhisperMode</a>-hoz optimalizálva",
    "l10n.customSettingsQuietMode": "Egyedi beállítások: WHISPER MODE",
    "l10n.usingCustomSettingsQuietMode": "Egyedi beállítások használata a <a {{whisperModeCustomHtml}}>WhisperMode</a>-hoz",
    "l10n.gameIsUsingCustomSettingsForQuietMode": "A játék <a {{whisperModeCustomHtml}}>WhisperMode</a>-hoz van beállítva",
    "l10n.appIsUsingCustomSettingsForQuietMode": "Az alkalmazás <a {{whisperModeCustomHtml}}>WhisperMode</a>-hoz van beállítva",
    "l10n.noAnselReadyGames": "Nincsenek Anselre felkészített játékok",
    "l10n.frameRateWhisperMode": "KÉPKOCKASEBESSÉG: WHISPER MODE",
    "l10n.frameRateBatteryBoost": "KÉPKOCKASEBESSÉG: AKKUMULÁTORKÍMÉLÉS",
    "l10n.quietModeFps": "WHISPER MODE FPS",
    "l10n.batteryBoostFps": "AKKUMULÁTORKÍMÉLÉS FPS",
    "l10n.fpsCount": "{{number}} FPS",
    "l10n.couldNotRetrieveWMFps": "A WHISPER MODE FPS nem kérhető le",
    "l10n.couldNotRetrieveBBFps": "Az AKKUMULÁTORKÍMÉLÉS FPS nem kérhető le",
    "l10n.recommendedFps": "AJÁNLOTT",
    "l10n.freestyleReadyNumber": "Freestyle-ra felkészítve ({{number}})",
    "l10n.noFreestyleReadyGames": "Nincsenek Freestyle-ra felkészített játékok és alkalmazások",
    "l10n.playCloud": "Játék a felhőben",
    "l10n.gameIsOptimizedForPerformanceMode": "A játék vagy az alkalmazás sebességre van optimalizálva",
    "l10n.usingOptimalSettingsForPerformanceMode": "Optimális beállítások használata nagy teljesítményhez",
    "l10n.gameIsNotOptimizedForPerformanceMode": "A játék vagy az alkalmazás nincs sebességre optimalizálva",
    "l10n.customSettingsPerformanceMode": "Egyedi beállítások: TELJESÍTMÉNY MÓD",
    "l10n.usingCustomSettingsPerformanceMode": "Egyedi beállítások használata nagy teljesítményhez",
    "l10n.gameIsUsingCustomSettingsForPerformanceMode": "A játék vagy az alkalmazás sebességre van testre szabva"
}
