{
    "l10n.allNumber": "Tutti ({{number}})",
    "l10n.play": "Avvia",
    "l10n.games": "GIOCHI E APP",
    "l10n.optimized": "Ottimizzati",
    "l10n.optimizedNumber": "Ottimizzati ({{number}})",
    "l10n.favorites": "Preferiti",
    "l10n.favoritesNumber": "Preferiti ({{number}})",
    "l10n.favorite": "Preferiti",
    "l10n.anselReadyNumber": "Compatibili con Ansel ({{number}})",
    "l10n.removeFavorite": "Rimuovi dai preferiti",
    "l10n.recent": "Recenti",
    "l10n.playtime": "Durata della partita",
    "l10n.tags": "Etichette",
    "l10n.showGame": "Mostra gioco o applicazione",
    "l10n.hideGame": "Nascondi gioco o applicazione",
    "l10n.events": "Eventi",
    "l10n.hints": "Suggerimenti",
    "l10n.leaderboards": "Classifiche",
    "l10n.optimization": "Ottimizzazione",
    "l10n.showHiddenGames": "Mostra giochi e applicazioni nascosti",
    "l10n.hideHiddenGames": "Nascondi giochi e applicazioni nascosti",
    "l10n.pluggedIn": "Alimentazione elettrica",
    "l10n.onBattery": "Alimentazione a batteria",
    "l10n.notOptimized": "Non ottimizzato",
    "l10n.revert": "Ripristina",
    "l10n.setting": "Impostazione",
    "l10n.current": "Corrente",
    "l10n.optimal": "Ottimale",
    "l10n.lastPlayed": "Ultimo avvio: ",
    "l10n.timeago": "{{number}} {{timeUnit}} fa",
    "l10n.yesterday": "Ieri",
    "l10n.monthYear": "{{month}} {{year}}",
    "l10n.totalPlayed": "Tempo di gioco complessivo: {{number}} {{timeUnit}}",
    "l10n.usingOptimalSettings": "Vengono utilizzate le impostazioni ottimali",
    "l10n.usingCustomSettings": "Vengono utilizzate le impostazioni personalizzate",
    "l10n.scanForGames": "Cerca giochi e app",
    "l10n.optimizeAllGames": "Ottimizza tutti i giochi e le app",
    "l10n.manageTags": "Gestisci etichette",
    "l10n.enterTag": "Inserisci un'etichetta",
    "l10n.secondaryTag": "+Etichetta",
    "l10n.inGame": "Durante il gioco",
    "l10n.inApp": "In-app",
    "l10n.nvidia": "NVIDIA",
    "l10n.scanning": "Ricerca in corso...",
    "l10n.scanFinished": "Ricerca terminata",
    "l10n.optimizing": "Ottimizzazione in corso...",
    "l10n.optimizeFinished": "Ottimizzazione terminata",
    "l10n.watchNow": "Guarda ora",
    "l10n.playLocally": "Gioca in locale",
    "l10n.streamFromPC": "Esegui lo streaming dal mio PC di casa",
    "l10n.playOnGeForce": "Gioca su GeForce Now",
    "l10n.doNotOptimize": "Non ottimizzare",
    "l10n.resolution": "Risoluzione:",
    "l10n.displayMode": "Modalità visualizzazione:",
    "l10n.optimizeFor": "Ottimizza per:",
    "l10n.performance": "Prestazioni",
    "l10n.battery": "Batteria",
    "l10n.quality": "Qualità",
    "l10n.couldNotRetrieveCustomSettings": "Impossibile recuperare le impostazioni personalizzate. Riprova più tardi",
    "l10n.recommended": "{{string}} (consigliata)",
    "l10n.apply": "Applica",
    "l10n.optimizeRecommended": "Ottimizza (consigliato)",
    "l10n.optimizePerformance": "Ottimizza per le prestazioni",
    "l10n.optimizeQuality": "Ottimizza per la qualità",
    "l10n.reset": "Reimposta",
    "l10n.dynamicSuperResolutions": "Dynamic Super Resolution",
    "l10n.wideScreen1610": "Widescreen (16:10)",
    "l10n.wideScreen169": "Widescreen (16:9)",
    "l10n.standard43": "Standard (4:3)",
    "l10n.standard54": "Standard (5:4)",
    "l10n.custom": "Personalizzata",
    "l10n.customSettings": "Impostazioni personalizzate",
    "l10n.customSettingsPluggedIn": "Impostazioni personalizzate: Alimentazione elettrica",
    "l10n.customSettingsOnBattery": "Impostazioni personalizzate: Alimentazione a batteria",
    "l10n.gameInfo": "Informazioni sul gioco o sull’applicazione",
    "l10n.gameIsNotOptimized": "Gioco non ottimizzato",
    "l10n.gameIsOptimized": "Gioco ottimizzato",
    "l10n.appIsNotOptimized": "L’applicazione non è ottimizzata",
    "l10n.appIsOptimized": "L’applicazione è ottimizzata",
    "l10n.videos": "Video",
    "l10n.description": "Descrizione",
    "l10n.noDescription": "Descrizione non disponibile",
    "l10n.systemRequirement": "Requisiti di sistema",
    "l10n.noContent": "Ma... qui non c'è proprio nulla",
    "l10n.feelingLonelyHere": "Mi sento solo...",
    "l10n.findAWayToPlay": "Scopri come giocare",
    "l10n.gamesAreNotOptimized": "Giochi e applicazioni non sono ottimizzati",
    "l10n.noFavoriteGames": "Nessun gioco o applicazione preferito",
    "l10n.gamesAreHidden": "Giochi e applicazioni sono nascosti",
    "l10n.noImagesAvailable": "Immagini non disponibili",
    "l10n.UnableToLoadImages": "Impossibile caricare le immagini",
    "l10n.UnableToRetrieveCurrentSettings": "Impossibile recuperare le impostazioni correnti. È possibile risolvere il problema avviando e chiudendo il gioco o l’applicazione oppure modificando le impostazioni.",
    "l10n.gameIsUsingCustomSettings": "Il gioco sta utilizzando impostazioni personalizzate",
    "l10n.gameIsUsingCustomBatterySettings": "Il gioco sta utilizzando impostazioni personalizzate per l'alimentazione a batteria",
    "l10n.gameIsOptimizedForBattery": "Il gioco è ottimizzato per l'alimentazione a batteria",
    "l10n.appIsUsingCustomSettings": "L’applicazione sta utilizzando impostazioni personalizzate",
    "l10n.appIsUsingCustomBatterySettings": "L’applicazione sta utilizzando impostazioni personalizzate per l'alimentazione a batteria",
    "l10n.appIsOptimizedForBattery": "L’applicazione è ottimizzata per l'alimentazione a batteria",
    "l10n.gameIsUsingPluggedInForBattery": "Il gioco non è ottimizzato per l'alimentazione a batteria e sta utilizzando le impostazioni per l'alimentazione elettrica",
    "l10n.appIsUsingPluggedInForBattery": "L’applicazione non è ottimizzata per l'alimentazione a batteria e sta utilizzando le impostazioni per l'alimentazione elettrica",
    "l10n.systemBelowMinspecForGame": "Il sistema in uso non soddisfa i requisiti minimi per le impostazioni ottimali per questo gioco o applicazione. Le impostazioni ottimali potrebbero ridurre la frequenza di fotogrammi a scapito dell’esperienza di gioco",
    "l10n.gameCannotBeOptimized": "Impossibile ottimizzare il gioco",
    "l10n.appCannotBeOptimized": "Impossibile ottimizzare l’applicazione",
    "l10n.markFavorite": "Contrassegna come preferito",
    "l10n.unableToRetrieveSettings": "Impossibile recuperare le impostazioni. Riprova più tardi.",
    "l10n.systemDoesNotSupportOps": "GeForce Experience non può ottimizzare giochi e applicazioni su questo PC.",
    "l10n.needToMeetSystemRequirement": "Assicurati di soddisfare i",
    "l10n.betterQuality": "Qualità migliore",
    "l10n.tileView": "Vista affiancata",
    "l10n.detailsView": "Vista dettagli",
    "l10n.usingBatteryBoostSettings": "Utilizzo delle impostazioni BatteryBoost",
    "l10n.usingCustomBatterySettings": "Utilizzo delle impostazioni personalizzate per l'alimentazione a batteria",
    "l10n.whenOnBattery": "Con batteria",
    "l10n.whenPluggedIn": "Con alimentazione elettrica",
    "l10n.dsr": "DSR",
    "l10n.dsrInfo": "Il rendering del gioco o dell’applicazione sarà eseguito ad alta risoluzione e successivamente adattato alla risoluzione nativa del monitor per migliorare la qualità delle immagini.",
    "l10n.unableToUpdateGameSettings": "Impossibile aggiornare le impostazioni.",
    "l10n.scanningFailed": "Ricerca non riuscita",
    "l10n.unableToReachNvidiaServers": "Impossibile collegarsi ai server NVIDIA.",
    "l10n.viewHiddenGames": "Visualizza giochi e applicazioni nascosti",
    "l10n.viewAllGames": "Visualizza tutti i giochi e le applicazioni",
    "l10n.noHiddenGames": "Nessun gioco o applicazione nascosto",
    "l10n.hiddenNumber": "Nascosti ({{number}})",
    "l10n.gamesYouPlay": "I giochi e le applicazioni avviati verranno visualizzati qui",
    "l10n.gamesAppearHere": "I giochi e le applicazioni verranno visualizzati qui",
    "l10n.gameIsOptimizedForQuietMode": "Il gioco o l’applicazione è ottimizzato per <a {{whisperModeCustomHtml}}>WhisperMode</a>",
    "l10n.usingOptimalSettingsForQuietMode": "Vengono utilizzate le impostazioni ottimali per <a {{whisperModeCustomHtml}}>WhisperMode</a>",
    "l10n.gameIsNotOptimizedForQuietMode": "Il gioco o l’applicazione non è ottimizzato per <a {{whisperModeCustomHtml}}>WhisperMode</a>",
    "l10n.customSettingsQuietMode": "Impostazioni personalizzate: WHISPER MODE",
    "l10n.usingCustomSettingsQuietMode": "Vengono utilizzate le impostazioni personalizzate per <a {{whisperModeCustomHtml}}>WhisperMode</a>",
    "l10n.gameIsUsingCustomSettingsForQuietMode": "Il gioco presenta impostazioni personalizzate per <a {{whisperModeCustomHtml}}>WhisperMode</a>",
    "l10n.appIsUsingCustomSettingsForQuietMode": "L’applicazione è personalizzata per <a {{whisperModeCustomHtml}}>WhisperMode</a>",
    "l10n.noAnselReadyGames": "Nessun gioco compatibile con Ansel",
    "l10n.frameRateWhisperMode": "FREQUENZA FOTOGRAMMI: WHISPER MODE",
    "l10n.frameRateBatteryBoost": "FREQUENZA FOTOGRAMMI: OTTIMIZZAZIONE BATTERIA",
    "l10n.quietModeFps": "FPS WHISPER MODE",
    "l10n.batteryBoostFps": "FPS OTTIMIZZAZIONE BATTERIA",
    "l10n.fpsCount": "{{number}} FPS",
    "l10n.couldNotRetrieveWMFps": "Impossibile recuperare informazioni su FPS WHISPER MODE",
    "l10n.couldNotRetrieveBBFps": "Impossibile recuperare informazioni su FPS OTTIMIZZAZIONE BATTERIA",
    "l10n.recommendedFps": "VALORE CONSIGLIATO",
    "l10n.freestyleReadyNumber": "Freestyle pronto ({{number}})",
    "l10n.noFreestyleReadyGames": "Nessun gioco o applicazione compatibile con FreeStyle",
    "l10n.playCloud": "Gioca sul cloud",
    "l10n.gameIsOptimizedForPerformanceMode": "Il gioco o l’applicazione è ottimizzato per le prestazioni",
    "l10n.usingOptimalSettingsForPerformanceMode": "Vengono utilizzate le impostazioni ottimali per le prestazioni",
    "l10n.gameIsNotOptimizedForPerformanceMode": "Il gioco o l’applicazione non è ottimizzato per le prestazioni",
    "l10n.customSettingsPerformanceMode": "Impostazioni personalizzate: MODALITÀ PRESTAZIONI",
    "l10n.usingCustomSettingsPerformanceMode": "Vengono utilizzate le impostazioni personalizzate per le prestazioni",
    "l10n.gameIsUsingCustomSettingsForPerformanceMode": "Il gioco o l’applicazione è personalizzato per le prestazioni"
}
