{
    "l10n.allNumber": "すべて ({{number}})",
    "l10n.play": "起動する",
    "l10n.games": "ゲームとアプリ",
    "l10n.optimized": "最適化",
    "l10n.optimizedNumber": "最適化 ({{number}})",
    "l10n.favorites": "お気に入り",
    "l10n.favoritesNumber": "お気に入り ({{number}})",
    "l10n.favorite": "お気に入り",
    "l10n.anselReadyNumber": "Ansel と互換性のあるゲーム({{number}})",
    "l10n.removeFavorite": "お気に入りを削除する",
    "l10n.recent": "最近",
    "l10n.playtime": "プレイ時間",
    "l10n.tags": "タグ",
    "l10n.showGame": "ゲームまたはアプリケーションを表示する",
    "l10n.hideGame": "ゲームまたはアプリケーションを非表示にする",
    "l10n.events": "イベント",
    "l10n.hints": "ヒント",
    "l10n.leaderboards": "リーダーボード",
    "l10n.optimization": "最適化",
    "l10n.showHiddenGames": "非表示のゲームまたはアプリケーションを表示する",
    "l10n.hideHiddenGames": "非表示のゲームまたはアプリケーションを非表示にする",
    "l10n.pluggedIn": "電源に挿入中",
    "l10n.onBattery": "バッテリ使用",
    "l10n.notOptimized": "最適化されていません",
    "l10n.revert": "元に戻す",
    "l10n.setting": "設定",
    "l10n.current": "現在",
    "l10n.optimal": "最適",
    "l10n.lastPlayed": "最後の起動日: ",
    "l10n.timeago": "{{number}} {{timeUnit}} 前",
    "l10n.yesterday": "昨日",
    "l10n.monthYear": "{{month}} {{year}}",
    "l10n.totalPlayed": "プレイした時間の合計：{{number}} {{timeUnit}}",
    "l10n.usingOptimalSettings": "最適設定の使用",
    "l10n.usingCustomSettings": "カスタム設定を使用",
    "l10n.scanForGames": "ゲームとアプリをスキャン",
    "l10n.optimizeAllGames": "すべてのゲームとアプリを最適化",
    "l10n.manageTags": "タグを管理",
    "l10n.enterTag": "タグを入力",
    "l10n.secondaryTag": "+タグ",
    "l10n.inGame": "ゲーム内",
    "l10n.inApp": "アプリ内",
    "l10n.nvidia": "NVIDIA",
    "l10n.scanning": "スキャンしています...",
    "l10n.scanFinished": "スキャンが終了しました",
    "l10n.optimizing": "最適化しています...",
    "l10n.optimizeFinished": "最適化が終了しました",
    "l10n.watchNow": "今すぐ見る",
    "l10n.playLocally": "ローカルでプレイ",
    "l10n.streamFromPC": "自宅のコンピューターからストリーミング",
    "l10n.playOnGeForce": "GeForce Now でプレイ",
    "l10n.doNotOptimize": "最適化しないでください",
    "l10n.resolution": "解像度：",
    "l10n.displayMode": "ディスプレイ モード：",
    "l10n.optimizeFor": "最適化：",
    "l10n.performance": "パフォーマンス",
    "l10n.battery": "バッテリ",
    "l10n.quality": "クオリティ",
    "l10n.couldNotRetrieveCustomSettings": "カスタム設定を取得できませんでした。後でもう一度やり直してください",
    "l10n.recommended": "{{string}} (推奨)",
    "l10n.apply": "適用",
    "l10n.optimizeRecommended": "最適化する (推奨)",
    "l10n.optimizePerformance": "パフォーマンスの最適化",
    "l10n.optimizeQuality": "クオリティの最適化",
    "l10n.reset": "リセット",
    "l10n.dynamicSuperResolutions": "Dynamic Super Resolution",
    "l10n.wideScreen1610": "ワイドスクリーン (16:10)",
    "l10n.wideScreen169": "ワイドスクリーン (16:9)",
    "l10n.standard43": "標準 (4:3)",
    "l10n.standard54": "標準 (5:4)",
    "l10n.custom": "カスタム",
    "l10n.customSettings": "カスタム設定",
    "l10n.customSettingsPluggedIn": "カスタム設定：電源に挿入中",
    "l10n.customSettingsOnBattery": "カスタム設定：バッテリ使用",
    "l10n.gameInfo": "ゲームまたはアプリケーションに関する情報",
    "l10n.gameIsNotOptimized": "ゲームは最適化されていません",
    "l10n.gameIsOptimized": "ゲームは最適化されています",
    "l10n.appIsNotOptimized": "アプリケーションが最適化されていません",
    "l10n.appIsOptimized": "アプリケーションは最適化されています",
    "l10n.videos": "ビデオ",
    "l10n.description": "説明",
    "l10n.noDescription": "説明は使用できません",
    "l10n.systemRequirement": "システム要件",
    "l10n.noContent": "あ～、ここは空っぽだよ～",
    "l10n.feelingLonelyHere": "一人ぼっちでさびしいなぁ...",
    "l10n.findAWayToPlay": "プレイする方法を見つける",
    "l10n.gamesAreNotOptimized": "ゲームとアプリケーションが最適化されていません",
    "l10n.noFavoriteGames": "お気に入りのゲームやアプリケーションはありません",
    "l10n.gamesAreHidden": "ゲームとアプリケーションが非表示にされています",
    "l10n.noImagesAvailable": "画像は使用できません",
    "l10n.UnableToLoadImages": "画像を読み込むことができません",
    "l10n.UnableToRetrieveCurrentSettings": "現在の設定を取得できません。ゲームまたはアプリケーションを起動して終了するか、設定の編集を行うことでこの問題は解決するはずです。",
    "l10n.gameIsUsingCustomSettings": "ゲームはカスタム設定を使用しています",
    "l10n.gameIsUsingCustomBatterySettings": "ゲームは、バッテリーのカスタム設定を使用しています",
    "l10n.gameIsOptimizedForBattery": "ゲームのバッテリー消費が最適化されています",
    "l10n.appIsUsingCustomSettings": "アプリケーションはカスタム設定を使用しています",
    "l10n.appIsUsingCustomBatterySettings": "アプリケーションはバッテリー用カスタム設定を使用しています",
    "l10n.appIsOptimizedForBattery": "アプリケーションのバッテリー消費が最適化されています",
    "l10n.gameIsUsingPluggedInForBattery": "ゲームのバッテリー消費が最適化されておらず、電源挿入時の設定が使用されています",
    "l10n.appIsUsingPluggedInForBattery": "アプリケーションのバッテリー消費が最適化されておらず、電源挿入時の設定が使用されています",
    "l10n.systemBelowMinspecForGame": "お使いのシステムは、このゲームまたはアプリケーションの最適設定に必要な最低仕様を満たしていません。最適設定が不適切なフレームレートを生成する可能性があります",
    "l10n.gameCannotBeOptimized": "ゲームを最適化することができません",
    "l10n.appCannotBeOptimized": "アプリケーションを最適化することができません",
    "l10n.markFavorite": "お気に入りにマークをつける",
    "l10n.unableToRetrieveSettings": "設定を取得できませんでした。後でもう一度やり直してください。",
    "l10n.systemDoesNotSupportOps": "GeForce Experience はこの PC のゲームとアプリケーションを最適化できません",
    "l10n.needToMeetSystemRequirement": "次のことを満たしているか確認してください：",
    "l10n.betterQuality": "よりよいクオリティ",
    "l10n.tileView": "タイルビュー",
    "l10n.detailsView": "詳細ビュー",
    "l10n.usingBatteryBoostSettings": "BatteryBoost 設定を使用",
    "l10n.usingCustomBatterySettings": "バッテリカスタム設定を使用",
    "l10n.whenOnBattery": "バッテリ作動時",
    "l10n.whenPluggedIn": "電源挿入時",
    "l10n.dsr": "DSR",
    "l10n.dsrInfo": "ゲームやアプリケーションが高解像度でレンダリングされ、モニターのネイティブ解像度まで拡大縮小されて、画質を向上させます。",
    "l10n.unableToUpdateGameSettings": "設定を更新できません。",
    "l10n.scanningFailed": "スキャンに失敗しました",
    "l10n.unableToReachNvidiaServers": "NVIDIA サーバーに到達できません。",
    "l10n.viewHiddenGames": "非表示のゲームとアプリケーションを表示する",
    "l10n.viewAllGames": "すべてのゲームとアプリケーションを表示する",
    "l10n.noHiddenGames": "非表示のゲームやアプリケーションはありません",
    "l10n.hiddenNumber": "非表示 ({{number}})",
    "l10n.gamesYouPlay": "起動するゲームやアプリケーションがこちらに表示されます",
    "l10n.gamesAppearHere": "ゲームやアプリケーションがこちらに表示されます",
    "l10n.gameIsOptimizedForQuietMode": "ゲームとアプリケーションは <a {{whisperModeCustomHtml}}>WhisperMode</a> 向けに最適化されています",
    "l10n.usingOptimalSettingsForQuietMode": "<a {{whisperModeCustomHtml}}>WhisperMode</a> に最適な設定を使用しています",
    "l10n.gameIsNotOptimizedForQuietMode": "ゲームとアプリケーションが <a {{whisperModeCustomHtml}}>WhisperMode</a> 向けに最適化されていません",
    "l10n.customSettingsQuietMode": "カスタム設定：WHISPER MODE",
    "l10n.usingCustomSettingsQuietMode": "<a {{whisperModeCustomHtml}}>WhisperMode</a> のカスタム設定を使用しています",
    "l10n.gameIsUsingCustomSettingsForQuietMode": "ゲームが <a {{whisperModeCustomHtml}}>WhisperMode</a> にカスタマイズされました",
    "l10n.appIsUsingCustomSettingsForQuietMode": "アプリケーションが <a {{whisperModeCustomHtml}}>WhisperMode</a> にカスタマイズされました",
    "l10n.noAnselReadyGames": "Ansel と互換性のあるゲームがありません",
    "l10n.frameRateWhisperMode": "フレーム レート： WHISPER MODE",
    "l10n.frameRateBatteryBoost": "フレーム レートバッテリ ブースト",
    "l10n.quietModeFps": "WHISPER MODE FPS",
    "l10n.batteryBoostFps": "バッテリ ブースト FPS",
    "l10n.fpsCount": "{{number}} FPS",
    "l10n.couldNotRetrieveWMFps": "WHISPER MODE FPS を取得できませんでした",
    "l10n.couldNotRetrieveBBFps": "バッテリ ブースト FPS を取得できませんでした",
    "l10n.recommendedFps": "推奨",
    "l10n.freestyleReadyNumber": "Freestyleと互換性のあるゲーム ({{number}})",
    "l10n.noFreestyleReadyGames": "FreeStyle と互換性のあるゲームとアプリケーション",
    "l10n.playCloud": "Cloud でプレイ",
    "l10n.gameIsOptimizedForPerformanceMode": "ゲームまたはアプリケーションのパフォーマンスは最適化されています",
    "l10n.usingOptimalSettingsForPerformanceMode": "パフォーマンスに最適な設定を使用しています",
    "l10n.gameIsNotOptimizedForPerformanceMode": "ゲームとアプリケーションのパフォーマンスが最適化されていません",
    "l10n.customSettingsPerformanceMode": "カスタム設定：パフォーマンス モード",
    "l10n.usingCustomSettingsPerformanceMode": "パフォーマンスのカスタム設定を使用しています",
    "l10n.gameIsUsingCustomSettingsForPerformanceMode": "ゲームまたはアプリケーションのパフォーマンスはカスタマイズされています"
}
