{
    "l10n.allNumber": "Alle ({{number}})",
    "l10n.play": "Starten",
    "l10n.games": "GAMES EN APPS",
    "l10n.optimized": "Geoptimaliseerd",
    "l10n.optimizedNumber": "Geoptimaliseerd ({{number}})",
    "l10n.favorites": "Favorieten",
    "l10n.favoritesNumber": "Favorieten ({{number}})",
    "l10n.favorite": "Favoriet",
    "l10n.anselReadyNumber": "Ansel gereed ({{number}})",
    "l10n.removeFavorite": "Favoriet verwijderen",
    "l10n.recent": "Recent",
    "l10n.playtime": "Speeltijd",
    "l10n.tags": "Markeringen",
    "l10n.showGame": "Game of app weergeven",
    "l10n.hideGame": "Game of app verbergen",
    "l10n.events": "Gebeurtenissen",
    "l10n.hints": "Hints",
    "l10n.leaderboards": "Leaderboards",
    "l10n.optimization": "Optimalisering",
    "l10n.showHiddenGames": "Verborgen games en apps weergeven",
    "l10n.hideHiddenGames": "Verborgen games en apps verbergen",
    "l10n.pluggedIn": "Aangesloten",
    "l10n.onBattery": "Op batterij",
    "l10n.notOptimized": "Niet geoptimaliseerd",
    "l10n.revert": "Terugzetten",
    "l10n.setting": "Instelling",
    "l10n.current": "Huidig",
    "l10n.optimal": "Optimaal",
    "l10n.lastPlayed": "Laatst gestart: ",
    "l10n.timeago": "{{number}} {{timeUnit}} geleden",
    "l10n.yesterday": "Gisteren",
    "l10n.monthYear": "{{month}} {{year}}",
    "l10n.totalPlayed": "Totaal gespeeld: {{number}} {{timeUnit}}",
    "l10n.usingOptimalSettings": "Optimale instellingen gebruiken",
    "l10n.usingCustomSettings": "Aangepaste instellingen gebruiken",
    "l10n.scanForGames": "Scannen op games en apps",
    "l10n.optimizeAllGames": "Alle games en apps optimaliseren",
    "l10n.manageTags": "Markeringen beheren",
    "l10n.enterTag": "Een markering invoeren",
    "l10n.secondaryTag": "+ markering",
    "l10n.inGame": "In-game",
    "l10n.inApp": "In-app",
    "l10n.nvidia": "NVIDIA",
    "l10n.scanning": "Scannen...",
    "l10n.scanFinished": "Scannen gereed",
    "l10n.optimizing": "Optimaliseren...",
    "l10n.optimizeFinished": "Optimaliseren gereed",
    "l10n.watchNow": "Nu bekijken",
    "l10n.playLocally": "Lokaal spelen",
    "l10n.streamFromPC": "Vanaf mijn pc thuis streamen",
    "l10n.playOnGeForce": "Op GeForce Now spelen",
    "l10n.doNotOptimize": "Niet optimaliseren",
    "l10n.resolution": "Resolutie:",
    "l10n.displayMode": "Beeldschermmodus:",
    "l10n.optimizeFor": "Optimaliseren voor:",
    "l10n.performance": "Prestatie",
    "l10n.battery": "Batterij",
    "l10n.quality": "Kwaliteit",
    "l10n.couldNotRetrieveCustomSettings": "Kan aangepaste instellingen niet ophalen Probeer later opnieuw",
    "l10n.recommended": "{{string}} (aanbevolen)",
    "l10n.apply": "Toepassen",
    "l10n.optimizeRecommended": "Optimaliseren (aanbevolen)",
    "l10n.optimizePerformance": "Optimaliseren voor prestatie",
    "l10n.optimizeQuality": "Optimaliseren voor kwaliteit",
    "l10n.reset": "Beginwaarden",
    "l10n.dynamicSuperResolutions": "Dynamic Super Resolutions",
    "l10n.wideScreen1610": "Breedbeeld (16:10)",
    "l10n.wideScreen169": "Breedbeeld (16:9)",
    "l10n.standard43": "Standaard (4:3)",
    "l10n.standard54": "Standaard (5:4)",
    "l10n.custom": "Aangepast",
    "l10n.customSettings": "Aangepaste instellingen",
    "l10n.customSettingsPluggedIn": "Aangepaste instellingen: Aangesloten",
    "l10n.customSettingsOnBattery": "Aangepaste instellingen: Op batterij",
    "l10n.gameInfo": "Game- of app-info",
    "l10n.gameIsNotOptimized": "Game is niet geoptimaliseerd",
    "l10n.gameIsOptimized": "Game is geoptimaliseerd",
    "l10n.appIsNotOptimized": "App is niet geoptimaliseerd",
    "l10n.appIsOptimized": "App is geoptimaliseerd",
    "l10n.videos": "Video’s",
    "l10n.description": "Beschrijving",
    "l10n.noDescription": "Beschrijving niet beschikbaar",
    "l10n.systemRequirement": "Systeemvereisten",
    "l10n.noContent": "Oooh... Het is hier maar leeg",
    "l10n.feelingLonelyHere": "Beetje eenzaam hier...",
    "l10n.findAWayToPlay": "Een manier vinden om te spelen",
    "l10n.gamesAreNotOptimized": "Games en apps zijn niet geoptimaliseerd",
    "l10n.noFavoriteGames": "Geen favoriete games en apps",
    "l10n.gamesAreHidden": "Games en apps zijn verborgen",
    "l10n.noImagesAvailable": "Afbeeldingen niet beschikbaar",
    "l10n.UnableToLoadImages": "Kan afbeeldingen niet laden",
    "l10n.UnableToRetrieveCurrentSettings": "Kan huidige instellingen niet ophalen. Je kunt dit probleem verhelpen door de game of app te starten en af te sluiten, of door de instellingen te bewerken.",
    "l10n.gameIsUsingCustomSettings": "Game gebruikt aangepaste instellingen",
    "l10n.gameIsUsingCustomBatterySettings": "Game gebruikt aangepaste instellingen voor de batterij",
    "l10n.gameIsOptimizedForBattery": "Game is geoptimaliseerd voor de batterij",
    "l10n.appIsUsingCustomSettings": "App gebruikt aangepaste instellingen",
    "l10n.appIsUsingCustomBatterySettings": "App gebruikt aangepaste instellingen voor de batterij",
    "l10n.appIsOptimizedForBattery": "App is geoptimaliseerd voor de batterij",
    "l10n.gameIsUsingPluggedInForBattery": "Game is niet geoptimaliseerd voor de batterij en gebruikt netstroominstellingen",
    "l10n.appIsUsingPluggedInForBattery": "App is niet geoptimaliseerd voor de batterij en gebruikt netstroominstellingen",
    "l10n.systemBelowMinspecForGame": "Je systeem voldoet niet aan de minimale vereisten voor optimale instellingen in deze game of app. De optimale instellingen kunnen framesnelheden opleveren die niet afspeelbaar zijn",
    "l10n.gameCannotBeOptimized": "Game kan niet worden geoptimaliseerd",
    "l10n.appCannotBeOptimized": "App kan niet worden geoptimaliseerd",
    "l10n.markFavorite": "Als favoriet markeren",
    "l10n.unableToRetrieveSettings": "Kan instellingen niet ophalen. Probeer later opnieuw.",
    "l10n.systemDoesNotSupportOps": "GeForce Experience kan games en apps niet optimaliseren op deze pc",
    "l10n.needToMeetSystemRequirement": "Zorg ervoor dat u voldoet aan de",
    "l10n.betterQuality": "Betere kwaliteit",
    "l10n.tileView": "Tegelweergave",
    "l10n.detailsView": "Detailsweergave",
    "l10n.usingBatteryBoostSettings": "Met gebruik van BatteryBoost-instellingen",
    "l10n.usingCustomBatterySettings": "Met gebruik van aangepaste accu-instellingen",
    "l10n.whenOnBattery": "Bij gebruik van accu",
    "l10n.whenPluggedIn": "Bij gebruik van netvoeding",
    "l10n.dsr": "DSR",
    "l10n.dsrInfo": "De game en app worden op hoge resolutie gerenderd en vervolgens aangepast aan de ingebouwde resolutie van je beeldscherm om de beeldkwaliteit te verbeteren.",
    "l10n.unableToUpdateGameSettings": "Kan instellingen niet bijwerken.",
    "l10n.scanningFailed": "Scannen mislukt",
    "l10n.unableToReachNvidiaServers": "Kan NVIDIA-servers niet bereiken.",
    "l10n.viewHiddenGames": "Verborgen games en apps weergeven",
    "l10n.viewAllGames": "Alle games en apps weergeven",
    "l10n.noHiddenGames": "Geen verborgen games en apps",
    "l10n.hiddenNumber": "Verborgen ({{number}})",
    "l10n.gamesYouPlay": "Games en apps die je start worden hier weergegeven",
    "l10n.gamesAppearHere": "Je games en apps worden hier weergegeven",
    "l10n.gameIsOptimizedForQuietMode": "Game en app zijn geoptimaliseerd voor <a {{whisperModeCustomHtml}}>WhisperMode</a>",
    "l10n.usingOptimalSettingsForQuietMode": "Optimale instellingen gebruiken voor <a {{whisperModeCustomHtml}}>WhisperMode</a>",
    "l10n.gameIsNotOptimizedForQuietMode": "Game of app is niet geoptimaliseerd voor <a {{whisperModeCustomHtml}}>WhisperMode</a>",
    "l10n.customSettingsQuietMode": "Aangepaste instellingen: WHISPER MODE",
    "l10n.usingCustomSettingsQuietMode": "Aangepaste instellingen gebruiken voor <a {{whisperModeCustomHtml}}>WhisperMode</a>",
    "l10n.gameIsUsingCustomSettingsForQuietMode": "Game is aangepast voor <a {{whisperModeCustomHtml}}>WhisperMode</a>",
    "l10n.appIsUsingCustomSettingsForQuietMode": "App is aangepast voor <a {{whisperModeCustomHtml}}>WhisperMode</a>",
    "l10n.noAnselReadyGames": "Geen Ansel Ready-games",
    "l10n.frameRateWhisperMode": "FRAMESNELHEID: WHISPER MODE",
    "l10n.frameRateBatteryBoost": "FRAMESNELHEID: BATTERY BOOST",
    "l10n.quietModeFps": "WHISPER MODE",
    "l10n.batteryBoostFps": "FPS BATTERY BOOST",
    "l10n.fpsCount": "{{number}} FPS",
    "l10n.couldNotRetrieveWMFps": "FPS WHISPER MODE ophalen mislukt",
    "l10n.couldNotRetrieveBBFps": "FPS BATTERY BOOST ophalen mislukt",
    "l10n.recommendedFps": "AANBEVOLEN",
    "l10n.freestyleReadyNumber": "Geschikt voor Freestyle ({{number}})",
    "l10n.noFreestyleReadyGames": "Geen FreeStyle Ready-games en -apps",
    "l10n.playCloud": "Spelen in de cloud",
    "l10n.gameIsOptimizedForPerformanceMode": "Game of app is geoptimaliseerd voor prestaties",
    "l10n.usingOptimalSettingsForPerformanceMode": "Optimale instellingen gebruiken voor prestaties",
    "l10n.gameIsNotOptimizedForPerformanceMode": "Game of app is niet geoptimaliseerd voor prestaties",
    "l10n.customSettingsPerformanceMode": "Aangepaste instellingen: PRESTATIEMODUS",
    "l10n.usingCustomSettingsPerformanceMode": "Aangepaste instellingen gebruiken voor prestaties",
    "l10n.gameIsUsingCustomSettingsForPerformanceMode": "Game of app is aangepast voor prestaties"
}
