{
    "l10n.allNumber": "Wszystkie ({{number}})",
    "l10n.play": "Uruchom",
    "l10n.games": "GRY I APLIKACJE",
    "l10n.optimized": "Zoptymalizowane",
    "l10n.optimizedNumber": "Zoptymalizowane ({{number}})",
    "l10n.favorites": "Ulubione",
    "l10n.favoritesNumber": "Ulubione ({{number}})",
    "l10n.favorite": "Ulubione",
    "l10n.anselReadyNumber": "Przystosowane do technologii Ansel ({{number}})",
    "l10n.removeFavorite": "Usuń ulubione",
    "l10n.recent": "Ostatnie",
    "l10n.playtime": "Czas gry",
    "l10n.tags": "Tagi",
    "l10n.showGame": "Wyświetl grę lub aplikację",
    "l10n.hideGame": "Ukryj grę lub aplikację",
    "l10n.events": "Wydarzenia",
    "l10n.hints": "Wskazówki",
    "l10n.leaderboards": "Tablice wyników",
    "l10n.optimization": "Optymalizacja",
    "l10n.showHiddenGames": "Wyświetl ukryte gry i aplikacje",
    "l10n.hideHiddenGames": "Ukryj ukryte gry i aplikacje",
    "l10n.pluggedIn": "Zasilanie sieciowe",
    "l10n.onBattery": "Zasilanie bateryjne",
    "l10n.notOptimized": "Niezoptymalizowane",
    "l10n.revert": "Przywróć",
    "l10n.setting": "Ustawienie",
    "l10n.current": "Bieżące",
    "l10n.optimal": "Optymalna",
    "l10n.lastPlayed": "Ostatnio uruchomione: ",
    "l10n.timeago": "{{number}} {{timeUnit}} temu",
    "l10n.yesterday": "Wczoraj",
    "l10n.monthYear": "{{month}} {{year}}",
    "l10n.totalPlayed": "Całkowity czas gry: {{number}} {{timeUnit}}",
    "l10n.usingOptimalSettings": "Używanie ustawień optymalnych",
    "l10n.usingCustomSettings": "Używanie ustawień niestandardowych",
    "l10n.scanForGames": "Wyszukaj gry i aplikacje",
    "l10n.optimizeAllGames": "Optymalizuj wszystkie gry i aplikacje",
    "l10n.manageTags": "Zarządzaj tagami",
    "l10n.enterTag": "Wprowadź tag",
    "l10n.secondaryTag": "+Tag",
    "l10n.inGame": "W grze",
    "l10n.inApp": "W aplikacji",
    "l10n.nvidia": "NVIDIA",
    "l10n.scanning": "Skanowanie...",
    "l10n.scanFinished": "Skanowanie zakończone",
    "l10n.optimizing": "Optymalizowanie...",
    "l10n.optimizeFinished": "Optymalizacja zakończona",
    "l10n.watchNow": "Obejrzyj teraz",
    "l10n.playLocally": "Graj lokalnie",
    "l10n.streamFromPC": "Przesyłanie strumieniowe z mojego komputera w domu",
    "l10n.playOnGeForce": "Graj w usłudze GeForce Now",
    "l10n.doNotOptimize": "Nie optymalizuj",
    "l10n.resolution": "Rozdzielczość:",
    "l10n.displayMode": "Tryb wyświetlania:",
    "l10n.optimizeFor": "Optymalizuj dla:",
    "l10n.performance": "Wydajność",
    "l10n.battery": "Zasilanie z baterii",
    "l10n.quality": "Jakość",
    "l10n.couldNotRetrieveCustomSettings": "Nie można pobrać ustawień niestandardowych. Spróbuj ponownie później",
    "l10n.recommended": "{{string}} (zalecana)",
    "l10n.apply": "Zastosuj",
    "l10n.optimizeRecommended": "Optymalizuj (zalecane)",
    "l10n.optimizePerformance": "Optymalizuj pod kątem wydajności",
    "l10n.optimizeQuality": "Optymalizuj pod kątem jakości",
    "l10n.reset": "Resetuj",
    "l10n.dynamicSuperResolutions": "Dynamic Super Resolution",
    "l10n.wideScreen1610": "Ekran panoramiczny (16:10)",
    "l10n.wideScreen169": "Ekran panoramiczny (16:9)",
    "l10n.standard43": "Standardowy (4:3)",
    "l10n.standard54": "Standardowy (5:4)",
    "l10n.custom": "Niestandardowy",
    "l10n.customSettings": "Ustawienia niestandardowe",
    "l10n.customSettingsPluggedIn": "Ustawienia niestandardowe: Zasilanie sieciowe",
    "l10n.customSettingsOnBattery": "Ustawienia niestandardowe: Zasilanie bateryjne",
    "l10n.gameInfo": "Informacje o grze lub aplikacji",
    "l10n.gameIsNotOptimized": "Gra nie jest zoptymalizowana",
    "l10n.gameIsOptimized": "Gra jest zoptymalizowana",
    "l10n.appIsNotOptimized": "Aplikacja nie jest zoptymalizowana",
    "l10n.appIsOptimized": "Aplikacja została zoptymalizowana",
    "l10n.videos": "Wideo",
    "l10n.description": "Opis",
    "l10n.noDescription": "Opis niedostępny",
    "l10n.systemRequirement": "Wymagania systemowe",
    "l10n.noContent": "Oj... Tak tu pusto",
    "l10n.feelingLonelyHere": "Czuję się samotnie...",
    "l10n.findAWayToPlay": "Znajdź sposób na granie",
    "l10n.gamesAreNotOptimized": "Gry i aplikacje nie są zoptymalizowane",
    "l10n.noFavoriteGames": "Brak ulubionych gier i aplikacji",
    "l10n.gamesAreHidden": "Gry i aplikacje są ukryte",
    "l10n.noImagesAvailable": "Obrazy niedostępne",
    "l10n.UnableToLoadImages": "Nie można załadować obrazów",
    "l10n.UnableToRetrieveCurrentSettings": "Nie można pobrać bieżących ustawień. Problem ten powinien zostać rozwiązany po uruchomieniu i zamknięciu gry lub aplikacji, lub po edycji ustawień.",
    "l10n.gameIsUsingCustomSettings": "Gra korzysta z ustawień niestandardowych",
    "l10n.gameIsUsingCustomBatterySettings": "Gra korzysta z ustawień niestandardowych pracy na baterii",
    "l10n.gameIsOptimizedForBattery": "Gra jest zoptymalizowana do pracy na baterii",
    "l10n.appIsUsingCustomSettings": "Aplikacja korzysta z ustawień niestandardowych",
    "l10n.appIsUsingCustomBatterySettings": "Aplikacja korzysta z ustawień niestandardowych do pracy na baterii",
    "l10n.appIsOptimizedForBattery": "Aplikacja jest zoptymalizowana do pracy na baterii",
    "l10n.gameIsUsingPluggedInForBattery": "Gra nie jest zoptymalizowana do pracy na baterii — użyto ustawień zasilania sieciowego",
    "l10n.appIsUsingPluggedInForBattery": "Aplikacja nie jest zoptymalizowana do pracy na baterii — użyto ustawień zasilania sieciowego",
    "l10n.systemBelowMinspecForGame": "Komputer nie spełnia minimalnych wymagań dla ustawień optymalnych w tej grze lub aplikacji. Ustawienia optymalne mogą doprowadzić do spadku częstotliwości wyświetlania klatek poniżej akceptowanej wartości",
    "l10n.gameCannotBeOptimized": "Gra nie może zostać zoptymalizowana",
    "l10n.appCannotBeOptimized": "Aplikacja nie może zostać zoptymalizowana",
    "l10n.markFavorite": "Oznacz jako ulubioną",
    "l10n.unableToRetrieveSettings": "Nie można pobrać ustawień. Spróbuj ponownie później.",
    "l10n.systemDoesNotSupportOps": "Program GeForce Experience nie może zoptymalizować gier i aplikacji na tym komputerze",
    "l10n.needToMeetSystemRequirement": "Upewnij się, że spełniasz wymagania",
    "l10n.betterQuality": "Lepsza jakość",
    "l10n.tileView": "Widok kafelków",
    "l10n.detailsView": "Widok szczegółów",
    "l10n.usingBatteryBoostSettings": "Stosowanie ustawień BatteryBoost",
    "l10n.usingCustomBatterySettings": "Stosowanie niestandardowych ustawień baterii",
    "l10n.whenOnBattery": "Przy zasilaniu bateryjnym",
    "l10n.whenPluggedIn": "Przy zasilaniu sieciowym",
    "l10n.dsr": "DSR",
    "l10n.dsrInfo": "Gra i aplikacja będą renderowane w wysokiej rozdzielczości, a następnie skalowane do rozdzielczości natywnej monitora w celu poprawy jakości obrazu.",
    "l10n.unableToUpdateGameSettings": "Nie można zaktualizować ustawień.",
    "l10n.scanningFailed": "Skanowanie nie powiodło się",
    "l10n.unableToReachNvidiaServers": "Nie można uzyskać dostępu do serwerów NVIDIA.",
    "l10n.viewHiddenGames": "Wyświetl ukryte gry i aplikacje",
    "l10n.viewAllGames": "Wyświetl wszystkie gry i aplikacje",
    "l10n.noHiddenGames": "Brak ukrytych gier i aplikacji",
    "l10n.hiddenNumber": "Ukryte ({{number}})",
    "l10n.gamesYouPlay": "Tutaj zobaczysz uruchomiane przez siebie gry i aplikacje",
    "l10n.gamesAppearHere": "Tutaj zobaczysz swoje gry i aplikacje",
    "l10n.gameIsOptimizedForQuietMode": "Grę i aplikację zoptymalizowano dla trybu <a {{whisperModeCustomHtml}}>WhisperMode</a>",
    "l10n.usingOptimalSettingsForQuietMode": "Używanie ustawień optymalnych dla trybu <a {{whisperModeCustomHtml}}>WhisperMode</a>",
    "l10n.gameIsNotOptimizedForQuietMode": "Gry lub aplikacji nie zoptymalizowano dla trybu <a {{whisperModeCustomHtml}}>WhisperMode</a>",
    "l10n.customSettingsQuietMode": "Ustawienia niestandardowe: WHISPERMODE",
    "l10n.usingCustomSettingsQuietMode": "Używanie ustawień niestandardowych dla trybu <a {{whisperModeCustomHtml}}>WhisperMode</a>",
    "l10n.gameIsUsingCustomSettingsForQuietMode": "Gra jest dostosowana do trybu <a {{whisperModeCustomHtml}}>WhisperMode</a>",
    "l10n.appIsUsingCustomSettingsForQuietMode": "Aplikacja jest dostosowana do trybu <a {{whisperModeCustomHtml}}>WhisperMode</a>",
    "l10n.noAnselReadyGames": "Brak gier przystosowanych do technologii Ansel",
    "l10n.frameRateWhisperMode": "CZĘSTOTLIWOŚĆ WYŚWIETLANIA KLATEK: WHISPERMODE",
    "l10n.frameRateBatteryBoost": "CZĘSTOTLIWOŚĆ WYŚWIETLANIA KLATEK: WYDŁUŻENIE CZASU PRACY BATERII",
    "l10n.quietModeFps": "WHISPERMODE FPS",
    "l10n.batteryBoostFps": "WYDŁUŻENIE CZASU PRACY BATERII FPS",
    "l10n.fpsCount": "{{number}} KL./S",
    "l10n.couldNotRetrieveWMFps": "Nie można pobrać ustawień WHISPERMODE FPS",
    "l10n.couldNotRetrieveBBFps": "Nie można pobrać ustawień WYDŁUŻENIE CZASU PRACY BATERII FPS",
    "l10n.recommendedFps": "ZALECANE",
    "l10n.freestyleReadyNumber": "Przystosowane do technologii Freestyle ({{number}})",
    "l10n.noFreestyleReadyGames": "Brak gier i aplikacji przystosowanych do technologii FreeStyle",
    "l10n.playCloud": "Graj w chmurze",
    "l10n.gameIsOptimizedForPerformanceMode": "Grę lub aplikację zoptymalizowano dla trybu wydajności",
    "l10n.usingOptimalSettingsForPerformanceMode": "Używanie ustawień optymalnych dla Trybu wydajności",
    "l10n.gameIsNotOptimizedForPerformanceMode": "Gry lub aplikacji nie zoptymalizowano dla trybu wydajności",
    "l10n.customSettingsPerformanceMode": "Ustawienia niestandardowe: TRYB WYDAJNOŚCI",
    "l10n.usingCustomSettingsPerformanceMode": "Używanie ustawień optymalnych dla Trybu wydajności",
    "l10n.gameIsUsingCustomSettingsForPerformanceMode": "Grę lub aplikację dostosowano do trybu wydajności"
}
