{
    "l10n.allNumber": "Todos ({{number}})",
    "l10n.play": "Iniciar",
    "l10n.games": "JOGOS E APLICATIVOS",
    "l10n.optimized": "Otimizados",
    "l10n.optimizedNumber": "Otimizados ({{number}})",
    "l10n.favorites": "Favoritos",
    "l10n.favoritesNumber": "Favoritos ({{number}})",
    "l10n.favorite": "Preferidos",
    "l10n.anselReadyNumber": "Pronto para Ansel ({{number}})",
    "l10n.removeFavorite": "Excluir favorito",
    "l10n.recent": "Recente",
    "l10n.playtime": "Tempo de jogo",
    "l10n.tags": "Guias",
    "l10n.showGame": "Mostrar jogo ou aplicativo",
    "l10n.hideGame": "Ocultar jogo ou aplicativo",
    "l10n.events": "Eventos",
    "l10n.hints": "Dicas",
    "l10n.leaderboards": "Tabelas de liderança",
    "l10n.optimization": "Otimização",
    "l10n.showHiddenGames": "Mostrar jogos e aplicativos ocultados",
    "l10n.hideHiddenGames": "Ocultar jogos e aplicativos ocultados",
    "l10n.pluggedIn": "Ligado na tomada",
    "l10n.onBattery": "Na bateria",
    "l10n.notOptimized": "Não otimizada",
    "l10n.revert": "Reverter",
    "l10n.setting": "Configuração",
    "l10n.current": "Atual",
    "l10n.optimal": "Ideal",
    "l10n.lastPlayed": "Iniciado pela última vez: ",
    "l10n.timeago": "{{number}} {{timeUnit}} atrás",
    "l10n.yesterday": "Ontem",
    "l10n.monthYear": "{{month}} {{year}}",
    "l10n.totalPlayed": "Total de jogo jogado: {{number}} {{timeUnit}}",
    "l10n.usingOptimalSettings": "Usando configurações ideais",
    "l10n.usingCustomSettings": "Utilizando configurações personalizadas",
    "l10n.scanForGames": "Procurar jogos e aplicativos",
    "l10n.optimizeAllGames": "Otimizar todos os jogos e aplicativos",
    "l10n.manageTags": "Gerenciar guias",
    "l10n.enterTag": "Digitar uma guia",
    "l10n.secondaryTag": "+Guia",
    "l10n.inGame": "Durante o jogo",
    "l10n.inApp": "No aplicativo",
    "l10n.nvidia": "NVIDIA",
    "l10n.scanning": "Verificando...",
    "l10n.scanFinished": "Verificação terminada",
    "l10n.optimizing": "Otimizando...",
    "l10n.optimizeFinished": "Otimização terminada",
    "l10n.watchNow": "Assistir agora",
    "l10n.playLocally": "Jogar localmente",
    "l10n.streamFromPC": "Transmitir a partir do PC de minha casa",
    "l10n.playOnGeForce": "Jogar no GeForce Now",
    "l10n.doNotOptimize": "Não otimizar",
    "l10n.resolution": "Resolução:",
    "l10n.displayMode": "Modo Vídeo:",
    "l10n.optimizeFor": "Otimizar para:",
    "l10n.performance": "Desempenho",
    "l10n.battery": "Bateria",
    "l10n.quality": "Qualidade",
    "l10n.couldNotRetrieveCustomSettings": "Não foi possível recuperar as configurações personalizadas. Tente novamente mais tarde",
    "l10n.recommended": "{{string}} (recomendado)",
    "l10n.apply": "Aplicar",
    "l10n.optimizeRecommended": "Otimizar (recomendado)",
    "l10n.optimizePerformance": "Otimizar para desempenho",
    "l10n.optimizeQuality": "Otimizar para qualidade",
    "l10n.reset": "Redefinir",
    "l10n.dynamicSuperResolutions": "Dynamic Super Resolutions",
    "l10n.wideScreen1610": "Tela ampla (16:10)",
    "l10n.wideScreen169": "Tela ampla (16:9)",
    "l10n.standard43": "Padrão (4:3)",
    "l10n.standard54": "Padrão (5:4)",
    "l10n.custom": "Personalizado",
    "l10n.customSettings": "Configurações personalizadas",
    "l10n.customSettingsPluggedIn": "Configurações personalizadas: Ligado na tomada",
    "l10n.customSettingsOnBattery": "Configurações personalizadas: Na bateria",
    "l10n.gameInfo": "Informações sobre o jogo ou aplicativo",
    "l10n.gameIsNotOptimized": "O jogo não está otimizado",
    "l10n.gameIsOptimized": "O jogo está otimizado",
    "l10n.appIsNotOptimized": "O aplicativo não está otimizado",
    "l10n.appIsOptimized": "O aplicativo está otimizado",
    "l10n.videos": "Vídeos",
    "l10n.description": "Descrição",
    "l10n.noDescription": "Descrição não disponível",
    "l10n.systemRequirement": "Requisitos do sistema",
    "l10n.noContent": "Oh... Está vazio aqui",
    "l10n.feelingLonelyHere": "Sinto-me sozinho aqui...",
    "l10n.findAWayToPlay": "Encontre uma forma de reprodução",
    "l10n.gamesAreNotOptimized": "Os jogos e aplicativos não estão otimizados",
    "l10n.noFavoriteGames": "Nenhum jogo e aplicativo preferido",
    "l10n.gamesAreHidden": "Os jogos e aplicativos estão ocultados",
    "l10n.noImagesAvailable": "Imagens não disponíveis",
    "l10n.UnableToLoadImages": "Não foi possível carregar as imagens",
    "l10n.UnableToRetrieveCurrentSettings": "Não é possível recuperar as configurações atuais. Iniciar e fechar o jogo ou aplicativo, ou editar as configurações, deve corrigir esse problema.",
    "l10n.gameIsUsingCustomSettings": "O jogo está usando configurações personalizadas",
    "l10n.gameIsUsingCustomBatterySettings": "O jogo está usando configurações personalizadas para bateria",
    "l10n.gameIsOptimizedForBattery": "O jogo é otimizado para bateria",
    "l10n.appIsUsingCustomSettings": "O aplicativo está usando configurações personalizadas",
    "l10n.appIsUsingCustomBatterySettings": "O aplicativo está usando configurações personalizadas para bateria",
    "l10n.appIsOptimizedForBattery": "O aplicativo é otimizado para bateria",
    "l10n.gameIsUsingPluggedInForBattery": "O jogo não é otimizado para bateria e está usando configurações do modo ligado",
    "l10n.appIsUsingPluggedInForBattery": "O aplicativo não é otimizado para bateria e está usando configurações do modo ligado",
    "l10n.systemBelowMinspecForGame": "O sistema está abaixo das exigências mínimas para as configurações ideais neste jogo ou aplicativo. As configurações ideais podem produzir taxas de quadros que não podem ser jogadas",
    "l10n.gameCannotBeOptimized": "O jogo não pode ser otimizado",
    "l10n.appCannotBeOptimized": "O aplicativo não pode ser otimizado",
    "l10n.markFavorite": "Marcar favorito",
    "l10n.unableToRetrieveSettings": "Não foi possível recuperar as configurações. Tente novamente mais tarde.",
    "l10n.systemDoesNotSupportOps": "O GeForce Experience não consegue otimizar jogos e aplicativos neste PC",
    "l10n.needToMeetSystemRequirement": "Certifique-se de que cumpre",
    "l10n.betterQuality": "Melhor qualidade",
    "l10n.tileView": "Visualização de títulos",
    "l10n.detailsView": "Visualização dos detalhes",
    "l10n.usingBatteryBoostSettings": "Usando as configurações de BatteryBoost",
    "l10n.usingCustomBatterySettings": "Usando as configurações personalizadas de bateria",
    "l10n.whenOnBattery": "Quando usa bateria",
    "l10n.whenPluggedIn": "Quando está ligado",
    "l10n.dsr": "DSR",
    "l10n.dsrInfo": "O jogo e aplicativo será renderizado em alta resolução e depois será dimensionado conforme a resolução de sua tela para melhorar a qualidade da imagem.",
    "l10n.unableToUpdateGameSettings": "Não foi possível atualizar as configurações.",
    "l10n.scanningFailed": "A varredura falhou",
    "l10n.unableToReachNvidiaServers": "Não foi possível atingir os servidores da NVIDIA.",
    "l10n.viewHiddenGames": "Visualizar jogos e aplicativos ocultados",
    "l10n.viewAllGames": "Visualizar todos os jogos e aplicativos",
    "l10n.noHiddenGames": "Nenhum jogo e aplicativo ocultado",
    "l10n.hiddenNumber": "Escondidos ({{number}})",
    "l10n.gamesYouPlay": "Os jogos e aplicativos que você inicia aparecem aqui",
    "l10n.gamesAppearHere": "Seus jogos e aplicativos aparecem aqui",
    "l10n.gameIsOptimizedForQuietMode": "O jogo e aplicativo está otimizado para o <a {{whisperModeCustomHtml}}>WhisperMode</a>",
    "l10n.usingOptimalSettingsForQuietMode": "Usando as configurações ideais para o <a {{whisperModeCustomHtml}}>WhisperMode</a>",
    "l10n.gameIsNotOptimizedForQuietMode": "O jogo ou aplicativo não está otimizado para o <a {{whisperModeCustomHtml}}>WhisperMode</a>",
    "l10n.customSettingsQuietMode": "Configurações personalizadas: WHISPER MODE",
    "l10n.usingCustomSettingsQuietMode": "Usando as configurações personalizadas para o <a {{whisperModeCustomHtml}}>WhisperMode</a>",
    "l10n.gameIsUsingCustomSettingsForQuietMode": "O jogo foi personalizado para o <a {{whisperModeCustomHtml}}>WhisperMode</a>",
    "l10n.appIsUsingCustomSettingsForQuietMode": "O aplicativo foi personalizado para o <a {{whisperModeCustomHtml}}>WhisperMode</a>",
    "l10n.noAnselReadyGames": "Nenhum jogo pronto para Ansel",
    "l10n.frameRateWhisperMode": "TAXA DE QUADROS: WHISPER MODE",
    "l10n.frameRateBatteryBoost": "TAXA DE QUADROS: MELHORIA DE BATERIA",
    "l10n.quietModeFps": "FPS DO WHISPER MODE",
    "l10n.batteryBoostFps": "FPS DA MELHORIA DE BATERIA",
    "l10n.fpsCount": "{{number}} FPS",
    "l10n.couldNotRetrieveWMFps": "Não foi possível recuperar os FPS DO WHISPER MODE",
    "l10n.couldNotRetrieveBBFps": "Não foi possível recuperar os FPS DA MELHORIA DE BATERIA",
    "l10n.recommendedFps": "RECOMENDADO",
    "l10n.freestyleReadyNumber": "Preparado para Freestyle ({{number}})",
    "l10n.noFreestyleReadyGames": "Nenhum jogo e aplicativo prontos para FreeStyle",
    "l10n.playCloud": "Jogar na nuvem",
    "l10n.gameIsOptimizedForPerformanceMode": "O jogo ou aplicativo está otimizado para desempenho",
    "l10n.usingOptimalSettingsForPerformanceMode": "Usando as configurações ideais para Desempenho",
    "l10n.gameIsNotOptimizedForPerformanceMode": "O jogo ou aplicativo não está otimizado para desempenho",
    "l10n.customSettingsPerformanceMode": "Configurações personalizadas: MODO DE DESEMPENHO",
    "l10n.usingCustomSettingsPerformanceMode": "Usando as configurações personalizadas para Desempenho",
    "l10n.gameIsUsingCustomSettingsForPerformanceMode": "O jogo ou aplicativo está personalizado para desempenho"
}
