{
    "l10n.allNumber": "Todos ({{number}})",
    "l10n.play": "Iniciar",
    "l10n.games": "JOGOS E APLICAÇÕES",
    "l10n.optimized": "Optimizados",
    "l10n.optimizedNumber": "Optimizados ({{number}})",
    "l10n.favorites": "Favoritos",
    "l10n.favoritesNumber": "Favoritos ({{number}})",
    "l10n.favorite": "Favoritos",
    "l10n.anselReadyNumber": "Preparado para Ansel ({{number}})",
    "l10n.removeFavorite": "Remover favorito",
    "l10n.recent": "Recente",
    "l10n.playtime": "Tempo de jogo",
    "l10n.tags": "Etiquetas",
    "l10n.showGame": "Mostrar jogo ou aplicação",
    "l10n.hideGame": "Ocultar jogo ou aplicação",
    "l10n.events": "Eventos",
    "l10n.hints": "Sugestões",
    "l10n.leaderboards": "Melhores classificados",
    "l10n.optimization": "Optimização",
    "l10n.showHiddenGames": "Mostrar jogos e aplicações ocultos",
    "l10n.hideHiddenGames": "Ocultar novamente jogos e aplicações definidos como ocultos",
    "l10n.pluggedIn": "Ligado à tomada",
    "l10n.onBattery": "Com bateria",
    "l10n.notOptimized": "Não optimizado",
    "l10n.revert": "Reverter",
    "l10n.setting": "Definições",
    "l10n.current": "Actual",
    "l10n.optimal": "Óptima",
    "l10n.lastPlayed": "Última inicialização: ",
    "l10n.timeago": "{{number}} {{timeUnit}} atrás",
    "l10n.yesterday": "Ontem",
    "l10n.monthYear": "{{month}} {{year}}",
    "l10n.totalPlayed": "Total jogado: {{number}} {{timeUnit}}",
    "l10n.usingOptimalSettings": "Utilizar definições óptimas",
    "l10n.usingCustomSettings": "Utilizar definições personalizadas",
    "l10n.scanForGames": "Procurar jogos e aplicações",
    "l10n.optimizeAllGames": "Optimizar todos os jogos e aplicações",
    "l10n.manageTags": "Gerir etiquetas",
    "l10n.enterTag": "Introduzir uma etiqueta",
    "l10n.secondaryTag": "+Etiqueta",
    "l10n.inGame": "No jogo",
    "l10n.inApp": "Na aplicação",
    "l10n.nvidia": "NVIDIA",
    "l10n.scanning": "A procurar...",
    "l10n.scanFinished": "Procura concluída",
    "l10n.optimizing": "A optimizar...",
    "l10n.optimizeFinished": "Optimização concluída",
    "l10n.watchNow": "Ver agora",
    "l10n.playLocally": "Jogar localmente",
    "l10n.streamFromPC": "Transmitir a partir do meu PC de casa",
    "l10n.playOnGeForce": "Jogar no GeForce Now",
    "l10n.doNotOptimize": "Não optimizar",
    "l10n.resolution": "Resolução:",
    "l10n.displayMode": "Modo de monitor:",
    "l10n.optimizeFor": "Optimizar para:",
    "l10n.performance": "Desempenho",
    "l10n.battery": "Bateria",
    "l10n.quality": "Qualidade",
    "l10n.couldNotRetrieveCustomSettings": "Não foi possível obter as definições personalizadas. Volte a tentar mais tarde",
    "l10n.recommended": "{{string}} (recomendada)",
    "l10n.apply": "Aplicar",
    "l10n.optimizeRecommended": "Optimizar (recomendado)",
    "l10n.optimizePerformance": "Optimizar pelo desempenho",
    "l10n.optimizeQuality": "Optimizar pela qualidade",
    "l10n.reset": "Repor",
    "l10n.dynamicSuperResolutions": "Dynamic Super Resolutions",
    "l10n.wideScreen1610": "Formato panorâmico (16:10)",
    "l10n.wideScreen169": "Formato panorâmico (16:9)",
    "l10n.standard43": "Padrão (4:3)",
    "l10n.standard54": "Padrão (5:4)",
    "l10n.custom": "Personalizado",
    "l10n.customSettings": "Definições personalizadas",
    "l10n.customSettingsPluggedIn": "Definições personalizadas: Ligado à tomada",
    "l10n.customSettingsOnBattery": "Definições personalizadas: Com bateria",
    "l10n.gameInfo": "Informações do jogo ou aplicação",
    "l10n.gameIsNotOptimized": "O jogo não está optimizado",
    "l10n.gameIsOptimized": "O jogo está optimizado",
    "l10n.appIsNotOptimized": "A aplicação não está optimizada",
    "l10n.appIsOptimized": "A aplicação está optimizada",
    "l10n.videos": "Vídeos",
    "l10n.description": "Descrição",
    "l10n.noDescription": "Descrição não disponível",
    "l10n.systemRequirement": "Requisitos do sistema",
    "l10n.noContent": "Oooh... Está tudo vazio aqui",
    "l10n.feelingLonelyHere": "Que solidão...",
    "l10n.findAWayToPlay": "Descobrir uma forma de jogar",
    "l10n.gamesAreNotOptimized": "Os jogos e aplicações não estão optimizados",
    "l10n.noFavoriteGames": "Não existe nenhum jogo ou aplicação favorito",
    "l10n.gamesAreHidden": "Os jogos e aplicações estão ocultos",
    "l10n.noImagesAvailable": "Imagens não disponíveis",
    "l10n.UnableToLoadImages": "Não foi possível carregar as imagens",
    "l10n.UnableToRetrieveCurrentSettings": "Não é possível obter as definições actuais. A inicialização e encerramento do jogo ou aplicação, ou a edição das definições, devem resolver este problema.",
    "l10n.gameIsUsingCustomSettings": "O jogo está a utilizar definições personalizadas",
    "l10n.gameIsUsingCustomBatterySettings": "O jogo está a utilizar definições personalizadas para ser utilizado com a bateria",
    "l10n.gameIsOptimizedForBattery": "O jogo está optimizado para ser utilizado com a bateria",
    "l10n.appIsUsingCustomSettings": "A aplicação está a utilizar definições personalizadas",
    "l10n.appIsUsingCustomBatterySettings": "A aplicação está a utilizar definições personalizadas para ser utilizada com a bateria",
    "l10n.appIsOptimizedForBattery": "A aplicação está optimizada para ser utilizada com a bateria",
    "l10n.gameIsUsingPluggedInForBattery": "O jogo não está optimizado para ser utilizado com a bateria, pelo que está a utilizar as definições de ligação à corrente",
    "l10n.appIsUsingPluggedInForBattery": "A aplicação não está optimizada para ser utilizada com a bateria, pelo que está a utilizar as definições de ligação à corrente",
    "l10n.systemBelowMinspecForGame": "O sistema não cumpre os requisitos mínimos necessários para as definições optimizadas neste jogo ou aplicação. As definições optimizadas podem originar taxas de videogramas não reproduzíveis",
    "l10n.gameCannotBeOptimized": "Não é possível optimizar o jogo",
    "l10n.appCannotBeOptimized": "Não é possível optimizar a aplicação",
    "l10n.markFavorite": "Assinalar como favorito",
    "l10n.unableToRetrieveSettings": "Não foi possível obter as definições. Volte a tentar mais tarde.",
    "l10n.systemDoesNotSupportOps": "O GeForce Experience não pode optimizar jogos aplicações neste PC",
    "l10n.needToMeetSystemRequirement": "Certifique-se de que cumpre os",
    "l10n.betterQuality": "Melhor qualidade",
    "l10n.tileView": "Vista em mosaico",
    "l10n.detailsView": "Ver detalhes",
    "l10n.usingBatteryBoostSettings": "A utilizar definições de BatteryBoost",
    "l10n.usingCustomBatterySettings": "Utilizar definições personalizadas de utilização com bateria",
    "l10n.whenOnBattery": "Utilização com bateria",
    "l10n.whenPluggedIn": "Ligado à corrente",
    "l10n.dsr": "DSR",
    "l10n.dsrInfo": "O jogo e aplicação será apresentado com uma resolução superior e, em seguida, ajustado à resolução nativa do monitor para melhorar a qualidade da imagem.",
    "l10n.unableToUpdateGameSettings": "Não é possível actualizar as definições.",
    "l10n.scanningFailed": "Falha da verificação",
    "l10n.unableToReachNvidiaServers": "Não foi possível contactar os servidores NVIDIA.",
    "l10n.viewHiddenGames": "Ver jogos e aplicações ocultos",
    "l10n.viewAllGames": "Ver todos os jogos e aplicações",
    "l10n.noHiddenGames": "Não existe nenhum jogo ou aplicação oculto",
    "l10n.hiddenNumber": "Oculto ({{number}})",
    "l10n.gamesYouPlay": "Os jogos ou aplicações iniciados são apresentados aqui",
    "l10n.gamesAppearHere": "Os jogos e aplicações são apresentados aqui",
    "l10n.gameIsOptimizedForQuietMode": "O jogo e aplicação está optimizado para <a {{whisperModeCustomHtml}}>WhisperMode</a>",
    "l10n.usingOptimalSettingsForQuietMode": "A utilizar definições óptimas para <a {{whisperModeCustomHtml}}>WhisperMode</a>",
    "l10n.gameIsNotOptimizedForQuietMode": "O jogo ou aplicação não está optimizado para <a {{whisperModeCustomHtml}}>WhisperMode</a>",
    "l10n.customSettingsQuietMode": "Definições personalizadas: WHISPER MODE",
    "l10n.usingCustomSettingsQuietMode": "A utilizar definições personalizadas para <a {{whisperModeCustomHtml}}>WhisperMode</a>",
    "l10n.gameIsUsingCustomSettingsForQuietMode": "O jogo está personalizado para <a {{whisperModeCustomHtml}}>WhisperMode</a>",
    "l10n.appIsUsingCustomSettingsForQuietMode": "A aplicação está personalizada para <a {{whisperModeCustomHtml}}>WhisperMode</a>",
    "l10n.noAnselReadyGames": "Não existem jogos preparados para Ansel",
    "l10n.frameRateWhisperMode": "TAXA DE VIDEOGRAMAS: WHISPER MODE",
    "l10n.frameRateBatteryBoost": "TAXA DE VIDEOGRAMAS: POTENCIAR DESEMPENHO DA BATERIA",
    "l10n.quietModeFps": "WHISPER MODE FPS",
    "l10n.batteryBoostFps": "POTENCIAR DESEMPENHO DA BATERIA FPS",
    "l10n.fpsCount": "{{number}} FPS",
    "l10n.couldNotRetrieveWMFps": "Não foi possível obter o WHISPER MODE FPS",
    "l10n.couldNotRetrieveBBFps": "Não foi possível POTENCIAR DESEMPENHO DA BATERIA FPS",
    "l10n.recommendedFps": "RECOMENDADO",
    "l10n.freestyleReadyNumber": "Preparado para Freestyle ({{number}})",
    "l10n.noFreestyleReadyGames": "Não existem jogos e aplicações preparados para Freestyle",
    "l10n.playCloud": "Jogar na nuvem",
    "l10n.gameIsOptimizedForPerformanceMode": "O jogo ou aplicação está optimizado para Desempenho",
    "l10n.usingOptimalSettingsForPerformanceMode": "A utilizar definições optimizadas para Desempenho",
    "l10n.gameIsNotOptimizedForPerformanceMode": "O jogo ou aplicação não está optimizado para Desempenho",
    "l10n.customSettingsPerformanceMode": "Definições personalizadas: MODO DE DESEMPENHO",
    "l10n.usingCustomSettingsPerformanceMode": "A utilizar definições personalizadas para Desempenho",
    "l10n.gameIsUsingCustomSettingsForPerformanceMode": "O jogo ou aplicação está personalizado para Desempenho"
}
