{
    "l10n.allNumber": "Все ({{number}})",
    "l10n.play": "Запустить",
    "l10n.games": "ИГРЫ И ПРИЛОЖЕНИЯ",
    "l10n.optimized": "Оптимизированные",
    "l10n.optimizedNumber": "Оптимизированные ({{number}})",
    "l10n.favorites": "Избранное",
    "l10n.favoritesNumber": "Избранное ({{number}})",
    "l10n.favorite": "Избранное",
    "l10n.anselReadyNumber": "Ansel-совместимые игры ({{number}})",
    "l10n.removeFavorite": "Удалить из Избранного",
    "l10n.recent": "Недавние",
    "l10n.playtime": "Время игры",
    "l10n.tags": "Теги",
    "l10n.showGame": "Показать игру или приложение",
    "l10n.hideGame": "Скрыть игру или приложение",
    "l10n.events": "События",
    "l10n.hints": "Советы",
    "l10n.leaderboards": "Списки лидеров",
    "l10n.optimization": "Оптимизация",
    "l10n.showHiddenGames": "Показать скрытые игры и приложения",
    "l10n.hideHiddenGames": "Скрыть скрытые игры и приложения",
    "l10n.pluggedIn": "От сети",
    "l10n.onBattery": "От аккумулятора",
    "l10n.notOptimized": "Не оптимизировано",
    "l10n.revert": "Восстановление",
    "l10n.setting": "Параметр",
    "l10n.current": "Текущая",
    "l10n.optimal": "Оптимальное",
    "l10n.lastPlayed": "Последний запуск: ",
    "l10n.timeago": "{{number}} {{timeUnit}} назад",
    "l10n.yesterday": "Вчера",
    "l10n.monthYear": "{{month}} {{year}}",
    "l10n.totalPlayed": "Общее время воспроизведения: {{number}} {{timeUnit}}",
    "l10n.usingOptimalSettings": "Использовать оптимальные настройки",
    "l10n.usingCustomSettings": "Использовать пользовательские настройки",
    "l10n.scanForGames": "Поиск игр и приложений",
    "l10n.optimizeAllGames": "Оптимизировать все игры и приложения",
    "l10n.manageTags": "Управлять тегами",
    "l10n.enterTag": "Введите тег",
    "l10n.secondaryTag": "+Тег",
    "l10n.inGame": "Игра",
    "l10n.inApp": "В приложении",
    "l10n.nvidia": "NVIDIA",
    "l10n.scanning": "Сканирование...",
    "l10n.scanFinished": "Сканирование завершено",
    "l10n.optimizing": "Оптимизация...",
    "l10n.optimizeFinished": "Оптимизация завершена",
    "l10n.watchNow": "Смотреть сейчас",
    "l10n.playLocally": "Играть локально",
    "l10n.streamFromPC": "Потоковая передача с моего домашнего ПК",
    "l10n.playOnGeForce": "Играть в GeForce Now",
    "l10n.doNotOptimize": "Не оптимизировать",
    "l10n.resolution": "Разрешение:",
    "l10n.displayMode": "Режим дисплея:",
    "l10n.optimizeFor": "Оптимизировать под:",
    "l10n.performance": "Производительность",
    "l10n.battery": "Аккумулятор",
    "l10n.quality": "Качество",
    "l10n.couldNotRetrieveCustomSettings": "Не удалось получить пользовательские настройки. Повторите попытку позже",
    "l10n.recommended": "{{string}} (рекомендуется)",
    "l10n.apply": "Применить",
    "l10n.optimizeRecommended": "Оптимизировать (рекомендуется)",
    "l10n.optimizePerformance": "Оптимизировать под производительность",
    "l10n.optimizeQuality": "Оптимизировать под качество",
    "l10n.reset": "Восстановление",
    "l10n.dynamicSuperResolutions": "Dynamic super resolutions",
    "l10n.wideScreen1610": "Широкоэкранный (16:10)",
    "l10n.wideScreen169": "Широкоэкранный (16:9)",
    "l10n.standard43": "Стандартный (4:3)",
    "l10n.standard54": "Стандартный (5:4)",
    "l10n.custom": "Пользовательский",
    "l10n.customSettings": "Пользовательские настройки",
    "l10n.customSettingsPluggedIn": "Пользовательские настройки: От сети",
    "l10n.customSettingsOnBattery": "Пользовательские настройки: От аккумулятора",
    "l10n.gameInfo": "Сведения об игре или приложении",
    "l10n.gameIsNotOptimized": "Игра не оптимизирована",
    "l10n.gameIsOptimized": "Игра оптимизирована",
    "l10n.appIsNotOptimized": "Приложение не оптимизировано",
    "l10n.appIsOptimized": "Приложение оптимизировано",
    "l10n.videos": "Видео",
    "l10n.description": "Описание",
    "l10n.noDescription": "Описание недоступно",
    "l10n.systemRequirement": "Системные требования",
    "l10n.noContent": "Ох... Здесь пусто",
    "l10n.feelingLonelyHere": "Здесь одиноко...",
    "l10n.findAWayToPlay": "Найдите способ играть",
    "l10n.gamesAreNotOptimized": "Игры и приложения не оптимизированы",
    "l10n.noFavoriteGames": "В Избранном нет игр и приложений",
    "l10n.gamesAreHidden": "Игры и приложения скрыты",
    "l10n.noImagesAvailable": "Изображение недоступно",
    "l10n.UnableToLoadImages": "Невозможно загрузить изображения",
    "l10n.UnableToRetrieveCurrentSettings": "Не удалось получить текущие настройки. Чтобы решить эту проблему, попробуйте запустить и закрыть игру или приложение или изменить их настройки.",
    "l10n.gameIsUsingCustomSettings": "Игра использует пользовательские настройки",
    "l10n.gameIsUsingCustomBatterySettings": "Игра использует пользовательские настройки для работы от аккумулятора",
    "l10n.gameIsOptimizedForBattery": "Игра оптимизирована для работы от аккумулятора",
    "l10n.appIsUsingCustomSettings": "Приложение использует пользовательские настройки",
    "l10n.appIsUsingCustomBatterySettings": "Приложение использует пользовательские настройки для работы от аккумулятора",
    "l10n.appIsOptimizedForBattery": "Приложение оптимизировано для работы от аккумулятора",
    "l10n.gameIsUsingPluggedInForBattery": "Игра не оптимизирована для работы от аккумулятора и использует настройки питания от сети.",
    "l10n.appIsUsingPluggedInForBattery": "Приложение не оптимизировано для работы от аккумулятора и использует настройки питания от сети",
    "l10n.systemBelowMinspecForGame": "Ваша система не соответствует минимальным требованиям для оптимальных настроек в этой игре или приложении. Частота кадров при оптимальных настройках может быть неприемлемой",
    "l10n.gameCannotBeOptimized": "Невозможно оптимизировать игру",
    "l10n.appCannotBeOptimized": "Невозможно оптимизировать приложение",
    "l10n.markFavorite": "Добавить в Избранное",
    "l10n.unableToRetrieveSettings": "Невозможно получить настройки. Повторите попытку позже.",
    "l10n.systemDoesNotSupportOps": "GeForce Experience не может оптимизировать игры и приложения на данном ПК",
    "l10n.needToMeetSystemRequirement": "Убедитесь в соответствии",
    "l10n.betterQuality": "Лучшее качество",
    "l10n.tileView": "Плиточный вид",
    "l10n.detailsView": "Просмотр подробных сведений",
    "l10n.usingBatteryBoostSettings": "Используются настройки BatteryBoost",
    "l10n.usingCustomBatterySettings": "Используются пользовательские настройки батареи",
    "l10n.whenOnBattery": "При питании от батареи",
    "l10n.whenPluggedIn": "При питании от сети",
    "l10n.dsr": "DSR",
    "l10n.dsrInfo": "Игра и приложение будут формироваться в высоком разрешении, а затем масштабироваться до аппаратного разрешения вашего монитора с целью повышения качества изображения.",
    "l10n.unableToUpdateGameSettings": "Не удалось обновить настройки.",
    "l10n.scanningFailed": "Сбой сканирования",
    "l10n.unableToReachNvidiaServers": "Не удалось подключиться к серверам NVIDIA.",
    "l10n.viewHiddenGames": "Просмотреть скрытые игры и приложения",
    "l10n.viewAllGames": "Просмотреть все игры и приложения",
    "l10n.noHiddenGames": "Нет скрытых игр и приложений",
    "l10n.hiddenNumber": "Скрытые ({{number}})",
    "l10n.gamesYouPlay": "Запущенные игры и приложения будут отображаться здесь",
    "l10n.gamesAppearHere": "Ваши игры и приложения отображаются здесь",
    "l10n.gameIsOptimizedForQuietMode": "Игра или приложение оптимизированы для <a {{whisperModeCustomHtml}}>WhisperMode</a>",
    "l10n.usingOptimalSettingsForQuietMode": "Используются оптимальные настройки для <a {{whisperModeCustomHtml}}>WhisperMode</a>",
    "l10n.gameIsNotOptimizedForQuietMode": "Игра или приложение не оптимизированы для <a {{whisperModeCustomHtml}}>WhisperMode</a>",
    "l10n.customSettingsQuietMode": "Пользовательские настройки: WHISPER MODE",
    "l10n.usingCustomSettingsQuietMode": "Используются пользовательские настройки для <a {{whisperModeCustomHtml}}>WhisperMode</a>",
    "l10n.gameIsUsingCustomSettingsForQuietMode": "Игра настроена для <a {{whisperModeCustomHtml}}>WhisperMode</a>",
    "l10n.appIsUsingCustomSettingsForQuietMode": "Приложение настроено для <a {{whisperModeCustomHtml}}>WhisperMode</a>",
    "l10n.noAnselReadyGames": "Нет Ansel-совместимых игр",
    "l10n.frameRateWhisperMode": "ЧАСТОТА КАДРОВ: WHISPER MODE",
    "l10n.frameRateBatteryBoost": "ЧАСТОТА КАДРОВ: BATTERY BOOST",
    "l10n.quietModeFps": "КАДРОВ/С В WHISPER MODE",
    "l10n.batteryBoostFps": "КАДРОВ/С В BATTERY BOOST",
    "l10n.fpsCount": "{{number}} КАДРОВ/С",
    "l10n.couldNotRetrieveWMFps": "Не удалось получить ЧАСТОТУ КАДРОВ В WHISPER MODE",
    "l10n.couldNotRetrieveBBFps": "Не удалось получить ЧАСТОТУ КАДРОВ В BATTERY BOOST",
    "l10n.recommendedFps": "РЕКОМЕНДОВАНО",
    "l10n.freestyleReadyNumber": "Freestyle-совместимые игры ({{number}})",
    "l10n.noFreestyleReadyGames": "Нет FreeStyle-совместимых игр и приложений",
    "l10n.playCloud": "Играть в облаке",
    "l10n.gameIsOptimizedForPerformanceMode": "Игра или приложение оптимизированы для режима производительности",
    "l10n.usingOptimalSettingsForPerformanceMode": "Используются оптимальные настройки для режима производительности",
    "l10n.gameIsNotOptimizedForPerformanceMode": "Игра или приложение не оптимизированы для режима производительности",
    "l10n.customSettingsPerformanceMode": "Пользовательские настройки: РЕЖИМ ПРОИЗВОДИТЕЛЬНОСТИ",
    "l10n.usingCustomSettingsPerformanceMode": "Используются пользовательские настройки для режима производительности",
    "l10n.gameIsUsingCustomSettingsForPerformanceMode": "Игра или приложение настроены для режима производительности"
}
