{
    "l10n.allNumber": "Všetko ({{number}})",
    "l10n.play": "Spustiť",
    "l10n.games": "HRY A APLIKÁCIE",
    "l10n.optimized": "Optimalizované",
    "l10n.optimizedNumber": "Optimalizované ({{number}})",
    "l10n.favorites": "Obľúbené položky",
    "l10n.favoritesNumber": "Obľúbené položky ({{number}})",
    "l10n.favorite": "Obľúbená položka",
    "l10n.anselReadyNumber": "S podporou programu Ansel ({{number}})",
    "l10n.removeFavorite": "Odstrániť obľúbenú položku",
    "l10n.recent": "Najnovšie",
    "l10n.playtime": "Čas hrania",
    "l10n.tags": "Značky",
    "l10n.showGame": "Zobraziť hru alebo aplikáciu",
    "l10n.hideGame": "Skryť hru alebo aplikáciu",
    "l10n.events": "Udalosti",
    "l10n.hints": "Tipy",
    "l10n.leaderboards": "Rebríčky",
    "l10n.optimization": "Optimalizácia",
    "l10n.showHiddenGames": "Zobraziť skryté hry a aplikácie",
    "l10n.hideHiddenGames": "Opätovne skryť hry a aplikácie nastavené ako skryté",
    "l10n.pluggedIn": "Zo siete",
    "l10n.onBattery": "Z batérie",
    "l10n.notOptimized": "Neoptimalizované",
    "l10n.revert": "Obnoviť",
    "l10n.setting": "Nastavenie",
    "l10n.current": "Aktuálne",
    "l10n.optimal": "Optimálna",
    "l10n.lastPlayed": "Naposledy spustené: ",
    "l10n.timeago": "Pred {{number}} {{timeUnit}}",
    "l10n.yesterday": "Včera",
    "l10n.monthYear": "{{month}} {{year}}",
    "l10n.totalPlayed": "Celkový čas hrania: {{number}} {{timeUnit}}",
    "l10n.usingOptimalSettings": "Používajú sa optimálne nastavenia",
    "l10n.usingCustomSettings": "Používajú sa vlastné nastavenia",
    "l10n.scanForGames": "Vyhľadávať hry a aplikácie",
    "l10n.optimizeAllGames": "Optimalizovať všetky hry a aplikácie",
    "l10n.manageTags": "Spravovať značky",
    "l10n.enterTag": "Zadajte značku",
    "l10n.secondaryTag": "+značka",
    "l10n.inGame": "Počas hry",
    "l10n.inApp": "V aplikácii",
    "l10n.nvidia": "NVIDIA",
    "l10n.scanning": "Vyhľadáva sa...",
    "l10n.scanFinished": "Vyhľadávanie sa dokončilo",
    "l10n.optimizing": "Optimalizuje sa...",
    "l10n.optimizeFinished": "Optimalizácia sa dokončila",
    "l10n.watchNow": "Pozerať",
    "l10n.playLocally": "Hrať lokálne",
    "l10n.streamFromPC": "Streamovať z domáceho PC",
    "l10n.playOnGeForce": "Hrať so systémom GeForce Now",
    "l10n.doNotOptimize": "Neoptimalizovať",
    "l10n.resolution": "Rozlíšenie:",
    "l10n.displayMode": "Režim zobrazenia:",
    "l10n.optimizeFor": "Optimalizovať na:",
    "l10n.performance": "Výkon",
    "l10n.battery": "Batéria",
    "l10n.quality": "Kvalita",
    "l10n.couldNotRetrieveCustomSettings": "Nepodarilo sa načítať vlastné nastavenia. Skúste to znova neskôr",
    "l10n.recommended": "{{string}} (odporúčané)",
    "l10n.apply": "Použiť",
    "l10n.optimizeRecommended": "Optimalizovať (odporúčané)",
    "l10n.optimizePerformance": "Optimalizovať na výkon",
    "l10n.optimizeQuality": "Optimalizovať na kvalitu",
    "l10n.reset": "Obnoviť",
    "l10n.dynamicSuperResolutions": "Technológie Dynamic Super Resolution",
    "l10n.wideScreen1610": "Širokouhlé zobrazenie (16:10)",
    "l10n.wideScreen169": "Širokouhlé zobrazenie (16:9)",
    "l10n.standard43": "Štandardné zobrazenie (4:3)",
    "l10n.standard54": "Štandardné zobrazenie (5:4)",
    "l10n.custom": "Vlastné",
    "l10n.customSettings": "Vlastné nastavenia",
    "l10n.customSettingsPluggedIn": "Vlastné nastavenia: Zo siete",
    "l10n.customSettingsOnBattery": "Vlastné nastavenia: Z batérie",
    "l10n.gameInfo": "Informácie o hre alebo aplikácii",
    "l10n.gameIsNotOptimized": "Hra nie je optimalizovaná",
    "l10n.gameIsOptimized": "Hra je optimalizovaná",
    "l10n.appIsNotOptimized": "Aplikácia nie je optimalizovaná",
    "l10n.appIsOptimized": "Aplikácia je optimalizovaná",
    "l10n.videos": "Videá",
    "l10n.description": "Popis",
    "l10n.noDescription": "Popis nie je k dispozícii",
    "l10n.systemRequirement": "Systémové požiadavky",
    "l10n.noContent": "Je tu prázdno",
    "l10n.feelingLonelyHere": "Je to tu opustené...",
    "l10n.findAWayToPlay": "Nájdite spôsob ako hrať",
    "l10n.gamesAreNotOptimized": "Hry a aplikácie nie sú optimalizované",
    "l10n.noFavoriteGames": "Žiadne obľúbené hry a aplikácie",
    "l10n.gamesAreHidden": "Hry a aplikácie sú skryté",
    "l10n.noImagesAvailable": "Obrázky nie sú k dispozícii",
    "l10n.UnableToLoadImages": "Obrázky sa nedajú načítať",
    "l10n.UnableToRetrieveCurrentSettings": "Nie je možné načítať aktuálne nastavenia. Spustenie a ukončenie hry alebo aplikácie, prípadne úprava nastavení by mali tento problém vyriešiť.",
    "l10n.gameIsUsingCustomSettings": "Hra používa vlastné nastavenia",
    "l10n.gameIsUsingCustomBatterySettings": "Hra používa vlastné nastavenia batérie",
    "l10n.gameIsOptimizedForBattery": "Hra je optimalizovaná na napájanie z batérie",
    "l10n.appIsUsingCustomSettings": "Aplikácia používa vlastné nastavenia",
    "l10n.appIsUsingCustomBatterySettings": "Aplikácia používa vlastné nastavenia batérie",
    "l10n.appIsOptimizedForBattery": "Aplikácia je optimalizovaná na napájanie z batérie",
    "l10n.gameIsUsingPluggedInForBattery": "Hra nie je optimalizovaná na napájanie z batérie a používa nastavenia pripojenia z elektrickej siete",
    "l10n.appIsUsingPluggedInForBattery": "Aplikácia nie je optimalizovaná na napájanie z batérie a používa nastavenia pripojenia z elektrickej siete",
    "l10n.systemBelowMinspecForGame": "Váš systém nespĺňa minimálne požiadavky na optimálne nastavenie tejto hry alebo aplikácie. Pri optimálnom nastavení sa môže nastaviť snímková frekvencia, pri ktorej nebude možné hrať",
    "l10n.gameCannotBeOptimized": "Hra sa nedá optimalizovať",
    "l10n.appCannotBeOptimized": "Aplikácia sa nedá optimalizovať",
    "l10n.markFavorite": "Označiť ako obľúbenú položku",
    "l10n.unableToRetrieveSettings": "Nepodarilo sa načítať nastavenia. Skúste to znova neskôr.",
    "l10n.systemDoesNotSupportOps": "Program GeForce Experience nedokáže optimalizovať hry a aplikácie v tomto počítači",
    "l10n.needToMeetSystemRequirement": "Skontrolujte, či spĺňate",
    "l10n.betterQuality": "Lepšia kvalita",
    "l10n.tileView": "Zobrazenie dlaždice",
    "l10n.detailsView": "Zobrazenie podrobných informácií",
    "l10n.usingBatteryBoostSettings": "Používanie nastavení režimu BatteryBoost",
    "l10n.usingCustomBatterySettings": "Používanie vlastných nastavení batérie",
    "l10n.whenOnBattery": "Pri napájaní z batérie",
    "l10n.whenPluggedIn": "Pri napájaní zo siete",
    "l10n.dsr": "DSR",
    "l10n.dsrInfo": "Hra alebo aplikácia sa vykreslí s vyšším rozlíšením a následne sa nastaví na vlastné rozlíšenie monitora, čím sa zlepší kvalita obrazu.",
    "l10n.unableToUpdateGameSettings": "Nepodarilo sa aktualizovať nastavenia.",
    "l10n.scanningFailed": "Vyhľadávanie zlyhalo",
    "l10n.unableToReachNvidiaServers": "Nepodarilo sa pripojiť k serverom NVIDIA.",
    "l10n.viewHiddenGames": "Zobraziť hry a aplikácie",
    "l10n.viewAllGames": "Zobraziť všetky hry a aplikácie",
    "l10n.noHiddenGames": "Žiadne skryté hry a aplikácie",
    "l10n.hiddenNumber": "Skryté ({{number}})",
    "l10n.gamesYouPlay": "Tu sa zobrazujú spúšťané hry a aplikácie",
    "l10n.gamesAppearHere": "Tu sa zobrazujú vaše spúšťané hry a aplikácie",
    "l10n.gameIsOptimizedForQuietMode": "Hra alebo aplikácia je optimalizovaná pre režim <a {{whisperModeCustomHtml}}>WhisperMode</a>",
    "l10n.usingOptimalSettingsForQuietMode": "Používajú sa optimálne nastavenia pre režim <a {{whisperModeCustomHtml}}>WhisperMode</a>",
    "l10n.gameIsNotOptimizedForQuietMode": "Hra alebo aplikácia nie je optimalizovaná pre režim <a {{whisperModeCustomHtml}}>WhisperMode</a>",
    "l10n.customSettingsQuietMode": "Vlastné nastavenia: WHISPER MODE",
    "l10n.usingCustomSettingsQuietMode": "Používajú sa vlastné nastavenia pre režim <a {{whisperModeCustomHtml}}>WhisperMode</a>",
    "l10n.gameIsUsingCustomSettingsForQuietMode": "Hra je prispôsobená pre režim <a {{whisperModeCustomHtml}}>WhisperMode</a>",
    "l10n.appIsUsingCustomSettingsForQuietMode": "Aplikácia je prispôsobená pre režim <a {{whisperModeCustomHtml}}>WhisperMode</a>",
    "l10n.noAnselReadyGames": "Žiadne hry s podporou programu Ansel",
    "l10n.frameRateWhisperMode": "SNÍMKOVÁ FREKVENCIA: WHISPER MODE",
    "l10n.frameRateBatteryBoost": "SNÍMKOVÁ FREKVENCIA: ZVÝŠENIE VÝKONU BATÉRIE",
    "l10n.quietModeFps": "WHISPER MODE – POČET SNÍMOK ZA SEKUNDU",
    "l10n.batteryBoostFps": "ZVÝŠENIE VÝKONU BATÉRIE – POČET SNÍMOK ZA SEKUNDU",
    "l10n.fpsCount": "{{number}} SN./S",
    "l10n.couldNotRetrieveWMFps": "Nepodarilo sa získať POČET SNÍMOK ZA SEKUNDU v režime WHISPER MODE",
    "l10n.couldNotRetrieveBBFps": "Nepodarilo sa získať POČET SNÍMOK ZA SEKUNDU v režime ZVÝŠENIE VÝKONU BATÉRIE",
    "l10n.recommendedFps": "ODPORÚČANÁ",
    "l10n.freestyleReadyNumber": "S podporou funkcie Freestyle ({{number}})",
    "l10n.noFreestyleReadyGames": "Žiadne hry alebo aplikácie s podporou funkcie FreeStyle",
    "l10n.playCloud": "Hrajte sa v cloude",
    "l10n.gameIsOptimizedForPerformanceMode": "Hra alebo aplikácia je optimalizovaná na režim Výkon",
    "l10n.usingOptimalSettingsForPerformanceMode": "Používajú sa optimálne nastavenia pre režim výkonu",
    "l10n.gameIsNotOptimizedForPerformanceMode": "Hra alebo aplikácia nie je optimalizovaná pre režim Výkon",
    "l10n.customSettingsPerformanceMode": "Vlastné nastavenia: REŽIM VÝKONU",
    "l10n.usingCustomSettingsPerformanceMode": "Používajú sa vlastné nastavenia pre režim výkonu",
    "l10n.gameIsUsingCustomSettingsForPerformanceMode": "Hra alebo aplikácia je prispôsobená na režim Výkon"
}
