{
    "l10n.allNumber": "Tümü ({{number}})",
    "l10n.play": "Başlat",
    "l10n.games": "OYUNLAR VE UYGULAMALAR",
    "l10n.optimized": "Optimize Edildi",
    "l10n.optimizedNumber": "Optimize edilmiş ({{number}})",
    "l10n.favorites": "Sık Kullanılanlar",
    "l10n.favoritesNumber": "Sık kullanılanlar ({{number}})",
    "l10n.favorite": "Sık Kullanılan",
    "l10n.anselReadyNumber": "Ansel için hazır olanlar ({{number}})",
    "l10n.removeFavorite": "Sık Kullanılanlardan Kaldır",
    "l10n.recent": "En son",
    "l10n.playtime": "Oynama Süresi",
    "l10n.tags": "Etiketler",
    "l10n.showGame": "Oyunu veya uygulamayı göster",
    "l10n.hideGame": "Oyunu veya uygulamayı gizle",
    "l10n.events": "Yarışmalar",
    "l10n.hints": "İpuçları",
    "l10n.leaderboards": "Lider Tabloları",
    "l10n.optimization": "Optimizasyon",
    "l10n.showHiddenGames": "Gizlenen oyunları ve uygulamaları göster",
    "l10n.hideHiddenGames": "Gizlenen oyunları ve uygulamaları yeniden gizle",
    "l10n.pluggedIn": "Fişe takılıyken",
    "l10n.onBattery": "Pille çalışırken",
    "l10n.notOptimized": "Optimize edilmedi",
    "l10n.revert": "Önceki ayarlara geri dön",
    "l10n.setting": "Ayar",
    "l10n.current": "Şimdiki",
    "l10n.optimal": "Optimum",
    "l10n.lastPlayed": "En son ne zaman başlatıldı: ",
    "l10n.timeago": "{{number}} {{timeUnit}} önce",
    "l10n.yesterday": "Dün",
    "l10n.monthYear": "{{month}} {{year}}",
    "l10n.totalPlayed": "Oynanan toplam süre: {{number}} {{timeUnit}}",
    "l10n.usingOptimalSettings": "Optimum ayarlar kullanılıyor",
    "l10n.usingCustomSettings": "Özel ayarlar kullanılıyor",
    "l10n.scanForGames": "Oyunları ve uygulamaları tara",
    "l10n.optimizeAllGames": "Bütün oyunları ve uygulamaları optimize et",
    "l10n.manageTags": "Etiketleri yönet",
    "l10n.enterTag": "Etiket gir",
    "l10n.secondaryTag": "+Etiket",
    "l10n.inGame": "Oyun içi",
    "l10n.inApp": "Uygulama içi",
    "l10n.nvidia": "NVIDIA",
    "l10n.scanning": "Taranıyor...",
    "l10n.scanFinished": "Tarama tamamlandı",
    "l10n.optimizing": "Optimize ediliyor...",
    "l10n.optimizeFinished": "Optimizasyon tamamlandı",
    "l10n.watchNow": "Şimdi İzle",
    "l10n.playLocally": "Yerel olarak oyna",
    "l10n.streamFromPC": "Evdeki PC'mden akış gönder",
    "l10n.playOnGeForce": "GeForce Now ile Oyna",
    "l10n.doNotOptimize": "Optimize edilmesin",
    "l10n.resolution": "Çözünürlük:",
    "l10n.displayMode": "Ekran modu:",
    "l10n.optimizeFor": "Şunun için optimize et:",
    "l10n.performance": "Performans",
    "l10n.battery": "Pil",
    "l10n.quality": "Kalite",
    "l10n.couldNotRetrieveCustomSettings": "Özel ayarlar alınamadı. Daha sonra tekrar deneyin.",
    "l10n.recommended": "{{string}} (önerilen)",
    "l10n.apply": "Uygula",
    "l10n.optimizeRecommended": "Optimize et (önerilir)",
    "l10n.optimizePerformance": "Performans için optimize et",
    "l10n.optimizeQuality": "Kalite için optimize et",
    "l10n.reset": "Sıfırla",
    "l10n.dynamicSuperResolutions": "Dynamic Super Resolution'lar",
    "l10n.wideScreen1610": "Geniş ekran (16:10)",
    "l10n.wideScreen169": "Geniş ekran (16:9)",
    "l10n.standard43": "Standart (4:3)",
    "l10n.standard54": "Standart (5:4)",
    "l10n.custom": "Özel",
    "l10n.customSettings": "Özel Ayarlar",
    "l10n.customSettingsPluggedIn": "Özel Ayarlar: Fişe takılıyken",
    "l10n.customSettingsOnBattery": "Özel Ayarlar: Pille çalışırken",
    "l10n.gameInfo": "Oyun veya Uygulama Bilgisi",
    "l10n.gameIsNotOptimized": "Oyun optimize edilmemiş durumda",
    "l10n.gameIsOptimized": "Oyun optimize edilmiş durumda",
    "l10n.appIsNotOptimized": "Uygulama optimize edilmedi",
    "l10n.appIsOptimized": "Uygulama optimize edildi",
    "l10n.videos": "Videolar",
    "l10n.description": "Açıklaması",
    "l10n.noDescription": "Açıklama yok",
    "l10n.systemRequirement": "Sistem Gereklilikleri",
    "l10n.noContent": "Tüh... Burası boş",
    "l10n.feelingLonelyHere": "İnsan burada kendini yalnız hissediyor...",
    "l10n.findAWayToPlay": "Oynamanın bir yolunu bulun",
    "l10n.gamesAreNotOptimized": "Oyunlar ve uygulamalar optimize edilmedi",
    "l10n.noFavoriteGames": "Sık kullanılan oyun ve uygulama yok",
    "l10n.gamesAreHidden": "Oyunlar ve uygulamalar gizlendi",
    "l10n.noImagesAvailable": "Görüntü yok",
    "l10n.UnableToLoadImages": "Görüntüler yüklenemiyor",
    "l10n.UnableToRetrieveCurrentSettings": "Geçerli ayarlar alınamıyor. Oyunu veya uygulamayı başlatmak ve kapatmak veya ayarları düzenlemek bu sorunu çözmelidir.",
    "l10n.gameIsUsingCustomSettings": "Oyun, özel ayarları kullanıyor",
    "l10n.gameIsUsingCustomBatterySettings": "Oyun, pille kullanım için özel ayarları kullanıyor",
    "l10n.gameIsOptimizedForBattery": "Oyun, pille kullanım için optimize edilmiş durumda",
    "l10n.appIsUsingCustomSettings": "Uygulama, özel ayarları kullanıyor",
    "l10n.appIsUsingCustomBatterySettings": "Uygulama, pille kullanım için özel ayarları kullanıyor",
    "l10n.appIsOptimizedForBattery": "Uygulama, pille kullanım için optimize edilmiş durumda",
    "l10n.gameIsUsingPluggedInForBattery": "Oyun, pille kullanım için optimize edilmemiş; elektriğe bağlıyken uygulanan ayarlar kullanılıyor",
    "l10n.appIsUsingPluggedInForBattery": "Uygulama, pille kullanım için optimize edilmemiş; elektriğe bağlıyken uygulanan ayarlar kullanılıyor",
    "l10n.systemBelowMinspecForGame": "Sisteminiz, bu oyundaki veya uygulamadaki optimum ayarların minimum gereksinimlerini karşılamıyor. Sisteminiz, optimum ayarlar uygulandığında ayarlanacak kare hızlarını görüntüleyemeyebilir.",
    "l10n.gameCannotBeOptimized": "Oyun optimize edilemiyor",
    "l10n.appCannotBeOptimized": "Uygulama optimize edilemiyor",
    "l10n.markFavorite": "Sık kullanılanlara ekle",
    "l10n.unableToRetrieveSettings": "Ayarlar alınamıyor. Sonradan tekrar deneyin.",
    "l10n.systemDoesNotSupportOps": "GeForce Experience bu PC'deki oyunları ve uygulamaları optimize edemiyor",
    "l10n.needToMeetSystemRequirement": "Lütfen, sisteminizin şu sistem gereklerini yerine getirdiğinden emin olun:",
    "l10n.betterQuality": "Daha İyi Kalite",
    "l10n.tileView": "Döşenmiş görünüm",
    "l10n.detailsView": "Ayrıntılı görünüm",
    "l10n.usingBatteryBoostSettings": "BatteryBoost ayarları kullanılıyor",
    "l10n.usingCustomBatterySettings": "Özel pil ayarları kullanılıyor",
    "l10n.whenOnBattery": "Pil gücüyle çalışırken",
    "l10n.whenPluggedIn": "Elektriğe bağlı çalışırken",
    "l10n.dsr": "DSR",
    "l10n.dsrInfo": "Görüntü kalitesini artırmak için, oyun ve uygulama görüntüsü yüksek bir çözünürlükte oluşturulup monitörün doğal çözünürlüğüne ölçeklendirilecek.",
    "l10n.unableToUpdateGameSettings": "Ayarlar güncelleştirilemedi.",
    "l10n.scanningFailed": "Tarama başarısız",
    "l10n.unableToReachNvidiaServers": "NVIDIA sunucularına erişilemiyor.",
    "l10n.viewHiddenGames": "Gizlenen oyunları ve uygulamaları görüntüle",
    "l10n.viewAllGames": "Bütün oyunları ve uygulamaları görüntüle",
    "l10n.noHiddenGames": "Gizlenen oyun ve uygulama yok",
    "l10n.hiddenNumber": "Gizli ({{number}})",
    "l10n.gamesYouPlay": "Başlattığınız oyunlar ve uygulamalar burada görünür",
    "l10n.gamesAppearHere": "Oyunlarınız ve uygulamalarınız burada görünür",
    "l10n.gameIsOptimizedForQuietMode": "Oyun ve uygulama <a {{whisperModeCustomHtml}}>WhisperMode</a> için optimize edilmiş durumda",
    "l10n.usingOptimalSettingsForQuietMode": "<a {{whisperModeCustomHtml}}>WhisperMode</a> için optimum ayarlar kullanılıyor",
    "l10n.gameIsNotOptimizedForQuietMode": "Oyun ve uygulama <a {{whisperModeCustomHtml}}>WhisperMode</a> için optimize edilmemiş durumda",
    "l10n.customSettingsQuietMode": "Özel Ayarlar: WHISPER MODE",
    "l10n.usingCustomSettingsQuietMode": "<a {{whisperModeCustomHtml}}>WhisperMode</a> için özel ayarlar kullanılıyor",
    "l10n.gameIsUsingCustomSettingsForQuietMode": "Oyun, <a {{whisperModeCustomHtml}}>WhisperMode</a> için özelleştirilmiş durumda",
    "l10n.appIsUsingCustomSettingsForQuietMode": "Oyun ve uygulama <a {{whisperModeCustomHtml}}>WhisperMode</a> için özelleştirilmiş durumda",
    "l10n.noAnselReadyGames": "Ansel için hazır oyun yok",
    "l10n.frameRateWhisperMode": "KARE HIZI: WHISPER MODE",
    "l10n.frameRateBatteryBoost": "KARE HIZI: TURBO PİL",
    "l10n.quietModeFps": "WHISPER MODE FPS",
    "l10n.batteryBoostFps": "TURBO PİL FPS",
    "l10n.fpsCount": "{{number}} FPS",
    "l10n.couldNotRetrieveWMFps": "WHISPER MODE FPS alınamadı",
    "l10n.couldNotRetrieveBBFps": "TURBO PİL FPS alınamadı",
    "l10n.recommendedFps": "ÖNERİLEN",
    "l10n.freestyleReadyNumber": "Freestyle için hazır ({{number}})",
    "l10n.noFreestyleReadyGames": "FreeStyle için hazır oyun ve uygulama yok",
    "l10n.playCloud": "Bulut Sisteminde Oyna",
    "l10n.gameIsOptimizedForPerformanceMode": "Oyun veya uygulama, Performans için optimize edilmiş",
    "l10n.usingOptimalSettingsForPerformanceMode": "Performans Modu için optimum ayarlar kullanılıyor",
    "l10n.gameIsNotOptimizedForPerformanceMode": "Oyun ve uygulama Performans için optimize edilmemiş durumda",
    "l10n.customSettingsPerformanceMode": "Özel Ayarlar: PERFORMANS MODU",
    "l10n.usingCustomSettingsPerformanceMode": "Performans Modu için özel ayarlar kullanılıyor",
    "l10n.gameIsUsingCustomSettingsForPerformanceMode": "Oyun veya uygulama, Performans için özelleştirilmiş durumda"
}
