{
    "l10n.allNumber": "全部 ({{number}})",
    "l10n.play": "启动",
    "l10n.games": "游戏及应用程序",
    "l10n.optimized": "已优化",
    "l10n.optimizedNumber": "已优化 ({{number}})",
    "l10n.favorites": "喜爱的项目",
    "l10n.favoritesNumber": "喜爱项目 ({{number}})",
    "l10n.favorite": "最喜爱的",
    "l10n.anselReadyNumber": "Ansel 准备就绪 ({{number}})",
    "l10n.removeFavorite": "删除喜爱的项目",
    "l10n.recent": "最近",
    "l10n.playtime": "游戏时间",
    "l10n.tags": "标签",
    "l10n.showGame": "显示游戏或应用程序",
    "l10n.hideGame": "隐藏游戏或应用程序",
    "l10n.events": "赛事",
    "l10n.hints": "提示",
    "l10n.leaderboards": "排行榜",
    "l10n.optimization": "优化",
    "l10n.showHiddenGames": "显示已隐藏的游戏及应用程序",
    "l10n.hideHiddenGames": "隐藏设置为隐藏的游戏及应用程序",
    "l10n.pluggedIn": "接通电源",
    "l10n.onBattery": "用电池",
    "l10n.notOptimized": "未优化",
    "l10n.revert": "恢复",
    "l10n.setting": "设置",
    "l10n.current": "当前",
    "l10n.optimal": "最佳",
    "l10n.lastPlayed": "最后启动： ",
    "l10n.timeago": "{{number}} {{timeUnit}} 之前",
    "l10n.yesterday": "昨天",
    "l10n.monthYear": "{{month}} {{year}}",
    "l10n.totalPlayed": "游戏总时间：{{number}} {{timeUnit}}",
    "l10n.usingOptimalSettings": "使用最佳设置",
    "l10n.usingCustomSettings": "正在使用自定义设置",
    "l10n.scanForGames": "扫描游戏及应用程序",
    "l10n.optimizeAllGames": "优化所有游戏及应用程序",
    "l10n.manageTags": "管理标签",
    "l10n.enterTag": "输入标签",
    "l10n.secondaryTag": "+标签",
    "l10n.inGame": "游戏内",
    "l10n.inApp": "应用内",
    "l10n.nvidia": "NVIDIA",
    "l10n.scanning": "正在扫描……",
    "l10n.scanFinished": "扫描完成",
    "l10n.optimizing": "正在优化……",
    "l10n.optimizeFinished": "优化完成",
    "l10n.watchNow": "现在观看",
    "l10n.playLocally": "在本机上玩游戏",
    "l10n.streamFromPC": "从我的家庭版 PC 上进行串流",
    "l10n.playOnGeForce": "在 GeForce Now 上游戏",
    "l10n.doNotOptimize": "不优化",
    "l10n.resolution": "分辨率：",
    "l10n.displayMode": "显示模式：",
    "l10n.optimizeFor": "优化：",
    "l10n.performance": "性能",
    "l10n.battery": "电池",
    "l10n.quality": "质量",
    "l10n.couldNotRetrieveCustomSettings": "无法检索自定义设置。请稍后重试",
    "l10n.recommended": "{{string}}（推荐）",
    "l10n.apply": "应用",
    "l10n.optimizeRecommended": "优化（推荐）",
    "l10n.optimizePerformance": "优化性能",
    "l10n.optimizeQuality": "优化质量",
    "l10n.reset": "重置",
    "l10n.dynamicSuperResolutions": "Dynamic super resolutions",
    "l10n.wideScreen1610": "宽屏 (16:10)",
    "l10n.wideScreen169": "宽屏 (16:9)",
    "l10n.standard43": "标准 (4:3)",
    "l10n.standard54": "标准 (5:4)",
    "l10n.custom": "自定义",
    "l10n.customSettings": "自定义设置",
    "l10n.customSettingsPluggedIn": "自定义设置：接通电源",
    "l10n.customSettingsOnBattery": "自定义设置：用电池",
    "l10n.gameInfo": "游戏或应用程序信息",
    "l10n.gameIsNotOptimized": "游戏未优化",
    "l10n.gameIsOptimized": "游戏已优化",
    "l10n.appIsNotOptimized": "应用程序未优化",
    "l10n.appIsOptimized": "应用程序已优化",
    "l10n.videos": "视频",
    "l10n.description": "说明",
    "l10n.noDescription": "无法获取描述",
    "l10n.systemRequirement": "系统要求",
    "l10n.noContent": "此处空白",
    "l10n.feelingLonelyHere": "在这里感觉很孤单……",
    "l10n.findAWayToPlay": "寻找支持的游戏",
    "l10n.gamesAreNotOptimized": "游戏及应用程序未优化",
    "l10n.noFavoriteGames": "无喜欢的游戏及应用程序",
    "l10n.gamesAreHidden": "游戏及应用程序已隐藏",
    "l10n.noImagesAvailable": "无法获取图像",
    "l10n.UnableToLoadImages": "无法加载图像",
    "l10n.UnableToRetrieveCurrentSettings": "无法检索当前的设置。启动然后关闭游戏或应用程序，或者编辑设置，应该可以修复此问题。",
    "l10n.gameIsUsingCustomSettings": "游戏正在使用自定义设置",
    "l10n.gameIsUsingCustomBatterySettings": "游戏正在使用针对电池的自定义设置",
    "l10n.gameIsOptimizedForBattery": "游戏已优化电池设置",
    "l10n.appIsUsingCustomSettings": "应用程序正在使用自定义设置",
    "l10n.appIsUsingCustomBatterySettings": "应用程序正在使用针对电池的自定义设置",
    "l10n.appIsOptimizedForBattery": "应用程序已优化针对电池的设置",
    "l10n.gameIsUsingPluggedInForBattery": "游戏并未优化电池设置，且正在使用交流电设置",
    "l10n.appIsUsingPluggedInForBattery": "应用程序并未优化针对电池的设置，且正在使用交流电设置",
    "l10n.systemBelowMinspecForGame": "您的系统不满足此游戏或应用程序最佳设置的最低规格。最佳设置可能会产生无法运行的帧速率",
    "l10n.gameCannotBeOptimized": "游戏无法优化",
    "l10n.appCannotBeOptimized": "应用程序无法优化",
    "l10n.markFavorite": "标记喜爱的项目",
    "l10n.unableToRetrieveSettings": "无法检索设置。请稍后重试。",
    "l10n.systemDoesNotSupportOps": "GeForce Experience 无法优化此 PC 上的游戏及应用程序",
    "l10n.needToMeetSystemRequirement": "请确保您满足",
    "l10n.betterQuality": "更高质量",
    "l10n.tileView": "平铺视图",
    "l10n.detailsView": "详情视图",
    "l10n.usingBatteryBoostSettings": "使用 BatteryBoost 设置",
    "l10n.usingCustomBatterySettings": "正在使用自定义电池设置",
    "l10n.whenOnBattery": "使用电池时",
    "l10n.whenPluggedIn": "接通电源时",
    "l10n.dsr": "DSR",
    "l10n.dsrInfo": "游戏及应用程序将以高分辨率渲染，然后缩放至监视器的原始分辨率，从而提高图像质量。",
    "l10n.unableToUpdateGameSettings": "无法更新设置。",
    "l10n.scanningFailed": "扫描失败",
    "l10n.unableToReachNvidiaServers": "无法连接到 NVIDIA 服务器。",
    "l10n.viewHiddenGames": "查看已隐藏的游戏及应用程序",
    "l10n.viewAllGames": "查看所有游戏及应用程序",
    "l10n.noHiddenGames": "无隐藏的游戏及应用程序",
    "l10n.hiddenNumber": "隐藏 ({{number}})",
    "l10n.gamesYouPlay": "您启动的游戏及应用程序出现在此处",
    "l10n.gamesAppearHere": "您的游戏及应用程序出现在此处",
    "l10n.gameIsOptimizedForQuietMode": "游戏及应用程序已针对 <a {{whisperModeCustomHtml}}>WhisperMode</a> 进行优化",
    "l10n.usingOptimalSettingsForQuietMode": "使用 <a {{whisperModeCustomHtml}}>WhisperMode</a> 最佳设置",
    "l10n.gameIsNotOptimizedForQuietMode": "游戏或应用程序未针对 <a {{whisperModeCustomHtml}}>WhisperMode</a> 进行优化",
    "l10n.customSettingsQuietMode": "自定义设置：WHISPER MODE",
    "l10n.usingCustomSettingsQuietMode": "使用 <a {{whisperModeCustomHtml}}>WhisperMode</a> 自定义设置",
    "l10n.gameIsUsingCustomSettingsForQuietMode": "游戏已针对 <a {{whisperModeCustomHtml}}>WhisperMode</a> 进行自定义设置",
    "l10n.appIsUsingCustomSettingsForQuietMode": "应用程序已针对 <a {{whisperModeCustomHtml}}>WhisperMode</a> 进行自定义设置",
    "l10n.noAnselReadyGames": "无 Ansel 准备就绪的游戏",
    "l10n.frameRateWhisperMode": "帧速率：WHISPER MODE",
    "l10n.frameRateBatteryBoost": "帧速率：电池升压",
    "l10n.quietModeFps": "WHISPER MODE 每秒帧数",
    "l10n.batteryBoostFps": "电池升压每秒帧数",
    "l10n.fpsCount": "{{number}}每秒帧数",
    "l10n.couldNotRetrieveWMFps": "无法检索 WHISPER MODE 每秒帧数",
    "l10n.couldNotRetrieveBBFps": "无法检索电池升压每秒帧数",
    "l10n.recommendedFps": "推荐",
    "l10n.freestyleReadyNumber": "Freestyle 就绪 ({{number}})",
    "l10n.noFreestyleReadyGames": "无 FreeStyle 准备就绪的游戏及应用程序",
    "l10n.playCloud": "在云端游戏",
    "l10n.gameIsOptimizedForPerformanceMode": "游戏或应用程序性能已优化",
    "l10n.usingOptimalSettingsForPerformanceMode": "使用性能最佳设置",
    "l10n.gameIsNotOptimizedForPerformanceMode": "游戏或应用程序性能未优化",
    "l10n.customSettingsPerformanceMode": "自定义设置：性能模式",
    "l10n.usingCustomSettingsPerformanceMode": "使用性能自定义设置",
    "l10n.gameIsUsingCustomSettingsForPerformanceMode": "游戏或应用程序性能已自定义"
}
