{
    "l10n.allNumber": "全部 ({{number}})",
    "l10n.play": "啟動",
    "l10n.games": "遊戲和應用程式",
    "l10n.optimized": "最佳化的",
    "l10n.optimizedNumber": "最佳化的 ({{number}})",
    "l10n.favorites": "最愛",
    "l10n.favoritesNumber": "最愛 ({{number}})",
    "l10n.favorite": "最愛",
    "l10n.anselReadyNumber": "Ansel 就緒 ({{number}})",
    "l10n.removeFavorite": "移除最愛",
    "l10n.recent": "最近",
    "l10n.playtime": "玩的時間",
    "l10n.tags": "標籤",
    "l10n.showGame": "顯示遊戲或應用程式",
    "l10n.hideGame": "隱藏遊戲或應用程式",
    "l10n.events": "事件",
    "l10n.hints": "提示",
    "l10n.leaderboards": "排行榜",
    "l10n.optimization": "最佳化",
    "l10n.showHiddenGames": "顯示隱藏的遊戲和應用程式",
    "l10n.hideHiddenGames": "隱藏隱藏的遊戲和應用程式",
    "l10n.pluggedIn": "使用插座電源",
    "l10n.onBattery": "使用電池電源",
    "l10n.notOptimized": "未最佳化",
    "l10n.revert": "還原",
    "l10n.setting": "設定",
    "l10n.current": "目前",
    "l10n.optimal": "最佳",
    "l10n.lastPlayed": "上一次啟動： ",
    "l10n.timeago": "{{number}} {{timeUnit}} 以前",
    "l10n.yesterday": "昨天",
    "l10n.monthYear": "{{month}} {{year}}",
    "l10n.totalPlayed": "總共玩的時間：{{number}} {{timeUnit}}",
    "l10n.usingOptimalSettings": "使用最佳設定",
    "l10n.usingCustomSettings": "使用自訂設定",
    "l10n.scanForGames": "掃描遊戲和應用程式",
    "l10n.optimizeAllGames": "最佳化所有遊戲和應用程式",
    "l10n.manageTags": "管理標籤",
    "l10n.enterTag": "輸入一個標籤",
    "l10n.secondaryTag": "+標籤",
    "l10n.inGame": "遊戲內",
    "l10n.inApp": "應用程式內",
    "l10n.nvidia": "NVIDIA",
    "l10n.scanning": "正在掃描...",
    "l10n.scanFinished": "掃描已完成",
    "l10n.optimizing": "正在最佳化...",
    "l10n.optimizeFinished": "最佳化已完成",
    "l10n.watchNow": "立即觀看",
    "l10n.playLocally": "在本機玩",
    "l10n.streamFromPC": "從我的家用電腦串流",
    "l10n.playOnGeForce": "在 GeForce Now 上玩",
    "l10n.doNotOptimize": "不要最佳化",
    "l10n.resolution": "解析度：",
    "l10n.displayMode": "顯示模式：",
    "l10n.optimizeFor": "最佳化：",
    "l10n.performance": "效能",
    "l10n.battery": "電池",
    "l10n.quality": "品質",
    "l10n.couldNotRetrieveCustomSettings": "無法擷取自訂設定。請稍後再試",
    "l10n.recommended": "{{string}}（建議選項）",
    "l10n.apply": "套用",
    "l10n.optimizeRecommended": "最佳化（建議）",
    "l10n.optimizePerformance": "最佳化效能",
    "l10n.optimizeQuality": "最佳化品質",
    "l10n.reset": "重設",
    "l10n.dynamicSuperResolutions": "Dynamic super resolutions",
    "l10n.wideScreen1610": "寬螢幕 (16:10)",
    "l10n.wideScreen169": "寬螢幕 (16:9)",
    "l10n.standard43": "標準 (4:3)",
    "l10n.standard54": "標準 (5:4)",
    "l10n.custom": "自訂",
    "l10n.customSettings": "自訂設定",
    "l10n.customSettingsPluggedIn": "自訂設定：使用插座電源",
    "l10n.customSettingsOnBattery": "自訂設定：使用電池電源",
    "l10n.gameInfo": "遊戲或應用程式資訊",
    "l10n.gameIsNotOptimized": "遊戲未被最佳化",
    "l10n.gameIsOptimized": "遊戲已最佳化",
    "l10n.appIsNotOptimized": "應用程式並未最佳化",
    "l10n.appIsOptimized": "應用程式已最佳化",
    "l10n.videos": "影像",
    "l10n.description": "說明",
    "l10n.noDescription": "說明無法使用",
    "l10n.systemRequirement": "系統需求",
    "l10n.noContent": "哎呀...這裡面是空的",
    "l10n.feelingLonelyHere": "這裡好冷清...",
    "l10n.findAWayToPlay": "找到方法來玩",
    "l10n.gamesAreNotOptimized": "遊戲和應用程式並未最佳化",
    "l10n.noFavoriteGames": "沒有最愛的遊戲和應用程式",
    "l10n.gamesAreHidden": "遊戲和應用程式已隱藏",
    "l10n.noImagesAvailable": "影像無法使用",
    "l10n.UnableToLoadImages": "無法載入影像",
    "l10n.UnableToRetrieveCurrentSettings": "無法擷取目前的設定。開啟並關閉遊戲或應用程式，或是編輯設定，應可修正此問題。",
    "l10n.gameIsUsingCustomSettings": "遊戲正在使用自訂設定",
    "l10n.gameIsUsingCustomBatterySettings": "遊戲正在使用電池自訂設定",
    "l10n.gameIsOptimizedForBattery": "遊戲已針對電池最佳化",
    "l10n.appIsUsingCustomSettings": "應用程式正在使用自訂設定",
    "l10n.appIsUsingCustomBatterySettings": "應用程式正在使用電池自訂設定",
    "l10n.appIsOptimizedForBattery": "應用程式已針對電池最佳化",
    "l10n.gameIsUsingPluggedInForBattery": "遊戲沒有針對電池最佳化，並且正在使用一般電源設定",
    "l10n.appIsUsingPluggedInForBattery": "應用程式沒有針對電池最佳化，並且正在使用一般電源設定",
    "l10n.systemBelowMinspecForGame": "您的系統不符合這個遊戲或應用程式中最佳化設定的最低需求。最佳設定可能會遞送無法播放的畫面播放速率",
    "l10n.gameCannotBeOptimized": "無法將遊戲最佳化",
    "l10n.appCannotBeOptimized": "無法將應用程式最佳化",
    "l10n.markFavorite": "標記為我的最愛",
    "l10n.unableToRetrieveSettings": "無法擷取設定。請稍後再試。",
    "l10n.systemDoesNotSupportOps": "GeForce Experience 無法最佳化這台電腦上的遊戲和應用程式",
    "l10n.needToMeetSystemRequirement": "請確保您符合",
    "l10n.betterQuality": "品質較佳",
    "l10n.tileView": "並排顯示檢視",
    "l10n.detailsView": "詳細檢視",
    "l10n.usingBatteryBoostSettings": "使用 BatteryBoost 設定",
    "l10n.usingCustomBatterySettings": "使用自訂電池設定",
    "l10n.whenOnBattery": "使用電池供電時",
    "l10n.whenPluggedIn": "使用一般電源時",
    "l10n.dsr": "DSR",
    "l10n.dsrInfo": "遊戲和應用程式將以高解析度呈現，然後縮放為您的顯示器的原生解析度比例，以提高影像畫質。",
    "l10n.unableToUpdateGameSettings": "無法更新設定。",
    "l10n.scanningFailed": "掃描失敗",
    "l10n.unableToReachNvidiaServers": "無法連線到 NVIDIA 伺服器。",
    "l10n.viewHiddenGames": "檢視隱藏的遊戲和應用程式",
    "l10n.viewAllGames": "檢視所有遊戲和應用程式",
    "l10n.noHiddenGames": "沒有隱藏的遊戲和應用程式",
    "l10n.hiddenNumber": "隱藏的 ({{number}})",
    "l10n.gamesYouPlay": "您啟動的遊戲和應用程式會顯示在這裡",
    "l10n.gamesAppearHere": "您的遊戲和應用程式會顯示在這裡",
    "l10n.gameIsOptimizedForQuietMode": "遊戲和應用程式已針對 <a {{whisperModeCustomHtml}}>WhisperMode</a> 最佳化",
    "l10n.usingOptimalSettingsForQuietMode": "使用 <a {{whisperModeCustomHtml}}>WhisperMode</a> 的最佳設定",
    "l10n.gameIsNotOptimizedForQuietMode": "遊戲或應用程式未針對 <a {{whisperModeCustomHtml}}>WhisperMode</a> 最佳化",
    "l10n.customSettingsQuietMode": "自訂設定：WHISPER MODE",
    "l10n.usingCustomSettingsQuietMode": "使用 <a {{whisperModeCustomHtml}}>WhisperMode</a> 的自訂設定",
    "l10n.gameIsUsingCustomSettingsForQuietMode": "遊戲已針對 <a {{whisperModeCustomHtml}}>WhisperMode</a> 自訂",
    "l10n.appIsUsingCustomSettingsForQuietMode": "應用程式已針對 <a {{whisperModeCustomHtml}}>WhisperMode</a> 自訂",
    "l10n.noAnselReadyGames": "沒有 Ansel 就緒的遊戲",
    "l10n.frameRateWhisperMode": "畫面播放速率：WHISPER MODE",
    "l10n.frameRateBatteryBoost": "畫面播放速率：電池增強",
    "l10n.quietModeFps": "WHISPER MODE FPS",
    "l10n.batteryBoostFps": "電池增強 FPS",
    "l10n.fpsCount": "{{number}} FPS",
    "l10n.couldNotRetrieveWMFps": "無法擷取「WHISPER MODE FPS」",
    "l10n.couldNotRetrieveBBFps": "無法擷取「電池增強 FPS」",
    "l10n.recommendedFps": "建議使用",
    "l10n.freestyleReadyNumber": "Freestyle 就緒 ({{number}})",
    "l10n.noFreestyleReadyGames": "沒有 FreeStyle 就緒的遊戲和應用程式",
    "l10n.playCloud": "在雲端玩",
    "l10n.gameIsOptimizedForPerformanceMode": "遊戲或應用程式已針對效能最佳化",
    "l10n.usingOptimalSettingsForPerformanceMode": "使用效能的最佳設定",
    "l10n.gameIsNotOptimizedForPerformanceMode": "遊戲或應用程式未針對效能最佳化",
    "l10n.customSettingsPerformanceMode": "自訂設定：效能模式",
    "l10n.usingCustomSettingsPerformanceMode": "使用針對效能的自訂設定",
    "l10n.gameIsUsingCustomSettingsForPerformanceMode": "遊戲或應用程式已針對效能自訂"
}
