{
    "l10n.isAvailable": "elérhető",
    "l10n.releaseDate": "Kibocsátás dátuma:",
    "l10n.versionColon": "Verzió:",
    "l10n.download": "letöltés",
    "l10n.available": "Elérhető",
    "l10n.currentlyInstalled": "Jelenleg telepítve",
    "l10n.customInstall": "Egyedi telepítés",
    "l10n.expressInstall": "Expressz telepítés",
    "l10n.installDateColon": "Telepítés dátuma:",
    "l10n.reviews": "Vélemények",
    "l10n.comments": "Megjegyzések",
    "l10n.highlights": "Kiemeltek",
    "l10n.videoHighlights": "Kiemelt videók",
    "l10n.downloading": "Letöltés...",
    "l10n.checkforUpdates": "Frissítések keresése",
    "l10n.checkingforUpdates": "Frissítések keresése...",
    "l10n.latestGeforceUpdate": "A legújabb GeForce Game Ready illesztőprogrammal rendelkezel",
    "l10n.gpuAnalyzer": "GPU-elemző",
    "l10n.installationComplete": "A telepítés befejeződött",
    "l10n.installationHasFinished": "A telepítés befejeződött",
    "l10n.installationOption": "Telepítési beállítások",
    "l10n.component": "Komponens",
    "l10n.newVersion": "Új verzió",
    "l10n.currentVersion": "Jelenlegi verzió",
    "l10n.performCleanInstallation": "Tiszta telepítés végrehajtása",
    "l10n.cleanInstallMessage": "A tiszta telepítés az összes NVIDIA beállítást visszaállítja az alapértelmezett értékre, és törli a felhasználó által létrehozott összes profilt",
    "l10n.install": "Telepítés",
    "l10n.finish": "Befejezés",
    "l10n.status": "Állapot",
    "l10n.version": "Verzió",
    "l10n.installationFail": "A telepítés sikertelen",
    "l10n.installationCompleteRestart": "A telepítés befejezéséhez indítsa újra a számítógépet.",
    "l10n.restartNow": "Újraindítás most",
    "l10n.restartLater": "Újraindítás később",
    "l10n.installationCanNotContinue": "A telepítés nem folytatható",
    "l10n.restartingInSecond": "Újraindítás {{num}} másodpercen belül",
    "l10n.afterRestartInstallation": "Az újraindítás után a telepítés folytatódik.",
    "l10n.betaWithHypen": "{{name}} – BÉTA",
    "l10n.preparingForInstallation": "Felkészülés a telepítésre...",
    "l10n.preparingPackage": "Csomag felkészítése...",
    "l10n.installed": "Telepítve",
    "l10n.installing": "{{progressTitle}} telepítése",
    "l10n.unInstalling": "{{progressTitle}} eltávolítása",
    "l10n.notSelected": "Nincs kiválasztva",
    "l10n.failed": "Sikertelen",
    "l10n.paused": "Szüneteltetve",
    "l10n.retrying": "Újrapróbálkozás",
    "l10n.driverDownloadFailed": "Az illesztőprogram letöltése sikertelen",
    "l10n.downloadPausedUnableToReachNvidia": "A letöltés szünetel, az NVIDIA nem érhető el",
    "l10n.fallbackGeforceDriverName": "GeForce Game Ready illesztőprogram",
    "l10n.unableToConnectToNvidia": "Nem lehet csatlakozni az NVIDIA webhelyéhez",
    "l10n.downloadDiskSpace": "A telepítés nem folytatható. Szabadítson fel további lemezterületet. A szükséges terület: {{value}} a(z) {{drive}} lemezen",
    "l10n.otherInstallationRunning": "Más telepítések futnak. Fejezze be a többi telepítést, majd próbálja meg újra.",
    "l10n.anErrorOccured": "Hiba történt.",
    "l10n.insufficientMemory": "Kevés a memória (RAM). Zárjon be néhány programot, és próbálja meg újra.",
    "l10n.extractionErrorHeader": "Hiba történt a csomag kibontása során, ez a következő okok miatt történhetett:",
    "l10n.extractionErrorNotEnoughSpace": "Nincs elég hely a lemezen. Lemezterület felszabadításához töröljön fájlokat amire többé nincs szüksége.",
    "l10n.extractionErrorCorrupt": "A letöltött csomag sérült.",
    "l10n.newGfeAvailable": "A GeForce Experience új verziója készen áll a letöltésre.",
    "l10n.installNewVersion": "Új verzió telepítése.",
    "l10n.bestGamingExperience": "Legjobb játékélmény a szezon legnagyszerűbb játékaival",
    "l10n.overview": "Áttekintés",
    "l10n.reInstalledDriver": "Illesztőprogram újratelepítése",
    "l10n.optimalSettingsAvailable": "Optimális beállítások érhetők el",
    "l10n.tryAgain": "Próbálja meg újra",
    "l10n.operatingSystemInUseNotSupported": "A használt operációs rendszert ez a csomag nem támogatja. Kérjük, szerezze be a rendszernek megfelelő csomagot.",
    "l10n.noComponentToInstall": "Nincsenek telepíthető összetevők.",
    "l10n.requireFilesAreMissing": "Szükséges fájlok hiányoznak.",
    "l10n.requireComponentMissing": "Szükséges összetevők hiányoznak.",
    "l10n.otherInstallationIsRunning": "Más telepítések futnak. Fejezze be a többi telepítést, majd próbálja meg újra.",
    "l10n.systemRestartIsRequired": "Rendszer-újraindítás szükséges. Indítsa újra a rendszert, majd próbálja meg újra.",
    "l10n.installPackageCorrupt": "A telepítőcsomag sérült.",
    "l10n.diskSpaceConstraint": "A folytatáshoz szabadítson fel további lemezterületet. Szükséges terület: {{value}} MB lemez {{drive}}",
    "l10n.foundNewWizardIsOpen": "A hardvervarázsló fut. A telepítés a varázsló befejezése után folytatódik.",
    "l10n.installIntelDriverFirst": "Előbb egy Intel® illesztőprogramot kell telepítenie.",
    "l10n.packageCannotBeInstalledInSafeMode": "A(z) Microsoft Visual C++ Redistributable packages for Visual Studio csökkentett módban nem telepíthető.",
    "l10n.driverIsNotCompatible": "Az NVIDIA grafikus illesztőprogram nem kompatibilis a Windows ezen verziójával.",
    "l10n.graphicsHardwareNotCompatible": "A grafikus illesztőprogram nem talált kompatibilis grafikus hardvert.",
    "l10n.3dVisionDriverNotCompatible": "A telepített NVIDIA 3D Vision vezérlő illesztőprogram nem kompatibilis ezzel a grafikus illesztőprogrammal, és el lesz távolítva. Az NVIDIA 3D Vision használatához a legújabb 3D Vision vezérlő illesztőprogramot is telepítenie kell.",
    "l10n.installingOlderDriverVersion": "Egy régebbi illesztőprogram-verziót telepít. A rendszer egy újabb verziót telepíthet, amikor a számítógépet dokkolja vagy eltávolítja a dokkból.",
    "l10n.virtualAudioIsNotCompatible": "Az Miracast virtuális hang nem kompatibilis a Windows ezen verziójával.",
    "l10n.viewDetails": "Részletek megtekintése",
    "l10n.newGRDDriverAvailable": "Új GeForce Game Ready illesztőprogram érhető el",
    "l10n.extracting": "Kibontás...",
    "l10n.updateDriverToRunFeature": "A funkció futtatásához frissíteni kell az illesztőprogramot",
    "l10n.showDriverRecommendationFor": "Válaszd ki a illesztőprogram-beállítást",
    "l10n.creatorReadyDriver": "Studio illesztőprogram",
    "l10n.recommendedForGameUpdates": "A legjobb játékélményt nyújtja",
    "l10n.recommendedForCreativeApp": "A legjobb élményt nyújtja kreatív alkalmazásokhoz",
    "l10n.latestGeforceCRDUpdate": "A legújabb NVIDIA Studio illesztőprogrammal rendelkezel",
    "l10n.newCRDDriverAvailable": "Új NVIDIA Studio illesztőprogram érhető el",
    "l10n.clickToChangeDriverPreference": "Ide kattintva megváltoztathatod a illesztőprogram beállításait.",
    "l10n.gameReadyDriver": "Game Ready illesztőprogram",
    "l10n.fallbackGeforeceCrdDriverName": "NVIDIA Studio illesztőprogram",
    "l10n.rollbackToLastDriver": "Az utolsó illesztőprogram visszaállítása",
    "l10n.serverTrouble": "Sajnáljuk, jelenleg nem lehet csatlakozni a kiszolgálóhoz. Kérjük, próbáld meg később."
}
