{
    "l10n.isAvailable": "è disponibile",
    "l10n.releaseDate": "Data di rilascio:",
    "l10n.versionColon": "Versione:",
    "l10n.download": "scarica",
    "l10n.available": "Disponibile",
    "l10n.currentlyInstalled": "Attualmente installato",
    "l10n.customInstall": "Installazione personalizzata",
    "l10n.expressInstall": "Installazione rapida",
    "l10n.installDateColon": "Data di installazione:",
    "l10n.reviews": "Recensioni",
    "l10n.comments": "Commenti",
    "l10n.highlights": "Momenti salienti",
    "l10n.videoHighlights": "Video dei momenti salienti",
    "l10n.downloading": "Download in corso...",
    "l10n.checkforUpdates": "Cerca aggiornamenti",
    "l10n.checkingforUpdates": "Ricerca aggiornamenti in corso...",
    "l10n.latestGeforceUpdate": "Hai il driver GeForce Game Ready più recente",
    "l10n.gpuAnalyzer": "Analisi della GPU",
    "l10n.installationComplete": "Installazione completata",
    "l10n.installationHasFinished": "Installazione terminata",
    "l10n.installationOption": "Opzioni di installazione",
    "l10n.component": "Componente",
    "l10n.newVersion": "Nuova versione",
    "l10n.currentVersion": "Versione corrente",
    "l10n.performCleanInstallation": "Esegui un’installazione pulita",
    "l10n.cleanInstallMessage": "Un’installazione pulita ripristina tutte le impostazioni NVIDIA sui valori predefiniti e rimuove gli eventuali profili creati",
    "l10n.install": "Installa",
    "l10n.finish": "Fine",
    "l10n.status": "Stato",
    "l10n.version": "Versione",
    "l10n.installationFail": "Installazione non riuscita",
    "l10n.installationCompleteRestart": "Per completare l’installazione, riavviare il sistema.",
    "l10n.restartNow": "Riavvia ora",
    "l10n.restartLater": "Riavvia più tardi",
    "l10n.installationCanNotContinue": "Impossibile procedere con l’installazione",
    "l10n.restartingInSecond": "Riavvio tra meno di {{num}} secondi",
    "l10n.afterRestartInstallation": "L’installazione continuerà dopo il riavvio.",
    "l10n.betaWithHypen": "{{name}} - BETA",
    "l10n.preparingForInstallation": "Preparazione all'installazione in corso...",
    "l10n.preparingPackage": "Preparazione in corso...",
    "l10n.installed": "Installato",
    "l10n.installing": "Installazione di {{progressTitle}} in corso…",
    "l10n.unInstalling": "Disinstallazione di {{progressTitle}} in corso…",
    "l10n.notSelected": "Non selezionato",
    "l10n.failed": "Operazione non riuscita",
    "l10n.paused": "In pausa",
    "l10n.retrying": "Nuovo tentativo in corso",
    "l10n.driverDownloadFailed": "Download del driver non riuscito",
    "l10n.downloadPausedUnableToReachNvidia": "Download sospeso, impossibile connettersi a NVIDIA",
    "l10n.fallbackGeforceDriverName": "Driver GeForce Game Ready",
    "l10n.unableToConnectToNvidia": "Impossibile collegarsi a NVIDIA",
    "l10n.downloadDiskSpace": "Impossibile procedere con il download, liberare ulteriore spazio sul disco. Lo spazio necessario è di {{value}} sul disco {{drive}}",
    "l10n.otherInstallationRunning": "Sono in esecuzione altre installazioni. Terminare le altre procedure di installazione e riprovare.",
    "l10n.anErrorOccured": "Si è verificato un errore.",
    "l10n.insufficientMemory": "Memoria insufficiente (RAM). Chiudere alcuni programmi e riprovare.",
    "l10n.extractionErrorHeader": "Si è verificato un errore durante l'estrazione del pacchetto. Le possibili cause dell'errore sono le seguenti:",
    "l10n.extractionErrorNotEnoughSpace": "Spazio su disco insufficiente. Per liberare spazio su disco, elimina i file non più necessari.",
    "l10n.extractionErrorCorrupt": "Il pacchetto scaricato è danneggiato.",
    "l10n.newGfeAvailable": "Una nuova versione di GeForce Experience è pronta per l'installazione.",
    "l10n.installNewVersion": "Installa la nuova versione.",
    "l10n.bestGamingExperience": "La migliore esperienza di gioco per i titoli più acclamati del momento",
    "l10n.overview": "Cenni preliminari",
    "l10n.reInstalledDriver": "Reinstallare il driver",
    "l10n.optimalSettingsAvailable": "Impostazioni ottimali disponibili",
    "l10n.tryAgain": "Riprova",
    "l10n.operatingSystemInUseNotSupported": "Il sistema operativo in uso non è supportato da questo pacchetto. Procurarsi un pacchetto compatibile con il sistema in uso.",
    "l10n.noComponentToInstall": "Nessun componente da installare.",
    "l10n.requireFilesAreMissing": "Mancano alcuni file necessari.",
    "l10n.requireComponentMissing": "Mancano alcuni componenti necessari.",
    "l10n.otherInstallationIsRunning": "Sono in esecuzione altre installazioni. Terminare le altre procedure di installazione e riprovare.",
    "l10n.systemRestartIsRequired": "È necessario riavviare il sistema. Riavviare il sistema e riprovare.",
    "l10n.installPackageCorrupt": "Il pacchetto di installazione è danneggiato.",
    "l10n.diskSpaceConstraint": "Per continuare, liberare ulteriore spazio sul disco. Spazio richiesto: Disco da {{value}} MB {{drive}}",
    "l10n.foundNewWizardIsOpen": "La procedura guidata di verifica dell’hardware è in esecuzione. L’installazione riprenderà alla fine della procedura.",
    "l10n.installIntelDriverFirst": "Installare prima un driver Intel®.",
    "l10n.packageCannotBeInstalledInSafeMode": "Microsoft Visual C++ Redistributable packages for Visual Studio non può essere installato in modalità sicura.",
    "l10n.driverIsNotCompatible": "Il driver grafico NVIDIA in uso non è compatibile con questa versione di Windows.",
    "l10n.graphicsHardwareNotCompatible": "Il driver grafico in uso non ha rilevato hardware grafici compatibili.",
    "l10n.3dVisionDriverNotCompatible": "Il driver del controller NVIDIA 3D Vision installato non è compatibile con questo driver grafico e, di conseguenza, verrà disinstallato. Per utilizzare NVIDIA 3D Vision, occorre installare l’ultima versione del driver del controller di 3D Vision.",
    "l10n.installingOlderDriverVersion": "Si sta installando una versione del driver precedente. È possibile che il sistema installi una versione più recente quando il computer è collegato a una dock station o meno.",
    "l10n.virtualAudioIsNotCompatible": "Il Audio Virtuale Miracast in uso non è compatibile con questa versione di Windows.",
    "l10n.viewDetails": "Vedi dettagli",
    "l10n.newGRDDriverAvailable": "È disponibile un nuovo driver GeForce Game Ready",
    "l10n.extracting": "Estrazione in corso...",
    "l10n.updateDriverToRunFeature": "Per utilizzare questa funzionalità è necessario aggiornare il driver.",
    "l10n.showDriverRecommendationFor": "Imposta le tue preferenze per i driver",
    "l10n.creatorReadyDriver": "Driver Studio",
    "l10n.recommendedForGameUpdates": "Consente di ottenere la migliore esperienza di gioco possibile",
    "l10n.recommendedForCreativeApp": "Consente di ottenere le migliori prestazioni possibili per le app creative",
    "l10n.latestGeforceCRDUpdate": "Hai il driver NVIDIA Studio più recente",
    "l10n.newCRDDriverAvailable": "È disponibile un nuovo driver NVIDIA Studio",
    "l10n.clickToChangeDriverPreference": "Fare clic per modificare le preferenze relative ai driver.",
    "l10n.gameReadyDriver": "Driver Game Ready",
    "l10n.fallbackGeforeceCrdDriverName": "Driver NVIDIA Studio",
    "l10n.rollbackToLastDriver": "Ripristina ultimo driver",
    "l10n.serverTrouble": "Spiacenti, impossibile connettersi al server. Riprovare più tardi."
}
