{
    "l10n.isAvailable": "está disponível",
    "l10n.releaseDate": "Data da versão:",
    "l10n.versionColon": "Versão:",
    "l10n.download": "download",
    "l10n.available": "Disponível",
    "l10n.currentlyInstalled": "Atualmente instalado",
    "l10n.customInstall": "Instalação personalizada",
    "l10n.expressInstall": "Instalação expressa",
    "l10n.installDateColon": "Data de instalação:",
    "l10n.reviews": "Revisões",
    "l10n.comments": "Comentários",
    "l10n.highlights": "Destaques",
    "l10n.videoHighlights": "Destaques de vídeo",
    "l10n.downloading": "Fazendo o download...",
    "l10n.checkforUpdates": "Procurar atualizações",
    "l10n.checkingforUpdates": "Procurando atualizações...",
    "l10n.latestGeforceUpdate": "Você tem o driver GeForce Game Ready mais recente",
    "l10n.gpuAnalyzer": "Analisador da GPU",
    "l10n.installationComplete": "Instalação completa",
    "l10n.installationHasFinished": "Instalação concluída",
    "l10n.installationOption": "Opções de instalação",
    "l10n.component": "Componente",
    "l10n.newVersion": "Nova versão",
    "l10n.currentVersion": "Versão atual",
    "l10n.performCleanInstallation": "Executar instalação limpa",
    "l10n.cleanInstallMessage": "Uma instalação limpa restaura todas as configurações NVIDIA para o valor padrão e remove os perfis que você criou",
    "l10n.install": "Instalar",
    "l10n.finish": "Concluir",
    "l10n.status": "Status",
    "l10n.version": "Versão",
    "l10n.installationFail": "A instalação falhou",
    "l10n.installationCompleteRestart": "Para completar a instalação, reinicie o computador.",
    "l10n.restartNow": "Reiniciar agora",
    "l10n.restartLater": "Reiniciar mais tarde",
    "l10n.installationCanNotContinue": "A instalação não pode continuar",
    "l10n.restartingInSecond": "Reiniciando em menos de {{num}} segundos",
    "l10n.afterRestartInstallation": "A instalação continua após o reinício.",
    "l10n.betaWithHypen": "{{name}} - BETA",
    "l10n.preparingForInstallation": "Preparando a instalação...",
    "l10n.preparingPackage": "Preparando o pacote...",
    "l10n.installed": "Instalado",
    "l10n.installing": "Instalando {{progressTitle}}",
    "l10n.unInstalling": "Desinstalando {{progressTitle}}",
    "l10n.notSelected": "Não selecionada",
    "l10n.failed": "Falhou",
    "l10n.paused": "Pausado",
    "l10n.retrying": "Tentando novamente",
    "l10n.driverDownloadFailed": "O download do driver falhou",
    "l10n.downloadPausedUnableToReachNvidia": "O download parou, não foi possível alcançar a NVIDIA",
    "l10n.fallbackGeforceDriverName": "Driver GeForce Game Ready",
    "l10n.unableToConnectToNvidia": "Não foi possível conectar com a NVIDIA",
    "l10n.downloadDiskSpace": "O download não pode continuar, libere mais espaço em disco. O espaço necessário é {{value}} no disco {{drive}}",
    "l10n.otherInstallationRunning": "Há outras instalações sendo executadas. Termine as outras instalações e tente novamente.",
    "l10n.anErrorOccured": "Ocorreu um erro.",
    "l10n.insufficientMemory": "Memória (RAM) insuficiente. Feche alguns programas e tente novamente.",
    "l10n.extractionErrorHeader": "Ocorreu um erro ao extrair o pacote. Isso pode ter ocorrido por algum dos seguintes motivos:",
    "l10n.extractionErrorNotEnoughSpace": "Não há espaço de disco suficiente. Para liberar espaço de disco, exclua arquivos que já não sejam necessários.",
    "l10n.extractionErrorCorrupt": "O pacote descarregado está corrompido.",
    "l10n.newGfeAvailable": "Uma nova versão do GeForce Experience está pronta para instalação.",
    "l10n.installNewVersion": "Instalar nova versão.",
    "l10n.bestGamingExperience": "A melhor experiência de jogo para os títulos mais populares da temporada",
    "l10n.overview": "Visão geral",
    "l10n.reInstalledDriver": "Reinstale o driver",
    "l10n.optimalSettingsAvailable": "Configurações ideais disponíveis",
    "l10n.tryAgain": "Tentar Novamente",
    "l10n.operatingSystemInUseNotSupported": "O sistema operacional usado não é suportado por este pacote. Providencie o pacote correto para o seu sistema.",
    "l10n.noComponentToInstall": "Não há componentes para instalar.",
    "l10n.requireFilesAreMissing": "Faltam arquivos obrigatórios.",
    "l10n.requireComponentMissing": "Faltam componentes obrigatórios.",
    "l10n.otherInstallationIsRunning": "Há outras instalações sendo executadas. Termine as outras instalações e tente novamente.",
    "l10n.systemRestartIsRequired": "É necessário reiniciar o sistema. Reinicie o sistema e tente novamente.",
    "l10n.installPackageCorrupt": "O pacote de instalação está corrompido.",
    "l10n.diskSpaceConstraint": "Para continuar, libere mais espaço em disco. Espaço necessário: {{value}} MB em disco {{drive}}",
    "l10n.foundNewWizardIsOpen": "O assistente de hardware está sendo executado. A instalação reinicia após a conclusão.",
    "l10n.installIntelDriverFirst": "Primeiramente, será necessário instalar um driver Intel®.",
    "l10n.packageCannotBeInstalledInSafeMode": "Microsoft Visual C++ Redistributable packages for Visual Studio não pode ser desinstalado no modo de segurança.",
    "l10n.driverIsNotCompatible": "Este driver de gráficos NVIDIA não é compatível com esta versão do Windows.",
    "l10n.graphicsHardwareNotCompatible": "Este driver de gráficos não encontrou hardware de gráficos compatível.",
    "l10n.3dVisionDriverNotCompatible": "O driver de controle do NVIDIA 3D Vision instalado não é compatível com o driver de gráficos e será desinstalado. Para usar o NVIDIA 3D Vision é preciso instalar o driver de controle mais recente do 3D Vision.",
    "l10n.installingOlderDriverVersion": "Você está instalando uma versão de driver mais antiga. O sistema pode instalar uma versão mais atual quando o computador estiver encaixado ou não.",
    "l10n.virtualAudioIsNotCompatible": "Este Áudio Virtual Miracast não é compatível com esta versão do Windows.",
    "l10n.viewDetails": "Visualizar detalhes",
    "l10n.newGRDDriverAvailable": "Um novo driver GeForce Game Ready está disponível",
    "l10n.extracting": "Extraindo...",
    "l10n.updateDriverToRunFeature": "Atualização de driver necessária para executar este recurso.",
    "l10n.showDriverRecommendationFor": "Escolha o driver de acordo com a sua preferência",
    "l10n.creatorReadyDriver": "Driver Studio",
    "l10n.recommendedForGameUpdates": "Fornece a melhor experiência de jogo",
    "l10n.recommendedForCreativeApp": "Fornece a melhor experiência para aplicativos de criação",
    "l10n.latestGeforceCRDUpdate": "Você tem o driver NVIDIA Studio mais recente",
    "l10n.newCRDDriverAvailable": "Um novo driver NVIDIA Studio está disponível",
    "l10n.clickToChangeDriverPreference": "Clique para alterar o driver de acordo com a sua preferência",
    "l10n.gameReadyDriver": "Driver Game Ready",
    "l10n.fallbackGeforeceCrdDriverName": "Driver NVIDIA Studio",
    "l10n.rollbackToLastDriver": "Voltar para o último driver",
    "l10n.serverTrouble": "Não é possível se conectar ao servidor neste momento. Tente novamente mais tarde."
}
