{
    "l10n.isAvailable": "disponível",
    "l10n.releaseDate": "Data de lançamento:",
    "l10n.versionColon": "Versão:",
    "l10n.download": "transferir",
    "l10n.available": "Disponível",
    "l10n.currentlyInstalled": "Instalado",
    "l10n.customInstall": "Instalação personalizada",
    "l10n.expressInstall": "Instalação directa",
    "l10n.installDateColon": "Data de instalação:",
    "l10n.reviews": "Opiniões",
    "l10n.comments": "Comentários",
    "l10n.highlights": "Destaques",
    "l10n.videoHighlights": "Destaques do vídeo",
    "l10n.downloading": "A transferir...",
    "l10n.checkforUpdates": "Verificar se há actualizações",
    "l10n.checkingforUpdates": "A procurar actualizações...",
    "l10n.latestGeforceUpdate": "Tem o Controlador Game Ready da GeForce mais recente",
    "l10n.gpuAnalyzer": "Analisador de GPU",
    "l10n.installationComplete": "Instalação concluída",
    "l10n.installationHasFinished": "A instalação terminou",
    "l10n.installationOption": "Opções de instalação",
    "l10n.component": "Componente",
    "l10n.newVersion": "Versão nova",
    "l10n.currentVersion": "Versão actual",
    "l10n.performCleanInstallation": "Efectuar uma instalação de raiz",
    "l10n.cleanInstallMessage": "Uma instalação de raiz repõe em todas as definições da NVIDIA os valores predefinidos e remove todos os perfis que tiver criado",
    "l10n.install": "Instalar",
    "l10n.finish": "Concluir",
    "l10n.status": "Estado",
    "l10n.version": "Versão",
    "l10n.installationFail": "Falha na instalação",
    "l10n.installationCompleteRestart": "Para concluir a instalação, reinicie o sistema.",
    "l10n.restartNow": "Reiniciar agora",
    "l10n.restartLater": "Reiniciar mais tarde",
    "l10n.installationCanNotContinue": "Não é possível prosseguir com a instalação",
    "l10n.restartingInSecond": "Irá reiniciar dentro de menos de {{num}} segundos",
    "l10n.afterRestartInstallation": "Depois do reinício, a instalação prosseguirá.",
    "l10n.betaWithHypen": "{{name}} - BETA",
    "l10n.preparingForInstallation": "A preparar a instalação...",
    "l10n.preparingPackage": "A preparar o pacote...",
    "l10n.installed": "Instalada",
    "l10n.installing": "A instalar {{progressTitle}}",
    "l10n.unInstalling": "A desinstalar {{progressTitle}}",
    "l10n.notSelected": "Não seleccionada",
    "l10n.failed": "Falhou",
    "l10n.paused": "Em pausa",
    "l10n.retrying": "A tentar novamente",
    "l10n.driverDownloadFailed": "Falha na transferência do controlador",
    "l10n.downloadPausedUnableToReachNvidia": "Transferência em pausa, não é possível estabelecer ligação com a NVIDIA",
    "l10n.fallbackGeforceDriverName": "Controlador Game Ready da GeForce",
    "l10n.unableToConnectToNvidia": "Não foi possível estabelecer ligação à NVIDIA",
    "l10n.downloadDiskSpace": "Não é possível continuar a transferência, liberte espaço em disco adicional. Os espaço requerido é {{value}} no disco {{drive}}",
    "l10n.otherInstallationRunning": "Estão outras instalações em execução. Conclua as outras instalações e volte a tentar.",
    "l10n.anErrorOccured": "Ocorreu um erro.",
    "l10n.insufficientMemory": "Memória insuficiente (RAM). Feche alguns programas e volte a tentar.",
    "l10n.extractionErrorHeader": "Ocorreu um erro ao extrair o pacote. Tal poderá dever-se a um dos motivos seguintes:",
    "l10n.extractionErrorNotEnoughSpace": "Não existe espaço em disco suficiente. Para libertar espaço em disco, elimine os ficheiros de que já não necessita.",
    "l10n.extractionErrorCorrupt": "O pacote transferido está corrompido.",
    "l10n.newGfeAvailable": "Está disponível para instalação uma nova versão do GeForce Experience.",
    "l10n.installNewVersion": "Instalar a nova versão",
    "l10n.bestGamingExperience": "A melhor experiência de jogo nos títulos mais quentes da temporada",
    "l10n.overview": "Descrição geral",
    "l10n.reInstalledDriver": "Reinstalar controlador",
    "l10n.optimalSettingsAvailable": "Definições optimizadas disponíveis",
    "l10n.tryAgain": "Volte a tentar",
    "l10n.operatingSystemInUseNotSupported": "O sistema operativo que utiliza não é suportado por este pacote. Obtenha o pacote adequado a este sistema.",
    "l10n.noComponentToInstall": "Não há componentes para instalar.",
    "l10n.requireFilesAreMissing": "Faltam ficheiros imprescindíveis.",
    "l10n.requireComponentMissing": "Faltam componentes imprescindíveis.",
    "l10n.otherInstallationIsRunning": "Estão outras instalações em execução. Conclua essas instalações e volte a tentar.",
    "l10n.systemRestartIsRequired": "É necessário reiniciar o sistema. Reinicie o sistema e volte a tentar.",
    "l10n.installPackageCorrupt": "O pacote de instalação está corrompido.",
    "l10n.diskSpaceConstraint": "Para continuar, liberte algum espaço em disco. Espaço necessário: {{value}} MB no disco {{drive}}",
    "l10n.foundNewWizardIsOpen": "O assistente de hardware está em execução. A instalação será retomada quando ele estiver concluído.",
    "l10n.installIntelDriverFirst": "Primeiro, tem de instalar um controlador Intel®.",
    "l10n.packageCannotBeInstalledInSafeMode": "Microsoft Visual C++ Redistributable packages for Visual Studio em modo de segurança.",
    "l10n.driverIsNotCompatible": "Este controlador gráfico da NVIDIA não é compatível com esta versão do Windows.",
    "l10n.graphicsHardwareNotCompatible": "Este controlador gráfico não conseguiu localizar hardware gráfico compatível.",
    "l10n.3dVisionDriverNotCompatible": "O controlador NVIDIA 3D Vision presentemente instalado não é compatível com este controlador gráfico e será desinstalado. Para utilizar o NVIDIA 3D Vision, tem também de instalar o controlador 3D Vision mais recente.",
    "l10n.installingOlderDriverVersion": "Está a instalar uma versão de controlador mais antiga. O sistema poderá instalar uma versão mais recente quando o computador é ancorado ou não ancorado.",
    "l10n.virtualAudioIsNotCompatible": "Este Áudio Virtual Miracast da não é compatível com esta versão do Windows.",
    "l10n.viewDetails": "Ver detalhes",
    "l10n.newGRDDriverAvailable": "Está disponível um novo Controlador Game Ready da GeForce",
    "l10n.extracting": "A extrair...",
    "l10n.updateDriverToRunFeature": "É necessário actualizar o controlador para executar esta funcionalidade.",
    "l10n.showDriverRecommendationFor": "Escolha as suas preferências de controlador",
    "l10n.creatorReadyDriver": "Controlador Studio",
    "l10n.recommendedForGameUpdates": "Oferece a melhor experiência de jogo",
    "l10n.recommendedForCreativeApp": "Oferece a melhor experiência de jogo para aplicações criativas",
    "l10n.latestGeforceCRDUpdate": "Tem o controlador NVIDIA Studio mais recente",
    "l10n.newCRDDriverAvailable": "Está disponível um novo controlador NVIDIA Studio",
    "l10n.clickToChangeDriverPreference": "Clique para mudar as preferências de controlador.",
    "l10n.gameReadyDriver": "Controlador Game Ready",
    "l10n.fallbackGeforeceCrdDriverName": "Controlador NVIDIA Studio",
    "l10n.rollbackToLastDriver": "Reverter para o controlador anterior",
    "l10n.serverTrouble": "Lamentamos, mas, de momento, não é possível estabelecer ligação ao servidor. Tente novamente mais tarde."
}
