{
    "l10n.isAvailable": "доступно",
    "l10n.releaseDate": "Дата выпуска:",
    "l10n.versionColon": "Версия:",
    "l10n.download": "загрузить",
    "l10n.available": "Доступно",
    "l10n.currentlyInstalled": "Сейчас установлено",
    "l10n.customInstall": "Выборочная установка",
    "l10n.expressInstall": "Экспресс-установка",
    "l10n.installDateColon": "Дата установки:",
    "l10n.reviews": "Обзоры",
    "l10n.comments": "Комментарии",
    "l10n.highlights": "Основные моменты",
    "l10n.videoHighlights": "Основные моменты видео",
    "l10n.downloading": "Загрузка...",
    "l10n.checkforUpdates": "Проверить наличие обновлений",
    "l10n.checkingforUpdates": "Проверка обновлений...",
    "l10n.latestGeforceUpdate": "У вас установлена последняя версия драйвера GeForce Game Ready",
    "l10n.gpuAnalyzer": "GPU Analyzer",
    "l10n.installationComplete": "Установка завершена",
    "l10n.installationHasFinished": "Установка завершена",
    "l10n.installationOption": "Варианты установки",
    "l10n.component": "Компонентный",
    "l10n.newVersion": "Новая версия",
    "l10n.currentVersion": "Текущая версия",
    "l10n.performCleanInstallation": "Выполнить чистую установку",
    "l10n.cleanInstallMessage": "При чистой установке восстанавливаются все настройки NVIDIA по умолчанию и удаляются все профили, созданные пользователем",
    "l10n.install": "Установка",
    "l10n.finish": "Готово",
    "l10n.status": "Состояние",
    "l10n.version": "Версия",
    "l10n.installationFail": "Сбой установки",
    "l10n.installationCompleteRestart": "Для завершения установки перезагрузите систему.",
    "l10n.restartNow": "Перезагрузить сейчас",
    "l10n.restartLater": "Перезагрузить позже",
    "l10n.installationCanNotContinue": "Продолжить установку невозможно",
    "l10n.restartingInSecond": "Перезагрузка в ближайшие {{num}} сек.",
    "l10n.afterRestartInstallation": "После перезагрузки установка будет продолжена.",
    "l10n.betaWithHypen": "{{name}} — БЕТА",
    "l10n.preparingForInstallation": "Подготовка к установке...",
    "l10n.preparingPackage": "Подготовка пакета...",
    "l10n.installed": "Установлено",
    "l10n.installing": "Установка {{progressTitle}}",
    "l10n.unInstalling": "Удаление {{progressTitle}}",
    "l10n.notSelected": "Не выбрано",
    "l10n.failed": "Сбой",
    "l10n.paused": "Приостановлено",
    "l10n.retrying": "Повторная попытка",
    "l10n.driverDownloadFailed": "Не удалось загрузить драйвер",
    "l10n.downloadPausedUnableToReachNvidia": "Загрузка приостановлена, не удалось подключиться к NVIDIA",
    "l10n.fallbackGeforceDriverName": "Драйвер GeForce Game Ready",
    "l10n.unableToConnectToNvidia": "Не удалось подключиться к сайту NVIDIA",
    "l10n.downloadDiskSpace": "Невозможно продолжить загрузку, освободите место на диске. Требуется {{value}} на диске {{drive}}",
    "l10n.otherInstallationRunning": "Работают другие программы установки. Завершите другие процессы установки и повторите попытку.",
    "l10n.anErrorOccured": "Произошла ошибка.",
    "l10n.insufficientMemory": "Недостаточно памяти (ОЗУ). Закройте некоторые приложения и повторите попытку.",
    "l10n.extractionErrorHeader": "Произошла ошибка при извлечении из пакета. Возможные причины:",
    "l10n.extractionErrorNotEnoughSpace": "недостаточно места на диске; Чтобы освободить место на диске, удалите ненужные файлы.",
    "l10n.extractionErrorCorrupt": "Загруженный пакет поврежден.",
    "l10n.newGfeAvailable": "Новая версия GeForce Experience готова к установке.",
    "l10n.installNewVersion": "Установить новую версию",
    "l10n.bestGamingExperience": "Получите максимальное удовольствие от самых горячих новинок сезона",
    "l10n.overview": "Обзор",
    "l10n.reInstalledDriver": "Переустановить драйвер",
    "l10n.optimalSettingsAvailable": "Доступны оптимальные настройки",
    "l10n.tryAgain": "Повторить попытку",
    "l10n.operatingSystemInUseNotSupported": "Используемая операционная система не поддерживается данным пакетом. Приобретите соответствующий пакет для вашей системы.",
    "l10n.noComponentToInstall": "Не выбраны компоненты для установки.",
    "l10n.requireFilesAreMissing": "Отсутствуют необходимые файлы.",
    "l10n.requireComponentMissing": "Отсутствуют необходимые компоненты.",
    "l10n.otherInstallationIsRunning": "Работают другие программы установки. Завершите другие процессы установки и повторите попытку.",
    "l10n.systemRestartIsRequired": "Требуется перезагрузить систему. Перезагрузите систему и повторите попытку.",
    "l10n.installPackageCorrupt": "Пакет установки поврежден.",
    "l10n.diskSpaceConstraint": "Для продолжения освободите место на диске. Требуемое место на диске: {{value}} МБ на диске {{drive}}",
    "l10n.foundNewWizardIsOpen": "Работает мастер установки оборудования. Установка возобновится после завершения работы мастера.",
    "l10n.installIntelDriverFirst": "Сначала нужно установить драйвер Intel®.",
    "l10n.packageCannotBeInstalledInSafeMode": "Установить Microsoft Visual C++ Redistributable packages for Visual Studio в безопасном режиме невозможно.",
    "l10n.driverIsNotCompatible": "Этот графический драйвер NVIDIA несовместим с данной версией Windows.",
    "l10n.graphicsHardwareNotCompatible": "Этот графический драйвер не обнаружил совместимого графического оборудования.",
    "l10n.3dVisionDriverNotCompatible": "Установленный драйвер контроллера NVIDIA 3D Vision несовместим с этим графическим драйвером и поэтому будет удален. Для использования NVIDIA 3D Vision необходимо также установить последнюю версию драйвера контроллера 3D Vision.",
    "l10n.installingOlderDriverVersion": "Вы устанавливаете устаревшую версию драйвера. Система может установить более новую версию, когда компьютер подключен или отключен.",
    "l10n.virtualAudioIsNotCompatible": "Этот Виртуальное аудиоустройство Miracast несовместим с данной версией Windows.",
    "l10n.viewDetails": "Просмотр сведений",
    "l10n.newGRDDriverAvailable": "Доступна новая версия драйвера GeForce Game Ready",
    "l10n.extracting": "Извлечение...",
    "l10n.updateDriverToRunFeature": "Для запуска этой функции требуется обновление драйвера.",
    "l10n.showDriverRecommendationFor": "Выберите предпочтительный драйвер",
    "l10n.creatorReadyDriver": "Драйвер Studio",
    "l10n.recommendedForGameUpdates": "Обеспечивает оптимальную работу в играх",
    "l10n.recommendedForCreativeApp": "Обеспечивает оптимальную работу в творческих приложениях",
    "l10n.latestGeforceCRDUpdate": "У вас установлена последняя версия драйвера NVIDIA Studio",
    "l10n.newCRDDriverAvailable": "Доступен новый драйвер NVIDIA Studio",
    "l10n.clickToChangeDriverPreference": "Нажмите, чтобы изменить предпочтительный драйвер.",
    "l10n.gameReadyDriver": "Драйвер Game Ready",
    "l10n.fallbackGeforeceCrdDriverName": "Драйвер NVIDIA Studio",
    "l10n.rollbackToLastDriver": "Откат к предыдущей версии драйвера",
    "l10n.serverTrouble": "Не удалось подключиться к серверу. Повторите попытку позже."
}
