{
    "l10n.isAvailable": "je k dispozícii",
    "l10n.releaseDate": "Dátum vydania:",
    "l10n.versionColon": "Verzia:",
    "l10n.download": "prevziať",
    "l10n.available": "K dispozícii",
    "l10n.currentlyInstalled": "Momentálne nainštalované",
    "l10n.customInstall": "Vlastná inštalácia",
    "l10n.expressInstall": "Expresná inštalácia",
    "l10n.installDateColon": "Dátum inštalácie:",
    "l10n.reviews": "Recenzie",
    "l10n.comments": "Komentáre",
    "l10n.highlights": "Odporúčané",
    "l10n.videoHighlights": "Odporúčané videá",
    "l10n.downloading": "Preberá sa...",
    "l10n.checkforUpdates": "Skontrolovať aktualizácie",
    "l10n.checkingforUpdates": "Prebieha kontrola aktualizácií...",
    "l10n.latestGeforceUpdate": "Máte najnovší ovládač GeForce Game Ready",
    "l10n.gpuAnalyzer": "Analyzátor procesora GPU",
    "l10n.installationComplete": "Inštalácia je dokončená",
    "l10n.installationHasFinished": "Inštalácia bola dokončená",
    "l10n.installationOption": "Možnosti inštalácie",
    "l10n.component": "Komponentný",
    "l10n.newVersion": "Nová verzia",
    "l10n.currentVersion": "Aktuálna verzia",
    "l10n.performCleanInstallation": "Vykonajte úplnú inštaláciu",
    "l10n.cleanInstallMessage": "Úplnou inštaláciou sa obnovia všetky nastavenia NVIDIA na predvolenú hodnotu a odstránia sa všetky vytvorené profily",
    "l10n.install": "Inštalovať",
    "l10n.finish": "Dokončiť",
    "l10n.status": "Stav",
    "l10n.version": "Verzia",
    "l10n.installationFail": "Inštalácia zlyhala",
    "l10n.installationCompleteRestart": "Inštalácia sa dokončí po reštarte systému.",
    "l10n.restartNow": "Reštartovať teraz",
    "l10n.restartLater": "Reštartovať neskôr",
    "l10n.installationCanNotContinue": "Inštalácia nemôže pokračovať",
    "l10n.restartingInSecond": "Reštartuje sa za menej ako {{num}} s",
    "l10n.afterRestartInstallation": "Po reštartovaní bude inštalácie pokračovať.",
    "l10n.betaWithHypen": "{{name}} – BETA",
    "l10n.preparingForInstallation": "Pripravuje sa inštalácia...",
    "l10n.preparingPackage": "Pripravuje sa balík…",
    "l10n.installed": "Nainštalovaný",
    "l10n.installing": "Inštaluje sa {{progressTitle}}",
    "l10n.unInstalling": "Odinštalováva sa {{progressTitle}}",
    "l10n.notSelected": "Nie je vybraté",
    "l10n.failed": "Zlyhalo",
    "l10n.paused": "Pozastavené",
    "l10n.retrying": "Prebieha opätovný pokus",
    "l10n.driverDownloadFailed": "Preberanie ovládača zlyhalo",
    "l10n.downloadPausedUnableToReachNvidia": "Preberanie bolo pozastavené, nedá sa pripojiť k lokalite NVIDIA",
    "l10n.fallbackGeforceDriverName": "Ovládač GeForce Game Ready",
    "l10n.unableToConnectToNvidia": "Nepodarilo sa pripojiť k lokalite NVIDIA",
    "l10n.downloadDiskSpace": "Sťahovanie nemôže pokračovať, uvoľnite ďalšie miesto na disku. Vyžaduje sa {{value}} na disku {{drive}}",
    "l10n.otherInstallationRunning": "Prebiehajú iné inštalácie. Dokončite ostatné inštalácie a skúste to znova.",
    "l10n.anErrorOccured": "Vyskytla sa chyba.",
    "l10n.insufficientMemory": "Nedostatok pamäte (RAM). Zatvorte niektoré programy a skúste to znova.",
    "l10n.extractionErrorHeader": "Došlo k chybe pri extrahovaní balíka, mohlo sa to stať z nasledujúcich dôvodov:",
    "l10n.extractionErrorNotEnoughSpace": "Nie je dostatok miesta na disku. Ak chcete uvoľniť miesto na disku, odstráňte súbory ktoré už nepotrebujete.",
    "l10n.extractionErrorCorrupt": "Stiahnutý balíček je poškodený.",
    "l10n.newGfeAvailable": "Nová verzia programu GeForce Experience je pripravená na inštaláciu.",
    "l10n.installNewVersion": "Nainštalujte novú verziu.",
    "l10n.bestGamingExperience": "Vychutnajte si naplno najlepšie hry tejto sezóny",
    "l10n.overview": "Prehľad",
    "l10n.reInstalledDriver": "Preinštalovať ovládač",
    "l10n.optimalSettingsAvailable": "Optimálne nastavenia sú k dispozícii",
    "l10n.tryAgain": "Skúsiť znova",
    "l10n.operatingSystemInUseNotSupported": "Tento balík nepodporuje aktuálne používaný operačný systém. Získajte balík, ktorý je vhodný pre používaný systém.",
    "l10n.noComponentToInstall": "Nie sú žiadne súčasti na inštaláciu.",
    "l10n.requireFilesAreMissing": "Požadované súbory chýbajú.",
    "l10n.requireComponentMissing": "Požadované súčasti chýbajú.",
    "l10n.otherInstallationIsRunning": "Prebiehajú iné inštalácie. Dokončite ostatné inštalácie a skúste to znova.",
    "l10n.systemRestartIsRequired": "Vyžaduje sa reštartovanie systému. Reštartujte systém a skúste to znova.",
    "l10n.installPackageCorrupt": "Inštalačný balík je poškodený.",
    "l10n.diskSpaceConstraint": "Ak chcete pokračovať, uvoľnite miesto na disku. Požadované miesto: Disk s kapacitou {{value}} {{drive}}",
    "l10n.foundNewWizardIsOpen": "Je spustený sprievodca hardvérom. Inštalácia bude pokračovať po jeho zatvorení.",
    "l10n.installIntelDriverFirst": "Najskôr je potrebné nainštalovať ovládač Intel®.",
    "l10n.packageCannotBeInstalledInSafeMode": "Microsoft Visual C++ Redistributable packages for Visual Studio nie je možné nainštalovať v núdzovom režime.",
    "l10n.driverIsNotCompatible": "Grafický ovládač NVIDIA nie je kompatibilný s touto verziou systému Windows.",
    "l10n.graphicsHardwareNotCompatible": "Pre tento grafický ovládač sa nepodarilo nájsť kompatibilný grafický hardvér.",
    "l10n.3dVisionDriverNotCompatible": "Aktuálne nainštalovaný ovládač NVIDIA 3D Vision Controller Driver nie je kompatibilný s týmto grafickým ovládačom a bude odinštalovaný. Ak chcete používať softvér NVIDIA 3D Vision, musíte nainštalovať aj najnovší ovládač 3D Vision Controller Driver.",
    "l10n.installingOlderDriverVersion": "Inštalujete staršiu verziu ovládača. Keď sa počítač bude nachádzať v doku alebo mimo doku, bude môcť systém nainštalovať novšiu verziu.",
    "l10n.virtualAudioIsNotCompatible": "Virtuálny zvuk Miracast nie je kompatibilný s touto verziou systému Windows.",
    "l10n.viewDetails": "Zobraziť podrobnosti",
    "l10n.newGRDDriverAvailable": "Je k dispozícii nový ovládač GeForce Game Ready",
    "l10n.extracting": "Získava sa…",
    "l10n.updateDriverToRunFeature": "Na spustenie tejto funkcie sa vyžaduje aktualizácia ovládača.",
    "l10n.showDriverRecommendationFor": "Vyberte si predvoľbu ovládača",
    "l10n.creatorReadyDriver": "Ovládač Studio",
    "l10n.recommendedForGameUpdates": "Poskytuje najlepší herný zážitok",
    "l10n.recommendedForCreativeApp": "Poskytuje najlepší zážitok pri používaní tvorivých aplikácií",
    "l10n.latestGeforceCRDUpdate": "Máte najnovší ovládač NVIDIA Studio",
    "l10n.newCRDDriverAvailable": "Nový ovládač NVIDIA Studio je k dispozícii",
    "l10n.clickToChangeDriverPreference": "Kliknutím zmeníte predvoľby ovládača.",
    "l10n.gameReadyDriver": "Ovládač Game Ready",
    "l10n.fallbackGeforeceCrdDriverName": "Ovládač NVIDIA Studio",
    "l10n.rollbackToLastDriver": "Vrátiť sa k predchádzajúcemu ovládaču",
    "l10n.serverTrouble": "Ľutujeme, aktuálne sa nevieme spojiť so serverom. Skúste to znova neskôr."
}
