{
    "l10n.isAvailable": "je na voljo",
    "l10n.releaseDate": "Datum objave:",
    "l10n.versionColon": "Različica:",
    "l10n.download": "prenesi",
    "l10n.available": "Na voljo",
    "l10n.currentlyInstalled": "Trenutno nameščeno",
    "l10n.customInstall": "Namestitev po meri",
    "l10n.expressInstall": "Ekspresna namestitev",
    "l10n.installDateColon": "Datum namestitve:",
    "l10n.reviews": "Pregledi",
    "l10n.comments": "Pripombe",
    "l10n.highlights": "Označeno",
    "l10n.videoHighlights": "Video označitve",
    "l10n.downloading": "Prenašam...",
    "l10n.checkforUpdates": "Iskanje posodobitev",
    "l10n.checkingforUpdates": "Iskanje posodobitev...",
    "l10n.latestGeforceUpdate": "Imate zadnji za igro pripravljeni gonilnik GeForce.",
    "l10n.gpuAnalyzer": "Analizator grafičnega procesorja",
    "l10n.installationComplete": "Namestitev zaključena",
    "l10n.installationHasFinished": "Namestitev je zaključena",
    "l10n.installationOption": "Namestitvene možnosti",
    "l10n.component": "Komponenta",
    "l10n.newVersion": "Nova različica",
    "l10n.currentVersion": "Trenutna različica",
    "l10n.performCleanInstallation": "Izvedite čisto namestitev",
    "l10n.cleanInstallMessage": "Čista namestitev obnovi vse NVIDIA nastavitve na privzete vrednosti in odstrani profile, ki ste jih ustvarili",
    "l10n.install": "Namesti",
    "l10n.finish": "Dokončaj",
    "l10n.status": "Stanje",
    "l10n.version": "Različica",
    "l10n.installationFail": "Namestitev ni uspela",
    "l10n.installationCompleteRestart": "Za zaključitev namestitve ponovno zaženite sistem.",
    "l10n.restartNow": "Zdaj ponovno zaženite",
    "l10n.restartLater": "Znova zaženi pozneje",
    "l10n.installationCanNotContinue": "Namestitev ne more nadaljevati",
    "l10n.restartingInSecond": "Ponovni zagon v manj kot {{num}} sekundah",
    "l10n.afterRestartInstallation": "Po ponovnem zagonu se bo namestitev nadaljevala.",
    "l10n.betaWithHypen": "{{name}} - BETA",
    "l10n.preparingForInstallation": "Pripravljanje na namestitev...",
    "l10n.preparingPackage": "Pripravljanje paketa v teku...",
    "l10n.installed": "Nameščen",
    "l10n.installing": "Nameščanje {{progressTitle}} v teku",
    "l10n.unInstalling": "Odstranitev {{progressTitle}} v teku",
    "l10n.notSelected": "Ni izbrano",
    "l10n.failed": "Neuspešno",
    "l10n.paused": "Premor",
    "l10n.retrying": "Poskusite znova",
    "l10n.driverDownloadFailed": "Prenos gonilnika ni uspel",
    "l10n.downloadPausedUnableToReachNvidia": "Prenos ustavljen, ni mogoče doseči NVIDIA",
    "l10n.fallbackGeforceDriverName": "Za igro pripravljeni gonilnik GeForce",
    "l10n.unableToConnectToNvidia": "Vzpostavitev povezave z NVIDIA ni možna",
    "l10n.downloadDiskSpace": "Prenos se ne more nadaljevati, sprostite dodatni prostor na disku. Potrebni prostor je {{value}} na disku {{drive}}",
    "l10n.otherInstallationRunning": "Druge namestitve so v teku. Dokončajte druge namestitve in poskusite znova.",
    "l10n.anErrorOccured": "Prišlo je do napake.",
    "l10n.insufficientMemory": "Ni dovolj pomnilnika (RAM). Zaprite nekaj programov in poskusite znova.",
    "l10n.extractionErrorHeader": "Med ekstrahiranjem paketa je prišlo do napake, do tega je verjetno prišlo iz naslednjih razlogov:",
    "l10n.extractionErrorNotEnoughSpace": "Ni dovolj prostora na disku. Za sprostitev prostora na disku izbrišite datoteke, ki jih ne potrebujete več.",
    "l10n.extractionErrorCorrupt": "Preneseni paket je poškodovan.",
    "l10n.newGfeAvailable": "Nova različica GeForce Experience je pripravljena za namestitev.",
    "l10n.installNewVersion": "Namesti novo različico.",
    "l10n.bestGamingExperience": "Najboljša igralna izkušnja za najbolj vroče naslove sezone",
    "l10n.overview": "Pregled",
    "l10n.reInstalledDriver": "Ponovno namestite gonilnik",
    "l10n.optimalSettingsAvailable": "Optimalne nastavitve so na voljo",
    "l10n.tryAgain": "Poskusi znova",
    "l10n.operatingSystemInUseNotSupported": "Ta paket ne podpira uporabljenega operacijskega sistema. Priskrbite si pravilen paket za svoj sistem.",
    "l10n.noComponentToInstall": "Za namestitev ni na voljo nobenih komponent.",
    "l10n.requireFilesAreMissing": "Zahtevane datoteke manjkajo.",
    "l10n.requireComponentMissing": "Zahtevane komponente manjkajo.",
    "l10n.otherInstallationIsRunning": "V teku so drugi postopki namestitve. Končajte vse druge postopke namestitve in ponovno poizkusite.",
    "l10n.systemRestartIsRequired": "Potreben je ponoven zagon sistema. Ponovno zaženite sistem in ponovno poizkusite.",
    "l10n.installPackageCorrupt": "Namestitveni paket je poškodovan.",
    "l10n.diskSpaceConstraint": "Za nadaljevanje sprostite dodatni prostor na disku. Potreben prostor: {{value}} MB diska {{drive}}",
    "l10n.foundNewWizardIsOpen": "Je spustený sprievodca hardvérom. Inštalácia bude pokračovať po jeho zatvorení.",
    "l10n.installIntelDriverFirst": "Najprej morate namestiti gonilnik Intel®.",
    "l10n.packageCannotBeInstalledInSafeMode": "Microsoft Visual C++ Redistributable packages for Visual Studio ni mogoče namestiti v varnem načinu.",
    "l10n.driverIsNotCompatible": "Ta grafični gonilnik NVIDIA ni združljiv s to različico programa Windows.",
    "l10n.graphicsHardwareNotCompatible": "Ta grafični gonilnik ni mogel najti združljive grafične strojne opreme.",
    "l10n.3dVisionDriverNotCompatible": "Gonilnik za krmilnik NVIDIA 3D Vision, ki je trenutno nameščen, ni združljiv s tem grafičnim gonilnikom in bo odstranjen. Če želite uporabiti NVIDIA 3D Vision, morate namestiti tudi najnovejši gonilnik za krmilnik 3D Vision.",
    "l10n.installingOlderDriverVersion": "Nameščate starejšo različico gonilnika. Sistem bo morda namestil novejšo različico, ko bo računalnik nameščen v priklopno postajo ali pa ne.",
    "l10n.virtualAudioIsNotCompatible": "Ta Miracast navidezni avdio ni združljiv s to različico programa Windows.",
    "l10n.viewDetails": "Ogled podrobnosti",
    "l10n.newGRDDriverAvailable": "Novi za igro pripravljeni gonilnik GeForce je na voljo",
    "l10n.extracting": "Ekstrahiranje v teku",
    "l10n.updateDriverToRunFeature": "Posodobitev gonilnika potrebna za delovanje te funkcije.",
    "l10n.showDriverRecommendationFor": "Izberite prednostne nastavitve za gonilnik",
    "l10n.creatorReadyDriver": "Studio gonilnik",
    "l10n.recommendedForGameUpdates": "Ponuja najboljšo igralno izkušnjo",
    "l10n.recommendedForCreativeApp": "Ponuja najboljšo izkušnjo za ustvarjalne aplikacije",
    "l10n.latestGeforceCRDUpdate": "Imate zadnji studio gonilnik NVIDIA",
    "l10n.newCRDDriverAvailable": "Nov studio gonilnik NVIDIA je na voljo",
    "l10n.clickToChangeDriverPreference": "Kliknite, če želite spremeniti prednostne nastavitve za gonilnik.",
    "l10n.gameReadyDriver": "Za igro pripravljeni gonilnik",
    "l10n.fallbackGeforeceCrdDriverName": "Studio gonilnik NVIDIA",
    "l10n.rollbackToLastDriver": "Povrnitev do zadnjega gonilnika",
    "l10n.serverTrouble": "Trenutno se ne moremo povezati s strežnikom. Poizkusite še enkrat kasneje."
}
