{
    "l10n.isAvailable": "är tillgänglig",
    "l10n.releaseDate": "Versionsdatum:",
    "l10n.versionColon": "Version:",
    "l10n.download": "hämta",
    "l10n.available": "Tillgänglig",
    "l10n.currentlyInstalled": "Installerad för närvarande",
    "l10n.customInstall": "Anpassad installation",
    "l10n.expressInstall": "Snabbinstallation",
    "l10n.installDateColon": "Installationsdatum:",
    "l10n.reviews": "Recensioner",
    "l10n.comments": "Kommentarer",
    "l10n.highlights": "Höjdpunkter",
    "l10n.videoHighlights": "Videohöjdpunkter",
    "l10n.downloading": "Hämtar...",
    "l10n.checkforUpdates": "Kontrollera uppdateringar",
    "l10n.checkingforUpdates": "Kontrollerar om det finns uppdateringar...",
    "l10n.latestGeforceUpdate": "Du har den senaste GeForce Game Ready-drivrutinen",
    "l10n.gpuAnalyzer": "GPU-analysator",
    "l10n.installationComplete": "Installationen är klar",
    "l10n.installationHasFinished": "Installationen är klar",
    "l10n.installationOption": "Installationsalternativ",
    "l10n.component": "Komponent",
    "l10n.newVersion": "Ny version",
    "l10n.currentVersion": "Aktuell version",
    "l10n.performCleanInstallation": "Utför en ren installation",
    "l10n.cleanInstallMessage": "En ren installation återställer alla NVIDIA-inställningar till standardvärdet och tar bort alla profiler du har skapat",
    "l10n.install": "Installera",
    "l10n.finish": "Slutför",
    "l10n.status": "Status",
    "l10n.version": "Version",
    "l10n.installationFail": "Installationen misslyckades",
    "l10n.installationCompleteRestart": "Slutför installationen genom att starta om systemet.",
    "l10n.restartNow": "Starta om nu",
    "l10n.restartLater": "Starta om senare",
    "l10n.installationCanNotContinue": "Installationen kan inte fortsätta",
    "l10n.restartingInSecond": "Startar om inom mindre än {{num}} sekunder",
    "l10n.afterRestartInstallation": "Installationen fortsätter efter omstart.",
    "l10n.betaWithHypen": "{{name}} - BETA",
    "l10n.preparingForInstallation": "Förbereder installation...",
    "l10n.preparingPackage": "Förbereder paket ...",
    "l10n.installed": "Installerad",
    "l10n.installing": "Installerar {{progressTitle}}",
    "l10n.unInstalling": "Avinstallerar {{progressTitle}}",
    "l10n.notSelected": "Inte markerad",
    "l10n.failed": "Misslyckades",
    "l10n.paused": "Pausad",
    "l10n.retrying": "Försöker igen",
    "l10n.driverDownloadFailed": "Det gick inte att ladda ned drivrutinen",
    "l10n.downloadPausedUnableToReachNvidia": "Nedladdningen har pausats, det går inte att nå NVIDIA",
    "l10n.fallbackGeforceDriverName": "GeForce Game Ready-drivrutin",
    "l10n.unableToConnectToNvidia": "Det gick inte att ansluta till NVIDIA",
    "l10n.downloadDiskSpace": "Det går inte att fortsätta nedladdningen. Frigör ytterligare diskutrymme. Det utrymme som krävs är {{value}} på disk {{drive}}",
    "l10n.otherInstallationRunning": "Andra installationer kör. Slutför de andra installationerna och försök sedan igen.",
    "l10n.anErrorOccured": "Ett fel inträffade.",
    "l10n.insufficientMemory": "Det finns inte tillräckligt mycket minne (RAM). Stäng några program och försök igen.",
    "l10n.extractionErrorHeader": "Ett fel uppstod under extrahering av paktetet, det kan ha uppstått pga av följande skäl:",
    "l10n.extractionErrorNotEnoughSpace": "Inte tillräckligt med utrymme. För att få mer utrymme radera filer du inte behöver längre.",
    "l10n.extractionErrorCorrupt": "Nedladdat paket är korrupt.",
    "l10n.newGfeAvailable": "En ny version av GeForce Experience är klar för installation.",
    "l10n.installNewVersion": "Ny version installeras.",
    "l10n.bestGamingExperience": "Bästa spelupplevelsen för de hetaste titlarna just nu",
    "l10n.overview": "Översikt",
    "l10n.reInstalledDriver": "Installera om drivrutin",
    "l10n.optimalSettingsAvailable": "Optimala inställningar tillgängliga",
    "l10n.tryAgain": "Försök igen",
    "l10n.operatingSystemInUseNotSupported": "Operativsystemet som används stöds inte av detta paket. Skaffa rätt paket för systemet.",
    "l10n.noComponentToInstall": "Det finns inga komponenter som ska installeras.",
    "l10n.requireFilesAreMissing": "Filer som krävs fattas.",
    "l10n.requireComponentMissing": "Komponenter som krävs fattas.",
    "l10n.otherInstallationIsRunning": "Andra installationer kör. Slutför de andra installationerna och försök sedan igen.",
    "l10n.systemRestartIsRequired": "Det krävs att du startar om systemet. Starta om systemet och försök igen.",
    "l10n.installPackageCorrupt": "Installationspaketet är korrumperat.",
    "l10n.diskSpaceConstraint": "Om du vill fortsätta, frigör ytterligare diskutrymme. Nödvändigt utrymme: {{value}} MB Disk {{drive}}",
    "l10n.foundNewWizardIsOpen": "Maskinvarans guide kör. Installera fortsätter när det är klart.",
    "l10n.installIntelDriverFirst": "Du måste installera en Intel®-drivrutin först.",
    "l10n.packageCannotBeInstalledInSafeMode": "Microsoft Visual C++ Redistributable packages for Visual Studio kan inte installeras i säkert läge.",
    "l10n.driverIsNotCompatible": "Denna NVIDIA-grafikdrivrutin inte är kompatibel med denna version av Windows.",
    "l10n.graphicsHardwareNotCompatible": "Denna grafikdrivrutin kunde inte hitta kompatibel grafikmaskinvara.",
    "l10n.3dVisionDriverNotCompatible": "Den installerade NVIDIA 3D Vision Controller-drivrutinen är inte kompatibel med denna grafikdrivrutin och kommer därför att avinstalleras. Om du vill använda NVIDIA 3D Vision måste du också installera den senaste 3D Vision Controller-drivrutinen.",
    "l10n.installingOlderDriverVersion": "Du installerar en äldre drivrutinsversion. Systemet kan installera en nyare version när datorn är dockad eller frånkopplad.",
    "l10n.virtualAudioIsNotCompatible": "Denna Miracast virtuell audio inte är kompatibel med denna version av Windows.",
    "l10n.viewDetails": "Se detaljer",
    "l10n.newGRDDriverAvailable": "En ny GeForce Game Ready-drivrutin är tillgänglig",
    "l10n.extracting": "Extraherar...",
    "l10n.updateDriverToRunFeature": "Uppdatering av drivrutin krävs för att köra den här funktionen.",
    "l10n.showDriverRecommendationFor": "Välj dina drivrutinsinställningar",
    "l10n.creatorReadyDriver": "Studio-drivrutin",
    "l10n.recommendedForGameUpdates": "Ger den bästa spelupplevelsen",
    "l10n.recommendedForCreativeApp": "Ger den bästa upplevelsen för kreativa appar",
    "l10n.latestGeforceCRDUpdate": "Du har den senaste NVIDIA Studio-drivrutinen",
    "l10n.newCRDDriverAvailable": "En ny NVIDIA Studio-drivrutin är tillgänglig",
    "l10n.clickToChangeDriverPreference": "Klicka om du vill ändra drivrutinsinställningar.",
    "l10n.gameReadyDriver": "Game Ready-drivrutin",
    "l10n.fallbackGeforeceCrdDriverName": "NVIDIA Studio-drivrutin",
    "l10n.rollbackToLastDriver": "Gå tillbaka till senaste drivrutin",
    "l10n.serverTrouble": "Tyvärr kan vi inte ansluta till servern för tillfället. Vänligen, försök igen senare."
}
