{
    "l10n.isAvailable": "พร้อมใช้งาน",
    "l10n.releaseDate": "วันที่เผยแพร่:",
    "l10n.versionColon": "เวอร์ชั่น:",
    "l10n.download": "ดาวน์โหลด",
    "l10n.available": "พร้อมใช้งาน",
    "l10n.currentlyInstalled": "ติดตั้งในปัจจุบัน",
    "l10n.customInstall": "การติดตั้งแบบกำหนดเอง",
    "l10n.expressInstall": "การติดตั้งแบบด่วน",
    "l10n.installDateColon": "วันที่ติดตั้ง:",
    "l10n.reviews": "รีวิว",
    "l10n.comments": "ความคิดเห็น",
    "l10n.highlights": "จุดเด่น",
    "l10n.videoHighlights": "จุดเด่นของวิดีโอ",
    "l10n.downloading": "กำลังดาวน์โหลด...",
    "l10n.checkforUpdates": "ตรวจหาการอัปเดต",
    "l10n.checkingforUpdates": "กำลังตรวจหาการอัปเดต...",
    "l10n.latestGeforceUpdate": "คุณมีไดรเวอร์ GeForce Game Ready รุ่นล่าสุดแล้ว",
    "l10n.gpuAnalyzer": "ตัววิเคราะห์ GPU",
    "l10n.installationComplete": "การติดตั้งเสร็จสมบูรณ์",
    "l10n.installationHasFinished": "การติดตั้งเสร็จลงแล้ว",
    "l10n.installationOption": "ตัวเลือกการติดตั้ง",
    "l10n.component": "ส่วนประกอบ",
    "l10n.newVersion": "เวอร์ชั่นใหม่",
    "l10n.currentVersion": "รุ่นปัจจุบัน",
    "l10n.performCleanInstallation": "ทำการติดตั้งใหม่ทั้งหมด",
    "l10n.cleanInstallMessage": "การติดตั้งใหม่ทั้งหมดจะคืนค่าการตั้งค่าทั้งหมดของ NVIDIA ให้ไปเป็นค่าเริ่มต้นและเอาส่วนกำหนดค่าใดๆ ที่คุณได้สร้างไว้ออกทั้งหมด",
    "l10n.install": "ติดตั้ง",
    "l10n.finish": "เสร็จสิ้น",
    "l10n.status": "สถานะ",
    "l10n.version": "รุ่น",
    "l10n.installationFail": "การติดตั้งล้มเหลว",
    "l10n.installationCompleteRestart": "ในการติดตั้งให้เสร็จสมบูรณ์ ให้เริ่มการทำงานของคอมพิวเตอร์ใหม่",
    "l10n.restartNow": "เริ่มการทำงานใหม่เดี๋ยวนี้",
    "l10n.restartLater": "เริ่มการทำงานใหม่ในภายหลัง",
    "l10n.installationCanNotContinue": "ไม่สามารถทำการติดตั้งต่อไปได้",
    "l10n.restartingInSecond": "กำลังเริ่มการทำงานใหม่ภายใน {{num}} วินาที",
    "l10n.afterRestartInstallation": "หลังจากเริ่มการทำงานของระบบใหม่ การติดตั้งจะดำเนินการต่อ",
    "l10n.betaWithHypen": "{{name}} - เบต้า",
    "l10n.preparingForInstallation": "กำลังเตรียมที่จะติดตั้ง...",
    "l10n.preparingPackage": "กำลังเตรียมแพ็กเกจ...",
    "l10n.installed": "ติดตั้งแล้ว",
    "l10n.installing": "กำลังติดตั้ง {{progressTitle}}",
    "l10n.unInstalling": "กำลังถอนการติดตั้ง {{progressTitle}}",
    "l10n.notSelected": "ไม่ถูกเลือก",
    "l10n.failed": "ล้มเหลว",
    "l10n.paused": "หยุดชั่วคราว",
    "l10n.retrying": "กำลังลองใหม่",
    "l10n.driverDownloadFailed": "ดาวน์โหลดไดรฟ์เวอร์ล้มเหลว",
    "l10n.downloadPausedUnableToReachNvidia": "ดาวน์โหลดถูกหยุดชั่วขณะ ไม่สามารถเข้าถึง NVIDIA",
    "l10n.fallbackGeforceDriverName": "ไดรเวอร์ GeForce Game Ready",
    "l10n.unableToConnectToNvidia": "ไม่สามารถเชื่ิอมต่อกับ NVIDIA ได้",
    "l10n.downloadDiskSpace": "ไม่สามารถดาวน์โหลดต่อไปได้ ขอให้ล้างพื้นที่ความจุของดิสก์ ต้องใช้พื้นที่ว่าง {{value}} บนดิสก์ {{drive}}",
    "l10n.otherInstallationRunning": "การติดตั้งอื่นๆ กำลังดำเนินการอยู่ สิ้นสุดการติดตั้งอื่นๆ ให้เสร็จก่อนแล้วจึงลองอีกครั้ง",
    "l10n.anErrorOccured": "เกิดข้อผิดพลาด",
    "l10n.insufficientMemory": "หน่วยความจำ (RAM) ไม่เพียงพอ ปิดบางโปรแกรมแล้วลองอีกครั้ง",
    "l10n.extractionErrorHeader": "ข้อผิดพลาดที่เกิดขึ้นในขณะที่กำลังแยกแพคเกจอาจจะเกิดขึ้นได้ เพราะสาเหตุดังต่อไปนี้",
    "l10n.extractionErrorNotEnoughSpace": "เนื้อที่ดิสก์ไม่เพียงพอ เพื่อเพิ่มเนื้อที่ว่างบนดิสก์ ลบไฟล์ที่คุณไม่ต้องการออก",
    "l10n.extractionErrorCorrupt": "แพคเกจที่ดาวน์โหลดแล้วเสียหาย",
    "l10n.newGfeAvailable": "GeForce Experience เวอร์ชันใหม่พร้อมติดตั้งแล้ว",
    "l10n.installNewVersion": "ติดตั้งเวอร์ชันใหม่",
    "l10n.bestGamingExperience": "ประสบการณ์การเล่นเกมที่ดีที่สุดสำหรับชื่อยอดนิยมของซีซัน",
    "l10n.overview": "ภาพรวม",
    "l10n.reInstalledDriver": "ติดตั้งไดรฟ์เวอร์ใหม่",
    "l10n.optimalSettingsAvailable": "การตั้งค่าที่เหมาะสมที่พร้อมใช้งาน",
    "l10n.tryAgain": "ลองอีกครั้ง",
    "l10n.operatingSystemInUseNotSupported": "ระบบปฏิบัติการที่ใช้ไม่ได้รับการสนับสนุนโดยแพ็คเกจนี้ โปรดรับแพคเกจที่ถูกต้องสำหรับระบบของคุณ",
    "l10n.noComponentToInstall": "ไม่มีส่วนประกอบใดๆ ที่จะติดตั้ง",
    "l10n.requireFilesAreMissing": "แฟ้มที่จำเป็นขาดหายไป",
    "l10n.requireComponentMissing": "ส่วนประกอบที่จำเป็นขาดหายไป",
    "l10n.otherInstallationIsRunning": "การติดตั้งอื่นๆ กำลังดำเนินการอยู่ ให้การติดตั้งอื่นๆ ดำเนินการเสร็จก่อนแล้วจึงลองอีกครั้ง",
    "l10n.systemRestartIsRequired": "ต้องเริ่มการทำงานของระบบใหม่อีกครั้ง เริ่มการทำงานของระบบอีกครั้งและลองใหม่อีกครั้ง",
    "l10n.installPackageCorrupt": "แพ็คเกจการติดตั้งเสียหาย",
    "l10n.diskSpaceConstraint": "หากต้องการดำเนินการต่อ โปรดเพิ่มเนื้อที่ว่างบนดิสก์ พื้นที่ที่ต้องการ: ดิสก์ {{value}} MB {{drive}}",
    "l10n.foundNewWizardIsOpen": "ตัวช่วยสร้างฮาร์ดแวร์กำลังทำงานอยู่ การติดตั้งจะทำงานต่อหลังจากตัวช่วยสร้างนี้ทำงานเสร็จ",
    "l10n.installIntelDriverFirst": "คุณต้องติดตั้งไดรฟ์เวอร์ Intel® เป็นอันดับแรก",
    "l10n.packageCannotBeInstalledInSafeMode": "ระบบไม่สามารถติดตั้ง Microsoft Visual C++ Redistributable packages for Visual Studio ในเซฟโหมดได้",
    "l10n.driverIsNotCompatible": "โปรแกรมควบคุมการ์ดกราฟิกของ NVIDIA ไม่เข้ากันกับ Windows รุ่นนี้",
    "l10n.graphicsHardwareNotCompatible": "โปรแกรมควบคุมกราฟิกนี้หาไม่พบฮาร์ดแวร์กราฟิกที่เข้ากันได้",
    "l10n.3dVisionDriverNotCompatible": "โปรแกรมควบคุมของตัวควบคุม NVIDIA 3D Vision ที่มีติดตั้งอยู่ในปัจจุบันไม่สามารถเข้ากันได้กับโปรแกรมควบคุมกราฟิกรุ่นนี้ และจะถูกถอนการติดตั้ง ในการใช้ NVIDIA 3D Vision คุณต้องติดตั้งโปรแกรมควบคุมรุ่นล่าสุดของตัวควบคุม 3D Vision",
    "l10n.installingOlderDriverVersion": "คุณกำลังติดตั้งไดรฟ์เวอร์เวอร์ชันที่เก่ากว่า ระบบอาจติดตั้งเวอร์ชันที่ใหม่กว่าเมื่อต่อหรือยกเลิกการต่อกับคอมพิวเตอร์",
    "l10n.virtualAudioIsNotCompatible": "Miracast Virtual Audio ไม่เข้ากันกับ Windows รุ่นนี้",
    "l10n.viewDetails": "ดูรายละเอียด",
    "l10n.newGRDDriverAvailable": "ไดรเวอร์ GeForce Game Ready รุ่นใหม่พร้อมใช้งานแล้ว",
    "l10n.extracting": "กำลังแยก...",
    "l10n.updateDriverToRunFeature": "จำเป็นต้องอัปเดตไดรเวอร์เพื่อเรียกใช้คุณลักษณะนี้",
    "l10n.showDriverRecommendationFor": "เลือกกำหนดลักษณะไดรเวอร์ของคุณ",
    "l10n.creatorReadyDriver": "ไดรฟ์เวอร์ Studio",
    "l10n.recommendedForGameUpdates": "มอบประสบการณ์การเล่นเกมที่ดีที่สุด",
    "l10n.recommendedForCreativeApp": "มอบประสบการณ์ที่ดีที่สุดสำหรับแอปพลิเคชันที่สร้างสรรค์",
    "l10n.latestGeforceCRDUpdate": "คุณมีไดรฟ์เวอร์ NVIDIA Studio รุ่นล่าสุดแล้ว",
    "l10n.newCRDDriverAvailable": "ไดรฟ์เวอร์ NVIDIA Studio รุ่นใหม่พร้อมใช้งานแล้ว",
    "l10n.clickToChangeDriverPreference": "คลิกเพื่อเปลี่ยนการกำหนดลักษณะไดรเวอร์ของคุณ",
    "l10n.gameReadyDriver": "ไดรเวอร์ Game Ready",
    "l10n.fallbackGeforeceCrdDriverName": "ไดร์ฟเวอร์ NVIDIA Studio",
    "l10n.rollbackToLastDriver": "ย้อนกลับไปใช้ไดรฟ์เวอร์ก่อนหน้า",
    "l10n.serverTrouble": "ขออภัย เราไม่สามารถเชื่อมต่อเซิร์ฟเวอร์ได้ในขณะนี้ โปรดลองอีกครั้งในภายหลัง"
}
