{
    "l10n.isAvailable": "kullanılabilir durumda",
    "l10n.releaseDate": "Sürüm tarihi:",
    "l10n.versionColon": "Sürüm:",
    "l10n.download": "İndir",
    "l10n.available": "Mevcut",
    "l10n.currentlyInstalled": "Şu Anda Kurulu",
    "l10n.customInstall": "Özel kurulum",
    "l10n.expressInstall": "Hızlı kurulum",
    "l10n.installDateColon": "Kurulum Tarihi:",
    "l10n.reviews": "Değerlendirmeler",
    "l10n.comments": "Yorumlar",
    "l10n.highlights": "Dikkati Çekenler",
    "l10n.videoHighlights": "Gündemdekilerden Videolar",
    "l10n.downloading": "İndiriliyor...",
    "l10n.checkforUpdates": "Güncelleştirmeleri kontrol et",
    "l10n.checkingforUpdates": "Güncelleştirmeler kontrol ediliyor...",
    "l10n.latestGeforceUpdate": "Sizde en son GeForce Game Ready Sürücü kurulu",
    "l10n.gpuAnalyzer": "GPU Analiz Aracı",
    "l10n.installationComplete": "Kurulum tamamlandı",
    "l10n.installationHasFinished": "Kurulum tamamlandı",
    "l10n.installationOption": "Kurulum Seçenekleri",
    "l10n.component": "Bileşen",
    "l10n.newVersion": "Yeni Sürüm",
    "l10n.currentVersion": "Mevcut Sürüm",
    "l10n.performCleanInstallation": "Temiz kurulum yap",
    "l10n.cleanInstallMessage": "Temiz kurulumda, tüm NVIDIA ayarları varsayılan değere sıfırlanır ve oluşturmuş olduğunuz profiller kaldırılır",
    "l10n.install": "Kur",
    "l10n.finish": "Bitir",
    "l10n.status": "Durum",
    "l10n.version": "Sürüm",
    "l10n.installationFail": "Kurulum başarısız",
    "l10n.installationCompleteRestart": "Kurulumu tamamlamak için, sistemi yeniden başlatın.",
    "l10n.restartNow": "Şimdi Yeniden Başlat",
    "l10n.restartLater": "Sonradan Yeniden Başlat",
    "l10n.installationCanNotContinue": "Kurulum devam edemiyor",
    "l10n.restartingInSecond": "{{num}} saniyeden kısa bir süre içinde yeniden başlatılacak",
    "l10n.afterRestartInstallation": "Yeniden başlattıktan sonra kuruluma devam edilecek.",
    "l10n.betaWithHypen": "{{name}} - BETA",
    "l10n.preparingForInstallation": "Kurulum işlemi hazırlanıyor...",
    "l10n.preparingPackage": "Paket hazırlanıyor...",
    "l10n.installed": "Kurulan",
    "l10n.installing": "{{progressTitle}} kuruluyor",
    "l10n.unInstalling": "{{progressTitle}} kaldırılıyor",
    "l10n.notSelected": "Seçilmeyen",
    "l10n.failed": "Başarısız",
    "l10n.paused": "Duraklatıldı",
    "l10n.retrying": "Yeniden deneniyor",
    "l10n.driverDownloadFailed": "Sürücü indirme işlemi başarısız",
    "l10n.downloadPausedUnableToReachNvidia": "İndirme işlemi duraklatıldı, NVIDIA'ya erişilemiyor",
    "l10n.fallbackGeforceDriverName": "GeForce Game Ready Sürücü",
    "l10n.unableToConnectToNvidia": "NVIDIA'ya bağlanılamıyor",
    "l10n.downloadDiskSpace": "İndirme işlemine devam edilemiyor. Sabit diskte daha fazla boş yer açın. {{drive}} sürücüsünde gereken alan: {{value}}",
    "l10n.otherInstallationRunning": "Başka kurulumlar sürüyor. Diğer kurulumları tamamlayıp tekrar deneyin.",
    "l10n.anErrorOccured": "Hata oluştu.",
    "l10n.insufficientMemory": "Yetersiz bellek (RAM). Bazı programları kapatıp tekrar deneyin.",
    "l10n.extractionErrorHeader": "Paketi ayıklarken bir hata oluştu, bu durum aşağıdaki  sebeplerden dolayı kaynaklanıyor olabilir:",
    "l10n.extractionErrorNotEnoughSpace": "Yeterli disk alanı yok. Disk alanını boşaltmak için artık ihtiyaç duymadığınız dosyaları silin.",
    "l10n.extractionErrorCorrupt": "İndirilen paket bozuk.",
    "l10n.newGfeAvailable": "Kurulmaya hazır yeni bir GeForce Experience sürümü var.",
    "l10n.installNewVersion": "Yeni sürümü kur.",
    "l10n.bestGamingExperience": "Sezonun gözdeleri için en iyi oyun deneyimi",
    "l10n.overview": "Genel bakış",
    "l10n.reInstalledDriver": "Sürücüyü yeniden kur",
    "l10n.optimalSettingsAvailable": "Optimum ayarlar mevcut",
    "l10n.tryAgain": "Tekrar Dene",
    "l10n.operatingSystemInUseNotSupported": "Bu paket, kullanılmakta olan işletim sistemini desteklemiyor. Lütfen sisteminize uygun paketi edinin.",
    "l10n.noComponentToInstall": "Kurulacak bileşen yok.",
    "l10n.requireFilesAreMissing": "Gerekli dosyalar eksik.",
    "l10n.requireComponentMissing": "Gerekli bileşenler eksik.",
    "l10n.otherInstallationIsRunning": "Başka kurulumlar sürüyor. Diğer kurulumları tamamlayıp tekrar deneyin.",
    "l10n.systemRestartIsRequired": "Sistemin yeniden başlatılması gerekiyor. Sistemi yeniden başlatıp tekrar deneyin.",
    "l10n.installPackageCorrupt": "Kurulum paketi bozuk.",
    "l10n.diskSpaceConstraint": "Devam etmek için sabit diskte daha fazla boş yer açın. Gereken alan: {{value}} MB Disk {{drive}}",
    "l10n.foundNewWizardIsOpen": "Donanım sihirbazı çalışıyor. Tamamlandığında, kuruluma devam edilecek.",
    "l10n.installIntelDriverFirst": "Önce bir Intel® sürücüsü kurmalısınız.",
    "l10n.packageCannotBeInstalledInSafeMode": "Microsoft Visual C++ Redistributable packages for Visual Studio, güvenli modda kaldırılamaz.",
    "l10n.driverIsNotCompatible": "Bu NVIDIA grafik sürücüsü, Windows'un bu sürümüyle uyumlu değildir.",
    "l10n.graphicsHardwareNotCompatible": "Bu grafik sürücüsü, uyumlu grafik donanımı bulamadı.",
    "l10n.3dVisionDriverNotCompatible": "NVIDIA 3D Vision Denetleyici Sürücüsü şu anda kurulu durumda ancak bu grafik sürücüsüyle uyumlu değil ve kaldırılacak. NVIDIA 3D Vision'ı kullanmak için, en son 3D Vision Denetleyici Sürücüsü sürümünü de kurmalısınız.",
    "l10n.installingOlderDriverVersion": "Daha eski bir sürücü sürümünü kurmaktasınız. Bilgisayar takma istasyonuna takıldığında veya çıkartıldığında sistem, daha yeni bir sürüm kurabilir.",
    "l10n.virtualAudioIsNotCompatible": "Bu Miracast Sanal Ses, Windows'un bu sürümüyle uyumlu değildir.",
    "l10n.viewDetails": "Ayrıntıları görüntüle",
    "l10n.newGRDDriverAvailable": "Yeni bir GeForce Game Ready Sürücü var",
    "l10n.extracting": "Paket açılıyor...",
    "l10n.updateDriverToRunFeature": "Bu özelliği çalıştırmak için sürücü güncelleştirmesi gerekiyor.",
    "l10n.showDriverRecommendationFor": "Sürücü tercihinizi yapın",
    "l10n.creatorReadyDriver": "Studio Sürücü",
    "l10n.recommendedForGameUpdates": "En iyi oyun deneyimini sağlar",
    "l10n.recommendedForCreativeApp": "Yaratıcı uygulamalar için en iyi deneyimi sağlar",
    "l10n.latestGeforceCRDUpdate": "Sizde en son NVIDIA Studio Sürücü kurulu",
    "l10n.newCRDDriverAvailable": "Yeni bir NVIDIA Studio Sürücü var",
    "l10n.clickToChangeDriverPreference": "Sürücü tercihlerinizi değiştirmek için tıklatın.",
    "l10n.gameReadyDriver": "Game Ready Sürücü",
    "l10n.fallbackGeforeceCrdDriverName": "NVIDIA Studio Sürücü",
    "l10n.rollbackToLastDriver": "En Son Sürücüyü Geri Al",
    "l10n.serverTrouble": "Özür dileriz, şu anda sunucuya bağlanamıyoruz. Lütfen daha sonra tekrar deneyin."
}
