{
    "l10n.isAvailable": "可以使用",
    "l10n.releaseDate": "發行日期：",
    "l10n.versionColon": "版本：",
    "l10n.download": "下載",
    "l10n.available": "可用",
    "l10n.currentlyInstalled": "目前已安裝",
    "l10n.customInstall": "自訂安裝",
    "l10n.expressInstall": "快速安裝",
    "l10n.installDateColon": "安裝日期：",
    "l10n.reviews": "評論",
    "l10n.comments": "註解",
    "l10n.highlights": "集錦",
    "l10n.videoHighlights": "影片集錦",
    "l10n.downloading": "正在下載...",
    "l10n.checkforUpdates": "檢查更新",
    "l10n.checkingforUpdates": "正在檢查更新程式...",
    "l10n.latestGeforceUpdate": "您有最新的 GeForce 具遊戲功能的驅動程式",
    "l10n.gpuAnalyzer": "GPU 分析器",
    "l10n.installationComplete": "安裝完成",
    "l10n.installationHasFinished": "安裝已完成",
    "l10n.installationOption": "安裝選項",
    "l10n.component": "元件",
    "l10n.newVersion": "陔唳掛",
    "l10n.currentVersion": "目前的版本",
    "l10n.performCleanInstallation": "執行全新安裝",
    "l10n.cleanInstallMessage": "全新安裝可將所有 NVIDIA 設定還原為預設值並且移除您所建立的任何設定檔",
    "l10n.install": "安裝",
    "l10n.finish": "完成",
    "l10n.status": "狀態",
    "l10n.version": "版本",
    "l10n.installationFail": "安裝失敗",
    "l10n.installationCompleteRestart": "若要完成安裝，請將電腦重新啟動。",
    "l10n.restartNow": "立即重新啟動",
    "l10n.restartLater": "稍後再重新啟動",
    "l10n.installationCanNotContinue": "安裝無法繼續",
    "l10n.restartingInSecond": "將在 {{num}} 秒鐘內重新啟動",
    "l10n.afterRestartInstallation": "安裝將在重新啟動之後繼續。",
    "l10n.betaWithHypen": "{{name}} - BETA 版",
    "l10n.preparingForInstallation": "正在準備安裝...",
    "l10n.preparingPackage": "正在準備安裝套件...",
    "l10n.installed": "已安裝",
    "l10n.installing": "正在安裝 {{progressTitle}}",
    "l10n.unInstalling": "正在解除安裝 {{progressTitle}}",
    "l10n.notSelected": "未選定",
    "l10n.failed": "失敗",
    "l10n.paused": "已暫停",
    "l10n.retrying": "正在重試",
    "l10n.driverDownloadFailed": "驅動程式下載失敗",
    "l10n.downloadPausedUnableToReachNvidia": "下載已暫停，無法與 NVIDIA 取得聯繫",
    "l10n.fallbackGeforceDriverName": "GeForce 具遊戲功能的驅動程式",
    "l10n.unableToConnectToNvidia": "無法連接至 NVIDIA",
    "l10n.downloadDiskSpace": "下載無法繼續，請釋放額外的磁碟空間。需求空間為 {{value}} 在磁碟 {{drive}} 上",
    "l10n.otherInstallationRunning": "正在執行其他安裝。完成其他安裝，然後再試一次。",
    "l10n.anErrorOccured": "發生一個錯誤。",
    "l10n.insufficientMemory": "記憶體 (RAM) 不足。關閉某些程式並且再試一次。",
    "l10n.extractionErrorHeader": "解壓縮套件時發生錯誤，這可能是因為以下原因：",
    "l10n.extractionErrorNotEnoughSpace": "磁碟空間不足。若要釋放磁碟空間，請將您不再需要的檔案刪除。",
    "l10n.extractionErrorCorrupt": "下載套件已經損毀。",
    "l10n.newGfeAvailable": "GeForce Experience 的新版本安裝準備就緒。",
    "l10n.installNewVersion": "安裝新版本。",
    "l10n.bestGamingExperience": "讓您在玩本季最熱門的遊戲時獲得最佳的遊戲體驗",
    "l10n.overview": "概觀",
    "l10n.reInstalledDriver": "重新安裝驅動程式",
    "l10n.optimalSettingsAvailable": "有最佳設定可用",
    "l10n.tryAgain": "再試一次",
    "l10n.operatingSystemInUseNotSupported": "使用的作業系統不受這個套件支援。請取得適合您的系統的套件。",
    "l10n.noComponentToInstall": "有沒有要安裝的元件。",
    "l10n.requireFilesAreMissing": "缺少必要的檔案。",
    "l10n.requireComponentMissing": "缺少必要的元件。",
    "l10n.otherInstallationIsRunning": "正在執行其他安裝。完成其他安裝，然後再試一次。",
    "l10n.systemRestartIsRequired": "需要重新啟動系統。請重新啟動系統，然後再試一次。",
    "l10n.installPackageCorrupt": "安装套件已經損毀。",
    "l10n.diskSpaceConstraint": "若要繼續，釋放額外的磁碟空間。所需空間: {{value}} MB 磁碟空間 {{drive}}",
    "l10n.foundNewWizardIsOpen": "硬體精靈正在執行。安裝將在精靈完成後恢復。",
    "l10n.installIntelDriverFirst": "您必須先安裝 Intel® 驅動程式。",
    "l10n.packageCannotBeInstalledInSafeMode": "Microsoft Visual C++ Redistributable packages for Visual Studio 無法在安全模式中安裝。",
    "l10n.driverIsNotCompatible": "此 NVIDIA 圖形驅動程式與這個 Windows 版本不相容。",
    "l10n.graphicsHardwareNotCompatible": "此圖形驅動程式找不到相容的圖形硬體。",
    "l10n.3dVisionDriverNotCompatible": "目前所安裝的「3D Vision 控制器驅動程式」與這個圖形驅動程式不相容，因此將被解除安裝。若要使用 NVIDIA 3D Vision，您也必須安裝最新的「3D Vision 控制器驅動程式」。",
    "l10n.installingOlderDriverVersion": "您正在安裝舊版的驅動程式。不論電腦在定位或是卸除狀態，系統都可以安裝新的版本.",
    "l10n.virtualAudioIsNotCompatible": "此 Miracast 虛擬音訊與這個 Windows 版本不相容。",
    "l10n.viewDetails": "檢視詳細資料",
    "l10n.newGRDDriverAvailable": "有新的 GeForce 具遊戲功能的驅動程式可用",
    "l10n.extracting": "正在解壓縮...",
    "l10n.updateDriverToRunFeature": "需要驅動程式更新才能執行此功能。",
    "l10n.showDriverRecommendationFor": "選擇您的驅動程式喜好設定",
    "l10n.creatorReadyDriver": "工作室驅動程式",
    "l10n.recommendedForGameUpdates": "提供最佳的遊戲體驗",
    "l10n.recommendedForCreativeApp": "為創意應用程式提供最佳體驗",
    "l10n.latestGeforceCRDUpdate": "您有最新的 NVIDIA 工作室驅動程式",
    "l10n.newCRDDriverAvailable": "有新的 NVIDIA 工作室驅動程式可用",
    "l10n.clickToChangeDriverPreference": "按一下以變更您的驅動程式喜好設定。",
    "l10n.gameReadyDriver": "具遊戲功能的驅動程式",
    "l10n.fallbackGeforeceCrdDriverName": "NVIDIA 工作室驅動程式",
    "l10n.rollbackToLastDriver": "復原到上一個驅動程式",
    "l10n.serverTrouble": "很抱歉，我們此時無法連接到伺服器。請稍後再試一次。"
}
