{
    "l10n.isAvailable": "可用",
    "l10n.releaseDate": "发布日期：",
    "l10n.versionColon": "版本：",
    "l10n.download": "下载",
    "l10n.available": "可用",
    "l10n.currentlyInstalled": "目前已安装",
    "l10n.customInstall": "自定义安装",
    "l10n.expressInstall": "快速安装",
    "l10n.installDateColon": "安装日期：",
    "l10n.reviews": "查阅",
    "l10n.comments": "评论",
    "l10n.highlights": "亮点",
    "l10n.videoHighlights": "视频亮点",
    "l10n.downloading": "正在下载……",
    "l10n.checkforUpdates": "检查更新文件",
    "l10n.checkingforUpdates": "正在查找更新文件……",
    "l10n.latestGeforceUpdate": "您拥有最新的 GeForce Game Ready 驱动程序",
    "l10n.gpuAnalyzer": "GPU 分析工具",
    "l10n.installationComplete": "安装完成",
    "l10n.installationHasFinished": "安装已完成",
    "l10n.installationOption": "安装选项",
    "l10n.component": "组件",
    "l10n.newVersion": "新版本",
    "l10n.currentVersion": "当前版本",
    "l10n.performCleanInstallation": "执行清洁安装",
    "l10n.cleanInstallMessage": "清洁安装会将所有 NVIDIA 设置恢复为默认值并删除您已创建的所有配置文件",
    "l10n.install": "安装",
    "l10n.finish": "结束",
    "l10n.status": "状态",
    "l10n.version": "版本",
    "l10n.installationFail": "安装失败",
    "l10n.installationCompleteRestart": "要完成安装，请重新启动系统。",
    "l10n.restartNow": "马上重启",
    "l10n.restartLater": "以后重启",
    "l10n.installationCanNotContinue": "无法继续安装",
    "l10n.restartingInSecond": "在 {{num}} 秒内重新启动",
    "l10n.afterRestartInstallation": "重新启动后，安装将继续进行。",
    "l10n.betaWithHypen": "{{name}} - BETA",
    "l10n.preparingForInstallation": "准备安装……",
    "l10n.preparingPackage": "正在准备程序包......",
    "l10n.installed": "已安装",
    "l10n.installing": "正在安装 {{progressTitle}}",
    "l10n.unInstalling": "正在卸载 {{progressTitle}}",
    "l10n.notSelected": "未选择",
    "l10n.failed": "失败",
    "l10n.paused": "已暂停",
    "l10n.retrying": "正在重试",
    "l10n.driverDownloadFailed": "驱动程序下载失败",
    "l10n.downloadPausedUnableToReachNvidia": "暂停下载，无法连接 NVIDIA",
    "l10n.fallbackGeforceDriverName": "GeForce Game Ready 驱动程序",
    "l10n.unableToConnectToNvidia": "无法连接到 NVIDIA",
    "l10n.downloadDiskSpace": "无法继续下载，请释放更多磁盘空间。磁盘 {{drive}} 需要 {{value}} 空间",
    "l10n.otherInstallationRunning": "其他安装程序正在运行。请完成其他安装后重试。",
    "l10n.anErrorOccured": "出现一个错误。",
    "l10n.insufficientMemory": "内存 (RAM) 不足。关闭一些程序并重试。",
    "l10n.extractionErrorHeader": "提取软件包时出错，具体原因可能如下：",
    "l10n.extractionErrorNotEnoughSpace": "磁盘空间不足。要释放磁盘空间，删除不需要的文件。",
    "l10n.extractionErrorCorrupt": "下载的软件包损坏。",
    "l10n.newGfeAvailable": "GeForce Experience 的新版本已准备就绪，可以进行安装。",
    "l10n.installNewVersion": "安装新服务。",
    "l10n.bestGamingExperience": "最佳游戏体验，本季最热游戏。",
    "l10n.overview": "概述",
    "l10n.reInstalledDriver": "重新安装驱动程序",
    "l10n.optimalSettingsAvailable": "最佳设置可用",
    "l10n.tryAgain": "重试",
    "l10n.operatingSystemInUseNotSupported": "此软件包不支持所使用的操作系统。请获取适合您系统的正确软件包。",
    "l10n.noComponentToInstall": "没有可安装的组件。",
    "l10n.requireFilesAreMissing": "所需文件丢失",
    "l10n.requireComponentMissing": "所需组件丢失",
    "l10n.otherInstallationIsRunning": "其他安装程序正在运行。请完成其他安装后重试。",
    "l10n.systemRestartIsRequired": "需要重新启动系统。重新启动系统并重试。",
    "l10n.installPackageCorrupt": "安装组件损坏。",
    "l10n.diskSpaceConstraint": "要继续，请释放更多磁盘空间。所需空间: {{value}} MB 磁盘空间 {{drive}}",
    "l10n.foundNewWizardIsOpen": "硬件向导正在运行。该向导完成后将继续安装。",
    "l10n.installIntelDriverFirst": "你必须先安装 Intel® 驱动程序。",
    "l10n.packageCannotBeInstalledInSafeMode": "无法在安全模式下安装 Microsoft Visual C++ Redistributable packages for Visual Studio。",
    "l10n.driverIsNotCompatible": "此 NVIDIA 驱动程序与此 Windows 版本不兼容。",
    "l10n.graphicsHardwareNotCompatible": "此图形驱动程序无法找到兼容的图形硬件。",
    "l10n.3dVisionDriverNotCompatible": "当前安装的 NVIDIA 3D Vision 控制器驱动程序与此图形驱动程序不兼容，且将被卸载。要使用 NVIDIA 3D Vision，您还必须安装最新的 3D Vision 控制器驱动程序。",
    "l10n.installingOlderDriverVersion": "您正在安装老版本的驱动程序。系统可在计算机定位或未定位时安装新版本的驱动程序。",
    "l10n.virtualAudioIsNotCompatible": "此 Miracast 虚拟音频与此版本Windows不兼容。",
    "l10n.viewDetails": "查看详细信息",
    "l10n.newGRDDriverAvailable": "新的 GeForce Game Ready 驱动程序可用",
    "l10n.extracting": "正在提取……",
    "l10n.updateDriverToRunFeature": "需更新驱动程序才能运行此功能。",
    "l10n.showDriverRecommendationFor": "选择您的驱动程序首选项",
    "l10n.creatorReadyDriver": "Studio 驱动程序",
    "l10n.recommendedForGameUpdates": "提供最佳游戏体验",
    "l10n.recommendedForCreativeApp": "提供创意应用的最佳体验",
    "l10n.latestGeforceCRDUpdate": "您已拥有最新的 NVIDIA Studio 驱动程序",
    "l10n.newCRDDriverAvailable": "新的 NVIDIA Studio 驱动程序可用",
    "l10n.clickToChangeDriverPreference": "单击以更改驱动程序首选项。",
    "l10n.gameReadyDriver": "Game Ready 驱动程序",
    "l10n.fallbackGeforeceCrdDriverName": "NVIDIA Studio 驱动程序",
    "l10n.rollbackToLastDriver": "回滚到最后一个驱动程序",
    "l10n.serverTrouble": "抱歉，目前无法连接到服务器。请稍后再试。"
}
