{
    "l10n.offerControlText": "Θέλει τη βοήθειά σας και θα ήθελε να δώσει έλεγχο παιχνιδιού ή εφαρμογής",
    "l10n.dialogAccept": "Αποδοχή",
    "l10n.dialogDecline": "Απόρριψη",
    "l10n.coplayControls": "Ctrl + Tab για αποδέσμευση ποντικιού/πληκτρολογίου",
    "l10n.sharingEnabled": "Η υπέρθεση εντός παιχνιδιού είναι έτοιμη",
    "l10n.shadowPlayRenamed": "Το ShadowPlay είναι τώρα η νέα υπέρθεση κοινής χρήσης.",
    "l10n.pressKeyToStart": "Πατήστε {{assignedKey}} για έναρξη.",
    "l10n.editHighlight": "Επεξεργασία...",
    "l10n.turnOff": "Απενεργοποίηση",
    "l10n.turnOn": "Ενεργοποίηση"
}
