{
    "l10n.offerControlText": "Wants your help and would like to give game or application control",
    "l10n.dialogAccept": "Accept",
    "l10n.dialogDecline": "Decline",
    "l10n.coplayControls": "Ctrl + Tab to release mouse/keyboard",
    "l10n.sharingEnabled": "In-game overlay is ready",
    "l10n.shadowPlayRenamed": "ShadowPlay is now the new Share overlay.",
    "l10n.pressKeyToStart": "Press {{assignedKey}} to get started.",
    "l10n.editHighlight": "Edit...",
    "l10n.turnOff": "Turn Off",
    "l10n.turnOn": "Turn On"
}
