{
    "l10n.offerControlText": "Demande votre aide et aimerait vous donner le contrôle du jeu ou de l'application",
    "l10n.dialogAccept": "Accepter",
    "l10n.dialogDecline": "Refuser",
    "l10n.coplayControls": "Ctrl + Tab pour libérer la souris et le clavier",
    "l10n.sharingEnabled": "La superposition en jeu est prête",
    "l10n.shadowPlayRenamed": "ShadowPlay est devenu le nouveau menu superposé Partage.",
    "l10n.pressKeyToStart": "Appuyez sur {{assignedKey}} pour commencer.",
    "l10n.editHighlight": "Modifier...",
    "l10n.turnOff": "Désactiver",
    "l10n.turnOn": "Activer"
}
