{
    "l10n.offerControlText": "A segítségét kéri, és át szeretné adni a játék vagy az alkalmazás irányítását",
    "l10n.dialogAccept": "Elfogadom",
    "l10n.dialogDecline": "Elutasítom",
    "l10n.coplayControls": "Ctrl + Tab: egér/billentyűzet átadása",
    "l10n.sharingEnabled": "A játékon belüli réteg kész",
    "l10n.shadowPlayRenamed": "Az új megosztási felület mostantól a ShadowPlay.",
    "l10n.pressKeyToStart": "A kezdéshez nyomja meg a következőt: {{assignedKey}}.",
    "l10n.editHighlight": "Szerkesztés...",
    "l10n.turnOff": "Kikapcsolás",
    "l10n.turnOn": "Bekapcsolás"
}
