{
    "l10n.offerControlText": "Chiede il tuo aiuto e vuole darti il controllo del gioco o dell’applicazione",
    "l10n.dialogAccept": "OK",
    "l10n.dialogDecline": "Rifiuto",
    "l10n.coplayControls": "Ctrl + Tab per rilasciare il mouse/la tastiera",
    "l10n.sharingEnabled": "La sovrapposizione di gioco è pronta",
    "l10n.shadowPlayRenamed": "La nuova sovrapposizione di condivisione ora include ShadowPlay.",
    "l10n.pressKeyToStart": "Premere {{assignedKey}} per iniziare.",
    "l10n.editHighlight": "Modifica...",
    "l10n.turnOff": "Disattiva",
    "l10n.turnOn": "Attiva"
}
