{
    "l10n.offerControlText": "Vil ha hjelp fra deg og vil gi spill eller applikasjon kontroll",
    "l10n.dialogAccept": "Godta",
    "l10n.dialogDecline": "Avslå",
    "l10n.coplayControls": "Ctrl + Tab for å frigi mus/tastatur",
    "l10n.sharingEnabled": "Overlegg i spill er klart",
    "l10n.shadowPlayRenamed": "ShadowPlay er nå det nye Share-overlegget.",
    "l10n.pressKeyToStart": "Trykk på {{assignedKey}} for å komme i gang.",
    "l10n.editHighlight": "Rediger...",
    "l10n.turnOff": "Skru av",
    "l10n.turnOn": "Skru på"
}
