{
    "l10n.offerControlText": "Potrzebuje Twojej pomocy i chce przekazać kontrolę nad grą lub aplikacją",
    "l10n.dialogAccept": "Akceptuję",
    "l10n.dialogDecline": "Nie akceptuję",
    "l10n.coplayControls": "Naciśnij Ctrl + Tab, aby zwolnić mysz/klawiaturę",
    "l10n.sharingEnabled": "Nakładka w grze jest gotowa",
    "l10n.shadowPlayRenamed": "ShadowPlay jest teraz nową nakładką udostępniania.",
    "l10n.pressKeyToStart": "Naciśnij {{assignedKey}}, aby zacząć.",
    "l10n.editHighlight": "Edytuj...",
    "l10n.turnOff": "Wyłącz",
    "l10n.turnOn": "Włącz"
}
