{
    "l10n.offerControlText": "Pretende a sua ajuda e gostaria de ceder o controlo do jogo ou da aplicação",
    "l10n.dialogAccept": "Aceitar",
    "l10n.dialogDecline": "Recusar",
    "l10n.coplayControls": "Ctrl + Tab para libertar o rato/teclado",
    "l10n.sharingEnabled": "Sobreposição no jogo preparada",
    "l10n.shadowPlayRenamed": "ShadowPlay é agora a nova Partilha.",
    "l10n.pressKeyToStart": "Prima {{assignedKey}} para começar.",
    "l10n.editHighlight": "Editar...",
    "l10n.turnOff": "Desligar",
    "l10n.turnOn": "Ligar"
}
