{
    "l10n.offerControlText": "Želi vašo pomoč in bi rad dal nadzor za igro ali aplikacijo",
    "l10n.dialogAccept": "Sprejmem",
    "l10n.dialogDecline": "Zavrni",
    "l10n.coplayControls": "Ctrl + Tab, da sprostite miško/tipkovnico",
    "l10n.sharingEnabled": "Prekrivanje v igri je pripravljeno",
    "l10n.shadowPlayRenamed": "ShadowPlay je zdaj novo prekrivanje Souporabe.",
    "l10n.pressKeyToStart": "Pritisnite {{assignedKey}}, da začnete.",
    "l10n.editHighlight": "Uredi...",
    "l10n.turnOff": "Izklopi",
    "l10n.turnOn": "Vklopi"
}
