{
    "l10n.offerControlText": "ต้องการความช่วยเหลือจากคุณและต้องการให้การควบคุมเกมหรือแอปพลิเคชัน",
    "l10n.dialogAccept": "ยอมรับ",
    "l10n.dialogDecline": "ไม่ยอมรับ",
    "l10n.coplayControls": "กด Ctrl + Tab เพื่อปล่อยเมาส์/แป้นพิมพ์",
    "l10n.sharingEnabled": "การโอเวอร์เลย์ในเกมพร้อมแล้ว",
    "l10n.shadowPlayRenamed": "ตอนนี้  ShadowPlay อยู่ในส่วนโอเวอร์เลย์การแชร์ใหม่",
    "l10n.pressKeyToStart": "กด {{assignedKey}} เพื่อเริ่มต้น",
    "l10n.editHighlight": "แก้ไข...",
    "l10n.turnOff": "ปิด",
    "l10n.turnOn": "เปิด"
}
