{
    "l10n.offerControlText": "需要您的帮助，希望由您控制游戏或应用程序",
    "l10n.dialogAccept": "接受",
    "l10n.dialogDecline": "拒绝",
    "l10n.coplayControls": "按 Ctrl + Tab 释放鼠标/键盘",
    "l10n.sharingEnabled": "游戏内覆盖准备就绪",
    "l10n.shadowPlayRenamed": "ShadowPlay 现在是新的分享覆盖。",
    "l10n.pressKeyToStart": "按 {{assignedKey}} 开始。",
    "l10n.editHighlight": "编辑……",
    "l10n.turnOff": "关闭",
    "l10n.turnOn": "打开"
}
