{
    "l10n.offerControlText": "想要獲得您的幫助並且希望給予遊戲或應用程式控制",
    "l10n.dialogAccept": "接受",
    "l10n.dialogDecline": "拒絕",
    "l10n.coplayControls": "Ctrl + Tab 以釋放滑鼠/鍵盤",
    "l10n.sharingEnabled": "遊戲內重疊已就緒",
    "l10n.shadowPlayRenamed": "ShadowPlay 現在是新的共用重疊。",
    "l10n.pressKeyToStart": "按 {{assignedKey}} 以開始使用。",
    "l10n.editHighlight": "編輯...",
    "l10n.turnOff": "關閉",
    "l10n.turnOn": "開啟"
}
