{
    "l10n.friendTitle": "Profil {{displayName}}",
    "l10n.friendListTitle": "Kamarádi",
    "l10n.friendGroupListTitle": "Skupiny",
    "l10n.watchBroadcast": "Sledovat vysílání",
    "l10n.askToPlay": "Poslat žádost hrát hru",
    "l10n.viewProfile": "Zobrazit profil",
    "l10n.chat": "Chat",
    "l10n.otherViewers": "+ {{otherViewers}} uživatelů",
    "l10n.activity": "Aktivita",
    "l10n.placeholderText": "Zástupný text",
    "l10n.alt.background": "Pozadí",
    "l10n.broadcasting": "Vysílání {{displayName}}",
    "l10n.playing": "Hraje {{displayName}}",
    "l10n.offline": "Offline",
    "l10n.online": "On-line",
    "l10n.friendsWhoAchievedThis": "Kamarádi, kterým se podařilo toto:",
    "l10n.realName": "Skutečné jméno",
    "l10n.lastSeen": "Naposledy viděn(a)",
    "l10n.memberSince": "Členem od",
    "l10n.reputation": "Reputace",
    "l10n.gameSummary": "Souhrn her a aplikací",
    "l10n.compareGames": "Porovnat hry a aplikace",
    "l10n.numGames": "{{numGames}} her a aplikací"
}
