{
    "l10n.friendTitle": "{{displayName}}s profil",
    "l10n.friendListTitle": "Venner",
    "l10n.friendGroupListTitle": "Grupper",
    "l10n.watchBroadcast": "Se udsendelse",
    "l10n.askToPlay": "Spørg om at spille",
    "l10n.viewProfile": "Vis profil",
    "l10n.chat": "Chat",
    "l10n.otherViewers": "+ {{otherViewers}} seere",
    "l10n.activity": "Aktivitet",
    "l10n.placeholderText": "Pladsholdertekst",
    "l10n.alt.background": "Baggrund",
    "l10n.broadcasting": "Udsender {{displayName}}",
    "l10n.playing": "Spiller {{displayName}}",
    "l10n.offline": "Offline",
    "l10n.online": "Online",
    "l10n.friendsWhoAchievedThis": "Venner, som har opnået dette:",
    "l10n.realName": "Rigtige navn",
    "l10n.lastSeen": "Sidst set",
    "l10n.memberSince": "Medlem siden",
    "l10n.reputation": "Omdømme",
    "l10n.gameSummary": "Oversigt over spil og applikationer",
    "l10n.compareGames": "Sammenlign spil og applikationer",
    "l10n.numGames": "{{numGames}} spil og applikationer"
}
