{
    "l10n.friendTitle": "{{displayName}}s Profil",
    "l10n.friendListTitle": "Freunde",
    "l10n.friendGroupListTitle": "Gruppen",
    "l10n.watchBroadcast": "Übertragung ansehen",
    "l10n.askToPlay": "Zum Spielen auffordern",
    "l10n.viewProfile": "Profil anzeigen",
    "l10n.chat": "Chat",
    "l10n.otherViewers": "+ {{otherViewers}} Zuschauer",
    "l10n.activity": "Aktivität",
    "l10n.placeholderText": "Platzhaltertext",
    "l10n.alt.background": "Hintergrund",
    "l10n.broadcasting": "{{displayName}} wird übertragen",
    "l10n.playing": "{{displayName}} wird gespielt",
    "l10n.offline": "Offline",
    "l10n.online": "Online",
    "l10n.friendsWhoAchievedThis": "Freunde, die das erreicht haben:",
    "l10n.realName": "Echter Name",
    "l10n.lastSeen": "Zuletzt gesehen",
    "l10n.memberSince": "Mitglied seit",
    "l10n.reputation": "Ruf",
    "l10n.gameSummary": "Spiel- und Anwendungszusammenfassung",
    "l10n.compareGames": "Spiele und Anwendungen vergleichen",
    "l10n.numGames": "{{numGames}} Spiele und Anwendungen"
}
