{
    "l10n.friendTitle": "{{displayName}}'s Profile",
    "l10n.friendListTitle": "Friends",
    "l10n.friendGroupListTitle": "Groups",
    "l10n.watchBroadcast": "Watch broadcast",
    "l10n.askToPlay": "Ask to play",
    "l10n.viewProfile": "View profile",
    "l10n.chat": "Chat",
    "l10n.otherViewers": "+ {{otherViewers}} viewers",
    "l10n.activity": "Activity",
    "l10n.placeholderText": "Placeholder Text",
    "l10n.alt.background": "Background",
    "l10n.broadcasting": "Broadcasting {{displayName}}",
    "l10n.playing": "Playing {{displayName}}",
    "l10n.offline": "Offline",
    "l10n.online": "Online",
    "l10n.friendsWhoAchievedThis": "Friends who achieved this:",
    "l10n.realName": "Real name",
    "l10n.lastSeen": "Last seen",
    "l10n.memberSince": "Member since",
    "l10n.reputation": "Reputation",
    "l10n.gameSummary": "Game and application Summary",
    "l10n.compareGames": "Compare Games and applications",
    "l10n.numGames": "{{numGames}} games and applications"
}
