{
    "l10n.friendTitle": "Профіль {{displayName}}",
    "l10n.friendListTitle": "Друзі",
    "l10n.friendGroupListTitle": "Групи",
    "l10n.watchBroadcast": "Дивитись трансляцію",
    "l10n.askToPlay": "Запросити у гру",
    "l10n.viewProfile": "Подивитися профіль",
    "l10n.chat": "Чат",
    "l10n.otherViewers": "+ {{otherViewers}} глядачі",
    "l10n.activity": "Активність",
    "l10n.placeholderText": "Текст для підстановки",
    "l10n.alt.background": "фон",
    "l10n.broadcasting": "Трансляція {{displayName}}",
    "l10n.playing": "відтворення {{displayName}}",
    "l10n.offline": "Офлайн",
    "l10n.online": "Онлайн",
    "l10n.friendsWhoAchievedThis": "Друзія, що досягли цього:",
    "l10n.realName": "Справжнє ім'я",
    "l10n.lastSeen": "Був у мережі",
    "l10n.memberSince": "Учасник з",
    "l10n.reputation": "Репутація",
    "l10n.gameSummary": "Огляд ігор та застосунків",
    "l10n.compareGames": "Порівняти ігри та застосунки",
    "l10n.numGames": "Ігор та застосунків: {{numGames}}"
}
