{
    "l10n.friendTitle": "Perfil de {{displayName}}",
    "l10n.friendListTitle": "Amigos",
    "l10n.friendGroupListTitle": "Grupos",
    "l10n.watchBroadcast": "Ver difusión",
    "l10n.askToPlay": "Enviar solicitud de juego",
    "l10n.viewProfile": "Ver perfil",
    "l10n.chat": "Chatear",
    "l10n.otherViewers": "Más de {{otherViewers}} espectadores",
    "l10n.activity": "Actividad",
    "l10n.placeholderText": "Texto de marcador de posición",
    "l10n.alt.background": "Fondo",
    "l10n.broadcasting": "Difundiendo {{displayName}}",
    "l10n.playing": "Jugando {{displayName}}",
    "l10n.offline": "Desconectado",
    "l10n.online": "Conectado",
    "l10n.friendsWhoAchievedThis": "Amigos que consiguieron esto:",
    "l10n.realName": "Nombre real",
    "l10n.lastSeen": "Visto por última vez",
    "l10n.memberSince": "Miembro desde",
    "l10n.reputation": "Reputación",
    "l10n.gameSummary": "Resumen de juegos y aplicaciones",
    "l10n.compareGames": "Comparar juegos y aplicaciones",
    "l10n.numGames": "{{numGames}} juegos y aplicaciones"
}
