{
    "l10n.friendTitle": "{{displayName}}n profiili",
    "l10n.friendListTitle": "Ystävät",
    "l10n.friendGroupListTitle": "Ryhmät",
    "l10n.watchBroadcast": "Katso lähetys",
    "l10n.askToPlay": "Pyydä pelata",
    "l10n.viewProfile": "Näytä profiili",
    "l10n.chat": "Chat",
    "l10n.otherViewers": "+ {{otherViewers}} katselijaa",
    "l10n.activity": "Aktiviteetti",
    "l10n.placeholderText": "Paikkamerkin teksti",
    "l10n.alt.background": "Tausta",
    "l10n.broadcasting": "Lähetetään: {{displayName}}",
    "l10n.playing": "Toistetaan: {{displayName}}",
    "l10n.offline": "Offline",
    "l10n.online": "Online",
    "l10n.friendsWhoAchievedThis": "Ystävät, jotka saavuttivat tämän:",
    "l10n.realName": "Oikea nimi",
    "l10n.lastSeen": "Nähty viimeksi",
    "l10n.memberSince": "Jäsen alkaen",
    "l10n.reputation": "Maine",
    "l10n.gameSummary": "Pelit ja sovellukset -yhteenveto",
    "l10n.compareGames": "Vertaa pelejä ja sovelluksia",
    "l10n.numGames": "{{numGames}} peliä ja sovellusta"
}
