{
    "l10n.friendTitle": "Profil de {{displayName}}",
    "l10n.friendListTitle": "Amis",
    "l10n.friendGroupListTitle": "Groupes",
    "l10n.watchBroadcast": "Regarder une diffusion",
    "l10n.askToPlay": "Inviter à jouer",
    "l10n.viewProfile": "Afficher un profil",
    "l10n.chat": "Discuter",
    "l10n.otherViewers": "+ {{otherViewers}} spectateurs",
    "l10n.activity": "Activité",
    "l10n.placeholderText": "Texte de l'espace réservé",
    "l10n.alt.background": "Arrière-plan",
    "l10n.broadcasting": "Diffusion de {{displayName}}...",
    "l10n.playing": "Vous jouez avec {{displayName}}",
    "l10n.offline": "Hors ligne",
    "l10n.online": "En ligne",
    "l10n.friendsWhoAchievedThis": "Amis qui ont obtenu ce résultat :",
    "l10n.realName": "Nom réel",
    "l10n.lastSeen": "Vu dernièrement",
    "l10n.memberSince": "Membre depuis",
    "l10n.reputation": "Réputation",
    "l10n.gameSummary": "Récapitulatif des jeux et applications",
    "l10n.compareGames": "Comparer des jeux et des applications",
    "l10n.numGames": "{{numGames}} jeux et applications"
}
