{
    "l10n.friendTitle": "{{displayName}} profilja",
    "l10n.friendListTitle": "Ismerősök",
    "l10n.friendGroupListTitle": "Csoportok",
    "l10n.watchBroadcast": "Közvetítés nézése",
    "l10n.askToPlay": "Felkérés játékra",
    "l10n.viewProfile": "Profil megtekintése",
    "l10n.chat": "Csevegés",
    "l10n.otherViewers": "+ {{otherViewers}} néző",
    "l10n.activity": "Tevékenység",
    "l10n.placeholderText": "Helyőrző szöveg",
    "l10n.alt.background": "Háttér",
    "l10n.broadcasting": "{{displayName}} közvetítése",
    "l10n.playing": "Játék a következővel: {{displayName}}",
    "l10n.offline": "Offline",
    "l10n.online": "Online",
    "l10n.friendsWhoAchievedThis": "Ismerősök, akik elérték ezt:",
    "l10n.realName": "Valódi név",
    "l10n.lastSeen": "Utoljára itt járt:",
    "l10n.memberSince": "Tagság kezdete:",
    "l10n.reputation": "Hírnév",
    "l10n.gameSummary": "Játékok és alkalmazások összegzése",
    "l10n.compareGames": "Játékok és alkalmazások összehasonlítása",
    "l10n.numGames": "{{numGames}} játék és alkalmazás"
}
