{
    "l10n.friendTitle": "Profilo di {{displayName}}",
    "l10n.friendListTitle": "Amici",
    "l10n.friendGroupListTitle": "Gruppi",
    "l10n.watchBroadcast": "Guarda",
    "l10n.askToPlay": "Chiedi di giocare",
    "l10n.viewProfile": "Visualizza profilo",
    "l10n.chat": "Chatta",
    "l10n.otherViewers": "+ {{otherViewers}} spettatori",
    "l10n.activity": "Attività",
    "l10n.placeholderText": "Testo segnaposto",
    "l10n.alt.background": "Sfondo",
    "l10n.broadcasting": "Trasmissione di {{displayName}}",
    "l10n.playing": "Stai giocando con {{displayName}}",
    "l10n.offline": "Offline",
    "l10n.online": "Online",
    "l10n.friendsWhoAchievedThis": "Amici che hanno raggiunto l'obiettivo:",
    "l10n.realName": "Nome",
    "l10n.lastSeen": "Ultimo accesso",
    "l10n.memberSince": "Membro dal",
    "l10n.reputation": "Reputazione",
    "l10n.gameSummary": "Riepilogo di giochi e applicazioni",
    "l10n.compareGames": "Confronta giochi e applicazioni",
    "l10n.numGames": "{{numGames}} giochi e applicazioni"
}
