{
    "l10n.friendTitle": "{{displayName}}의 프로파일",
    "l10n.friendListTitle": "친구",
    "l10n.friendGroupListTitle": "그룹",
    "l10n.watchBroadcast": "방송 시청",
    "l10n.askToPlay": "플레이 요청",
    "l10n.viewProfile": "프로파일 보기",
    "l10n.chat": "채팅",
    "l10n.otherViewers": "+ {{otherViewers}} 시청자",
    "l10n.activity": "활동",
    "l10n.placeholderText": "자리 표시자 텍스트",
    "l10n.alt.background": "배경",
    "l10n.broadcasting": "{{displayName}} 방송 중",
    "l10n.playing": "{{displayName}} 재생 중",
    "l10n.offline": "오프라인",
    "l10n.online": "온라인",
    "l10n.friendsWhoAchievedThis": "이것을 달성한 친구:",
    "l10n.realName": "실명",
    "l10n.lastSeen": "마지막 시청",
    "l10n.memberSince": "회원 가입 시기:",
    "l10n.reputation": "명성",
    "l10n.gameSummary": "게임 및 앱 요약",
    "l10n.compareGames": "게임 및 앱 비교",
    "l10n.numGames": "{{numGames}} 게임 및 앱"
}
