{
    "l10n.friendTitle": "{{displayName}}s profil",
    "l10n.friendListTitle": "Venner",
    "l10n.friendGroupListTitle": "Grupper",
    "l10n.watchBroadcast": "Se på kringkasting",
    "l10n.askToPlay": "Spør om å spille",
    "l10n.viewProfile": "Vis profil",
    "l10n.chat": "Chat",
    "l10n.otherViewers": "+ {{otherViewers}} seere",
    "l10n.activity": "Aktivitet",
    "l10n.placeholderText": "Plassholdertekst",
    "l10n.alt.background": "Bakgrunn",
    "l10n.broadcasting": "Kringkaster {{displayName}}",
    "l10n.playing": "Spiller {{displayName}}",
    "l10n.offline": "Frakoblet",
    "l10n.online": "Tilkoblet",
    "l10n.friendsWhoAchievedThis": "Venner med denne prestasjonen:",
    "l10n.realName": "Virkelig navn",
    "l10n.lastSeen": "Sist sett",
    "l10n.memberSince": "Medlem siden",
    "l10n.reputation": "Omdømme",
    "l10n.gameSummary": "Oppsummering spill og applikasjoner",
    "l10n.compareGames": "Sammenligne spill og applikasjoner",
    "l10n.numGames": "{{numGames}} spill og applikasjoner"
}
