{
    "l10n.friendTitle": "Profiel van {{displayName}}",
    "l10n.friendListTitle": "Vrienden",
    "l10n.friendGroupListTitle": "Groepen",
    "l10n.watchBroadcast": "Uitzending bekijken",
    "l10n.askToPlay": "Uitnodigen om te spelen",
    "l10n.viewProfile": "Profiel bekijken",
    "l10n.chat": "Chatten",
    "l10n.otherViewers": "+ {{otherViewers}} kijkers",
    "l10n.activity": "Activiteit",
    "l10n.placeholderText": "Tekst van tijdelijke aanduiding",
    "l10n.alt.background": "Achtergrond",
    "l10n.broadcasting": "{{displayName}} wordt uitgezonden",
    "l10n.playing": "{{displayName}} wordt gespeeld",
    "l10n.offline": "Offline",
    "l10n.online": "Online",
    "l10n.friendsWhoAchievedThis": "Vrienden die dit bereikt hebben:",
    "l10n.realName": "Echte naam",
    "l10n.lastSeen": "Laatst gezien",
    "l10n.memberSince": "Lid sinds",
    "l10n.reputation": "Reputatie",
    "l10n.gameSummary": "Samenvatting games en apps",
    "l10n.compareGames": "Games en apps vergelijken",
    "l10n.numGames": "{{numGames}} games en apps"
}
