{
    "l10n.friendTitle": "Profil użytkownika {{displayName}}",
    "l10n.friendListTitle": "Znajomi",
    "l10n.friendGroupListTitle": "Grupy",
    "l10n.watchBroadcast": "Obejrzyj transmisję",
    "l10n.askToPlay": "Poproś o możliwość grania",
    "l10n.viewProfile": "Wyświetl profil",
    "l10n.chat": "Rozmowa",
    "l10n.otherViewers": "+ {{otherViewers}} widzów",
    "l10n.activity": "Aktywność",
    "l10n.placeholderText": "Tekst zastępczy",
    "l10n.alt.background": "Tło",
    "l10n.broadcasting": "Nadawanie: {{displayName}}",
    "l10n.playing": "Uruchomiona gra: {{displayName}}",
    "l10n.offline": "Offline",
    "l10n.online": "Online",
    "l10n.friendsWhoAchievedThis": "Znajomi, którzy to osiągnęli:",
    "l10n.realName": "Prawdziwe imię i nazwisko",
    "l10n.lastSeen": "Ostatnio widziany",
    "l10n.memberSince": "Członek od",
    "l10n.reputation": "Reputacja",
    "l10n.gameSummary": "Podsumowanie informacji o grach i aplikacjach",
    "l10n.compareGames": "Porównaj gry i aplikacje",
    "l10n.numGames": "Gry i aplikacje: {{numGames}}"
}
