{
    "l10n.friendTitle": "Perfil de {{displayName}}",
    "l10n.friendListTitle": "Amigos",
    "l10n.friendGroupListTitle": "Grupos",
    "l10n.watchBroadcast": "Ver emissão",
    "l10n.askToPlay": "Pedir para reproduzir",
    "l10n.viewProfile": "Visualizar perfil",
    "l10n.chat": "Chat",
    "l10n.otherViewers": "+ {{otherViewers}} espectadores",
    "l10n.activity": "Actividade",
    "l10n.placeholderText": "Texto de exemplo",
    "l10n.alt.background": "Padrão de fundo",
    "l10n.broadcasting": "A transmitir {{displayName}}",
    "l10n.playing": "A jogar {{displayName}}",
    "l10n.offline": "Offline",
    "l10n.online": "Online",
    "l10n.friendsWhoAchievedThis": "Amigos com estes resultados:",
    "l10n.realName": "Nome verdadeiro",
    "l10n.lastSeen": "Última visualização",
    "l10n.memberSince": "Membro desde",
    "l10n.reputation": "Reputação",
    "l10n.gameSummary": "Resumo de jogos e aplicações",
    "l10n.compareGames": "Comparar jogos e aplicações",
    "l10n.numGames": "{{numGames}} jogos e aplicações"
}
