{
    "l10n.friendTitle": "Profil používateľa {{displayName}}",
    "l10n.friendListTitle": "Priatelia",
    "l10n.friendGroupListTitle": "Skupiny",
    "l10n.watchBroadcast": "Sledovať vysielanie",
    "l10n.askToPlay": "Požiadať o možnosť hrať",
    "l10n.viewProfile": "Zobraziť profil",
    "l10n.chat": "Rozhovor",
    "l10n.otherViewers": "a ďalší ({{otherViewers}}) diváci",
    "l10n.activity": "Aktivita",
    "l10n.placeholderText": "Zástupný text",
    "l10n.alt.background": "Pozadie",
    "l10n.broadcasting": "Vysiela: {{displayName}}",
    "l10n.playing": "Hrá: {{displayName}}",
    "l10n.offline": "Offline",
    "l10n.online": "Online",
    "l10n.friendsWhoAchievedThis": "Priatelia, ktorí to dosiahli:",
    "l10n.realName": "Skutočné meno",
    "l10n.lastSeen": "Naposledy zobrazené",
    "l10n.memberSince": "Člen od",
    "l10n.reputation": "Reputácia",
    "l10n.gameSummary": "Zhrnutie hry alebo aplikácie",
    "l10n.compareGames": "Porovnať hry a aplikácie",
    "l10n.numGames": "Počet hier a aplikácií: {{numGames}}"
}
