{
    "l10n.friendTitle": "{{displayName}}s profil",
    "l10n.friendListTitle": "Vänner",
    "l10n.friendGroupListTitle": "Grupper",
    "l10n.watchBroadcast": "Titta på sändning",
    "l10n.askToPlay": "Be att spela",
    "l10n.viewProfile": "Visa profil",
    "l10n.chat": "Chatta",
    "l10n.otherViewers": "+ {{otherViewers}} tittare",
    "l10n.activity": "Aktivitet",
    "l10n.placeholderText": "Platshållartext",
    "l10n.alt.background": "Bakgrund",
    "l10n.broadcasting": "Sänder {{displayName}}",
    "l10n.playing": "Spelar {{displayName}}",
    "l10n.offline": "Offline",
    "l10n.online": "Online",
    "l10n.friendsWhoAchievedThis": "Vänner som lyckades med det här:",
    "l10n.realName": "Verkligt namn",
    "l10n.lastSeen": "Sågs senast",
    "l10n.memberSince": "Medlem sedan",
    "l10n.reputation": "Rykte",
    "l10n.gameSummary": "Sammanfattning av spel och program",
    "l10n.compareGames": "Jämför spel och program",
    "l10n.numGames": "{{numGames}} spel och program"
}
