{
    "l10n.friendTitle": "โปรไฟล์ของ {{displayName}}",
    "l10n.friendListTitle": "เพื่อน",
    "l10n.friendGroupListTitle": "กลุ่ม",
    "l10n.watchBroadcast": "รับชมการถ่ายทอดสด",
    "l10n.askToPlay": "ร้องขอเพื่อเล่น",
    "l10n.viewProfile": "ดูโปรไฟล์",
    "l10n.chat": "สนทนา",
    "l10n.otherViewers": "+ {{otherViewers}} ผู้ดู",
    "l10n.activity": "กิจกรรม",
    "l10n.placeholderText": "ข้อความตัวแทนคำพูด",
    "l10n.alt.background": "พื้นด้านหลัง",
    "l10n.broadcasting": "กำลังออกอากาศ {{displayName}}",
    "l10n.playing": "กำลังเล่น {{displayName}}",
    "l10n.offline": "ออฟไลน์",
    "l10n.online": "ออนไลน์",
    "l10n.friendsWhoAchievedThis": "เพื่อนที่บรรลุผลสำเร็จนี้:",
    "l10n.realName": "ชื่อจริง",
    "l10n.lastSeen": "มองเห็นล่าสุด",
    "l10n.memberSince": "สมาชิกตั้งแต่",
    "l10n.reputation": "ชื่อเสียง",
    "l10n.gameSummary": "บทสรุปของเกมและแอปพลิเคชัน",
    "l10n.compareGames": "เปรียบเทียบเกมและแอปพลิเคชัน",
    "l10n.numGames": "{{numGames}} เกมและแอปพลิเคชัน"
}
