{
    "l10n.friendTitle": "{{displayName}} Adlı Kullanıcının Profili",
    "l10n.friendListTitle": "Arkadaşlar",
    "l10n.friendGroupListTitle": "Gruplar",
    "l10n.watchBroadcast": "Yayın izle",
    "l10n.askToPlay": "Oynama isteği gönder",
    "l10n.viewProfile": "Profili görüntüle",
    "l10n.chat": "Sohbet",
    "l10n.otherViewers": "+ {{otherViewers}} izleyici",
    "l10n.activity": "Etkinlik",
    "l10n.placeholderText": "Yer Tutucu Metin",
    "l10n.alt.background": "Arka Plan",
    "l10n.broadcasting": "{{displayName}} yayında",
    "l10n.playing": "{{displayName}} oynanıyor",
    "l10n.offline": "Çevrimdışı",
    "l10n.online": "Çevrimiçi",
    "l10n.friendsWhoAchievedThis": "Bunu başaran arkadaşlar:",
    "l10n.realName": "Gerçek adı",
    "l10n.lastSeen": "Son görüldüğü tarih/saat",
    "l10n.memberSince": "Üyelik başlangıcı",
    "l10n.reputation": "Ünü",
    "l10n.gameSummary": "Oyun ve uygulama Özeti",
    "l10n.compareGames": "Oyun ve uygulamaları karşılaştırın",
    "l10n.numGames": "{{numGames}} oyun ve uygulama"
}
