{
    "l10n.friendTitle": "{{displayName}}的个人资料",
    "l10n.friendListTitle": "好友",
    "l10n.friendGroupListTitle": "分组",
    "l10n.watchBroadcast": "观看直播",
    "l10n.askToPlay": "请求玩游戏",
    "l10n.viewProfile": "查看个人资料",
    "l10n.chat": "聊天",
    "l10n.otherViewers": "+ {{otherViewers}} 观看者",
    "l10n.activity": "活动",
    "l10n.placeholderText": "占位符文本",
    "l10n.alt.background": "背景",
    "l10n.broadcasting": "正在直播 {{displayName}}",
    "l10n.playing": "正在玩游戏 {{displayName}}",
    "l10n.offline": "离线",
    "l10n.online": "在线",
    "l10n.friendsWhoAchievedThis": "达成此成就的好友：",
    "l10n.realName": "真实姓名",
    "l10n.lastSeen": "最后上线",
    "l10n.memberSince": "会员身份始于",
    "l10n.reputation": "声誉",
    "l10n.gameSummary": "游戏及应用程序摘要",
    "l10n.compareGames": "对比游戏及应用程序",
    "l10n.numGames": "{{numGames}} 个游戏及应用程序"
}
