{
    "l10n.friendTitle": "{{displayName}} 的設定檔",
    "l10n.friendListTitle": "好友",
    "l10n.friendGroupListTitle": "群組",
    "l10n.watchBroadcast": "觀看廣播",
    "l10n.askToPlay": "要求玩遊戲",
    "l10n.viewProfile": "檢視設定檔",
    "l10n.chat": "聊天",
    "l10n.otherViewers": "+ {{otherViewers}} 個觀眾",
    "l10n.activity": "活動",
    "l10n.placeholderText": "預留位置文字",
    "l10n.alt.background": "背景",
    "l10n.broadcasting": "正在廣播 {{displayName}}",
    "l10n.playing": "正在玩 {{displayName}}",
    "l10n.offline": "離線",
    "l10n.online": "連線",
    "l10n.friendsWhoAchievedThis": "取得這個成績的好友：",
    "l10n.realName": "真實姓名",
    "l10n.lastSeen": "上次上線",
    "l10n.memberSince": "會員始於",
    "l10n.reputation": "評價",
    "l10n.gameSummary": "遊戲和應用程式摘要",
    "l10n.compareGames": "比較遊戲和應用程式",
    "l10n.numGames": "{{numGames}} 個遊戲和應用程式"
}
