{
    "l10n.offerControlText": "Chce vaši pomoc a rád by předal kontrolu nad hrou nebo aplikací",
    "l10n.dialogAccept": "Přijmout",
    "l10n.dialogDecline": "Odmítnout",
    "l10n.coplayControls": "Ctrl + Tab k uvolnění myši/klávesnice",
    "l10n.sharingEnabled": "Překrytí ve hře je připraveno",
    "l10n.shadowPlayRenamed": "ShadowPlay je nyní nová funkce sdílení.",
    "l10n.pressKeyToStart": "Začněte stisknutím {{assignedKey}}.",
    "l10n.editHighlight": "Upravit...",
    "l10n.turnOff": "Vypnout",
    "l10n.turnOn": "Zapnout"
}
