{
    "l10n.offerControlText": "Ønsker din hjælp og vil give kontrol over spil eller applikation",
    "l10n.dialogAccept": "Acceptér",
    "l10n.dialogDecline": "Afvis",
    "l10n.coplayControls": "Ctrl + Tab for at frigive mus/tastatur",
    "l10n.sharingEnabled": "Overlay i spil er parat",
    "l10n.shadowPlayRenamed": "ShadowPlay er nu det nye Deling-overlay.",
    "l10n.pressKeyToStart": "Tryk på {{assignedKey}} for at komme i gang.",
    "l10n.editHighlight": "Rediger...",
    "l10n.turnOff": "Deaktivér",
    "l10n.turnOn": "Aktivér"
}
