{
    "l10n.offerControlText": "Möchte Ihre Hilfe und möchte die Spiel- oder Anwendungskontrolle übergeben",
    "l10n.dialogAccept": "Annehmen",
    "l10n.dialogDecline": "Ablehnen",
    "l10n.coplayControls": "Strg + Tab, um Maus/Tastatur freizugeben",
    "l10n.sharingEnabled": "Spielinternes Overlay ist bereit",
    "l10n.shadowPlayRenamed": "ShadowPlay ist jetzt das neue Teilen-Overlay.",
    "l10n.pressKeyToStart": "Drücken Sie {{assignedKey}}, um zu starten.",
    "l10n.editHighlight": "Bearbeiten ...",
    "l10n.turnOff": "Ausschalten",
    "l10n.turnOn": "Einschalten"
}
