{
    "l10n.offerControlText": "Quiere que le ayude y le gustaría cederle el control del juego o la aplicación",
    "l10n.dialogAccept": "Aceptar",
    "l10n.dialogDecline": "Rechazar",
    "l10n.coplayControls": "Ctrl + Tab para liberar teclado/ratón",
    "l10n.sharingEnabled": "La superposición dentro del juego está lista",
    "l10n.shadowPlayRenamed": "ShadowPlay ahora es la nueva superposición de Compartir.",
    "l10n.pressKeyToStart": "Pulse {{assignedKey}} para empezar.",
    "l10n.editHighlight": "Editar...",
    "l10n.turnOff": "Desactivar",
    "l10n.turnOn": "Activar"
}
