{
    "l10n.offerControlText": "Desea recibir su ayuda y quisiera darle el control del juego o la aplicación.",
    "l10n.dialogAccept": "Aceptar",
    "l10n.dialogDecline": "Rechazar",
    "l10n.coplayControls": "Ctrl + Tab para liberar mouse/teclado",
    "l10n.sharingEnabled": "La superposición dentro del juego está lista",
    "l10n.shadowPlayRenamed": "ShadowPlay ahora es la nueva superposición de Compartir.",
    "l10n.pressKeyToStart": "Presione {{assignedKey}} para comenzar.",
    "l10n.editHighlight": "Editar...",
    "l10n.turnOff": "Desactivar",
    "l10n.turnOn": "Activar"
}
