{
    "l10n.offerControlText": "Haluaa apuasi ja haluaisi antaa pelin tai sovelluksen ohjauksen",
    "l10n.dialogAccept": "Hyväksyn",
    "l10n.dialogDecline": "En hyväksy",
    "l10n.coplayControls": "CTRL + sarkain hiiren/näppäimistön vapauttamiseksi",
    "l10n.sharingEnabled": "Pelinsisäiset limitykset ovat valmiita",
    "l10n.shadowPlayRenamed": "ShadowPlay on nyt uusi jaettu peittokuva.",
    "l10n.pressKeyToStart": "Aloita painamalla {{assignedKey}}.",
    "l10n.editHighlight": "Muokkaa...",
    "l10n.turnOff": "Poista käytöstä",
    "l10n.turnOn": "Ota käyttöön"
}
