{
    "l10n.offerControlText": "あなたの助けを求めています。ゲームやアプリケーションをコントロールしますか",
    "l10n.dialogAccept": "承認",
    "l10n.dialogDecline": "拒否",
    "l10n.coplayControls": "Ctrl + Tab でマウス／キーボードをリリース",
    "l10n.sharingEnabled": "ゲーム内のオーバーレイが準備完了",
    "l10n.shadowPlayRenamed": "ShadowPlay は現在、新シェアオーバレイです。",
    "l10n.pressKeyToStart": "{{assignedKey}} をクリックして開始。",
    "l10n.editHighlight": "編集しています…",
    "l10n.turnOff": "オフにする",
    "l10n.turnOn": "オンにする"
}
