{
    "l10n.offerControlText": "도움을 받기 위해 게임이나 앱 제어 요청",
    "l10n.dialogAccept": "동의",
    "l10n.dialogDecline": "동의 안 함",
    "l10n.coplayControls": "Ctrl + Tab을 눌러 마우스/키보드 해제",
    "l10n.sharingEnabled": "게임 내 오버레이 준비됨",
    "l10n.shadowPlayRenamed": "ShadowPlay가 이제 새로운 공유 오버레이입니다.",
    "l10n.pressKeyToStart": "시작하려면 {{assignedKey}}을(를) 누르십시오.",
    "l10n.editHighlight": "수정...",
    "l10n.turnOff": "끄기",
    "l10n.turnOn": "켜기"
}
