{
    "l10n.offerControlText": "Heeft je hulp nodig en wil de bediening van de game of app overdragen",
    "l10n.dialogAccept": "Accepteren",
    "l10n.dialogDecline": "Afwijzen",
    "l10n.coplayControls": "Ctrl + Tab om muis/toetsenbord vrij te geven",
    "l10n.sharingEnabled": "Overlay in de game is gereed",
    "l10n.shadowPlayRenamed": "ShadowPlay wordt nu de nieuwe overlay voor delen.",
    "l10n.pressKeyToStart": "Druk op {{assignedKey}} om aan de slag te gaan.",
    "l10n.editHighlight": "Bewerken...",
    "l10n.turnOff": "Uitschakelen",
    "l10n.turnOn": "Inschakelen"
}
