{
    "l10n.offerControlText": "Deseja sua ajuda e gostaria de ceder o controle do jogo ou aplicativo",
    "l10n.dialogAccept": "Aceitar",
    "l10n.dialogDecline": "Recusar",
    "l10n.coplayControls": "Ctrl + Tab para liberar o mouse/teclado",
    "l10n.sharingEnabled": "O overlay durante o jogo está pronto",
    "l10n.shadowPlayRenamed": "O ShadowPlay agora é a nova sobreposição Compartilhar.",
    "l10n.pressKeyToStart": "Pressione {{assignedKey}} para começar.",
    "l10n.editHighlight": "Editar...",
    "l10n.turnOff": "Desligar",
    "l10n.turnOn": "Ligar"
}
