{
    "l10n.offerControlText": "Potrebuje vašu pomoc a chce poskytnúť kontrolu nad hrou alebo aplikáciou",
    "l10n.dialogAccept": "Súhlasím",
    "l10n.dialogDecline": "Nesúhlasím",
    "l10n.coplayControls": "Stlačením klávesov Ctrl + Tab uvoľnite myš alebo klávesnicu",
    "l10n.sharingEnabled": "Prekrytie v hre je pripravené",
    "l10n.shadowPlayRenamed": "ShadowPlay je odteraz novou vrstvou funkcie Zdieľať.",
    "l10n.pressKeyToStart": "Ak chcete začať, stlačte {{assignedKey}}.",
    "l10n.editHighlight": "Upraviť...",
    "l10n.turnOff": "Vypnúť",
    "l10n.turnOn": "Zapnúť"
}
