{
    "l10n.offerControlText": "Vill ha din hjälp och vill ge kontroll över spel och applikation",
    "l10n.dialogAccept": "Accepterar",
    "l10n.dialogDecline": "Avböjer",
    "l10n.coplayControls": "Ctrl + Tab för att släppa mus/tangentbord",
    "l10n.sharingEnabled": "Överlagring i spelet är klar",
    "l10n.shadowPlayRenamed": "ShadowPlay är nu det nya delningsöverlägget.",
    "l10n.pressKeyToStart": "Tryck på {{assignedKey}} för att komma igång.",
    "l10n.editHighlight": "Redigera...",
    "l10n.turnOff": "Slå av",
    "l10n.turnOn": "Sätt på"
}
