{
    "l10n.offerControlText": "Yardımınıza ihtiyaç duyuyor ve oyun veya uygulama denetimini size devretmek istiyor",
    "l10n.dialogAccept": "Kabul et",
    "l10n.dialogDecline": "Reddet",
    "l10n.coplayControls": "Fareyi/klavyeyi serbest bırakmak için Ctrl + Tab tuşlarına basın",
    "l10n.sharingEnabled": "Oyun içi yer paylaşımı hazır",
    "l10n.shadowPlayRenamed": "ShadowPlay artık yeni Paylaşım üst görüntüsü oldu.",
    "l10n.pressKeyToStart": "Başlamak için {{assignedKey}} tuşuna basın.",
    "l10n.editHighlight": "Düzenle...",
    "l10n.turnOff": "Kapat",
    "l10n.turnOn": "Aç"
}
