{
    "l10n.newRewards": "Nové odměny",
    "l10n.noNewRewards": "Žádné nové odměny",
    "l10n.friendRequests": "Žádosti kamarádů",
    "l10n.newFriendRequests": "Nové žádosti kamarádů",
    "l10n.noNewFriendRequests": "Žádné nové žádosti kamarádů",
    "l10n.noNotifications": "Nemáte žádná upozornění",
    "l10n.errorLoadingNotifications": "Došlo k chybě při načítání oznámení. Zkuste to znovu později",
    "l10n.clickToRedeemWithGfe": "Kliknutím zde si uplatníte nárok pro GeForce Experience.",
    "l10n.youHaveNewReward": "Máte {{count}} nových položek k uplatnění",
    "l10n.clickToInstallWithGfe": "Kliknete zde pro instalaci s GeForce Experience.",
    "l10n.gameReadyDriverIsAvailable": "Ovladač optimalizovaný pro hry je k dispozici",
    "l10n.defaultDriverNotification": "{{driverName}} je dostupný",
    "l10n.runQuieterWhileGaming": "Umožňuje tichý chod notebooku při hraní her",
    "l10n.clickToEnableQuietMode": "Aktivovat režim WhisperMode v aplikaci GeForce Experience.",
    "l10n.shieldCtrlUpdateAvailable": "K dispozici je aktualizace ovladače SHIELD",
    "l10n.clickToInstallUpdate": "Kliknutím aktualizaci nainstalujete",
    "l10n.shieldCtrlUpdateInProgress": "Instalování aktualizace ovladače SHIELD",
    "l10n.shieldCtrlUpdateInProgressInfo": "Během instalace ovladač nepoužívejte a ani jej neodpojujte",
    "l10n.shieldCtrlUpdateSuccess": "Aktualizace ovladače SHIELD byla úspěšně nainstalována",
    "l10n.shieldCtrlUpdateFailed": "Aktualizace ovladače SHIELD nelze nainstalovat",
    "l10n.clickToTryAgain": "Klikněte a zkuste to znovu",
    "l10n.clickToClose": "Kliknutím tuto zprávu zavřete",
    "l10n.newRewardAvailable": "K dispozici nová odměna!",
    "l10n.newRewardAvailableDescription": "Přidejte se a vyhrajte {{rewardName}}",
    "l10n.missionAvailable": "K dispozici nová mise!",
    "l10n.leveledUpTitle": "Dostali jste se až na úroveň {{levelName}}",
    "l10n.leveledUpDescription": "Gratulujeme! Nyní získáte více tokenů.",
    "l10n.achievementUnlocked": "{{achievementName}} odemknuto!",
    "l10n.achievementUnlockedDescription": "Ve vašem profilu je nyní k dispozici nový odznak a titul.",
    "l10n.batteryBoostEnabledOnSystem": "Na vašem systému je zapnuta technologie BatteryBoost.",
    "l10n.clickToOptimize": "Klikněte pro optimalizaci výkonu při hraní během bateriového napájení.",
    "l10n.gfeSelfUpdate": "Pro grafickou kartu GeForce je k dispozici aktualizace softwaru",
    "l10n.creatorReadyDriverIsAvailable": "Ovladač pro studia je k dispozici"
}
