{
    "l10n.newRewards": "Nye præmier",
    "l10n.noNewRewards": "Ingen nye præmier",
    "l10n.friendRequests": "Venneanmodninger",
    "l10n.newFriendRequests": "Nye venneanmodninger",
    "l10n.noNewFriendRequests": "Ingen nye venneanmodninger",
    "l10n.noNotifications": "Du har ikke nogen underrettelser",
    "l10n.errorLoadingNotifications": "Der var en fejl ved indlæsning af beskeder. Prøv igen senere",
    "l10n.clickToRedeemWithGfe": "Klik for at indløse med GeForce Experience.",
    "l10n.youHaveNewReward": "Du har {{count}} nye elementer til at indløse",
    "l10n.clickToInstallWithGfe": "Klik for at installere med GeForce Experience.",
    "l10n.gameReadyDriverIsAvailable": "Spilleparat driver findes",
    "l10n.defaultDriverNotification": "{{driverName}} er tilgængelig",
    "l10n.runQuieterWhileGaming": "Få din laptop vil køre mere støjsvagt under spil",
    "l10n.clickToEnableQuietMode": "Aktivér WhisperMode i GeForce Experience.",
    "l10n.shieldCtrlUpdateAvailable": "Opdatering til SHIELD-controller er tilgængelig",
    "l10n.clickToInstallUpdate": "Klik for at installere opdateringen",
    "l10n.shieldCtrlUpdateInProgress": "Installerer opdatering til SHIELD-controller",
    "l10n.shieldCtrlUpdateInProgressInfo": "Controlleren må ikke bruges eller frakobles under denne proces",
    "l10n.shieldCtrlUpdateSuccess": "Opdatering til SHIELD-controller er blevet installeret",
    "l10n.shieldCtrlUpdateFailed": "Kan ikke installere opdatering til SHIELD-controller",
    "l10n.clickToTryAgain": "Klik for at prøve igen",
    "l10n.clickToClose": "Klik for at lukke denne meddelelse",
    "l10n.newRewardAvailable": "Ny belønning er tilgængelig!",
    "l10n.newRewardAvailableDescription": "Deltag i lodtrækning om {{rewardName}}",
    "l10n.missionAvailable": "Ny mission er tilgængelig!",
    "l10n.leveledUpTitle": "Dit niveau er blevet hævet til {{levelName}}",
    "l10n.leveledUpDescription": "Tillykke! Du vil optjerne flere tokens nu.",
    "l10n.achievementUnlocked": "{{achievementName}} er blevet låst op!",
    "l10n.achievementUnlockedDescription": "Nyt badge og ny titel er nu tilgængelig i din profil.",
    "l10n.batteryBoostEnabledOnSystem": "Batteriforstærkning er aktiveret på dit system.",
    "l10n.clickToOptimize": "Klik for at optimere gaming på batteri.",
    "l10n.gfeSelfUpdate": "Der er en softwareopdatering til GeForce-grafikkortet",
    "l10n.creatorReadyDriverIsAvailable": "Studiedriver er tilgængelig"
}
