{
    "l10n.newRewards": "New Rewards",
    "l10n.noNewRewards": "No New Rewards",
    "l10n.friendRequests": "Friend Requests",
    "l10n.newFriendRequests": "New Friend Requests",
    "l10n.noNewFriendRequests": "No New Friend Requests",
    "l10n.noNotifications": "You don't have any notifications",
    "l10n.errorLoadingNotifications": "There was an error loading notifications. Try again later",
    "l10n.clickToRedeemWithGfe": "Click to redeem with GeForce Experience.",
    "l10n.youHaveNewReward": "You have {{count}} new items to redeem",
    "l10n.clickToInstallWithGfe": "Click to install with GeForce Experience.",
    "l10n.gameReadyDriverIsAvailable": "Game Ready Driver is available",
    "l10n.defaultDriverNotification": "{{driverName}} is available",
    "l10n.runQuieterWhileGaming": "Make your laptop run quieter while gaming",
    "l10n.clickToEnableQuietMode": "Enable WhisperMode in GeForce Experience.",
    "l10n.shieldCtrlUpdateAvailable": "SHIELD controller update is available",
    "l10n.clickToInstallUpdate": "Click to install the update",
    "l10n.shieldCtrlUpdateInProgress": "Installing SHIELD controller update",
    "l10n.shieldCtrlUpdateInProgressInfo": "Do not use or unplug the controller during this process",
    "l10n.shieldCtrlUpdateSuccess": "SHIELD controller update installed successfully",
    "l10n.shieldCtrlUpdateFailed": "Unable to install SHIELD controller update",
    "l10n.clickToTryAgain": "Click to try again",
    "l10n.clickToClose": "Click to close this message",
    "l10n.newRewardAvailable": "New reward available!",
    "l10n.newRewardAvailableDescription": "Enter to win {{rewardName}}",
    "l10n.missionAvailable": "New mission available!",
    "l10n.leveledUpTitle": "You have levelled up to {{levelName}}",
    "l10n.leveledUpDescription": "Congratulations! You will now earn more tokens.",
    "l10n.achievementUnlocked": "{{achievementName}} unlocked!",
    "l10n.achievementUnlockedDescription": "New badge and title now available in your profile.",
    "l10n.batteryBoostEnabledOnSystem": "BatteryBoost is enabled on your system.",
    "l10n.clickToOptimize": "Click to optimise on-battery gaming.",
    "l10n.gfeSelfUpdate": "A software update is available for GeForce graphics card",
    "l10n.creatorReadyDriverIsAvailable": "Studio Driver is available"
}
