{
    "l10n.newRewards": "Nuevas recompensas",
    "l10n.noNewRewards": "Sin nuevas recompensas",
    "l10n.friendRequests": "Solicitudes de amistad",
    "l10n.newFriendRequests": "Nuevas solicitudes de amistad",
    "l10n.noNewFriendRequests": "Sin nuevas solicitudes de amistad",
    "l10n.noNotifications": "No tiene ninguna notificación",
    "l10n.errorLoadingNotifications": "Se produjo un error al cargar notificaciones. Intente nuevamente más tarde.",
    "l10n.clickToRedeemWithGfe": "Haga clic para canjear con GeForce Experience.",
    "l10n.youHaveNewReward": "Tienes {{count}} artículos para canjear",
    "l10n.clickToInstallWithGfe": "Haga clic para instalar con GeForce Experience.",
    "l10n.gameReadyDriverIsAvailable": "El controlador compatible con los juegos está disponible",
    "l10n.defaultDriverNotification": "{{driverName}} se encuentra disponible",
    "l10n.runQuieterWhileGaming": "Haga que su computadora portátil funcione de un modo más silencioso durante el juego",
    "l10n.clickToEnableQuietMode": "Active WhisperMode en GeForce Experience.",
    "l10n.shieldCtrlUpdateAvailable": "Hay una actualización de controlador SHIELD disponible",
    "l10n.clickToInstallUpdate": "Haga clic para instalar la actualización",
    "l10n.shieldCtrlUpdateInProgress": "Instalando actualización del controlador SHIELD",
    "l10n.shieldCtrlUpdateInProgressInfo": "No use ni desenchufe el controlador durante este proceso",
    "l10n.shieldCtrlUpdateSuccess": "La actualización del controlador SHIELD se instaló correctamente",
    "l10n.shieldCtrlUpdateFailed": "No se puede instalar la actualización del controlador SHIELD",
    "l10n.clickToTryAgain": "Haga clic para intentarlo de nuevo",
    "l10n.clickToClose": "Haga clic para cerrar este mensaje",
    "l10n.newRewardAvailable": "Hay una nueva recompensa disponible.",
    "l10n.newRewardAvailableDescription": "Ingrese para ganar {{rewardName}}",
    "l10n.missionAvailable": "Hay una nueva misión disponible.",
    "l10n.leveledUpTitle": "Ha subido de nivel hasta {{levelName}}",
    "l10n.leveledUpDescription": "¡Felicitaciones! Ahora ganará más fichas.",
    "l10n.achievementUnlocked": "{{achievementName}} desbloqueado.",
    "l10n.achievementUnlockedDescription": "Hay una nueva insignia y un nuevo título disponibles en su perfil.",
    "l10n.batteryBoostEnabledOnSystem": "BatteryBoost está activado en su sistema.",
    "l10n.clickToOptimize": "Haga clic para optimizar los juegos con batería.",
    "l10n.gfeSelfUpdate": "Hay disponible una actualización de software para su tarjeta de gráficos GeForce.",
    "l10n.creatorReadyDriverIsAvailable": "El controlador para Studio está disponible"
}
