{
    "l10n.newRewards": "Uudet palkinnot",
    "l10n.noNewRewards": "Ei uusia palkintoja",
    "l10n.friendRequests": "Ystäväpyynnöt",
    "l10n.newFriendRequests": "Uudet ystäväpyynnöt",
    "l10n.noNewFriendRequests": "Ei uusia ystäväpyyntöjä",
    "l10n.noNotifications": "Sinulle ei ole ilmoituksia",
    "l10n.errorLoadingNotifications": "Ilmoituksia ei voitu ladata. Yritä myöhemmin uudelleen.",
    "l10n.clickToRedeemWithGfe": "Napsauta lunastaaksesi GeForce Experiencella.",
    "l10n.youHaveNewReward": "Lunastettavia kohteita on {{count}}",
    "l10n.clickToInstallWithGfe": "Napsauta asentaaksesi GeForce Experiencella.",
    "l10n.gameReadyDriverIsAvailable": "Pelausvalmis ohjain on saatavilla",
    "l10n.defaultDriverNotification": "{{driverName}} on käytettävissä",
    "l10n.runQuieterWhileGaming": "Saa kannettavan tietokoneen toimimaan hiljaisempana pelin aikana",
    "l10n.clickToEnableQuietMode": "Ota WhisperMode käyttöön GeForce Experiencessa.",
    "l10n.shieldCtrlUpdateAvailable": "SHIELD-ohjaimen päivitys on saatavilla",
    "l10n.clickToInstallUpdate": "Asenna päivitys napsauttamalla sitä",
    "l10n.shieldCtrlUpdateInProgress": "Asentaa SHIELD-ohjaimen päivitystä",
    "l10n.shieldCtrlUpdateInProgressInfo": "Älä käytä tai irrota ohjainta sähkövirrasta tämän prosessin aikana",
    "l10n.shieldCtrlUpdateSuccess": "SHIELD-ohjaimen päivityksen asennus onnistui",
    "l10n.shieldCtrlUpdateFailed": "SHIELD-ohjaimen päivityksen asennus epäonnistui",
    "l10n.clickToTryAgain": "Yritä uudelleen napsauttamalla",
    "l10n.clickToClose": "Sulje tämä viesti napsauttamalla sitä",
    "l10n.newRewardAvailable": "Uusi palkinto saatavilla!",
    "l10n.newRewardAvailableDescription": "Osallistu voittaaksesi: {{rewardName}}",
    "l10n.missionAvailable": "Uusi missio saatavilla!",
    "l10n.leveledUpTitle": "Olet noussut tasolle {{levelName}}",
    "l10n.leveledUpDescription": "Onneksi olkoon! Ansaitset nyt enemmän tokeneita.",
    "l10n.achievementUnlocked": "{{achievementName}} avattu!",
    "l10n.achievementUnlockedDescription": "Uusi merkki ja nimi on nyt saatavilla profiilissasi.",
    "l10n.batteryBoostEnabledOnSystem": "BatteryBoost on käytössä järjestelmässäsi.",
    "l10n.clickToOptimize": "Klikkaa optimoidaksesi akkukäytössä pelaamisen.",
    "l10n.gfeSelfUpdate": "GeForce-grafiikkakortillesi on saatavilla ohjelmistopäivitys.‏",
    "l10n.creatorReadyDriverIsAvailable": "Studio-ohjain on saatavilla"
}
