{
    "l10n.newRewards": "Nouvelles récompenses",
    "l10n.noNewRewards": "Pas de nouvelles récompenses",
    "l10n.friendRequests": "Invitations",
    "l10n.newFriendRequests": "Nouvelles invitations",
    "l10n.noNewFriendRequests": "Pas de nouvelles invitations",
    "l10n.noNotifications": "Aucune notification ne vous a été adressée",
    "l10n.errorLoadingNotifications": "Erreur détectée pendant le chargement des notifications. Réessayez ultérieurement",
    "l10n.clickToRedeemWithGfe": "Cliquez pour valider votre code sur GeForce Experience.",
    "l10n.youHaveNewReward": "Vous avez {{count}} nouveaux biens à échanger",
    "l10n.clickToInstallWithGfe": "Cliquez pour installer avec GeForce Experience.",
    "l10n.gameReadyDriverIsAvailable": "Pilote Game Ready est disponible",
    "l10n.defaultDriverNotification": "{{driverName}} est disponible",
    "l10n.runQuieterWhileGaming": "Réduit le bruit émis en jeu par votre ordinateur portable",
    "l10n.clickToEnableQuietMode": "Activez WhisperMode dans GeForce Experience.",
    "l10n.shieldCtrlUpdateAvailable": "Une mise à jour est disponible pour la manette SHIELD",
    "l10n.clickToInstallUpdate": "Cliquez pour installer la mise à jour",
    "l10n.shieldCtrlUpdateInProgress": "Installation de la mise à jour de la manette SHIELD",
    "l10n.shieldCtrlUpdateInProgressInfo": "N'utilisez ou ne débranchez pas la manette pendant le processus",
    "l10n.shieldCtrlUpdateSuccess": "Installation de la mise à jour de la manette SHIELD terminée",
    "l10n.shieldCtrlUpdateFailed": "Impossible d'installer la mise à jour de la manette SHIELD",
    "l10n.clickToTryAgain": "Cliquez pour réessayer",
    "l10n.clickToClose": "Cliquez pour fermer ce message",
    "l10n.newRewardAvailable": "Nouvelle récompense disponible !",
    "l10n.newRewardAvailableDescription": "Participez pour gagner {{rewardName}}",
    "l10n.missionAvailable": "Nouvelle mission disponible !",
    "l10n.leveledUpTitle": "Vous êtes passé au niveau {{levelName}}",
    "l10n.leveledUpDescription": "Félicitations ! Vous allez désormais gagner plus de jetons.",
    "l10n.achievementUnlocked": "{{achievementName}} déverrouillé !",
    "l10n.achievementUnlockedDescription": "Un nouveau badge et un nouveau titre sont disponibles dans votre profil.",
    "l10n.batteryBoostEnabledOnSystem": "L'optimisation de la batterie est activée sur votre système.",
    "l10n.clickToOptimize": "Cliquez sur cette option pour optimiser le jeu sur batterie.",
    "l10n.gfeSelfUpdate": "Une mise à jour du logiciel est disponible pour votre carte graphique GeForce.",
    "l10n.creatorReadyDriverIsAvailable": "Le pilote Studio est disponible"
}
