{
    "l10n.newRewards": "Nuovi premi",
    "l10n.noNewRewards": "Nessun nuovo premio",
    "l10n.friendRequests": "Richieste di amicizia",
    "l10n.newFriendRequests": "Nuove richieste di amicizia",
    "l10n.noNewFriendRequests": "Nessuna nuova richiesta di amicizia",
    "l10n.noNotifications": "Non ci sono notifiche.",
    "l10n.errorLoadingNotifications": "Si è verificato un errore durante il caricamento delle notifiche. Riprova più tardi",
    "l10n.clickToRedeemWithGfe": "Fai clic per riscattare con GeForce Experience.",
    "l10n.youHaveNewReward": "Hai {{count}} nuovi elementi da riscattare",
    "l10n.clickToInstallWithGfe": "Fare clic per installare con GeForce Experience.",
    "l10n.gameReadyDriverIsAvailable": "Il driver Game Ready è disponibile",
    "l10n.defaultDriverNotification": "{{driverName}} è disponibile",
    "l10n.runQuieterWhileGaming": "Per un laptop più silenzioso durante il gioco.",
    "l10n.clickToEnableQuietMode": "Abilita WhisperMode in GeForce Experience.",
    "l10n.shieldCtrlUpdateAvailable": "È disponibile un aggiornamento del controller SHIELD.",
    "l10n.clickToInstallUpdate": "Fai clic per installare l’aggiornamento.",
    "l10n.shieldCtrlUpdateInProgress": "Installazione dell'aggiornamento del controller SHIELD in corso",
    "l10n.shieldCtrlUpdateInProgressInfo": "Non utilizzare o scollegare il controller durante l’operazione.",
    "l10n.shieldCtrlUpdateSuccess": "L’aggiornamento del controller SHIELD è stato installato correttamente.",
    "l10n.shieldCtrlUpdateFailed": "Impossibile installare l'aggiornamento del controller SHIELD.",
    "l10n.clickToTryAgain": "Fai clic per riprovare.",
    "l10n.clickToClose": "Fai clic per chiudere questa finestra.",
    "l10n.newRewardAvailable": "È disponibile un nuovo premio!",
    "l10n.newRewardAvailableDescription": "Partecipa per vincere {{rewardName}}",
    "l10n.missionAvailable": "È disponibile una nuova missione!",
    "l10n.leveledUpTitle": "Hai raggiunto il livello {{levelName}}",
    "l10n.leveledUpDescription": "Congratulazioni! Adesso guadagnerai più gettoni.",
    "l10n.achievementUnlocked": "{{achievementName}} sbloccato!",
    "l10n.achievementUnlockedDescription": "Sul tuo profilo sono ora disponibili un nuovo badge e un nuovo titolo.",
    "l10n.batteryBoostEnabledOnSystem": "L’impostazione Ottimizzazione batteria è abilitata sul tuo sistema.",
    "l10n.clickToOptimize": "Fai clic per ottimizzare la modalità di gioco con alimentazione a batteria.",
    "l10n.gfeSelfUpdate": "È disponibile un aggiornamento software per la scheda grafica GeForce.",
    "l10n.creatorReadyDriverIsAvailable": "Il driver Studio è disponibile"
}
