{
    "l10n.newRewards": "新しい報酬",
    "l10n.noNewRewards": "新しい報酬はありません",
    "l10n.friendRequests": "友達リクエスト",
    "l10n.newFriendRequests": "新しい友達リクエスト",
    "l10n.noNewFriendRequests": "新しい友達リクエストはありません",
    "l10n.noNotifications": "通知はありません。",
    "l10n.errorLoadingNotifications": "通知の読み込み中にエラーが発生しました。しばらくしてからもう一度お試しください",
    "l10n.clickToRedeemWithGfe": "GeForce Experience を使用して引き換えるには、ここをクリックしてください。",
    "l10n.youHaveNewReward": "引き換えることができる新しいアイテムが {{count}} 個あります。",
    "l10n.clickToInstallWithGfe": "クリックすると GeForce Experience と共にインストールを開始します。",
    "l10n.gameReadyDriverIsAvailable": "Game Ready ドライバーを入手可能",
    "l10n.defaultDriverNotification": "{{driverName}} が利用できます",
    "l10n.runQuieterWhileGaming": "ゲーム中、ラップトップを静かに動作させることができます",
    "l10n.clickToEnableQuietMode": "GeForce Experience で WhisperMode を有効にする。",
    "l10n.shieldCtrlUpdateAvailable": "SHIELD コントローラの更新プログラムが利用できます",
    "l10n.clickToInstallUpdate": "クリックして、更新プログラムをインストールしてください",
    "l10n.shieldCtrlUpdateInProgress": "SHIELD コントローラの更新プログラムをインストールしています",
    "l10n.shieldCtrlUpdateInProgressInfo": "このプロセスの間は、コントローラを使用したり、外したりしないでください",
    "l10n.shieldCtrlUpdateSuccess": "SHIELD コントローラの更新プログラムを正常にインストールしました",
    "l10n.shieldCtrlUpdateFailed": "SHIELD コントローラの更新プログラムをインストールすることができません",
    "l10n.clickToTryAgain": "クリックして、もう一度やり直してください",
    "l10n.clickToClose": "クリックして、このメッセージを閉じてください",
    "l10n.newRewardAvailable": "新しいリワードが利用可能です！",
    "l10n.newRewardAvailableDescription": "エントリーして {{rewardName}} を獲得する",
    "l10n.missionAvailable": "新しいミッションが利用可能です！",
    "l10n.leveledUpTitle": "{{levelName}} にレベルアップしました",
    "l10n.leveledUpDescription": "おめでとうございます！さらなるトークンを獲得します。",
    "l10n.achievementUnlocked": "{{achievementName}} のロックが解除されました！",
    "l10n.achievementUnlockedDescription": "プロフィールに新しいバッジとタイトルが追加されました。",
    "l10n.batteryBoostEnabledOnSystem": "お使いのシステムで BatteryBoost が有効になっています。",
    "l10n.clickToOptimize": "クリックして、バッテリを使用するゲームを最適化してください。",
    "l10n.gfeSelfUpdate": "お使いの GeForce グラフィックス カードのソフトウェアアップデートが利用可能です。",
    "l10n.creatorReadyDriverIsAvailable": "Studio ドライバが入手可能です"
}
