{
    "l10n.newRewards": "신규 보상",
    "l10n.noNewRewards": "신규 보상 없음",
    "l10n.friendRequests": "친구 요청",
    "l10n.newFriendRequests": "새 친구 요청",
    "l10n.noNewFriendRequests": "새 친구 요청 없음",
    "l10n.noNotifications": "현재 받은 알림이 없습니다.",
    "l10n.errorLoadingNotifications": "알림을 로드하는 중에 오류가 발생했습니다. 나중에 다시 시도하십시오.",
    "l10n.clickToRedeemWithGfe": "GeForce Experience로 통해 사용하려면 클릭합니다.",
    "l10n.youHaveNewReward": "상환을 받을 수 있는 {{count}}개의 새로운 아이템이 있습니다.",
    "l10n.clickToInstallWithGfe": "GeForce Experience를 설치하려면 클릭하십시오.",
    "l10n.gameReadyDriverIsAvailable": "Game Ready 드라이버를 사용할 수 있습니다",
    "l10n.defaultDriverNotification": "{{driverName}}(을)를 사용할 수 있음",
    "l10n.runQuieterWhileGaming": "게임을 실행하는 동안 노트북 컴퓨터의 소음을 줄입니다.",
    "l10n.clickToEnableQuietMode": "GeForce Experience에서 WhisperMode 활성화.",
    "l10n.shieldCtrlUpdateAvailable": "SHIELD 컨트롤러 업데이트를 사용할 수 있습니다",
    "l10n.clickToInstallUpdate": "클릭하여 업데이트를 설치하십시오",
    "l10n.shieldCtrlUpdateInProgress": "SHIELD 컨트롤러 업데이트 설치 중",
    "l10n.shieldCtrlUpdateInProgressInfo": "이 작업 중에는 컨트롤러를 사용하거나 분리하지 마십시오",
    "l10n.shieldCtrlUpdateSuccess": "SHIELD 컨트롤러 업데이트가 성공적으로 설치되었습니다",
    "l10n.shieldCtrlUpdateFailed": "SHIELD 컨트롤러 업데이트를 설치할 수 없습니다",
    "l10n.clickToTryAgain": "클릭하여 다시 시도하십시오",
    "l10n.clickToClose": "클릭하여 이 메시지를 닫으십시오",
    "l10n.newRewardAvailable": "새로운 보상을 받을 수 있습니다!",
    "l10n.newRewardAvailableDescription": "{{rewardName}} 획득을 위해 입장하기",
    "l10n.missionAvailable": "새로운 미션에 도전할 수 있습니다!",
    "l10n.leveledUpTitle": "{{levelName}} 레벨 달성",
    "l10n.leveledUpDescription": "축하합니다! 더 많은 토큰을 얻게 됩니다.",
    "l10n.achievementUnlocked": "{{achievementName}}의 잠금이 해제되었습니다!",
    "l10n.achievementUnlockedDescription": "프로파일에서 새 배지와 타이틀을 사용할 수 있습니다.",
    "l10n.batteryBoostEnabledOnSystem": "시스템에 배터리부스트가 활성화되어 있습니다.",
    "l10n.clickToOptimize": "클릭하여 배터리 사용 게이밍을 최적화합니다.",
    "l10n.gfeSelfUpdate": "GeForce 그래픽 카드 소프트웨어 업데이트를 사용할 수 있습니다.",
    "l10n.creatorReadyDriverIsAvailable": "Studio 드라이버를 사용할 수 있습니다."
}
