{
    "l10n.newRewards": "Nye premier",
    "l10n.noNewRewards": "Ingen nye premier",
    "l10n.friendRequests": "Venneforespørsler",
    "l10n.newFriendRequests": "Nye venneforespørsler",
    "l10n.noNewFriendRequests": "Ingen nye venneforespørsler",
    "l10n.noNotifications": "Du har ingen varsler",
    "l10n.errorLoadingNotifications": "Det oppsto en feil under lasting av varslinger. Prøv igjen senere",
    "l10n.clickToRedeemWithGfe": "Klikk for å løse inn med GeForce Experience.",
    "l10n.youHaveNewReward": "Du har {{count}} nye elementer å innløse",
    "l10n.clickToInstallWithGfe": "Klikk for å innstallere med GeForce Experience.",
    "l10n.gameReadyDriverIsAvailable": "Spilleklar driver er tilgjengelig",
    "l10n.defaultDriverNotification": "{{driverName}} er tilgjengelig",
    "l10n.runQuieterWhileGaming": "Får din bærbare PC til å kjøre stillere under spill",
    "l10n.clickToEnableQuietMode": "Aktiver WhisperMode i GeForce Experience.",
    "l10n.shieldCtrlUpdateAvailable": "En SHIELD-kontroll-oppdatering er tilgjengelig",
    "l10n.clickToInstallUpdate": "Klikk her for å installere oppdateringen",
    "l10n.shieldCtrlUpdateInProgress": "Installerer oppdatering for SHIELD-kontroll",
    "l10n.shieldCtrlUpdateInProgressInfo": "Ikke bruk eller koble fra kontrollen i løpet av denne prosessen",
    "l10n.shieldCtrlUpdateSuccess": "Oppdatering av SHIELD-kontroll installert",
    "l10n.shieldCtrlUpdateFailed": "Kunne ikke installere oppdatering av SHIELD-kontroll",
    "l10n.clickToTryAgain": "Klikk her for å prøve igjen",
    "l10n.clickToClose": "Klikk her for å lukke denne meldingen",
    "l10n.newRewardAvailable": "Ny belønning tilgjengelig!",
    "l10n.newRewardAvailableDescription": "Meld deg på for å vinne {{rewardName}}",
    "l10n.missionAvailable": "Nytt oppdrag tilgjengelig!",
    "l10n.leveledUpTitle": "Du har gått opp i nivå til {{levelName}}",
    "l10n.leveledUpDescription": "Gratulerer! Du vil nå opptjene flere tokens.",
    "l10n.achievementUnlocked": "{{achievementName}} låst opp!",
    "l10n.achievementUnlockedDescription": "Ny badge og tittel nå tilgjengelig i profilen din.",
    "l10n.batteryBoostEnabledOnSystem": "BatteryBoost er ikke aktivert i systemet ditt.",
    "l10n.clickToOptimize": "Klikk for å optimalisere spill på batteri.",
    "l10n.gfeSelfUpdate": "Softwareoppdatering er tilgjengelig for ditt GeForce-grafikkkort.",
    "l10n.creatorReadyDriverIsAvailable": "Studio driver er tilgjengelig"
}
