{
    "l10n.newRewards": "Novas recompensas",
    "l10n.noNewRewards": "Sem novas recompensas",
    "l10n.friendRequests": "Pedidos de amizade",
    "l10n.newFriendRequests": "Novos pedidos de amizade",
    "l10n.noNewFriendRequests": "Sem novos pedidos de amizade",
    "l10n.noNotifications": "Você não tem nenhuma notificação",
    "l10n.errorLoadingNotifications": "Erro ao carregar as notificações Tente novamente mais tarde",
    "l10n.clickToRedeemWithGfe": "Clique para resgatar com o GeForce Experience.",
    "l10n.youHaveNewReward": "Você tem {{count}} itens novos para resgatar",
    "l10n.clickToInstallWithGfe": "Clique para instalar com o GeForce Experience.",
    "l10n.gameReadyDriverIsAvailable": "O Driver Game Ready está disponível",
    "l10n.defaultDriverNotification": "{{driverName}} está disponível",
    "l10n.runQuieterWhileGaming": "Faça com que seu laptop funcione de modo mais silencioso durante os jogos",
    "l10n.clickToEnableQuietMode": "Ative o WhisperMode no GeForce Experience.",
    "l10n.shieldCtrlUpdateAvailable": "Uma atualização do controlador SHIELD está disponível",
    "l10n.clickToInstallUpdate": "Clique para instalar a atualização",
    "l10n.shieldCtrlUpdateInProgress": "Instalando atualização do controlador SHIELD",
    "l10n.shieldCtrlUpdateInProgressInfo": "Não use ou desconecte o controlador durante este processo",
    "l10n.shieldCtrlUpdateSuccess": "Atualização do controlador SHIELD instalada com êxito",
    "l10n.shieldCtrlUpdateFailed": "Não é possível instalar a atualização do controlador SHIELD",
    "l10n.clickToTryAgain": "Clique para tentar novamente",
    "l10n.clickToClose": "Clique para fechar esta mensagem",
    "l10n.newRewardAvailable": "Nova recompensa disponível!",
    "l10n.newRewardAvailableDescription": "Inscreva-se para ganhar {{rewardName}}",
    "l10n.missionAvailable": "Nova missão disponível!",
    "l10n.leveledUpTitle": "Você subiu de nível para {{levelName}}",
    "l10n.leveledUpDescription": "Parabéns! Agora, você ganhará mais tokens.",
    "l10n.achievementUnlocked": "{{achievementName}} desbloqueado!",
    "l10n.achievementUnlockedDescription": "Novo título e distintivo disponíveis no seu perfil agora.",
    "l10n.batteryBoostEnabledOnSystem": "BatteryBoost está habilitado no sistema.",
    "l10n.clickToOptimize": "Clique para otimizar ao jogar com bateria.",
    "l10n.gfeSelfUpdate": "Existe uma atualização de software disponível para a placa gráfica GeForce",
    "l10n.creatorReadyDriverIsAvailable": "O Driver Studio está disponível"
}
