{
    "l10n.newRewards": "Novos prémios",
    "l10n.noNewRewards": "Sem prémios novos",
    "l10n.friendRequests": "Pedidos de amizade",
    "l10n.newFriendRequests": "Novos pedidos de amizade",
    "l10n.noNewFriendRequests": "Sem pedidos de amizade novos",
    "l10n.noNotifications": "Não tem quaisquer notificações",
    "l10n.errorLoadingNotifications": "Ocorreu um erro ao carregar as notificações. Tente novamente mais tarde",
    "l10n.clickToRedeemWithGfe": "Clique para resgatar com GeForce Experience.",
    "l10n.youHaveNewReward": "Tem {{count}} novos ítens para resgatar",
    "l10n.clickToInstallWithGfe": "Clique para instalar com o GeForce Experience.",
    "l10n.gameReadyDriverIsAvailable": "O controlador Game Ready está disponível",
    "l10n.defaultDriverNotification": "{{driverName}} está disponível",
    "l10n.runQuieterWhileGaming": "Torne o funcionamento do portátil ao jogar mais silencioso",
    "l10n.clickToEnableQuietMode": "Active o WhisperMode no GeForce Experience.",
    "l10n.shieldCtrlUpdateAvailable": "Está disponível uma actualização do controlador SHIELD",
    "l10n.clickToInstallUpdate": "Clique para instalar a actualização",
    "l10n.shieldCtrlUpdateInProgress": "Instalar actualização do controlador SHIELD",
    "l10n.shieldCtrlUpdateInProgressInfo": "Não utilize nem desligue o controlador durante este processo",
    "l10n.shieldCtrlUpdateSuccess": "Actualização do controlador SHIELD instalada com êxito",
    "l10n.shieldCtrlUpdateFailed": "Não é possível instalar a actualização do controlador SHIELD",
    "l10n.clickToTryAgain": "Clique para tentar novamente",
    "l10n.clickToClose": "Clique para fechar esta mensagem",
    "l10n.newRewardAvailable": "Novo prémio disponível!",
    "l10n.newRewardAvailableDescription": "Inscreva-se para ganhar {{rewardName}}",
    "l10n.missionAvailable": "Nova missão disponível!",
    "l10n.leveledUpTitle": "Subiu de nível para {{levelName}}",
    "l10n.leveledUpDescription": "Parabéns! Vai receber mais fichas.",
    "l10n.achievementUnlocked": "{{achievementName}} desbloqueado!",
    "l10n.achievementUnlockedDescription": "Novo emblema e distintivo disponíveis no seu perfil agora.",
    "l10n.batteryBoostEnabledOnSystem": "BatteryBoost está activado no sistema.",
    "l10n.clickToOptimize": "Clique para optimizar o desempenho da bateria no jogo.",
    "l10n.gfeSelfUpdate": "Está disponível uma actualização de software para a placa gráfica GeForce",
    "l10n.creatorReadyDriverIsAvailable": "O controlador Studio está disponível"
}
