{
    "l10n.newRewards": "Нові нагороди",
    "l10n.noNewRewards": "Немає нових нагород",
    "l10n.friendRequests": "Запити друзів",
    "l10n.newFriendRequests": "Нові запити друзів",
    "l10n.noNewFriendRequests": "Немає нових запитів друзів",
    "l10n.noNotifications": "У вас немає сповіщень",
    "l10n.errorLoadingNotifications": "Помилка завантаження сповіщень. Спробуйте ще раз пізніше",
    "l10n.clickToRedeemWithGfe": "Натисніть для активації за допомогою GeForce Experience.",
    "l10n.youHaveNewReward": "Доступні нові нагороди: {{count}}",
    "l10n.clickToInstallWithGfe": "Натисніть, щоб встановити GeForce Experience.",
    "l10n.gameReadyDriverIsAvailable": "Доступний драйвер Game Ready",
    "l10n.defaultDriverNotification": "{{driverName}} доступний",
    "l10n.runQuieterWhileGaming": "Зробіть роботу ноутбука під час гри тихіше",
    "l10n.clickToEnableQuietMode": "Увімкніть WhisperMode у GeForce Experience.",
    "l10n.shieldCtrlUpdateAvailable": "Доступне оновлення для контролера SHIELD",
    "l10n.clickToInstallUpdate": "Натисніть, щоб встановити оновлення",
    "l10n.shieldCtrlUpdateInProgress": "Установка оновлення для контролера SHIELD",
    "l10n.shieldCtrlUpdateInProgressInfo": "Не використовуйте і не від'єднуйте контролер під час встановлення",
    "l10n.shieldCtrlUpdateSuccess": "Оновлення для контролера SHIELD успішно встановлене",
    "l10n.shieldCtrlUpdateFailed": "Не вдалося встановити оновлення для контролера SHIELD",
    "l10n.clickToTryAgain": "Натисніть, щоб повторити спробу",
    "l10n.clickToClose": "Натисніть, щоб закрити це повідомлення",
    "l10n.newRewardAvailable": "Доступна нова нагорода!",
    "l10n.newRewardAvailableDescription": "Ви можете виграти {{rewardName}}",
    "l10n.missionAvailable": "Доступна нова місія!",
    "l10n.leveledUpTitle": "Ви росягли {{levelName}} рівня",
    "l10n.leveledUpDescription": "Вітаємо! Тепери ви будете отримувати більше жетонів.",
    "l10n.achievementUnlocked": "Досягнення {{achievementName}} розблоковано!",
    "l10n.achievementUnlockedDescription": "У вашому профілі тепер доступний новий значок і титул.",
    "l10n.batteryBoostEnabledOnSystem": "Режим BatteryBoost не підтримується у вашій системі.",
    "l10n.clickToOptimize": "Натисніть для оптимізації запуску гри під час работи від акумулятора.",
    "l10n.gfeSelfUpdate": "Доступне оновлення ПЗ для відеокарти GeForce",
    "l10n.creatorReadyDriverIsAvailable": "Доступний драйвер Studio"
}
