{
    "l10n.newRewards": "Новые награды",
    "l10n.noNewRewards": "Нет новых наград",
    "l10n.friendRequests": "Запросы друзей",
    "l10n.newFriendRequests": "Новые запросы друзей",
    "l10n.noNewFriendRequests": "Нет новых запросов друзей",
    "l10n.noNotifications": "У вас нет уведомлений",
    "l10n.errorLoadingNotifications": "Ошибка загрузки уведомлений. Повторите попытку позже",
    "l10n.clickToRedeemWithGfe": "Нажмите для активации с помощью GeForce Experience.",
    "l10n.youHaveNewReward": "Доступны новые награды: {{count}}",
    "l10n.clickToInstallWithGfe": "Нажмите, чтобы установить GeForce Experience.",
    "l10n.gameReadyDriverIsAvailable": "Доступен драйвер Game Ready",
    "l10n.defaultDriverNotification": "{{driverName}} доступен",
    "l10n.runQuieterWhileGaming": "Сделайте работу ноутбука во время игры тише",
    "l10n.clickToEnableQuietMode": "Включите WhisperMode в GeForce Experience.",
    "l10n.shieldCtrlUpdateAvailable": "Доступно обновление для контроллера SHIELD",
    "l10n.clickToInstallUpdate": "Нажмите, чтобы установить обновление",
    "l10n.shieldCtrlUpdateInProgress": "Установка обновления для контроллера SHIELD",
    "l10n.shieldCtrlUpdateInProgressInfo": "Не используйте и не отсоединяйте контроллер во время установки",
    "l10n.shieldCtrlUpdateSuccess": "Обновление для контроллера SHIELD успешно установлено",
    "l10n.shieldCtrlUpdateFailed": "Не удалось установить обновление для контроллера SHIELD",
    "l10n.clickToTryAgain": "Нажмите, чтобы повторить попытку",
    "l10n.clickToClose": "Нажмите, чтобы закрыть это сообщение",
    "l10n.newRewardAvailable": "Доступна новая награда!",
    "l10n.newRewardAvailableDescription": "Вы можете выиграть {{rewardName}}",
    "l10n.missionAvailable": "Доступна новая миссия!",
    "l10n.leveledUpTitle": "Вы достигли уровня {{levelName}}",
    "l10n.leveledUpDescription": "Поздравляем! Теперь вы будете получать больше жетонов.",
    "l10n.achievementUnlocked": "Достижение {{achievementName}} разблокировано!",
    "l10n.achievementUnlockedDescription": "В вашем профиле теперь доступны новый значок и титул.",
    "l10n.batteryBoostEnabledOnSystem": "Режим BatteryBoost не поддерживается в вашей системе.",
    "l10n.clickToOptimize": "Нажмите для оптимизации запуска игр при работе от аккумулятора.",
    "l10n.gfeSelfUpdate": "Доступно обновление ПО для видеокарты GeForce",
    "l10n.creatorReadyDriverIsAvailable": "Доступен драйвер Studio"
}
