{
    "l10n.newRewards": "Nové odmeny",
    "l10n.noNewRewards": "Žiadne nové odmeny",
    "l10n.friendRequests": "Žiadosti o priateľstvo",
    "l10n.newFriendRequests": "Nové žiadosti o priateľstvo",
    "l10n.noNewFriendRequests": "Žiadne nové žiadosti o priateľstvo",
    "l10n.noNotifications": "Nemáte žiadne upozornenia",
    "l10n.errorLoadingNotifications": "Došlo k chybe pri načítaní oznámenia. Skúste to znova neskôr",
    "l10n.clickToRedeemWithGfe": "Kliknutím tu si uplatníte nárok pre GeForce Experience.",
    "l10n.youHaveNewReward": "Máte {{count}} nových položiek pre uplatnenie",
    "l10n.clickToInstallWithGfe": "Kliknutím analyzujte svoj počítač pomocou grafického procesora GeForce Experience.",
    "l10n.gameReadyDriverIsAvailable": "Ovládač Game Ready je k dispozícii",
    "l10n.defaultDriverNotification": "{{driverName}} je k dispozícii",
    "l10n.runQuieterWhileGaming": "Stíšte chod svojho prenosného počítača počas hry",
    "l10n.clickToEnableQuietMode": "Povoľte režim WhisperMode v programe GeForce Experience.",
    "l10n.shieldCtrlUpdateAvailable": "K dispozícii je aktualizácia ovládača SHIELD",
    "l10n.clickToInstallUpdate": "Aktualizáciu nainštalujete kliknutím",
    "l10n.shieldCtrlUpdateInProgress": "Inštaluje sa aktualizácia ovládača SHIELD",
    "l10n.shieldCtrlUpdateInProgressInfo": "Ovládač počas tohto procesu nepoužívajte ani neodpájajte",
    "l10n.shieldCtrlUpdateSuccess": "Aktualizácia ovládača SHIELD bola úspešne nainštalovaná",
    "l10n.shieldCtrlUpdateFailed": "Aktualizáciu ovládača SHIELD sa nepodarilo nainštalovať",
    "l10n.clickToTryAgain": "Kliknutím to skúsite znova",
    "l10n.clickToClose": "Kliknutím zavriete túto správu",
    "l10n.newRewardAvailable": "K dispozícii je nová odmena",
    "l10n.newRewardAvailableDescription": "Pridajte sa a vyhrajte {{rewardName}}",
    "l10n.missionAvailable": "K dispozícii je nová misia",
    "l10n.leveledUpTitle": "Postúpili ste na úroveň {{levelName}}",
    "l10n.leveledUpDescription": "Blahoželáme! Teraz získate viac tokenov.",
    "l10n.achievementUnlocked": "{{achievementName}} – odomknuté!",
    "l10n.achievementUnlockedDescription": "Vo svojom profile máte teraz k dispozícii nový odznak a titul.",
    "l10n.batteryBoostEnabledOnSystem": "V systéme je zapnutá technológia BatteryBoost.",
    "l10n.clickToOptimize": "Kliknutím optimalizujte hranie pri napájaní z batérie.",
    "l10n.gfeSelfUpdate": "Je k dispozícii aktualizácia softvéru ku grafickej karte GeForce",
    "l10n.creatorReadyDriverIsAvailable": "Ovládač Studio je k dispozícii"
}
