{
    "l10n.newRewards": "Nove nagrade",
    "l10n.noNewRewards": "Nobenih novih nagrad",
    "l10n.friendRequests": "Zahteve za prijateljstvo",
    "l10n.newFriendRequests": "Nove zahteve za prijateljstvo",
    "l10n.noNewFriendRequests": "Nobenih novih zahtev za prijateljstvo",
    "l10n.noNotifications": "Nimate nobenih obvestil",
    "l10n.errorLoadingNotifications": "Pri nalaganju obvestil je prišlo do napake. Poskusite še enkrat kasneje",
    "l10n.clickToRedeemWithGfe": "Kliknite, da prevzamete z GeForce Experience.",
    "l10n.youHaveNewReward": "Imate {{count}} nova/e/ih artikla/e/ov za prevzem",
    "l10n.clickToInstallWithGfe": "Kliknite, da namestite z GeForce Experience.",
    "l10n.gameReadyDriverIsAvailable": "Gonilnik, pripravljen za igro, je na voljo",
    "l10n.defaultDriverNotification": "{{driverName}} je na voljo",
    "l10n.runQuieterWhileGaming": "Naredi, da priključeni prenosnik med igro deluje tišje",
    "l10n.clickToEnableQuietMode": "Omogočite WhisperMode v GeForce Experience.",
    "l10n.shieldCtrlUpdateAvailable": "Na voljo je posodobitev krmilnika SHIELD",
    "l10n.clickToInstallUpdate": "Kliknite, da namestite posodobitev",
    "l10n.shieldCtrlUpdateInProgress": "Nameščanje posodobitve krmilnika SHIELD",
    "l10n.shieldCtrlUpdateInProgressInfo": "Med tem postopkom ne uporabljajte oz. ne odklopite krmilnika.",
    "l10n.shieldCtrlUpdateSuccess": "Posodobitev krmilnika SHIELD uspešno nameščena",
    "l10n.shieldCtrlUpdateFailed": "Ni mogoče namestiti posodobitve krmilnika SHIELD",
    "l10n.clickToTryAgain": "Kliknite, da poskusite znova",
    "l10n.clickToClose": "Kliknite za zaprtje tega sporočila",
    "l10n.newRewardAvailable": "Nova nagrada je na voljo!",
    "l10n.newRewardAvailableDescription": "Prijavite se, če si želite pridobiti {{rewardName}}",
    "l10n.missionAvailable": "Nova naloga je na voljo!",
    "l10n.leveledUpTitle": "Prispeli ste do ravni {{levelName}}",
    "l10n.leveledUpDescription": "Čestitamo! Zdaj boste zaslužili več žetonov.",
    "l10n.achievementUnlocked": "{{achievementName}} odklenjen!",
    "l10n.achievementUnlockedDescription": "V vašem profilu sta zdaj na voljo nov znak in naziv.",
    "l10n.batteryBoostEnabledOnSystem": "BatteryBoost je omogočen na vašem sistemu.",
    "l10n.clickToOptimize": "Kliknite, če želite optimizirati igranje na baterijo.",
    "l10n.gfeSelfUpdate": "Za grafično kartico GeForce je na voljo posodobitev programske opreme",
    "l10n.creatorReadyDriverIsAvailable": "Studio gonilnik je na voljo"
}
