{
    "l10n.newRewards": "新的奖励",
    "l10n.noNewRewards": "没有新的奖励",
    "l10n.friendRequests": "好友请求",
    "l10n.newFriendRequests": "新的好友请求",
    "l10n.noNewFriendRequests": "没有新的好友请求",
    "l10n.noNotifications": "您未收到任何通知",
    "l10n.errorLoadingNotifications": "加载通知时出错。请稍后再试",
    "l10n.clickToRedeemWithGfe": "单击以通过 GeForce Experience 进行兑换。",
    "l10n.youHaveNewReward": "您有 {{count}} 个新物品可以兑换",
    "l10n.clickToInstallWithGfe": "单击以通过 GeForce Experience 进行安装。",
    "l10n.gameReadyDriverIsAvailable": "Game Ready 驱动程序可用",
    "l10n.defaultDriverNotification": "{{driverName}} 可用",
    "l10n.runQuieterWhileGaming": "游戏时，让接通电源的笔记本电脑更安静地运行",
    "l10n.clickToEnableQuietMode": "在 GeForce Experience 中启用 WhisperMode。",
    "l10n.shieldCtrlUpdateAvailable": "SHIELD 控制器有更新版本可用",
    "l10n.clickToInstallUpdate": "点击，以安装更新",
    "l10n.shieldCtrlUpdateInProgress": "正在安装 SHIELD 控制器更新",
    "l10n.shieldCtrlUpdateInProgressInfo": "在此期间，请勿使用控制器或拔出控制器的电源插头",
    "l10n.shieldCtrlUpdateSuccess": "SHIELD 控制器更新安装成功",
    "l10n.shieldCtrlUpdateFailed": "无法安装 SHIELD 控制器更新",
    "l10n.clickToTryAgain": "点击，以重试",
    "l10n.clickToClose": "点击，以关闭此消息",
    "l10n.newRewardAvailable": "有新的奖励可以领取！",
    "l10n.newRewardAvailableDescription": "进入以赢取 {{rewardName}}",
    "l10n.missionAvailable": "有新的任务可以完成！",
    "l10n.leveledUpTitle": "您已升级到 {{levelName}} 级",
    "l10n.leveledUpDescription": "恭喜！您现在可以赚取更多的代币。",
    "l10n.achievementUnlocked": "{{achievementName}}  已解锁！",
    "l10n.achievementUnlockedDescription": "您的个人资料中有新的徽章和头衔可以使用。",
    "l10n.batteryBoostEnabledOnSystem": "您的系统上已启用BatteryBoost 。",
    "l10n.clickToOptimize": "单击，优化电池模式下的游戏。",
    "l10n.gfeSelfUpdate": "GeForce 图形卡软件有可用更新",
    "l10n.creatorReadyDriverIsAvailable": "Studio 驱动程序可用"
}
