{
    "l10n.newRewards": "新獎勵",
    "l10n.noNewRewards": "沒有新獎勵",
    "l10n.friendRequests": "好友邀請",
    "l10n.newFriendRequests": "新好友邀請",
    "l10n.noNewFriendRequests": "沒有新好友邀請",
    "l10n.noNotifications": "您沒有任何通知",
    "l10n.errorLoadingNotifications": "載入通知時發生錯誤。請稍後再試一次",
    "l10n.clickToRedeemWithGfe": "按一下以使用 GeForce Experience 來兌換。",
    "l10n.youHaveNewReward": "您有{{count}}個新的項目可兌換",
    "l10n.clickToInstallWithGfe": "點按以安裝 GeForce Experience",
    "l10n.gameReadyDriverIsAvailable": "有具遊戲功能的驅動程式可用",
    "l10n.defaultDriverNotification": "{{driverName}} 可以使用",
    "l10n.runQuieterWhileGaming": "使您的膝上型電腦在玩遊戲時更安靜地執行",
    "l10n.clickToEnableQuietMode": "在 GeForce Experience 中啟用 WhisperMode。",
    "l10n.shieldCtrlUpdateAvailable": "有 SHIELD 控制器更新可用",
    "l10n.clickToInstallUpdate": "按一下以安裝更新",
    "l10n.shieldCtrlUpdateInProgress": "安裝 SHIELD 控制器更新",
    "l10n.shieldCtrlUpdateInProgressInfo": "在更新過程中，請勿使用或拔除控制器",
    "l10n.shieldCtrlUpdateSuccess": "已成功安裝 SHIELD 控制器更新",
    "l10n.shieldCtrlUpdateFailed": "無法安裝 SHIELD 控制器更新",
    "l10n.clickToTryAgain": "按一下以重試",
    "l10n.clickToClose": "按一下以關閉此訊息",
    "l10n.newRewardAvailable": "有新的獎勵可用！",
    "l10n.newRewardAvailableDescription": "參加以贏得 {{rewardName}}",
    "l10n.missionAvailable": "有新的任務可用！",
    "l10n.leveledUpTitle": "您已晉級至 {{levelName}}",
    "l10n.leveledUpDescription": "恭喜！您現在將能獲取更多的權杖。",
    "l10n.achievementUnlocked": "{{achievementName}} 已解除鎖定！",
    "l10n.achievementUnlockedDescription": "您的設定檔現在有新的徽章和標題可用。",
    "l10n.batteryBoostEnabledOnSystem": "您的系統上已啟用「電池增強」。",
    "l10n.clickToOptimize": "按一下以最佳化電池供電遊戲體驗。",
    "l10n.gfeSelfUpdate": "GeForce 圖形卡有軟體更新可以使用",
    "l10n.creatorReadyDriverIsAvailable": "有工作室驅動程式可用"
}
